2026-01-09 00:30:22.126 -06:00 [INF] Brigands Unified SubModule Loaded. Logging initialized to d:\Bannerlord_Mods\logs\Brigands.log
2026-01-09 00:30:22.132 -06:00 [INF] Brigands Harmony patches applied.
2026-01-09 00:44:07.912 -06:00 [INF] Brigands Unified: Game Start
2026-01-09 00:44:07.913 -06:00 [INF] Registered behavior: SyndicateFactionBehavior
2026-01-09 00:44:07.914 -06:00 [INF] Registered behavior: WarlordSpawnBehavior
2026-01-09 00:44:07.915 -06:00 [INF] Registered behavior: RecruitWarlordBehavior
2026-01-09 00:44:07.915 -06:00 [INF] Registered behavior: PressGangBehavior
2026-01-09 00:44:07.916 -06:00 [INF] Registered behavior: PartyAlignmentFixerBehavior
2026-01-09 00:44:07.916 -06:00 [INF] Registered behavior: BanditTrainingBehavior
2026-01-09 00:44:07.918 -06:00 [INF] Registered behavior: BanditTerrorBehavior
2026-01-09 00:44:07.919 -06:00 [INF] Registered behavior: BanditCohesionBehavior
2026-01-09 00:44:07.919 -06:00 [INF] Registered behavior: SanityCheckBehavior
2026-01-09 00:44:21.153 -06:00 [INF] RecruitWarlordBehavior.OnSessionLaunched
2026-01-09 00:44:21.155 -06:00 [INF] Creating 'TheSyndicate' Clan...
2026-01-09 00:44:21.156 -06:00 [INF] Creating Syndicate Leader...
2026-01-09 00:44:21.156 -06:00 [INF] Leader created: The Warlord
2026-01-09 00:44:21.156 -06:00 [INF] 'TheSyndicate' created successfully.
2026-01-09 00:44:21.157 -06:00 [INF] Checking staggered war declarations for Day Index: 3
2026-01-09 00:44:21.159 -06:00 [INF] Declaring war on Mountain Bandits...
2026-01-09 00:44:21.168 -06:00 [INF] Declaring war on Forest Bandits...
2026-01-09 00:48:38.516 -06:00 [INF] Found 1 stuck Syndicate Warlords. Redeploying...
2026-01-09 00:48:39.368 -06:00 [INF] Found 1 stuck Syndicate Warlords. Redeploying...
2026-01-09 00:48:40.210 -06:00 [INF] Found 1 stuck Syndicate Warlords. Redeploying...
2026-01-09 00:48:40.210 -06:00 [INF] Redeploying The Warlord to Hideout...
2026-01-09 00:49:22.043 -06:00 [INF] PressGang: Wahan of the Beni Zilal's Party recruiting 1 Nomad Bandit
2026-01-09 00:49:22.869 -06:00 [INF] PressGang: Radan of the Jawwal's Party recruiting 1 Aserai Faris
2026-01-09 00:49:22.935 -06:00 [INF] PressGang: Sorji of the Karakhergit's Party recruiting 1 Khuzait Nomad
2026-01-09 00:49:22.935 -06:00 [INF] PressGang: Dachan of the Karakhergit's Party recruiting 1 Khuzait Nomad
2026-01-09 00:49:22.936 -06:00 [INF] PressGang: Davalan of the Karakhergit's Party recruiting 2 Khuzait Nomad
2026-01-09 00:49:23.077 -06:00 [INF] PressGang: Tatik of the Forest People's Party recruiting 1 Sea Raider
2026-01-09 00:49:26.109 -06:00 [INF] Daily Tick: Verifying Syndicate War State...
2026-01-09 00:49:26.109 -06:00 [INF] Checking staggered war declarations for Day Index: 4
2026-01-09 00:49:26.109 -06:00 [INF] Declaring war on Sea Raiders...
2026-01-09 00:49:27.474 -06:00 [INF] MERGING: Looters (4) -> Looters (7) [Naval: False]
2026-01-09 00:49:27.477 -06:00 [INF] MERGING: Looters (4) -> Looters (11) [Naval: False]
2026-01-09 00:49:27.478 -06:00 [INF] Total Merges this battle: 2
2026-01-09 00:49:28.080 -06:00 [INF] PressGang: Corsairs recruiting 1 Imperial Veteran Archer
2026-01-09 00:49:32.621 -06:00 [INF] PressGang: Looters recruiting 1 Empire Peasant
2026-01-09 00:49:34.329 -06:00 [INF] MERGING: Steppe Bandits (5) -> Steppe Bandits (11) [Naval: False]
2026-01-09 00:49:34.329 -06:00 [INF] Total Merges this battle: 1
2026-01-09 00:49:34.331 -06:00 [INF] PressGang: Corsairs recruiting 1 Imperial Coast Guard
2026-01-09 00:49:34.331 -06:00 [INF] PressGang: Corsairs recruiting 2 Aserai Peasant
2026-01-09 00:49:51.293 -06:00 [INF] MERGING: Looters (7) -> Looters (9) [Naval: False]
2026-01-09 00:49:51.294 -06:00 [INF] MERGING: Looters (5) -> Looters (16) [Naval: False]
2026-01-09 00:49:51.295 -06:00 [INF] MERGING: Looters (4) -> Looters (21) [Naval: False]
2026-01-09 00:49:51.295 -06:00 [INF] Total Merges this battle: 3
2026-01-09 00:49:54.898 -06:00 [INF] PressGang: Grand Aserai Horde recruiting 1 Aserai Mamluke Soldier
2026-01-09 00:49:54.898 -06:00 [INF] PressGang: Grand Aserai Horde recruiting 1 Nomad Bandit
2026-01-09 00:49:55.544 -06:00 [INF] PressGang: Grand Aserai Horde recruiting 1 Looter
2026-01-09 00:49:55.544 -06:00 [INF] PressGang: Grand Aserai Horde recruiting 1 Aserai Faris
2026-01-09 00:49:55.644 -06:00 [INF] PressGang: Grand Khuzait Horde recruiting 1 Khuzait Nomad
2026-01-09 00:49:55.645 -06:00 [INF] PressGang: Grand Khuzait Horde recruiting 1 Looter
2026-01-09 00:49:55.645 -06:00 [INF] PressGang: Grand Khuzait Horde recruiting 2 Khuzait Nomad
2026-01-09 00:49:55.677 -06:00 [INF] PressGang: Grand Khuzait Horde recruiting 1 Khuzait Nomad
2026-01-09 00:49:55.678 -06:00 [INF] PressGang: Grand Khuzait Horde recruiting 1 Looter
2026-01-09 00:49:55.782 -06:00 [INF] PressGang: Grand Vakken Horde recruiting 1 Sea Raider
2026-01-09 00:49:55.849 -06:00 [INF] PressGang: Joculos of the Eleftheroi's Party recruiting 1 Looter
2026-01-09 00:49:59.583 -06:00 [INF] Daily Tick: Verifying Syndicate War State...
2026-01-09 00:49:59.583 -06:00 [INF] Checking staggered war declarations for Day Index: 5
2026-01-09 00:49:59.583 -06:00 [INF] Declaring war on Deserters...
2026-01-09 00:49:59.584 -06:00 [INF] Declaring war on Steppe Bandits...
2026-01-09 00:49:59.585 -06:00 [INF] Declaring war on Sea Raiders...
2026-01-09 00:49:59.586 -06:00 [INF] Declaring war on Corsairs...
2026-01-09 00:50:01.939 -06:00 [INF] PressGang: Sea Raiders recruiting 1 Vlandian Convoy Guard
2026-01-09 00:50:01.939 -06:00 [INF] PressGang: Sea Raiders recruiting 3 Vlandian Armed Convoy Trader
2026-01-09 00:50:02.041 -06:00 [INF] PressGang: Corsairs recruiting 2 Imperial Shipmate
2026-01-09 00:50:02.041 -06:00 [INF] PressGang: Corsairs recruiting 1 Imperial Coast Guard
2026-01-09 00:50:02.042 -06:00 [INF] PressGang: Corsairs recruiting 1 Imperial Naute
2026-01-09 00:50:05.163 -06:00 [INF] PressGang: Steppe Bandits recruiting 1 Khuzait Peasant
2026-01-09 00:50:17.775 -06:00 [INF] PressGang: Looters recruiting 2 Empire Peasant
2026-01-09 00:50:19.089 -06:00 [INF] PressGang: Sea Raiders recruiting 1 Vlandian Convoy Guard
2026-01-09 00:50:19.688 -06:00 [INF] PressGang: Sea Raiders recruiting 1 Imperial Coast Guard
2026-01-09 00:50:19.688 -06:00 [INF] PressGang: Sea Raiders recruiting 1 Imperial Trained Infantryman
2026-01-09 00:50:25.177 -06:00 [INF] MERGING: Forest Bandits (7) -> Forest Bandits (10) [Naval: False]
2026-01-09 00:50:25.179 -06:00 [INF] Total Merges this battle: 1
2026-01-09 00:50:25.878 -06:00 [INF] PressGang: Grand Aserai Horde recruiting 1 Bedouin Rover
2026-01-09 00:50:26.069 -06:00 [INF] PressGang: Arlech of the Wolfskins' Party recruiting 2 Battania Peasant
2026-01-09 00:50:26.489 -06:00 [INF] PressGang: Grand Aserai Horde recruiting 1 Aserai Tribal Horseman
2026-01-09 00:50:26.579 -06:00 [INF] PressGang: Grand Khuzait Horde recruiting 1 Khuzait Nomad
2026-01-09 00:50:26.579 -06:00 [INF] PressGang: Grand Khuzait Horde recruiting 1 Khuzait Nomad
2026-01-09 00:50:26.643 -06:00 [INF] PressGang: Alakhir of the Forest People's Party recruiting 2 Looter
2026-01-09 00:50:27.244 -06:00 [INF] MERGING: Forest Bandits (8) -> Forest Bandits (9) [Naval: False]
2026-01-09 00:50:27.246 -06:00 [INF] MERGING: Forest Bandits (7) -> Forest Bandits (17) [Naval: False]
2026-01-09 00:50:27.246 -06:00 [INF] Total Merges this battle: 2
2026-01-09 00:50:30.300 -06:00 [INF] MERGING: Deserters (18) -> Deserters (21) [Naval: False]
2026-01-09 00:50:30.301 -06:00 [INF] Total Merges this battle: 1
2026-01-09 00:50:31.063 -06:00 [INF] Daily Tick: Verifying Syndicate War State...
2026-01-09 00:50:31.063 -06:00 [INF] Checking staggered war declarations for Day Index: 0
2026-01-09 00:50:31.063 -06:00 [INF] Declaring war on Looters...
2026-01-09 00:50:34.073 -06:00 [INF] PressGang: Grand Corsairs Horde recruiting 1 Imperial Legionary
2026-01-09 00:50:34.073 -06:00 [INF] PressGang: Grand Corsairs Horde recruiting 1 Imperial Shipmate
2026-01-09 00:50:34.073 -06:00 [INF] PressGang: Grand Corsairs Horde recruiting 2 Imperial Coast Guard
2026-01-09 00:50:34.073 -06:00 [INF] PressGang: Grand Corsairs Horde recruiting 1 Imperial Trained Infantryman
2026-01-09 00:50:36.535 -06:00 [INF] PressGang: Forest Bandits recruiting 1 Nord Peasant
2026-01-09 00:50:36.941 -06:00 [INF] PressGang: Steppe Bandits recruiting 1 Khuzait Peasant
2026-01-09 00:50:39.100 -06:00 [INF] PressGang: Sea Raiders recruiting 1 Vlandian Armed Convoy Trader
2026-01-09 00:50:39.132 -06:00 [INF] PressGang: Grand Corsairs Horde recruiting 1 Imperial Trained Infantryman
2026-01-09 00:50:39.670 -06:00 [INF] PressGang: Grand Looters Horde recruiting 1 Imperial Shipmate
2026-01-09 00:50:39.670 -06:00 [INF] PressGang: Grand Looters Horde recruiting 1 Imperial Naute
2026-01-09 00:51:09.541 -06:00 [INF] MERGING: Mountain Bandits (12) -> Mountain Bandits (15) [Naval: False]
2026-01-09 00:51:09.541 -06:00 [INF] Total Merges this battle: 1
2026-01-09 00:51:10.853 -06:00 [INF] PressGang: Grand Battania Horde recruiting 1 Battania Peasant
2026-01-09 00:51:10.956 -06:00 [INF] PressGang: Atilon of the Hand's Party recruiting 1 Imperial Cataphract
2026-01-09 00:51:10.956 -06:00 [INF] PressGang: Atilon of the Hand's Party recruiting 2 Imperial Infantryman
2026-01-09 00:51:10.990 -06:00 [INF] PressGang: Morynon of the Hand's Party recruiting 1 Imperial Trained Archer
2026-01-09 00:51:10.990 -06:00 [INF] PressGang: Morynon of the Hand's Party recruiting 1 Imperial Archer
2026-01-09 00:51:10.990 -06:00 [INF] PressGang: Morynon of the Hand's Party recruiting 1 Imperial Infantryman
2026-01-09 00:51:11.024 -06:00 [INF] PressGang: Churig of the Lake Rats' Party recruiting 1 Sturgian Hardened Brigand
2026-01-09 00:51:11.025 -06:00 [INF] PressGang: Churig of the Lake Rats' Party recruiting 1 Sturgian Archer
2026-01-09 00:51:11.025 -06:00 [INF] PressGang: Churig of the Lake Rats' Party recruiting 1 Sturgian Armed Trader
2026-01-09 00:51:11.058 -06:00 [INF] PressGang: Byram of the Lake Rats' Party recruiting 1 Sturgia Peasant
2026-01-09 00:51:11.058 -06:00 [INF] PressGang: Byram of the Lake Rats' Party recruiting 1 Looter
2026-01-09 00:51:11.059 -06:00 [INF] PressGang: Byram of the Lake Rats' Party recruiting 1 Sturgian Recruit (Rank 1)
2026-01-09 00:51:11.059 -06:00 [INF] PressGang: Byram of the Lake Rats' Party recruiting 1 Sturgian Recruit
2026-01-09 00:51:11.091 -06:00 [INF] PressGang: Kavyl of the Lake Rats' Party recruiting 2 Sturgian Recruit (Rank 1)
2026-01-09 00:51:11.091 -06:00 [INF] PressGang: Kavyl of the Lake Rats' Party recruiting 1 Sturgian Recruit
2026-01-09 00:51:11.293 -06:00 [INF] PressGang: Grand Khuzait Horde recruiting 1 Looter
2026-01-09 00:51:11.293 -06:00 [INF] PressGang: Grand Khuzait Horde recruiting 3 Khuzait Nomad
2026-01-09 00:51:11.293 -06:00 [INF] PressGang: Grand Khuzait Horde recruiting 6 Khuzait Nomad
2026-01-09 00:51:11.326 -06:00 [INF] PressGang: Grand Khuzait Horde recruiting 1 Khuzait Nomad
2026-01-09 00:51:11.326 -06:00 [INF] PressGang: Grand Khuzait Horde recruiting 1 Khuzait Horse Archer
2026-01-09 00:51:11.326 -06:00 [INF] PressGang: Grand Khuzait Horde recruiting 1 Khuzait Tribal Warrior
2026-01-09 00:51:11.393 -06:00 [INF] PressGang: Grand Vakken Horde recruiting 1 Looter
2026-01-09 00:51:14.535 -06:00 [INF] PressGang: Deserters recruiting 1 Empire Peasant
2026-01-09 00:51:15.878 -06:00 [INF] PressGang: Haratheos of the Embers' Party recruiting 1 Freebooter
2026-01-09 00:51:15.879 -06:00 [INF] PressGang: Haratheos of the Embers' Party recruiting 1 Bushwacker
2026-01-09 00:51:16.209 -06:00 [INF] Daily Tick: Verifying Syndicate War State...
2026-01-09 00:51:16.209 -06:00 [INF] Checking staggered war declarations for Day Index: 1
2026-01-09 00:51:16.209 -06:00 [INF] Declaring war on Desert Bandits...
2026-01-09 00:51:17.820 -06:00 [INF] MERGING: Sea Raiders (8) -> Sea Raiders (12) [Naval: True]
2026-01-09 00:51:17.821 -06:00 [INF] MERGING: Sea Raiders (7) -> Sea Raiders (20) [Naval: True]
2026-01-09 00:51:17.821 -06:00 [INF] Total Merges this battle: 2
2026-01-09 00:51:19.365 -06:00 [INF] PressGang: Grand Looters Horde recruiting 3 Vlandian Convoy Guard
2026-01-09 00:51:19.432 -06:00 [INF] PressGang: Grand Corsairs Horde recruiting 1 Imperial Naute
2026-01-09 00:51:20.478 -06:00 [INF] MERGING: Looters (6) -> Looters (11) [Naval: False]
2026-01-09 00:51:20.480 -06:00 [INF] Total Merges this battle: 1
2026-01-09 00:51:21.467 -06:00 [INF] PressGang: Sea Raiders recruiting 1 Vlandian Crossbowman
2026-01-09 00:51:21.579 -06:00 [INF] MERGING: Steppe Bandits (6) -> Steppe Bandits (8) [Naval: False]
2026-01-09 00:51:21.579 -06:00 [INF] MERGING: Steppe Bandits (6) -> Steppe Bandits (14) [Naval: False]
2026-01-09 00:51:21.580 -06:00 [INF] Total Merges this battle: 2
2026-01-09 00:51:21.602 -06:00 [INF] PressGang: Mountain Bandits recruiting 2 Empire Peasant
2026-01-09 00:51:21.875 -06:00 [INF] MERGING: Forest Bandits (14) -> Forest Bandits (15) [Naval: False]
2026-01-09 00:51:21.876 -06:00 [INF] Total Merges this battle: 1
2026-01-09 00:51:22.012 -06:00 [INF] MERGING: Looters (6) -> Looters (11) [Naval: False]
2026-01-09 00:51:22.012 -06:00 [INF] Total Merges this battle: 1
2026-01-09 00:52:31.912 -06:00 [INF] PressGang: Grand Corsairs Horde recruiting 1 Imperial Shipmate
2026-01-09 00:52:32.422 -06:00 [INF] PressGang: Grand Looters Horde recruiting 1 Imperial Shipmate
2026-01-09 00:52:33.352 -06:00 [INF] MERGING: Steppe Bandits (7) -> Steppe Bandits (15) [Naval: False]
2026-01-09 00:52:33.352 -06:00 [INF] Total Merges this battle: 1
2026-01-09 00:52:36.969 -06:00 [INF] MERGING: Steppe Bandits (6) -> Steppe Bandits (12) [Naval: False]
2026-01-09 00:52:36.970 -06:00 [INF] Total Merges this battle: 1
2026-01-09 00:52:38.050 -06:00 [INF] PressGang: Grand Aserai Horde recruiting 1 Bedouin Rover
2026-01-09 00:52:38.082 -06:00 [INF] PressGang: Ghulassen of the Beni Zilal's Party recruiting 2 Aserai Veteran Caravan Guard
2026-01-09 00:52:38.083 -06:00 [INF] PressGang: Ghulassen of the Beni Zilal's Party recruiting 2 Aserai Armed Trader
2026-01-09 00:52:38.212 -06:00 [INF] PressGang: Cynac of the Wolfskins' Party recruiting 1 Battanian Highborn Warrior
2026-01-09 00:52:38.212 -06:00 [INF] PressGang: Pelisor of the Wolfskins' Party recruiting 3 Battanian Volunteer
2026-01-09 00:52:38.342 -06:00 [INF] PressGang: Grand Empire Horde recruiting 1 Imperial Heavy Horseman
2026-01-09 00:52:38.410 -06:00 [INF] PressGang: Grand Sturgia Horde recruiting 1 Sturgian Caravan Guard
2026-01-09 00:52:38.410 -06:00 [INF] PressGang: Grand Sturgia Horde recruiting 1 Sturgian Armed Trader
2026-01-09 00:52:38.410 -06:00 [INF] PressGang: Grand Sturgia Horde recruiting 1 Sturgian Caravan Master
2026-01-09 00:52:38.444 -06:00 [INF] PressGang: Grand Sturgia Horde recruiting 2 Sturgian Recruit (Rank 1)
2026-01-09 00:52:38.444 -06:00 [INF] PressGang: Grand Sturgia Horde recruiting 1 Sturgian Warrior
2026-01-09 00:52:38.444 -06:00 [INF] PressGang: Grand Sturgia Horde recruiting 2 Sturgian Recruit
2026-01-09 00:52:38.444 -06:00 [INF] PressGang: Grand Sturgia Horde recruiting 1 Sturgian Spearman
2026-01-09 00:52:38.444 -06:00 [INF] PressGang: Grand Sturgia Horde recruiting 1 Sturgian Recruit (Rank 1)
2026-01-09 00:52:38.444 -06:00 [INF] PressGang: Grand Sturgia Horde recruiting 1 Sturgian Warrior
2026-01-09 00:52:38.444 -06:00 [INF] PressGang: Grand Sturgia Horde recruiting 2 Sturgian Recruit
2026-01-09 00:52:38.677 -06:00 [INF] PressGang: Grand Khuzait Horde recruiting 2 Khuzait Nomad
2026-01-09 00:52:38.677 -06:00 [INF] PressGang: Grand Khuzait Horde recruiting 1 Khuzait Nomad
2026-01-09 00:52:38.677 -06:00 [INF] PressGang: Grand Khuzait Horde recruiting 1 Khuzait Nomad
2026-01-09 00:52:38.677 -06:00 [INF] PressGang: Grand Khuzait Horde recruiting 2 Khuzait Footman
2026-01-09 00:52:38.677 -06:00 [INF] PressGang: Grand Khuzait Horde recruiting 1 Khuzait Spearman
2026-01-09 00:52:38.677 -06:00 [INF] PressGang: Grand Khuzait Horde recruiting 1 Khuzait Spear Infantry
2026-01-09 00:52:38.780 -06:00 [INF] PressGang: Grand Vakken Horde recruiting 1 Battanian Clan Warrior
2026-01-09 00:52:40.137 -06:00 [INF] MERGING: Sea Raiders (13) -> Sea Raiders (14) [Naval: True]
2026-01-09 00:52:40.137 -06:00 [INF] Total Merges this battle: 1
2026-01-09 00:52:41.066 -06:00 [INF] PressGang: Looters recruiting 1 Vlandia Peasant
2026-01-09 00:52:42.255 -06:00 [INF] MERGING: Sea Raiders (12) -> Sea Raiders (16) [Naval: True]
2026-01-09 00:52:42.256 -06:00 [INF] Total Merges this battle: 1
2026-01-09 00:52:43.665 -06:00 [INF] PressGang: Forest Bandits recruiting 1 Nord Peasant
2026-01-09 00:52:44.006 -06:00 [INF] Daily Tick: Verifying Syndicate War State...
2026-01-09 00:52:44.006 -06:00 [INF] Checking staggered war declarations for Day Index: 2
2026-01-09 00:52:45.230 -06:00 [INF] PressGang: Thucasys of the Hand's Party recruiting 1 Imperial Shipmate
2026-01-09 00:52:48.299 -06:00 [INF] PressGang: Sea Raiders recruiting 1 Empire Peasant
2026-01-09 00:52:49.416 -06:00 [INF] PressGang: Sea Raiders recruiting 1 Sturgian Soldier
2026-01-09 00:52:49.814 -06:00 [INF] PressGang: Forest Bandits recruiting 1 Nord Peasant
2026-01-09 00:52:50.050 -06:00 [INF] PressGang: Steppe Bandits recruiting 1 Khuzait Peasant
2026-01-09 00:52:52.268 -06:00 [INF] PressGang: Grand Looters Horde recruiting 1 Imperial Veteran Archer
2026-01-09 00:52:52.268 -06:00 [INF] PressGang: Grand Looters Horde recruiting 1 Imperial Shipmate
2026-01-09 00:52:54.845 -06:00 [INF] MERGING: Looters (9) -> Looters (9) [Naval: False]
2026-01-09 00:52:54.845 -06:00 [INF] MERGING: Looters (7) -> Looters (18) [Naval: False]
2026-01-09 00:52:54.846 -06:00 [INF] Total Merges this battle: 2
2026-01-09 00:52:57.840 -06:00 [INF] PressGang: Grand Aserai Horde recruiting 1 Bedouin Rover
2026-01-09 00:52:57.841 -06:00 [INF] PressGang: Grand Aserai Horde recruiting 1 Bedouin Rover
2026-01-09 00:52:57.874 -06:00 [INF] PressGang: Grand Aserai Horde recruiting 1 Aserai Veteran Caravan Guard
2026-01-09 00:52:57.874 -06:00 [INF] PressGang: Grand Aserai Horde recruiting 1 Aserai Caravan Guard
2026-01-09 00:52:58.000 -06:00 [INF] PressGang: Grand Battania Horde recruiting 1 Battanian Highborn Youth
2026-01-09 00:52:58.128 -06:00 [INF] PressGang: Grand Empire Horde recruiting 2 Imperial Recruit (Rank 1)
2026-01-09 00:52:58.128 -06:00 [INF] PressGang: Grand Empire Horde recruiting 1 Imperial Trained Archer
2026-01-09 00:52:58.128 -06:00 [INF] PressGang: Grand Empire Horde recruiting 1 Imperial Infantryman
2026-01-09 00:52:58.128 -06:00 [INF] PressGang: Grand Empire Horde recruiting 1 Imperial Recruit
2026-01-09 00:52:58.191 -06:00 [INF] PressGang: Grand Sturgia Horde recruiting 1 Sturgian Crewman
2026-01-09 00:52:58.225 -06:00 [INF] PressGang: Grand Sturgia Horde recruiting 1 Sturgian Recruit (Rank 1)
2026-01-09 00:52:58.225 -06:00 [INF] PressGang: Grand Sturgia Horde recruiting 3 Sturgian Recruit
2026-01-09 00:52:58.225 -06:00 [INF] PressGang: Grand Sturgia Horde recruiting 1 Sturgian Veteran Bowman
2026-01-09 00:52:58.225 -06:00 [INF] PressGang: Grand Sturgia Horde recruiting 2 Sturgian Hunter
2026-01-09 00:52:58.225 -06:00 [INF] PressGang: Grand Sturgia Horde recruiting 1 Sturgian Warrior
2026-01-09 00:52:58.225 -06:00 [INF] PressGang: Grand Sturgia Horde recruiting 3 Sturgian Warrior
2026-01-09 00:52:58.225 -06:00 [INF] PressGang: Grand Sturgia Horde recruiting 1 Sturgian Recruit
2026-01-09 00:52:58.225 -06:00 [INF] PressGang: Grand Sturgia Horde recruiting 1 Sturgian Reaver
2026-01-09 00:52:58.225 -06:00 [INF] PressGang: Grand Sturgia Horde recruiting 1 Sturgian Hunter
2026-01-09 00:52:58.225 -06:00 [INF] PressGang: Grand Sturgia Horde recruiting 1 Sturgian Spearman
2026-01-09 00:52:58.225 -06:00 [INF] PressGang: Grand Sturgia Horde recruiting 2 Sturgian Warrior
2026-01-09 00:52:58.388 -06:00 [INF] PressGang: Grand Aserai Horde recruiting 1 Looter
2026-01-09 00:52:58.424 -06:00 [INF] PressGang: Grand Khuzait Horde recruiting 1 Khuzait Nomad
2026-01-09 00:52:58.456 -06:00 [INF] PressGang: Grand Khuzait Horde recruiting 2 Khuzait Nomad
2026-01-09 00:52:58.457 -06:00 [INF] PressGang: Grand Khuzait Horde recruiting 1 Khuzait Peasant
2026-01-09 00:52:58.457 -06:00 [INF] PressGang: Grand Khuzait Horde recruiting 1 Looter
2026-01-09 00:52:58.565 -06:00 [INF] PressGang: Grand Vakken Horde recruiting 1 Battanian Oathsworn
2026-01-09 00:52:58.624 -06:00 [INF] PressGang: Grand Empire Horde recruiting 1 Khuzait Footman
2026-01-09 00:52:58.624 -06:00 [INF] PressGang: Grand Empire Horde recruiting 1 Khuzait Hunter
2026-01-09 00:53:00.659 -06:00 [INF] MERGING: Deserters (15) -> Deserters (18) [Naval: False]
2026-01-09 00:53:00.659 -06:00 [INF] Total Merges this battle: 1
2026-01-09 00:53:00.826 -06:00 [INF] PressGang: Looters recruiting 1 Vlandia Peasant
2026-01-09 00:53:01.993 -06:00 [INF] PressGang: Steppe Bandits recruiting 1 Aserai Peasant
2026-01-09 00:53:02.533 -06:00 [INF] PressGang: Grand Empire Horde recruiting 1 Bushwacker
2026-01-09 00:53:02.933 -06:00 [INF] MERGING: Looters (6) -> Looters (8) [Naval: False]
2026-01-09 00:53:02.933 -06:00 [INF] Total Merges this battle: 1
2026-01-09 00:53:03.988 -06:00 [INF] Daily Tick: Verifying Syndicate War State...
2026-01-09 00:53:03.988 -06:00 [INF] Checking staggered war declarations for Day Index: 3
2026-01-09 00:53:04.255 -06:00 [INF] MERGING: Steppe Bandits (11) -> Steppe Bandits (13) [Naval: False]
2026-01-09 00:53:04.256 -06:00 [INF] Total Merges this battle: 1
2026-01-09 00:53:04.457 -06:00 [INF] PressGang: Steppe Bandits recruiting 1 Khuzait Peasant
2026-01-09 00:53:07.306 -06:00 [INF] MERGING: Looters (4) -> Looters (7) [Naval: False]
2026-01-09 00:53:07.307 -06:00 [INF] Total Merges this battle: 1
2026-01-09 00:53:07.444 -06:00 [INF] PressGang: Grand Corsairs Horde recruiting 1 Imperial Legionary
2026-01-09 00:53:07.444 -06:00 [INF] PressGang: Grand Corsairs Horde recruiting 1 Imperial Trained Infantryman
2026-01-09 00:53:08.126 -06:00 [INF] PressGang: Corsairs recruiting 1 Imperial Veteran Archer
2026-01-09 00:53:08.127 -06:00 [INF] PressGang: Corsairs recruiting 1 Imperial Coast Guard
2026-01-09 00:53:08.127 -06:00 [INF] PressGang: Corsairs recruiting 2 Imperial Naute
2026-01-09 00:53:09.343 -06:00 [INF] PressGang: Sea Raiders recruiting 1 Varyag Veteran
2026-01-09 00:53:09.375 -06:00 [INF] PressGang: Sea Raiders recruiting 1 Vlandian Crossbowman
2026-01-09 00:53:09.514 -06:00 [INF] PressGang: Mountain Bandits recruiting 1 Empire Peasant
2026-01-09 00:53:10.659 -06:00 [INF] PressGang: Looters recruiting 1 Empire Peasant
2026-01-09 00:53:11.640 -06:00 [INF] PressGang: Grand Corsairs Horde recruiting 1 Imperial Shipmate
2026-01-09 00:53:11.641 -06:00 [INF] PressGang: Grand Corsairs Horde recruiting 1 Imperial Naute
2026-01-09 00:53:12.145 -06:00 [INF] PressGang: Grand Looters Horde recruiting 1 Imperial Legionary
2026-01-09 00:53:12.179 -06:00 [INF] PressGang: Grand Corsairs Horde recruiting 1 Empire Peasant
2026-01-09 00:53:12.481 -06:00 [INF] MERGING: Mountain Bandits (4) -> Mountain Bandits (6) [Naval: False]
2026-01-09 00:53:12.481 -06:00 [INF] Total Merges this battle: 1
2026-01-09 00:53:17.587 -06:00 [INF] PressGang: Grand Aserai Horde recruiting 1 Looter
2026-01-09 00:53:17.619 -06:00 [INF] PressGang: Grand Aserai Horde recruiting 1 Looter
2026-01-09 00:53:17.619 -06:00 [INF] PressGang: Grand Aserai Horde recruiting 3 Bedouin Rover
2026-01-09 00:53:17.619 -06:00 [INF] PressGang: Grand Aserai Horde recruiting 1 Aserai Armed Trader
2026-01-09 00:53:17.906 -06:00 [INF] PressGang: Grand Empire Horde recruiting 1 Imperial Infantryman
2026-01-09 00:53:17.906 -06:00 [INF] PressGang: Grand Empire Horde recruiting 1 Imperial Recruit
2026-01-09 00:53:17.969 -06:00 [INF] PressGang: Grand Sturgia Horde recruiting 1 Sturgian Recruit
2026-01-09 00:53:17.969 -06:00 [INF] PressGang: Grand Sturgia Horde recruiting 1 Sturgian Crewman
2026-01-09 00:53:17.969 -06:00 [INF] PressGang: Grand Sturgia Horde recruiting 1 Sturgia Peasant
2026-01-09 00:53:17.969 -06:00 [INF] PressGang: Grand Sturgia Horde recruiting 1 Sturgian Spearman
2026-01-09 00:53:17.969 -06:00 [INF] PressGang: Grand Sturgia Horde recruiting 4 Sturgian Recruit
2026-01-09 00:53:17.969 -06:00 [INF] PressGang: Grand Sturgia Horde recruiting 1 Sturgian Hunter
2026-01-09 00:53:18.000 -06:00 [INF] PressGang: Grand Sturgia Horde recruiting 1 Sturgian Archer
2026-01-09 00:53:18.000 -06:00 [INF] PressGang: Grand Sturgia Horde recruiting 1 Sturgian Veteran Caravan Guard
2026-01-09 00:53:18.192 -06:00 [INF] PressGang: Grand Khuzait Horde recruiting 3 Khuzait Nomad
2026-01-09 00:53:18.192 -06:00 [INF] PressGang: Grand Khuzait Horde recruiting 1 Imperial Legionary
2026-01-09 00:53:18.192 -06:00 [INF] PressGang: Grand Khuzait Horde recruiting 1 Khuzait Horseman
2026-01-09 00:53:18.294 -06:00 [INF] PressGang: Grand Vakken Horde recruiting 1 Battanian Clan Warrior
2026-01-09 00:53:18.294 -06:00 [INF] PressGang: Grand Vakken Horde recruiting 1 Battanian Horseman
2026-01-09 00:53:18.359 -06:00 [INF] PressGang: Grand Empire Horde recruiting 1 Khuzait Hunter
2026-01-09 00:53:18.359 -06:00 [INF] PressGang: Grand Empire Horde recruiting 1 Khuzait Tribal Warrior
2026-01-09 00:53:19.528 -06:00 [INF] MERGING: Looters (6) -> Mountain Bandits (12) [Naval: False]
2026-01-09 00:53:19.530 -06:00 [INF] Total Merges this battle: 1
2026-01-09 00:53:22.121 -06:00 [INF] PressGang: Grand Empire Horde recruiting 1 Imperial Armed Trader
2026-01-09 00:53:22.784 -06:00 [INF] PressGang: Looters recruiting 1 Empire Peasant
2026-01-09 00:53:23.149 -06:00 [INF] PressGang: Deserters recruiting 1 Empire Peasant
2026-01-09 00:53:23.982 -06:00 [INF] Daily Tick: Verifying Syndicate War State...
2026-01-09 00:53:23.982 -06:00 [INF] Checking staggered war declarations for Day Index: 4
2026-01-09 00:53:23.985 -06:00 [INF] Spawning Warlord: Thera the Exile in Pravend (Active: 1, Chance: 20.0%)
2026-01-09 00:53:25.506 -06:00 [INF] PressGang: Grand Looters Horde recruiting 1 Empire Peasant
2026-01-09 00:53:27.597 -06:00 [INF] MERGING: Looters (13) -> Deserters (21) [Naval: False]
2026-01-09 00:53:27.599 -06:00 [INF] MERGING: Looters (5) -> Deserters (34) [Naval: False]
2026-01-09 00:53:27.599 -06:00 [INF] Total Merges this battle: 2
2026-01-09 00:53:28.162 -06:00 [INF] PressGang: Corsairs recruiting 1 Imperial Trained Infantryman
2026-01-09 00:53:29.374 -06:00 [INF] PressGang: Sea Raiders recruiting 1 Sturgian Soldier
2026-01-09 00:53:29.775 -06:00 [INF] PressGang: Desert Bandits recruiting 1 Aserai Peasant
2026-01-09 00:53:29.912 -06:00 [INF] PressGang: Steppe Bandits recruiting 1 Khuzait Peasant
2026-01-09 00:53:29.978 -06:00 [INF] PressGang: Steppe Bandits recruiting 1 Khuzait Peasant
2026-01-09 00:53:29.978 -06:00 [INF] PressGang: Steppe Bandits recruiting 1 Khuzait Peasant
2026-01-09 00:53:30.182 -06:00 [INF] MERGING: Looters (6) -> Mountain Bandits (10) [Naval: False]
2026-01-09 00:53:30.183 -06:00 [INF] MERGING: Mountain Bandits (4) -> Mountain Bandits (16) [Naval: False]
2026-01-09 00:53:30.183 -06:00 [INF] Total Merges this battle: 2
2026-01-09 00:53:30.348 -06:00 [INF] PressGang: Looters recruiting 1 Aserai Peasant
2026-01-09 00:53:31.476 -06:00 [INF] PressGang: Grand Corsairs Horde recruiting 1 Imperial Shipmate
2026-01-09 00:53:31.477 -06:00 [INF] PressGang: Grand Corsairs Horde recruiting 1 Imperial Coast Guard
2026-01-09 00:53:31.578 -06:00 [INF] MERGING: Steppe Bandits (7) -> Steppe Bandits (25) [Naval: False]
2026-01-09 00:53:31.578 -06:00 [INF] Total Merges this battle: 1
2026-01-09 00:53:31.986 -06:00 [INF] PressGang: Grand Looters Horde recruiting 1 Imperial Coast Guard
2026-01-09 00:53:32.019 -06:00 [INF] PressGang: Grand Corsairs Horde recruiting 2 Empire Peasant
2026-01-09 00:53:32.628 -06:00 [INF] MERGING: Looters (7) -> Looters (12) [Naval: False]
2026-01-09 00:53:32.628 -06:00 [INF] Total Merges this battle: 1
2026-01-09 00:53:33.482 -06:00 [INF] MERGING: Looters (7) -> Forest Bandits (9) [Naval: False]
2026-01-09 00:53:33.483 -06:00 [INF] Total Merges this battle: 1
2026-01-09 00:53:35.115 -06:00 [INF] MERGING: Looters (14) -> Deserters (21) [Naval: False]
2026-01-09 00:53:35.116 -06:00 [INF] Total Merges this battle: 1
2026-01-09 00:53:35.619 -06:00 [INF] MERGING: Steppe Bandits (6) -> Steppe Bandits (18) [Naval: False]
2026-01-09 00:53:35.620 -06:00 [INF] Total Merges this battle: 1
2026-01-09 00:53:36.663 -06:00 [INF] MERGING: Forest Bandits (11) -> Forest Bandits (12) [Naval: False]
2026-01-09 00:53:36.664 -06:00 [INF] MERGING: Forest Bandits (10) -> Forest Bandits (23) [Naval: False]
2026-01-09 00:53:36.664 -06:00 [INF] Total Merges this battle: 2
2026-01-09 00:53:36.981 -06:00 [INF] MERGING: Steppe Bandits (16) -> Steppe Bandits (18) [Naval: False]
2026-01-09 00:53:36.981 -06:00 [INF] Total Merges this battle: 1
2026-01-09 00:53:37.494 -06:00 [INF] PressGang: Grand Aserai Horde recruiting 1 Aserai Caravan Guard
2026-01-09 00:53:37.620 -06:00 [INF] PressGang: Grand Battania Horde recruiting 1 Battanian Highborn Warrior
2026-01-09 00:53:37.651 -06:00 [INF] PressGang: Grand Battania Horde recruiting 1 Battania Peasant
2026-01-09 00:53:37.651 -06:00 [INF] PressGang: Grand Battania Horde recruiting 1 Battanian Clan Warrior
2026-01-09 00:53:37.651 -06:00 [INF] PressGang: Grand Battania Horde recruiting 1 Battanian Volunteer
2026-01-09 00:53:37.810 -06:00 [INF] PressGang: Grand Sturgia Horde recruiting 1 Varyag Veteran
2026-01-09 00:53:37.810 -06:00 [INF] PressGang: Grand Sturgia Horde recruiting 2 Sturgian Soldier
2026-01-09 00:53:37.810 -06:00 [INF] PressGang: Grand Sturgia Horde recruiting 3 Sturgian Reaver
2026-01-09 00:53:37.810 -06:00 [INF] PressGang: Grand Sturgia Horde recruiting 1 Sturgian Crewman
2026-01-09 00:53:37.810 -06:00 [INF] PressGang: Grand Sturgia Horde recruiting 1 Sturgian Warrior
2026-01-09 00:53:37.841 -06:00 [INF] PressGang: Grand Sturgia Horde recruiting 1 Sturgian Caravan Guard
2026-01-09 00:53:38.030 -06:00 [INF] PressGang: Grand Khuzait Horde recruiting 2 Khuzait Nomad
2026-01-09 00:53:38.031 -06:00 [INF] PressGang: Grand Khuzait Horde recruiting 1 Khuzait Nomad
2026-01-09 00:53:38.031 -06:00 [INF] PressGang: Grand Khuzait Horde recruiting 2 Khuzait Peasant
2026-01-09 00:53:38.063 -06:00 [INF] PressGang: Grand Khuzait Horde recruiting 1 Khuzait Nomad
2026-01-09 00:53:38.063 -06:00 [INF] PressGang: Grand Khuzait Horde recruiting 1 Khuzait Footman
2026-01-09 00:53:38.063 -06:00 [INF] PressGang: Grand Khuzait Horde recruiting 1 Khuzait Archer
2026-01-09 00:53:38.063 -06:00 [INF] PressGang: Grand Khuzait Horde recruiting 1 Khuzait Lancer
2026-01-09 00:53:38.063 -06:00 [INF] PressGang: Grand Khuzait Horde recruiting 1 Khuzait Tribal Warrior
2026-01-09 00:53:38.063 -06:00 [INF] PressGang: Grand Khuzait Horde recruiting 1 Khuzait Marksman
2026-01-09 00:53:38.063 -06:00 [INF] PressGang: Grand Khuzait Horde recruiting 1 Khuzait Hunter
2026-01-09 00:53:38.063 -06:00 [INF] PressGang: Grand Khuzait Horde recruiting 2 Khuzait Peasant
2026-01-09 00:53:38.225 -06:00 [INF] PressGang: Grand Empire Horde recruiting 1 Khuzait Lancer
2026-01-09 00:53:38.225 -06:00 [INF] PressGang: Grand Empire Horde recruiting 1 Khuzait Nomad (Rank 1)
2026-01-09 00:53:38.225 -06:00 [INF] PressGang: Grand Empire Horde recruiting 1 Khuzait Footman
2026-01-09 00:53:38.225 -06:00 [INF] PressGang: Grand Empire Horde recruiting 1 Steppe Bandit
2026-01-09 00:53:39.786 -06:00 [INF] PressGang: The Warlord's Party recruiting 1 Empire Peasant
2026-01-09 00:53:39.786 -06:00 [INF] PressGang: The Warlord's Party recruiting 1 Sea Raider Chief
2026-01-09 00:53:39.786 -06:00 [INF] PressGang: The Warlord's Party recruiting 2 Looter
2026-01-09 00:54:30.480 -06:00 [INF] MERGING: Looters (7) -> Mountain Bandits (10) [Naval: False]
2026-01-09 00:54:30.480 -06:00 [INF] MERGING: Looters (4) -> Mountain Bandits (17) [Naval: False]
2026-01-09 00:54:30.480 -06:00 [INF] Total Merges this battle: 2
2026-01-09 00:54:30.950 -06:00 [INF] MERGING: Looters (7) -> Looters (8) [Naval: False]
2026-01-09 00:54:30.951 -06:00 [INF] Total Merges this battle: 1
2026-01-09 00:54:32.060 -06:00 [INF] MERGING: Looters (7) -> Looters (12) [Naval: False]
2026-01-09 00:54:32.060 -06:00 [INF] Total Merges this battle: 1
2026-01-09 00:54:32.393 -06:00 [INF] PressGang: Looters recruiting 1 Empire Peasant
2026-01-09 00:54:32.563 -06:00 [INF] MERGING: Looters (8) -> Looters (10) [Naval: False]
2026-01-09 00:54:32.564 -06:00 [INF] Total Merges this battle: 1
2026-01-09 00:54:32.564 -06:00 [INF] PressGang: Looters recruiting 2 Empire Peasant
2026-01-09 00:54:32.891 -06:00 [INF] PressGang: Deserters recruiting 1 Imperial Palatine Guard
2026-01-09 00:54:32.891 -06:00 [INF] PressGang: Deserters recruiting 1 Imperial Crossbowman
2026-01-09 00:54:32.891 -06:00 [INF] PressGang: Deserters recruiting 1 Imperial Infantryman
2026-01-09 00:54:33.590 -06:00 [INF] PressGang: Looters recruiting 1 Empire Peasant
2026-01-09 00:54:33.698 -06:00 [INF] PressGang: Steppe Bandits recruiting 1 Khuzait Peasant
2026-01-09 00:54:34.099 -06:00 [INF] Daily Tick: Verifying Syndicate War State...
2026-01-09 00:54:34.099 -06:00 [INF] Checking staggered war declarations for Day Index: 5
2026-01-09 00:54:34.292 -06:00 [INF] PressGang: Looters recruiting 1 Empire Peasant
2026-01-09 00:54:34.591 -06:00 [INF] PressGang: Deserters recruiting 1 Imperial Crossbowman
2026-01-09 00:54:35.621 -06:00 [INF] PressGang: Deserters recruiting 1 Battania Peasant
2026-01-09 00:54:35.753 -06:00 [INF] PressGang: Forest Bandits recruiting 1 Battania Peasant
2026-01-09 00:54:35.958 -06:00 [INF] PressGang: Thera the Exile's Party recruiting 1 Looter
2026-01-09 00:54:37.623 -06:00 [INF] MERGING: Looters (4) -> Looters (9) [Naval: False]
2026-01-09 00:54:37.623 -06:00 [INF] Total Merges this battle: 1
2026-01-09 00:54:38.221 -06:00 [INF] PressGang: Corsairs recruiting 1 Imperial Shipmate
2026-01-09 00:54:38.221 -06:00 [INF] PressGang: Corsairs recruiting 1 Imperial Trained Infantryman
2026-01-09 00:54:39.156 -06:00 [INF] PressGang: Steppe Bandits recruiting 1 Aserai Peasant
2026-01-09 00:54:39.494 -06:00 [INF] PressGang: Mountain Bandits recruiting 1 Nord Peasant
2026-01-09 00:54:39.751 -06:00 [INF] PressGang: Forest Bandits recruiting 1 Nord Peasant
2026-01-09 00:54:39.785 -06:00 [INF] PressGang: Desert Bandits recruiting 1 Aserai Peasant
2026-01-09 00:54:39.983 -06:00 [INF] PressGang: Steppe Bandits recruiting 1 Khuzait Peasant
2026-01-09 00:54:42.485 -06:00 [INF] MERGING: Looters (8) -> Looters (13) [Naval: False]
2026-01-09 00:54:42.485 -06:00 [INF] MERGING: Looters (8) -> Looters (21) [Naval: False]
2026-01-09 00:54:42.486 -06:00 [INF] MERGING: Looters (6) -> Looters (29) [Naval: False]
2026-01-09 00:54:42.486 -06:00 [INF] Total Merges this battle: 3
2026-01-09 00:54:47.447 -06:00 [INF] PressGang: Grand Aserai Horde recruiting 2 Bedouin Rover
2026-01-09 00:54:47.447 -06:00 [INF] PressGang: Grand Aserai Horde recruiting 1 Harami
2026-01-09 00:54:47.447 -06:00 [INF] PressGang: Grand Aserai Horde recruiting 1 Aserai Veteran Caravan Guard
2026-01-09 00:54:47.571 -06:00 [INF] PressGang: Grand Battania Horde recruiting 1 Battanian Horseman
2026-01-09 00:54:47.571 -06:00 [INF] PressGang: Grand Battania Horde recruiting 1 Battania Peasant
2026-01-09 00:54:47.571 -06:00 [INF] PressGang: Grand Battania Horde recruiting 1 Battanian Horseman
2026-01-09 00:54:47.571 -06:00 [INF] PressGang: Grand Battania Horde recruiting 1 Battanian Highborn Warrior
2026-01-09 00:54:47.571 -06:00 [INF] PressGang: Grand Battania Horde recruiting 1 Battanian Trained Warrior
2026-01-09 00:54:47.571 -06:00 [INF] PressGang: Grand Battania Horde recruiting 1 Battanian Volunteer
2026-01-09 00:54:47.732 -06:00 [INF] PressGang: Grand Sturgia Horde recruiting 1 Sturgian Soldier
2026-01-09 00:54:47.732 -06:00 [INF] PressGang: Grand Sturgia Horde recruiting 1 Sturgian Reaver
2026-01-09 00:54:47.732 -06:00 [INF] PressGang: Grand Sturgia Horde recruiting 1 Sturgian Warrior
2026-01-09 00:54:47.733 -06:00 [INF] PressGang: Grand Sturgia Horde recruiting 1 Sturgian Veteran Shipman
2026-01-09 00:54:47.763 -06:00 [INF] PressGang: Grand Sturgia Horde recruiting 1 Sturgian Reaver
2026-01-09 00:54:47.763 -06:00 [INF] PressGang: Grand Sturgia Horde recruiting 1 Sturgian Veteran Shipman
2026-01-09 00:54:47.952 -06:00 [INF] PressGang: Grand Khuzait Horde recruiting 1 Khuzait Lancer
2026-01-09 00:54:47.952 -06:00 [INF] PressGang: Grand Khuzait Horde recruiting 1 Khuzait Nomad
2026-01-09 00:54:47.985 -06:00 [INF] PressGang: Grand Khuzait Horde recruiting 1 Khuzait Nomad
2026-01-09 00:54:47.985 -06:00 [INF] PressGang: Grand Khuzait Horde recruiting 2 Khuzait Darkhan
2026-01-09 00:54:47.985 -06:00 [INF] PressGang: Grand Khuzait Horde recruiting 2 Khuzait Hunter
2026-01-09 00:54:47.985 -06:00 [INF] PressGang: Grand Khuzait Horde recruiting 3 Looter
2026-01-09 00:54:48.145 -06:00 [INF] PressGang: Grand Empire Horde recruiting 1 Looter
2026-01-09 00:54:48.145 -06:00 [INF] PressGang: Grand Empire Horde recruiting 1 Marauder
2026-01-09 00:54:49.034 -06:00 [INF] MERGING: Desert Bandits (13) -> Desert Bandits (14) [Naval: False]
2026-01-09 00:54:49.034 -06:00 [INF] Total Merges this battle: 1
2026-01-09 00:54:51.266 -06:00 [INF] PressGang: Desert Bandits recruiting 1 Aserai Peasant
2026-01-09 00:54:51.602 -06:00 [INF] PressGang: Grand Empire Horde recruiting 1 Imperial Caravan Guard
2026-01-09 00:54:52.067 -06:00 [INF] PressGang: Looters recruiting 1 Empire Peasant
2026-01-09 00:54:52.201 -06:00 [INF] PressGang: Looters recruiting 1 Empire Peasant
2026-01-09 00:54:52.303 -06:00 [INF] PressGang: Mountain Bandits recruiting 1 Empire Peasant
2026-01-09 00:54:53.147 -06:00 [INF] PressGang: Looters recruiting 1 Empire Peasant
2026-01-09 00:54:53.181 -06:00 [INF] PressGang: Looters recruiting 1 Empire Peasant
2026-01-09 00:54:53.421 -06:00 [INF] PressGang: Phorys of the Embers' Party recruiting 1 Empire Peasant
2026-01-09 00:54:53.593 -06:00 [INF] MERGING: Forest Bandits (9) -> Forest Bandits (13) [Naval: False]
2026-01-09 00:54:53.593 -06:00 [INF] MERGING: Forest Bandits (6) -> Forest Bandits (22) [Naval: False]
2026-01-09 00:54:53.594 -06:00 [INF] MERGING: Forest Bandits (5) -> Forest Bandits (28) [Naval: False]
2026-01-09 00:54:53.594 -06:00 [INF] Total Merges this battle: 3
2026-01-09 00:54:54.072 -06:00 [INF] Daily Tick: Verifying Syndicate War State...
2026-01-09 00:54:54.072 -06:00 [INF] Checking staggered war declarations for Day Index: 0
2026-01-09 00:54:54.334 -06:00 [INF] PressGang: Sea Raiders recruiting 1 Imperial Trained Infantryman
2026-01-09 00:55:28.483 -06:00 [INF] PressGang: Grand Looters Horde recruiting 1 Empire Peasant
2026-01-09 00:55:28.571 -06:00 [INF] MERGING: Looters (10) -> Forest Bandits (16) [Naval: False]
2026-01-09 00:55:28.572 -06:00 [INF] Total Merges this battle: 1
2026-01-09 00:55:29.043 -06:00 [INF] PressGang: Deserters recruiting 1 Empire Peasant
2026-01-09 00:55:29.175 -06:00 [INF] PressGang: Forest Bandits recruiting 1 Battania Peasant
2026-01-09 00:55:29.373 -06:00 [INF] PressGang: Thera the Exile's Party recruiting 1 Looter
2026-01-09 00:55:29.407 -06:00 [INF] MERGING: Looters (10) -> Forest Bandits (10) [Naval: False]
2026-01-09 00:55:29.408 -06:00 [INF] Total Merges this battle: 1
2026-01-09 00:55:30.151 -06:00 [INF] PressGang: Forest Bandits recruiting 1 Sturgia Peasant
2026-01-09 00:55:31.377 -06:00 [INF] PressGang: Corsairs recruiting 1 Imperial Trained Infantryman
2026-01-09 00:55:31.377 -06:00 [INF] PressGang: Corsairs recruiting 2 Imperial Naute
2026-01-09 00:55:32.009 -06:00 [INF] PressGang: Corsairs recruiting 2 Imperial Shipmate
2026-01-09 00:55:32.636 -06:00 [INF] MERGING: Looters (11) -> Looters (13) [Naval: False]
2026-01-09 00:55:32.637 -06:00 [INF] MERGING: Looters (5) -> Looters (24) [Naval: False]
2026-01-09 00:55:32.638 -06:00 [INF] Total Merges this battle: 2
2026-01-09 00:55:33.265 -06:00 [INF] PressGang: Sea Raiders recruiting 1 Vlandian Vanguard
2026-01-09 00:55:33.547 -06:00 [INF] MERGING: Forest Bandits (3) -> Looters (9) [Naval: False]
2026-01-09 00:55:33.547 -06:00 [INF] Total Merges this battle: 1
2026-01-09 00:55:33.549 -06:00 [INF] PressGang: Desert Bandits recruiting 1 Aserai Peasant
2026-01-09 00:55:33.675 -06:00 [INF] PressGang: Steppe Bandits recruiting 1 Khuzait Peasant
2026-01-09 00:55:35.038 -06:00 [INF] PressGang: Grand Corsairs Horde recruiting 1 Imperial Veteran Archer
2026-01-09 00:55:35.546 -06:00 [INF] PressGang: Grand Looters Horde recruiting 1 Imperial Legionary
2026-01-09 00:55:35.546 -06:00 [INF] PressGang: Grand Looters Horde recruiting 1 Imperial Shipmate
2026-01-09 00:55:35.546 -06:00 [INF] PressGang: Grand Looters Horde recruiting 1 Imperial Coast Guard
2026-01-09 00:55:35.546 -06:00 [INF] PressGang: Grand Looters Horde recruiting 1 Imperial Trained Infantryman
2026-01-09 00:55:36.423 -06:00 [INF] MERGING: Looters (8) -> Looters (11) [Naval: False]
2026-01-09 00:55:36.424 -06:00 [INF] MERGING: Looters (8) -> Looters (19) [Naval: False]
2026-01-09 00:55:36.425 -06:00 [INF] Total Merges this battle: 2
2026-01-09 00:55:40.912 -06:00 [INF] PressGang: Grand Aserai Horde recruiting 1 Looter
2026-01-09 00:55:40.912 -06:00 [INF] PressGang: Grand Aserai Horde recruiting 1 Aserai Veteran Caravan Guard
2026-01-09 00:55:40.912 -06:00 [INF] PressGang: Grand Aserai Horde recruiting 1 Aserai Armed Trader
2026-01-09 00:55:40.925 -06:00 [INF] PressGang: Grand Aserai Horde recruiting 1 Bedouin Rover
2026-01-09 00:55:40.925 -06:00 [INF] PressGang: Grand Aserai Horde recruiting 1 Harami
2026-01-09 00:55:40.950 -06:00 [INF] PressGang: Grand Aserai Horde recruiting 1 Bedouin Rover
2026-01-09 00:55:41.047 -06:00 [INF] PressGang: Grand Battania Horde recruiting 1 Battania Peasant
2026-01-09 00:55:41.078 -06:00 [INF] PressGang: Grand Battania Horde recruiting 1 Battanian Fian
2026-01-09 00:55:41.236 -06:00 [INF] PressGang: Grand Sturgia Horde recruiting 1 Sturgian Crewman
2026-01-09 00:55:41.236 -06:00 [INF] PressGang: Grand Sturgia Horde recruiting 2 Sturgian Warrior
2026-01-09 00:55:41.236 -06:00 [INF] PressGang: Grand Sturgia Horde recruiting 1 Sturgia Peasant
2026-01-09 00:55:41.236 -06:00 [INF] PressGang: Grand Sturgia Horde recruiting 1 Sturgian Heavy Axeman
2026-01-09 00:55:41.236 -06:00 [INF] PressGang: Grand Sturgia Horde recruiting 1 Sturgian Veteran Shipman
2026-01-09 00:55:41.301 -06:00 [INF] PressGang: Grand Empire Horde recruiting 3 Empire Peasant
2026-01-09 00:55:41.301 -06:00 [INF] PressGang: Grand Empire Horde recruiting 1 Imperial Caravan Guard
2026-01-09 00:55:41.456 -06:00 [INF] PressGang: Grand Khuzait Horde recruiting 1 Khuzait Nomad
2026-01-09 00:55:41.458 -06:00 [INF] PressGang: Grand Khuzait Horde recruiting 1 Khuzait Horse Archer
2026-01-09 00:55:41.487 -06:00 [INF] PressGang: Grand Khuzait Horde recruiting 2 Khuzait Nomad
2026-01-09 00:55:41.487 -06:00 [INF] PressGang: Grand Khuzait Horde recruiting 1 Khuzait Peasant
2026-01-09 00:55:41.487 -06:00 [INF] PressGang: Grand Khuzait Horde recruiting 1 Khuzait Peasant
2026-01-09 00:55:41.487 -06:00 [INF] PressGang: Grand Khuzait Horde recruiting 1 Imperial Trained Archer
2026-01-09 00:55:41.647 -06:00 [INF] PressGang: Grand Empire Horde recruiting 2 Looter
2026-01-09 00:55:41.647 -06:00 [INF] PressGang: Grand Empire Horde recruiting 1 Raider
2026-01-09 00:55:41.647 -06:00 [INF] PressGang: Grand Empire Horde recruiting 1 Steppe Bandit
2026-01-09 00:55:43.203 -06:00 [INF] PressGang: The Warlord's Party recruiting 1 Empire Peasant
2026-01-09 00:55:44.225 -06:00 [INF] MERGING: Mountain Bandits (14) -> Mountain Bandits (17) [Naval: False]
2026-01-09 00:55:44.225 -06:00 [INF] Total Merges this battle: 1
2026-01-09 00:55:44.758 -06:00 [INF] PressGang: Sea Raiders recruiting 1 Empire Peasant
2026-01-09 00:55:44.991 -06:00 [INF] PressGang: Grand Empire Horde recruiting 3 Imperial Caravan Guard
2026-01-09 00:55:44.991 -06:00 [INF] PressGang: Grand Empire Horde recruiting 1 Imperial Armed Trader
2026-01-09 00:55:45.421 -06:00 [INF] PressGang: Looters recruiting 1 Empire Peasant
2026-01-09 00:55:45.659 -06:00 [INF] PressGang: Desert Bandits recruiting 1 Aserai Peasant
2026-01-09 00:55:45.960 -06:00 [INF] PressGang: Deserters recruiting 1 Imperial Veteran Infantryman
2026-01-09 00:55:45.960 -06:00 [INF] PressGang: Deserters recruiting 1 Imperial Heavy Horseman
2026-01-09 00:55:45.960 -06:00 [INF] PressGang: Deserters recruiting 1 Imperial Infantryman
2026-01-09 00:55:46.890 -06:00 [INF] MERGING: Looters (8) -> Forest Bandits (8) [Naval: False]
2026-01-09 00:55:46.891 -06:00 [INF] Total Merges this battle: 1
2026-01-09 00:55:48.038 -06:00 [INF] Daily Tick: Verifying Syndicate War State...
2026-01-09 00:55:48.038 -06:00 [INF] Checking staggered war declarations for Day Index: 1
2026-01-09 00:55:49.208 -06:00 [INF] MERGING: Looters (7) -> Looters (9) [Naval: False]
2026-01-09 00:55:49.209 -06:00 [INF] Total Merges this battle: 1
2026-01-09 00:55:49.442 -06:00 [INF] MERGING: Sea Raiders (12) -> Sea Raiders (12) [Naval: True]
2026-01-09 00:55:49.442 -06:00 [INF] MERGING: Sea Raiders (6) -> Sea Raiders (24) [Naval: True]
2026-01-09 00:55:49.442 -06:00 [INF] Total Merges this battle: 2
2026-01-09 00:55:50.640 -06:00 [INF] MERGING: Looters (8) -> Looters (9) [Naval: False]
2026-01-09 00:55:50.641 -06:00 [INF] Total Merges this battle: 1
2026-01-09 00:55:50.740 -06:00 [INF] MERGING: Sea Raiders (6) -> Sea Raiders (16) [Naval: True]
2026-01-09 00:55:50.741 -06:00 [INF] Total Merges this battle: 1
2026-01-09 00:55:51.337 -06:00 [INF] PressGang: Corsairs recruiting 1 Imperial Legionary
2026-01-09 00:55:51.370 -06:00 [INF] PressGang: Corsairs recruiting 2 Imperial Naute
2026-01-09 00:55:52.934 -06:00 [INF] PressGang: Steppe Bandits recruiting 1 Aserai Peasant
2026-01-09 00:55:52.934 -06:00 [INF] PressGang: Steppe Bandits recruiting 1 Aserai Peasant
2026-01-09 00:55:53.167 -06:00 [INF] PressGang: Sea Raiders recruiting 1 Nord Freeman Archer
2026-01-09 00:55:53.464 -06:00 [INF] PressGang: Desert Bandits recruiting 1 Aserai Peasant
2026-01-09 00:55:53.465 -06:00 [INF] PressGang: Desert Bandits recruiting 1 Aserai Peasant
2026-01-09 00:55:53.760 -06:00 [INF] MERGING: Steppe Bandits (10) -> Steppe Bandits (13) [Naval: False]
2026-01-09 00:55:53.761 -06:00 [INF] Total Merges this battle: 1
2026-01-09 00:55:53.923 -06:00 [INF] PressGang: Looters recruiting 1 Nord Peasant
2026-01-09 00:55:54.817 -06:00 [INF] PressGang: Grand Corsairs Horde recruiting 1 Imperial Shipmate
2026-01-09 00:55:54.817 -06:00 [INF] PressGang: Grand Corsairs Horde recruiting 2 Imperial Trained Infantryman
2026-01-09 00:55:55.320 -06:00 [INF] PressGang: Grand Corsairs Horde recruiting 1 Empire Peasant
2026-01-09 00:56:00.812 -06:00 [INF] PressGang: Grand Aserai Horde recruiting 1 Looter
2026-01-09 00:56:00.813 -06:00 [INF] PressGang: Grand Aserai Horde recruiting 1 Aserai Armed Trader
2026-01-09 00:56:00.813 -06:00 [INF] PressGang: Grand Aserai Horde recruiting 1 Nomad Bandit
2026-01-09 00:56:00.845 -06:00 [INF] PressGang: Grand Aserai Horde recruiting 1 Looter
2026-01-09 00:56:00.955 -06:00 [INF] PressGang: Grand Battania Horde recruiting 1 Battanian Fian
2026-01-09 00:56:00.956 -06:00 [INF] PressGang: Grand Battania Horde recruiting 1 Battanian Fian
2026-01-09 00:56:00.956 -06:00 [INF] PressGang: Grand Battania Horde recruiting 2 Battanian Trained Warrior
2026-01-09 00:56:01.110 -06:00 [INF] PressGang: Grand Sturgia Horde recruiting 1 Sturgian Soldier
2026-01-09 00:56:01.111 -06:00 [INF] PressGang: Grand Sturgia Horde recruiting 1 Sturgian Veteran Shipman
2026-01-09 00:56:01.145 -06:00 [INF] PressGang: Grand Sturgia Horde recruiting 1 Sturgian Recruit
2026-01-09 00:56:01.145 -06:00 [INF] PressGang: Grand Sturgia Horde recruiting 2 Sturgian Crewman
2026-01-09 00:56:01.179 -06:00 [INF] PressGang: Grand Empire Horde recruiting 1 Empire Peasant
2026-01-09 00:56:01.243 -06:00 [INF] PressGang: Grand Aserai Horde recruiting 2 Looter
2026-01-09 00:56:01.341 -06:00 [INF] PressGang: Grand Khuzait Horde recruiting 1 Khuzait Nomad
2026-01-09 00:56:01.341 -06:00 [INF] PressGang: Grand Khuzait Horde recruiting 1 Imperial Crossbowman
2026-01-09 00:56:01.341 -06:00 [INF] PressGang: Grand Khuzait Horde recruiting 1 Khuzait Horse Archer
2026-01-09 00:56:01.341 -06:00 [INF] PressGang: Grand Khuzait Horde recruiting 1 Khuzait Horseman
2026-01-09 00:56:01.341 -06:00 [INF] PressGang: Grand Khuzait Horde recruiting 1 Khuzait Peasant
2026-01-09 00:56:01.373 -06:00 [INF] PressGang: Grand Khuzait Horde recruiting 1 Khuzait Footman
2026-01-09 00:56:01.373 -06:00 [INF] PressGang: Grand Khuzait Horde recruiting 1 Khuzait Archer
2026-01-09 00:56:01.373 -06:00 [INF] PressGang: Grand Khuzait Horde recruiting 1 Imperial Infantryman
2026-01-09 00:56:01.509 -06:00 [INF] PressGang: Grand Empire Horde recruiting 2 Raider
2026-01-09 00:56:01.509 -06:00 [INF] PressGang: Grand Empire Horde recruiting 1 Marauder
2026-01-09 00:56:01.509 -06:00 [INF] PressGang: Grand Empire Horde recruiting 1 Looter
2026-01-09 00:56:04.513 -06:00 [INF] MERGING: Looters (13) -> Forest Bandits (16) [Naval: False]
2026-01-09 00:56:04.514 -06:00 [INF] MERGING: Looters (11) -> Forest Bandits (29) [Naval: False]
2026-01-09 00:56:04.514 -06:00 [INF] Total Merges this battle: 2
2026-01-09 00:56:04.546 -06:00 [INF] PressGang: Sea Raiders recruiting 1 Empire Peasant
2026-01-09 00:56:05.247 -06:00 [INF] MERGING: Looters (7) -> Looters (10) [Naval: False]
2026-01-09 00:56:05.247 -06:00 [INF] Total Merges this battle: 1
2026-01-09 00:56:05.315 -06:00 [INF] PressGang: Looters recruiting 1 Empire Peasant
2026-01-09 00:56:05.379 -06:00 [INF] PressGang: Mountain Bandits recruiting 1 Empire Peasant
2026-01-09 00:56:18.316 -06:00 [INF] PressGang: Looters recruiting 1 Empire Peasant
2026-01-09 00:56:18.620 -06:00 [INF] MERGING: Looters (6) -> Looters (15) [Naval: False]
2026-01-09 00:56:18.621 -06:00 [INF] MERGING: Looters (4) -> Looters (21) [Naval: False]
2026-01-09 00:56:18.622 -06:00 [INF] Total Merges this battle: 2
2026-01-09 00:56:19.327 -06:00 [INF] PressGang: Grand Looters Horde recruiting 1 Empire Peasant
2026-01-09 00:56:19.358 -06:00 [INF] PressGang: Sea Raiders recruiting 1 Imperial Veteran Archer
2026-01-09 00:56:19.530 -06:00 [INF] PressGang: Grand Looters Horde recruiting 1 Imperial Infantryman
2026-01-09 00:56:19.836 -06:00 [INF] PressGang: Grand Empire Horde recruiting 1 Empire Peasant
2026-01-09 00:56:20.240 -06:00 [INF] Daily Tick: Verifying Syndicate War State...
2026-01-09 00:56:20.240 -06:00 [INF] Checking staggered war declarations for Day Index: 2
2026-01-09 00:56:20.242 -06:00 [INF] PressGang: Thera the Exile's Party recruiting 2 Looter
2026-01-09 00:56:20.505 -06:00 [INF] PressGang: Sea Raiders recruiting 2 Nord Peasant
2026-01-09 00:56:24.195 -06:00 [INF] PressGang: Sea Raiders recruiting 2 Sturgian Veteran Convoy Guard
2026-01-09 00:56:24.195 -06:00 [INF] PressGang: Sea Raiders recruiting 2 Sturgian Convoy Guard
2026-01-09 00:56:24.225 -06:00 [INF] PressGang: Grand Corsairs Horde recruiting 2 Imperial Shipmate
2026-01-09 00:56:25.176 -06:00 [INF] PressGang: Steppe Bandits recruiting 1 Aserai Peasant
2026-01-09 00:56:25.691 -06:00 [INF] PressGang: Desert Bandits recruiting 1 Aserai Peasant
2026-01-09 00:56:25.723 -06:00 [INF] PressGang: Steppe Bandits recruiting 3 Khuzait Peasant
2026-01-09 00:56:25.792 -06:00 [INF] PressGang: Steppe Bandits recruiting 1 Khuzait Peasant
2026-01-09 00:56:26.415 -06:00 [INF] PressGang: Sea Raiders recruiting 1 Empire Peasant
2026-01-09 00:56:26.944 -06:00 [INF] PressGang: Grand Corsairs Horde recruiting 1 Imperial Coast Guard
2026-01-09 00:56:29.816 -06:00 [INF] MERGING: Looters (7) -> Looters (9) [Naval: False]
2026-01-09 00:56:29.816 -06:00 [INF] Total Merges this battle: 1
2026-01-09 00:56:32.804 -06:00 [INF] PressGang: Grand Aserai Horde recruiting 1 Aserai Veteran Caravan Guard
2026-01-09 00:56:32.804 -06:00 [INF] PressGang: Grand Aserai Horde recruiting 1 Aserai Peasant
2026-01-09 00:56:32.898 -06:00 [INF] PressGang: Grand Battania Horde recruiting 1 Battanian Clan Warrior
2026-01-09 00:56:33.088 -06:00 [INF] PressGang: Grand Sturgia Horde recruiting 1 Sturgian Veteran Caravan Guard
2026-01-09 00:56:33.088 -06:00 [INF] PressGang: Grand Sturgia Horde recruiting 1 Sturgian Armed Trader
2026-01-09 00:56:33.088 -06:00 [INF] PressGang: Grand Sturgia Horde recruiting 1 Sturgian Reaver
2026-01-09 00:56:33.088 -06:00 [INF] PressGang: Grand Sturgia Horde recruiting 1 Sturgian Crewman
2026-01-09 00:56:33.088 -06:00 [INF] PressGang: Grand Sturgia Horde recruiting 1 Sturgian Heavy Axeman
2026-01-09 00:56:33.088 -06:00 [INF] PressGang: Grand Sturgia Horde recruiting 1 Sturgian Veteran Shipman
2026-01-09 00:56:33.088 -06:00 [INF] PressGang: Grand Sturgia Horde recruiting 1 Sturgian Hunter
2026-01-09 00:56:33.088 -06:00 [INF] PressGang: Grand Sturgia Horde recruiting 1 Sturgian Recruit
2026-01-09 00:56:33.088 -06:00 [INF] PressGang: Grand Sturgia Horde recruiting 1 Sturgian Soldier
2026-01-09 00:56:33.161 -06:00 [INF] PressGang: Grand Empire Horde recruiting 1 Imperial Caravan Guard
2026-01-09 00:56:33.312 -06:00 [INF] PressGang: Grand Khuzait Horde recruiting 2 Khuzait Nomad
2026-01-09 00:56:33.340 -06:00 [INF] PressGang: Grand Khuzait Horde recruiting 1 Khuzait Archer
2026-01-09 00:56:33.340 -06:00 [INF] PressGang: Grand Khuzait Horde recruiting 1 Khuzait Tribal Warrior
2026-01-09 00:56:33.468 -06:00 [INF] PressGang: Grand Empire Horde recruiting 1 Looter
2026-01-09 00:56:34.988 -06:00 [INF] PressGang: The Warlord's Party recruiting 1 Empire Peasant
2026-01-09 00:56:36.349 -06:00 [INF] MERGING: Looters (6) -> Looters (7) [Naval: False]
2026-01-09 00:56:36.350 -06:00 [INF] MERGING: Looters (5) -> Looters (13) [Naval: False]
2026-01-09 00:56:36.350 -06:00 [INF] Total Merges this battle: 2
2026-01-09 00:56:36.381 -06:00 [INF] PressGang: Desert Bandits recruiting 1 Aserai Peasant
2026-01-09 00:56:36.703 -06:00 [INF] PressGang: Grand Empire Horde recruiting 1 Imperial Veteran Caravan Guard
2026-01-09 00:56:36.703 -06:00 [INF] PressGang: Grand Empire Horde recruiting 1 Imperial Caravan Master
2026-01-09 00:56:37.721 -06:00 [INF] MERGING: Mountain Bandits (5) -> Mountain Bandits (17) [Naval: False]
2026-01-09 00:56:37.722 -06:00 [INF] Total Merges this battle: 1
2026-01-09 00:56:38.452 -06:00 [INF] MERGING: Looters (8) -> Looters (11) [Naval: False]
2026-01-09 00:56:38.453 -06:00 [INF] MERGING: Looters (8) -> Looters (19) [Naval: False]
2026-01-09 00:56:38.453 -06:00 [INF] Total Merges this battle: 2
2026-01-09 00:56:38.960 -06:00 [INF] PressGang: Grand Looters Horde recruiting 1 Empire Peasant
2026-01-09 00:56:39.001 -06:00 [INF] PressGang: Grand Looters Horde recruiting 1 Imperial Legionary
2026-01-09 00:56:39.001 -06:00 [INF] PressGang: Grand Looters Horde recruiting 1 Imperial Veteran Archer
2026-01-09 00:56:40.261 -06:00 [INF] Daily Tick: Verifying Syndicate War State...
2026-01-09 00:56:40.261 -06:00 [INF] Checking staggered war declarations for Day Index: 3
2026-01-09 00:56:41.212 -06:00 [INF] PressGang: Deserters recruiting 1 Khuzait Nomad
2026-01-09 00:56:41.625 -06:00 [INF] MERGING: Mountain Bandits (10) -> Mountain Bandits (13) [Naval: False]
2026-01-09 00:56:41.626 -06:00 [INF] Total Merges this battle: 1
2026-01-09 00:56:42.359 -06:00 [INF] MERGING: Looters (7) -> Looters (13) [Naval: False]
2026-01-09 00:56:42.360 -06:00 [INF] Total Merges this battle: 1
2026-01-09 00:56:42.597 -06:00 [INF] PressGang: Sea Raiders recruiting 1 Nord Peasant
2026-01-09 00:56:43.537 -06:00 [INF] PressGang: Corsairs recruiting 1 Imperial Shipmate
2026-01-09 00:56:45.017 -06:00 [INF] PressGang: Steppe Bandits recruiting 1 Sturgia Peasant
2026-01-09 00:56:45.017 -06:00 [INF] PressGang: Steppe Bandits recruiting 3 Khuzait Peasant
2026-01-09 00:56:45.654 -06:00 [INF] PressGang: Steppe Bandits recruiting 1 Khuzait Peasant
2026-01-09 00:56:46.793 -06:00 [INF] PressGang: Grand Corsairs Horde recruiting 1 Imperial Coast Guard
2026-01-09 00:56:46.793 -06:00 [INF] PressGang: Grand Corsairs Horde recruiting 1 Imperial Naute
2026-01-09 00:56:47.292 -06:00 [INF] PressGang: Grand Looters Horde recruiting 1 Sturgian Convoy Guard
2026-01-09 00:56:47.292 -06:00 [INF] PressGang: Grand Looters Horde recruiting 1 Sturgian Armed Convoy Trader
2026-01-09 00:56:47.800 -06:00 [INF] PressGang: Sea Raiders recruiting 1 Nord Peasant
2026-01-09 00:56:49.244 -06:00 [INF] MERGING: Looters (13) -> Forest Bandits (13) [Naval: False]
2026-01-09 00:56:49.245 -06:00 [INF] MERGING: Looters (12) -> Forest Bandits (26) [Naval: False]
2026-01-09 00:56:49.245 -06:00 [INF] Total Merges this battle: 2
2026-01-09 00:56:52.386 -06:00 [INF] MERGING: Forest Bandits (6) -> Forest Bandits (10) [Naval: False]
2026-01-09 00:56:52.387 -06:00 [INF] Total Merges this battle: 1
2026-01-09 00:56:52.644 -06:00 [INF] PressGang: Grand Aserai Horde recruiting 1 Looter
2026-01-09 00:56:52.644 -06:00 [INF] PressGang: Grand Aserai Horde recruiting 2 Aserai Mamluke Soldier
2026-01-09 00:56:52.644 -06:00 [INF] PressGang: Grand Aserai Horde recruiting 1 Aserai Tribal Horseman
2026-01-09 00:56:52.644 -06:00 [INF] PressGang: Grand Aserai Horde recruiting 1 Harami
2026-01-09 00:56:52.644 -06:00 [INF] PressGang: Grand Aserai Horde recruiting 1 Nomad Bandit
2026-01-09 00:56:52.772 -06:00 [INF] PressGang: Grand Battania Horde recruiting 1 Looter
2026-01-09 00:56:52.772 -06:00 [INF] PressGang: Grand Battania Horde recruiting 1 Battanian Wood Runner
2026-01-09 00:56:52.773 -06:00 [INF] PressGang: Grand Battania Horde recruiting 1 Battanian River Raider
2026-01-09 00:56:52.773 -06:00 [INF] PressGang: Grand Battania Horde recruiting 1 Looter
2026-01-09 00:56:52.802 -06:00 [INF] PressGang: Grand Battania Horde recruiting 1 Battanian Clan Warrior
2026-01-09 00:56:52.802 -06:00 [INF] PressGang: Grand Battania Horde recruiting 1 Battanian Volunteer
2026-01-09 00:56:52.960 -06:00 [INF] PressGang: Grand Sturgia Horde recruiting 1 Sturgian Reaver
2026-01-09 00:56:53.150 -06:00 [INF] PressGang: Grand Khuzait Horde recruiting 1 Khuzait Nomad
2026-01-09 00:56:53.150 -06:00 [INF] PressGang: Grand Khuzait Horde recruiting 1 Khuzait Peasant
2026-01-09 00:56:53.150 -06:00 [INF] PressGang: Grand Khuzait Horde recruiting 1 Khuzait Horseman
2026-01-09 00:56:53.188 -06:00 [INF] PressGang: Grand Khuzait Horde recruiting 1 Khuzait Peasant
2026-01-09 00:56:53.338 -06:00 [INF] PressGang: Grand Empire Horde recruiting 2 Looter
2026-01-09 00:56:54.824 -06:00 [INF] PressGang: The Warlord's Party recruiting 2 Empire Peasant
2026-01-09 00:57:15.523 -06:00 [INF] PressGang: Looters recruiting 1 Empire Peasant
2026-01-09 00:57:15.977 -06:00 [INF] MERGING: Sea Raiders (13) -> Sea Raiders (16) [Naval: True]
2026-01-09 00:57:15.977 -06:00 [INF] Total Merges this battle: 1
2026-01-09 00:57:16.242 -06:00 [INF] PressGang: Looters recruiting 1 Nord Peasant
2026-01-09 00:57:17.112 -06:00 [INF] PressGang: Looters recruiting 1 Empire Peasant
2026-01-09 00:57:17.815 -06:00 [INF] PressGang: Forest Bandits recruiting 1 Nord Peasant
2026-01-09 00:57:18.047 -06:00 [INF] PressGang: Grand Looters Horde recruiting 1 Empire Peasant
2026-01-09 00:57:19.233 -06:00 [INF] PressGang: Grand Empire Horde recruiting 1 Looter
2026-01-09 00:57:19.602 -06:00 [INF] Daily Tick: Verifying Syndicate War State...
2026-01-09 00:57:19.602 -06:00 [INF] Checking staggered war declarations for Day Index: 4
2026-01-09 00:57:20.038 -06:00 [INF] PressGang: Grand Looters Horde recruiting 1 Khuzait Nomad
2026-01-09 00:57:20.571 -06:00 [INF] PressGang: Looters recruiting 1 Aserai Peasant
2026-01-09 00:57:21.007 -06:00 [INF] PressGang: Forest Bandits recruiting 1 Nord Peasant
2026-01-09 00:57:21.071 -06:00 [INF] PressGang: Looters recruiting 1 Nord Peasant
2026-01-09 00:57:21.374 -06:00 [INF] PressGang: Vorthert of the Brotherhood's Party recruiting 1 Battanian Scout
2026-01-09 00:57:22.284 -06:00 [INF] MERGING: Mountain Bandits (4) -> Mountain Bandits (16) [Naval: False]
2026-01-09 00:57:22.284 -06:00 [INF] Total Merges this battle: 1
2026-01-09 00:57:22.453 -06:00 [INF] MERGING: Sea Raiders (8) -> Sea Raiders (15) [Naval: True]
2026-01-09 00:57:22.453 -06:00 [INF] MERGING: Sea Raiders (8) -> Sea Raiders (23) [Naval: True]
2026-01-09 00:57:22.454 -06:00 [INF] Total Merges this battle: 2
2026-01-09 00:57:22.916 -06:00 [INF] PressGang: Corsairs recruiting 1 Imperial Coast Guard
2026-01-09 00:57:24.369 -06:00 [INF] PressGang: Steppe Bandits recruiting 1 Khuzait Peasant
2026-01-09 00:57:25.048 -06:00 [INF] PressGang: Looters recruiting 1 Empire Peasant
2026-01-09 00:57:25.764 -06:00 [INF] MERGING: Steppe Bandits (13) -> Steppe Bandits (14) [Naval: False]
2026-01-09 00:57:25.765 -06:00 [INF] Total Merges this battle: 1
2026-01-09 00:57:28.675 -06:00 [INF] MERGING: Steppe Bandits (5) -> Steppe Bandits (8) [Naval: False]
2026-01-09 00:57:28.677 -06:00 [INF] Total Merges this battle: 1
2026-01-09 00:57:31.895 -06:00 [INF] PressGang: Grand Aserai Horde recruiting 2 Looter
2026-01-09 00:57:31.897 -06:00 [INF] PressGang: Grand Aserai Horde recruiting 1 Aserai Veteran Caravan Guard
2026-01-09 00:57:31.897 -06:00 [INF] PressGang: Grand Aserai Horde recruiting 1 Aserai Mamluke Soldier
2026-01-09 00:57:31.926 -06:00 [INF] PressGang: Grand Aserai Horde recruiting 2 Bedouin Rover
2026-01-09 00:57:31.927 -06:00 [INF] PressGang: Grand Aserai Horde recruiting 1 Bedouin Rover
2026-01-09 00:57:32.022 -06:00 [INF] PressGang: Grand Battania Horde recruiting 1 Battanian Oathsworn
2026-01-09 00:57:32.054 -06:00 [INF] PressGang: Grand Battania Horde recruiting 1 Battanian Trained Warrior
2026-01-09 00:57:32.054 -06:00 [INF] PressGang: Grand Battania Horde recruiting 1 Battanian Fian
2026-01-09 00:57:32.054 -06:00 [INF] PressGang: Grand Battania Horde recruiting 1 Looter
2026-01-09 00:57:32.054 -06:00 [INF] PressGang: Grand Battania Horde recruiting 2 Battania Peasant
2026-01-09 00:57:32.054 -06:00 [INF] PressGang: Grand Battania Horde recruiting 1 Battanian Clan Warrior
2026-01-09 00:57:32.054 -06:00 [INF] PressGang: Grand Battania Horde recruiting 1 Battanian Volunteer
2026-01-09 00:57:32.213 -06:00 [INF] PressGang: Grand Sturgia Horde recruiting 1 Sturgian Veteran Caravan Guard
2026-01-09 00:57:32.213 -06:00 [INF] PressGang: Grand Sturgia Horde recruiting 1 Sturgian Reaver
2026-01-09 00:57:32.214 -06:00 [INF] PressGang: Grand Sturgia Horde recruiting 1 Sturgian Recruit
2026-01-09 00:57:32.275 -06:00 [INF] PressGang: Grand Empire Horde recruiting 1 Empire Peasant
2026-01-09 00:57:32.337 -06:00 [INF] PressGang: Grand Aserai Horde recruiting 1 Looter
2026-01-09 00:57:32.431 -06:00 [INF] PressGang: Grand Khuzait Horde recruiting 2 Khuzait Horse Archer
2026-01-09 00:57:32.432 -06:00 [INF] PressGang: Grand Khuzait Horde recruiting 1 Khuzait Nomad
2026-01-09 00:57:32.463 -06:00 [INF] PressGang: Grand Khuzait Horde recruiting 1 Khuzait Footman
2026-01-09 00:57:32.463 -06:00 [INF] PressGang: Grand Khuzait Horde recruiting 1 Imperial Archer
2026-01-09 00:57:53.803 -06:00 [INF] MERGING: Looters (6) -> Looters (10) [Naval: False]
2026-01-09 00:57:53.804 -06:00 [INF] MERGING: Looters (5) -> Looters (16) [Naval: False]
2026-01-09 00:57:53.804 -06:00 [INF] Total Merges this battle: 2
2026-01-09 00:57:54.240 -06:00 [INF] PressGang: Looters recruiting 1 Empire Peasant
2026-01-09 00:57:54.951 -06:00 [INF] PressGang: Looters recruiting 2 Nord Peasant
2026-01-09 00:58:38.475 -06:00 [INF] PressGang: Looters recruiting 1 Battania Peasant
2026-01-09 00:58:38.802 -06:00 [INF] PressGang: Grand Looters Horde recruiting 1 Imperial Shipmate
2026-01-09 00:58:38.802 -06:00 [INF] PressGang: Grand Looters Horde recruiting 2 Imperial Naute
2026-01-09 00:58:39.082 -06:00 [INF] PressGang: Looters recruiting 1 Empire Peasant
2026-01-09 00:58:40.180 -06:00 [INF] PressGang: Looters recruiting 2 Nord Peasant
2026-01-09 00:58:40.526 -06:00 [INF] Daily Tick: Verifying Syndicate War State...
2026-01-09 00:58:40.526 -06:00 [INF] Checking staggered war declarations for Day Index: 5
2026-01-09 00:58:40.656 -06:00 [INF] PressGang: Grand Looters Horde recruiting 2 Khuzait Nomad
2026-01-09 00:58:40.758 -06:00 [INF] MERGING: Steppe Bandits (8) -> Deserters (20) [Naval: False]
2026-01-09 00:58:40.759 -06:00 [INF] Total Merges this battle: 1
2026-01-09 00:58:40.794 -06:00 [INF] PressGang: Sea Raiders recruiting 1 Empire Peasant
2026-01-09 00:58:42.507 -06:00 [INF] PressGang: Byram of the Lake Rats' Party recruiting 1 Sturgian Soldier
2026-01-09 00:58:42.768 -06:00 [INF] MERGING: Looters (9) -> Looters (11) [Naval: False]
2026-01-09 00:58:42.769 -06:00 [INF] MERGING: Looters (6) -> Looters (20) [Naval: False]
2026-01-09 00:58:42.770 -06:00 [INF] Total Merges this battle: 2
2026-01-09 00:58:43.461 -06:00 [INF] MERGING: Sea Raiders (8) -> Sea Raiders (31) [Naval: True]
2026-01-09 00:58:43.462 -06:00 [INF] Total Merges this battle: 1
2026-01-09 00:58:43.778 -06:00 [INF] PressGang: Sea Raiders recruiting 1 Nord Veteran Convoy Guard
2026-01-09 00:58:43.778 -06:00 [INF] PressGang: Sea Raiders recruiting 1 Nord Armed Convoy Trader
2026-01-09 00:58:45.345 -06:00 [INF] PressGang: Steppe Bandits recruiting 1 Khuzait Peasant
2026-01-09 00:58:45.377 -06:00 [INF] PressGang: Steppe Bandits recruiting 1 Khuzait Peasant
2026-01-09 00:58:45.860 -06:00 [INF] PressGang: Desert Bandits recruiting 1 Aserai Peasant
2026-01-09 00:59:41.317 -06:00 [INF] Found 1 stuck Syndicate Warlords. Redeploying...
2026-01-09 00:59:42.176 -06:00 [INF] Found 1 stuck Syndicate Warlords. Redeploying...
2026-01-09 00:59:42.955 -06:00 [INF] Found 1 stuck Syndicate Warlords. Redeploying...
2026-01-09 00:59:42.955 -06:00 [INF] Redeploying Thera the Exile to Hideout...
2026-01-09 00:59:45.496 -06:00 [INF] MERGING: Looters (11) -> Looters (12) [Naval: False]
2026-01-09 00:59:45.496 -06:00 [INF] Total Merges this battle: 1
2026-01-09 00:59:47.249 -06:00 [INF] PressGang: Grand Aserai Horde recruiting 1 Bedouin Rover
2026-01-09 00:59:47.249 -06:00 [INF] PressGang: Grand Aserai Horde recruiting 1 Bedouin Rover
2026-01-09 00:59:47.387 -06:00 [INF] PressGang: Grand Battania Horde recruiting 1 Looter
2026-01-09 00:59:47.387 -06:00 [INF] PressGang: Grand Battania Horde recruiting 1 Battania Peasant
2026-01-09 00:59:47.423 -06:00 [INF] PressGang: Grand Battania Horde recruiting 1 Battanian Wood Runner
2026-01-09 00:59:47.564 -06:00 [INF] PressGang: Grand Sturgia Horde recruiting 1 Sturgia Peasant
2026-01-09 00:59:47.636 -06:00 [INF] PressGang: Grand Empire Horde recruiting 2 Empire Peasant
2026-01-09 00:59:47.777 -06:00 [INF] PressGang: Grand Khuzait Horde recruiting 2 Khuzait Nomad
2026-01-09 00:59:47.777 -06:00 [INF] PressGang: Grand Khuzait Horde recruiting 1 Khuzait Horse Archer
2026-01-09 00:59:47.777 -06:00 [INF] PressGang: Grand Khuzait Horde recruiting 1 Khuzait Marksman
2026-01-09 00:59:47.777 -06:00 [INF] PressGang: Grand Khuzait Horde recruiting 1 Khuzait Spear Infantry
2026-01-09 00:59:50.929 -06:00 [INF] PressGang: Grand Empire Horde recruiting 1 Imperial Veteran Caravan Guard
2026-01-09 00:59:50.929 -06:00 [INF] PressGang: Grand Empire Horde recruiting 6 Imperial Recruit
2026-01-09 00:59:51.318 -06:00 [INF] PressGang: Looters recruiting 2 Nord Peasant
2026-01-09 00:59:52.237 -06:00 [INF] PressGang: Mountain Bandits recruiting 1 Empire Peasant
2026-01-09 00:59:52.409 -06:00 [INF] PressGang: Sea Raiders recruiting 1 Aserai Convoy Guard
2026-01-09 00:59:52.409 -06:00 [INF] PressGang: Sea Raiders recruiting 1 Aserai Armed Convoy Trader
2026-01-09 00:59:52.684 -06:00 [INF] MERGING: Looters (3) -> Looters (4) [Naval: False]
2026-01-09 00:59:52.685 -06:00 [INF] MERGING: Looters (2) -> Looters (7) [Naval: False]
2026-01-09 00:59:52.685 -06:00 [INF] Total Merges this battle: 2
2026-01-09 00:59:52.753 -06:00 [INF] PressGang: Sea Raiders recruiting 1 Nord Peasant
2026-01-09 00:59:52.820 -06:00 [INF] PressGang: Forest Bandits recruiting 1 Nord Peasant
2026-01-09 00:59:53.060 -06:00 [INF] PressGang: Grand Looters Horde recruiting 1 Imperial Shipmate
2026-01-09 00:59:53.060 -06:00 [INF] PressGang: Grand Corsairs Horde recruiting 1 Imperial Trained Infantryman
2026-01-09 00:59:53.509 -06:00 [INF] MERGING: Mountain Bandits (12) -> Mountain Bandits (17) [Naval: False]
2026-01-09 00:59:53.509 -06:00 [INF] Total Merges this battle: 1
2026-01-09 00:59:53.746 -06:00 [INF] PressGang: Sea Raiders recruiting 1 Aserai Convoy Guard
2026-01-09 00:59:54.941 -06:00 [INF] PressGang: Forest Bandits recruiting 1 Battania Peasant
2026-01-09 00:59:55.043 -06:00 [INF] Daily Tick: Verifying Syndicate War State...
2026-01-09 00:59:55.043 -06:00 [INF] Checking staggered war declarations for Day Index: 0
2026-01-09 00:59:55.623 -06:00 [INF] PressGang: Looters recruiting 1 Nord Peasant
2026-01-09 00:59:55.658 -06:00 [INF] PressGang: Looters recruiting 2 Sturgia Peasant
2026-01-09 00:59:55.688 -06:00 [INF] PressGang: Sea Raiders recruiting 1 Sturgia Peasant
2026-01-09 00:59:55.688 -06:00 [INF] PressGang: Mountain Bandits recruiting 1 Nord Peasant
2026-01-09 00:59:56.469 -06:00 [INF] PressGang: Byram of the Lake Rats' Party recruiting 1 Varyag Veteran
2026-01-09 00:59:56.469 -06:00 [INF] PressGang: Byram of the Lake Rats' Party recruiting 1 Sturgian Hardened Brigand
2026-01-09 00:59:56.956 -06:00 [INF] PressGang: Sea Raiders recruiting 1 Vlandia Peasant
2026-01-09 00:59:57.021 -06:00 [INF] PressGang: Morynon of the Hand's Party recruiting 1 Hillman
2026-01-09 00:59:58.354 -06:00 [INF] PressGang: Grand Looters Horde recruiting 2 Nord Veteran Convoy Guard
2026-01-09 00:59:58.421 -06:00 [INF] PressGang: Grand Looters Horde recruiting 1 Sturgia Peasant
2026-01-09 00:59:59.463 -06:00 [INF] MERGING: Looters (12) -> Looters (17) [Naval: False]
2026-01-09 00:59:59.463 -06:00 [INF] MERGING: Desert Bandits (11) -> Looters (29) [Naval: False]
2026-01-09 00:59:59.463 -06:00 [INF] Total Merges this battle: 2
2026-01-09 00:59:59.917 -06:00 [INF] PressGang: Steppe Bandits recruiting 1 Sturgia Peasant
2026-01-09 01:00:00.146 -06:00 [INF] PressGang: Mountain Bandits recruiting 1 Nord Peasant
2026-01-09 01:00:00.400 -06:00 [INF] PressGang: Desert Bandits recruiting 1 Aserai Peasant
2026-01-09 01:00:00.435 -06:00 [INF] PressGang: Steppe Bandits recruiting 1 Khuzait Peasant
2026-01-09 01:00:00.598 -06:00 [INF] PressGang: Looters recruiting 1 Aserai Peasant
2026-01-09 01:00:02.024 -06:00 [INF] MERGING: Mountain Bandits (6) -> Mountain Bandits (10) [Naval: False]
2026-01-09 01:00:02.024 -06:00 [INF] Total Merges this battle: 1
2026-01-09 01:01:00.654 -06:00 [INF] PressGang: Grand Aserai Horde recruiting 1 Looter
2026-01-09 01:01:00.654 -06:00 [INF] PressGang: Grand Aserai Horde recruiting 1 Aserai Caravan Guard
2026-01-09 01:01:00.654 -06:00 [INF] PressGang: Grand Aserai Horde recruiting 1 Aserai Mamluke Soldier
2026-01-09 01:01:00.654 -06:00 [INF] PressGang: Grand Aserai Horde recruiting 1 Aserai Mamluke Regular
2026-01-09 01:01:00.654 -06:00 [INF] PressGang: Grand Aserai Horde recruiting 2 Bedouin Rover
2026-01-09 01:01:00.688 -06:00 [INF] PressGang: Grand Aserai Horde recruiting 2 Nomad Bandit
2026-01-09 01:01:00.688 -06:00 [INF] PressGang: Grand Aserai Horde recruiting 2 Bedouin Rover
2026-01-09 01:01:00.688 -06:00 [INF] PressGang: Grand Aserai Horde recruiting 2 Harami
2026-01-09 01:01:00.784 -06:00 [INF] PressGang: Grand Battania Horde recruiting 1 Battanian Clan Warrior
2026-01-09 01:01:00.815 -06:00 [INF] PressGang: Grand Battania Horde recruiting 1 Battanian Highborn Warrior
2026-01-09 01:01:00.816 -06:00 [INF] PressGang: Grand Battania Horde recruiting 1 Battanian Fian
2026-01-09 01:01:00.816 -06:00 [INF] PressGang: Grand Battania Horde recruiting 1 Battanian Picked Warrior
2026-01-09 01:01:00.816 -06:00 [INF] PressGang: Grand Battania Horde recruiting 1 Battania Peasant
2026-01-09 01:01:00.816 -06:00 [INF] PressGang: Grand Battania Horde recruiting 2 Battanian Volunteer
2026-01-09 01:01:00.816 -06:00 [INF] PressGang: Grand Battania Horde recruiting 1 Battanian Scout
2026-01-09 01:01:00.972 -06:00 [INF] PressGang: Grand Sturgia Horde recruiting 1 Sturgian Soldier
2026-01-09 01:01:00.972 -06:00 [INF] PressGang: Grand Sturgia Horde recruiting 1 Sturgian Archer
2026-01-09 01:01:01.035 -06:00 [INF] PressGang: Grand Empire Horde recruiting 1 Empire Peasant
2026-01-09 01:01:01.099 -06:00 [INF] PressGang: Grand Aserai Horde recruiting 1 Looter
2026-01-09 01:01:01.099 -06:00 [INF] PressGang: Grand Aserai Horde recruiting 1 Aserai Infantry
2026-01-09 01:01:01.099 -06:00 [INF] PressGang: Grand Aserai Horde recruiting 1 Aserai Mamluke Regular
2026-01-09 01:01:01.099 -06:00 [INF] PressGang: Grand Aserai Horde recruiting 1 Aserai Light Archer
2026-01-09 01:01:01.099 -06:00 [INF] PressGang: Grand Aserai Horde recruiting 1 Aserai Footman
2026-01-09 01:01:01.099 -06:00 [INF] PressGang: Grand Aserai Horde recruiting 1 Aserai Tribesman
2026-01-09 01:01:01.099 -06:00 [INF] PressGang: Grand Aserai Horde recruiting 1 Looter
2026-01-09 01:01:01.161 -06:00 [INF] PressGang: Grand Khuzait Horde recruiting 1 Khuzait Horseman
2026-01-09 01:01:02.779 -06:00 [INF] PressGang: The Warlord's Party recruiting 1 Empire Peasant
2026-01-09 01:01:04.312 -06:00 [INF] PressGang: Grand Empire Horde recruiting 7 Imperial Recruit
2026-01-09 01:01:04.675 -06:00 [INF] PressGang: Looters recruiting 1 Nord Peasant
2026-01-09 01:01:04.773 -06:00 [INF] PressGang: Looters recruiting 1 Empire Peasant
2026-01-09 01:01:05.165 -06:00 [INF] PressGang: Grand Corsairs Horde recruiting 1 Imperial Trained Infantryman
2026-01-09 01:01:06.086 -06:00 [INF] PressGang: Looters recruiting 1 Battania Peasant
2026-01-09 01:01:07.000 -06:00 [INF] PressGang: Sea Raiders recruiting 2 Aserai Armed Convoy Trader
2026-01-09 01:01:08.187 -06:00 [INF] PressGang: Grand Vlandia Horde recruiting 1 Brigand
2026-01-09 01:01:08.187 -06:00 [INF] PressGang: Grand Vlandia Horde recruiting 1 Hillman
2026-01-09 01:01:08.474 -06:00 [INF] PressGang: Sea Raiders recruiting 2 Vlandia Peasant
2026-01-09 01:01:08.509 -06:00 [INF] Daily Tick: Verifying Syndicate War State...
2026-01-09 01:01:08.509 -06:00 [INF] Checking staggered war declarations for Day Index: 1
2026-01-09 01:01:08.761 -06:00 [INF] PressGang: Looters recruiting 1 Nord Peasant
2026-01-09 01:01:09.241 -06:00 [INF] PressGang: Mountain Bandits recruiting 2 Empire Peasant
2026-01-09 01:01:09.340 -06:00 [INF] PressGang: Looters recruiting 1 Vlandian Crossbowman
2026-01-09 01:01:09.409 -06:00 [INF] PressGang: Forest Bandits recruiting 1 Nord Peasant
2026-01-09 01:01:09.514 -06:00 [INF] PressGang: Grand Sturgia Horde recruiting 1 Sturgian Hardened Brigand
2026-01-09 01:01:09.952 -06:00 [INF] PressGang: Mountain Bandits recruiting 1 Vlandian Gallant
2026-01-09 01:01:11.846 -06:00 [INF] PressGang: Grand Looters Horde recruiting 1 Nord Convoy Guard
2026-01-09 01:01:12.520 -06:00 [INF] PressGang: Grand Corsairs Horde recruiting 1 Imperial Trained Infantryman
2026-01-09 01:01:13.832 -06:00 [INF] PressGang: Desert Bandits recruiting 1 Aserai Peasant
2026-01-09 01:01:14.032 -06:00 [INF] PressGang: Grand Looters Horde recruiting 1 Aserai Peasant
2026-01-09 01:01:14.902 -06:00 [INF] PressGang: Grand Corsairs Horde recruiting 1 Imperial Coast Guard
2026-01-09 01:01:18.690 -06:00 [INF] MERGING: Looters (7) -> Looters (8) [Naval: False]
2026-01-09 01:01:18.691 -06:00 [INF] MERGING: Looters (5) -> Looters (15) [Naval: False]
2026-01-09 01:01:18.692 -06:00 [INF] Total Merges this battle: 2
2026-01-09 01:01:19.309 -06:00 [INF] MERGING: Looters (7) -> Looters (7) [Naval: False]
2026-01-09 01:01:19.309 -06:00 [INF] MERGING: Looters (4) -> Looters (14) [Naval: False]
2026-01-09 01:01:19.310 -06:00 [INF] MERGING: Looters (3) -> Looters (18) [Naval: False]
2026-01-09 01:01:19.311 -06:00 [INF] Total Merges this battle: 3
2026-01-09 01:01:20.487 -06:00 [INF] PressGang: Grand Aserai Horde recruiting 1 Aserai Caravan Guard
2026-01-09 01:01:20.521 -06:00 [INF] PressGang: Grand Aserai Horde recruiting 1 Aserai Peasant
2026-01-09 01:01:20.521 -06:00 [INF] PressGang: Grand Aserai Horde recruiting 1 Aserai Peasant
2026-01-09 01:01:20.623 -06:00 [INF] PressGang: Grand Battania Horde recruiting 1 Battanian Oathsworn
2026-01-09 01:01:20.645 -06:00 [INF] PressGang: Grand Battania Horde recruiting 1 Looter
2026-01-09 01:01:20.645 -06:00 [INF] PressGang: Grand Battania Horde recruiting 1 Battanian Volunteer
2026-01-09 01:01:20.645 -06:00 [INF] PressGang: Grand Battania Horde recruiting 1 Battania Peasant
2026-01-09 01:01:20.645 -06:00 [INF] PressGang: Grand Battania Horde recruiting 1 Battanian Veteran Caravan Guard
2026-01-09 01:01:20.808 -06:00 [INF] PressGang: Grand Sturgia Horde recruiting 1 Sturgian Soldier
2026-01-09 01:01:20.808 -06:00 [INF] PressGang: Grand Sturgia Horde recruiting 1 Sturgian Warrior
2026-01-09 01:01:20.808 -06:00 [INF] PressGang: Grand Sturgia Horde recruiting 1 Looter
2026-01-09 01:01:20.904 -06:00 [INF] MERGING: Forest Bandits (8) -> Looters (12) [Naval: False]
2026-01-09 01:01:20.904 -06:00 [INF] MERGING: Looters (5) -> Looters (20) [Naval: False]
2026-01-09 01:01:20.905 -06:00 [INF] Total Merges this battle: 2
2026-01-09 01:01:20.937 -06:00 [INF] PressGang: Grand Aserai Horde recruiting 1 Looter
2026-01-09 01:01:20.937 -06:00 [INF] PressGang: Grand Aserai Horde recruiting 1 Aserai Infantry
2026-01-09 01:01:20.937 -06:00 [INF] PressGang: Grand Aserai Horde recruiting 1 Aserai Light Archer
2026-01-09 01:01:20.938 -06:00 [INF] PressGang: Grand Aserai Horde recruiting 2 Aserai Tribesman
2026-01-09 01:01:20.938 -06:00 [INF] PressGang: Grand Aserai Horde recruiting 1 Looter
2026-01-09 01:01:21.001 -06:00 [INF] PressGang: Grand Khuzait Horde recruiting 1 Looter
2026-01-09 01:01:21.035 -06:00 [INF] PressGang: Grand Khuzait Horde recruiting 1 Khuzait Raider
2026-01-09 01:01:21.193 -06:00 [INF] PressGang: Grand Empire Horde recruiting 1 Looter
2026-01-09 01:01:21.194 -06:00 [INF] PressGang: Grand Empire Horde recruiting 1 Looter
2026-01-09 01:01:24.102 -06:00 [INF] PressGang: Grand Empire Horde recruiting 4 Imperial Recruit
2026-01-09 01:01:24.133 -06:00 [INF] MERGING: Looters (10) -> Mountain Bandits (14) [Naval: False]
2026-01-09 01:01:24.134 -06:00 [INF] MERGING: Mountain Bandits (7) -> Mountain Bandits (24) [Naval: False]
2026-01-09 01:01:24.135 -06:00 [INF] Total Merges this battle: 2
2026-01-09 01:01:24.467 -06:00 [INF] PressGang: Looters recruiting 1 Nord Peasant
2026-01-09 01:01:24.600 -06:00 [INF] PressGang: Looters recruiting 1 Empire Peasant
2026-01-09 01:01:25.430 -06:00 [INF] PressGang: Grand Looters Horde recruiting 1 Aserai Armed Convoy Trader
2026-01-09 01:01:25.808 -06:00 [INF] PressGang: Looters recruiting 1 Sturgia Peasant
2026-01-09 01:01:25.903 -06:00 [INF] PressGang: Forest Bandits recruiting 2 Nord Peasant
2026-01-09 01:01:26.030 -06:00 [INF] PressGang: Grand Corsairs Horde recruiting 1 Imperial Shipmate
2026-01-09 01:01:26.631 -06:00 [INF] PressGang: Sea Raiders recruiting 1 Aserai Veteran Convoy Guard
2026-01-09 01:01:26.788 -06:00 [INF] PressGang: Mountain Bandits recruiting 2 Empire Peasant
2026-01-09 01:01:27.707 -06:00 [INF] PressGang: Forest Bandits recruiting 1 Battania Peasant
2026-01-09 01:01:27.770 -06:00 [INF] PressGang: Grand Vlandia Horde recruiting 1 Hillman
2026-01-09 01:01:28.055 -06:00 [INF] PressGang: Grand Sea Raiders Horde recruiting 1 Vlandia Peasant
2026-01-09 01:01:28.310 -06:00 [INF] PressGang: Forest Bandits recruiting 1 Nord Peasant
2026-01-09 01:01:28.339 -06:00 [INF] PressGang: Looters recruiting 1 Nord Peasant
2026-01-09 01:01:28.504 -06:00 [INF] Daily Tick: Verifying Syndicate War State...
2026-01-09 01:01:28.504 -06:00 [INF] Checking staggered war declarations for Day Index: 2
2026-01-09 01:01:28.876 -06:00 [INF] PressGang: Sea Raiders recruiting 1 Empire Peasant
2026-01-09 01:01:58.044 -06:00 [INF] PressGang: Mountain Bandits recruiting 1 Empire Peasant
2026-01-09 01:01:58.237 -06:00 [INF] PressGang: Morynon of the Hand's Party recruiting 1 Looter
2026-01-09 01:01:58.237 -06:00 [INF] PressGang: Morynon of the Hand's Party recruiting 1 Highwayman
2026-01-09 01:01:58.237 -06:00 [INF] PressGang: Morynon of the Hand's Party recruiting 1 Hillman
2026-01-09 01:02:00.718 -06:00 [INF] PressGang: Grand Looters Horde recruiting 1 Nord Veteran Convoy Guard
2026-01-09 01:02:02.434 -06:00 [INF] MERGING: Steppe Bandits (13) -> Steppe Bandits (27) [Naval: False]
2026-01-09 01:02:02.434 -06:00 [INF] Total Merges this battle: 1
2026-01-09 01:02:02.605 -06:00 [INF] PressGang: Desert Bandits recruiting 1 Aserai Peasant
2026-01-09 01:02:02.715 -06:00 [INF] PressGang: Steppe Bandits recruiting 1 Khuzait Peasant
2026-01-09 01:02:02.945 -06:00 [INF] MERGING: Sea Raiders (13) -> Sea Raiders (26) [Naval: True]
2026-01-09 01:02:02.945 -06:00 [INF] Total Merges this battle: 1
2026-01-09 01:02:03.218 -06:00 [INF] PressGang: Grand Looters Horde recruiting 1 Empire Peasant
2026-01-09 01:02:04.370 -06:00 [INF] MERGING: Desert Bandits (7) -> Looters (14) [Naval: False]
2026-01-09 01:02:04.370 -06:00 [INF] Total Merges this battle: 1
2026-01-09 01:02:04.720 -06:00 [INF] MERGING: Looters (5) -> Looters (7) [Naval: False]
2026-01-09 01:02:04.720 -06:00 [INF] Total Merges this battle: 1
2026-01-09 01:02:15.925 -06:00 [INF] MERGING: Forest Bandits (9) -> Looters (14) [Naval: False]
2026-01-09 01:02:15.925 -06:00 [INF] MERGING: Looters (8) -> Looters (23) [Naval: False]
2026-01-09 01:02:15.925 -06:00 [INF] Total Merges this battle: 2
2026-01-09 01:02:18.107 -06:00 [INF] PressGang: Grand Aserai Horde recruiting 1 Sisterhood Follower
2026-01-09 01:02:18.108 -06:00 [INF] PressGang: Grand Aserai Horde recruiting 1 Aserai Recruit (Rank 1)
2026-01-09 01:02:18.108 -06:00 [INF] PressGang: Grand Aserai Horde recruiting 2 Aserai Recruit
2026-01-09 01:02:18.108 -06:00 [INF] PressGang: Grand Aserai Horde recruiting 1 Aserai Infantry
2026-01-09 01:02:18.108 -06:00 [INF] PressGang: Grand Aserai Horde recruiting 1 Aserai Light Archer
2026-01-09 01:02:18.108 -06:00 [INF] PressGang: Grand Aserai Horde recruiting 2 Aserai Tribesman
2026-01-09 01:02:18.140 -06:00 [INF] PressGang: Grand Aserai Horde recruiting 2 Nomad Bandit
2026-01-09 01:02:18.239 -06:00 [INF] PressGang: Grand Battania Horde recruiting 1 Battanian Mounted Skirmisher
2026-01-09 01:02:18.239 -06:00 [INF] PressGang: Grand Battania Horde recruiting 1 Battanian Skirmisher
2026-01-09 01:02:18.273 -06:00 [INF] PressGang: Grand Battania Horde recruiting 1 Battanian Hero
2026-01-09 01:02:18.273 -06:00 [INF] PressGang: Grand Battania Horde recruiting 1 Hired Spear
2026-01-09 01:02:18.437 -06:00 [INF] MERGING: Sea Raiders (13) -> Sea Raiders (14) [Naval: True]
2026-01-09 01:02:18.438 -06:00 [INF] MERGING: Sea Raiders (6) -> Sea Raiders (27) [Naval: True]
2026-01-09 01:02:18.438 -06:00 [INF] Total Merges this battle: 2
2026-01-09 01:02:18.439 -06:00 [INF] PressGang: Grand Sturgia Horde recruiting 1 Sturgian Warrior
2026-01-09 01:02:18.439 -06:00 [INF] PressGang: Grand Sturgia Horde recruiting 1 Sturgian Veteran Shipman
2026-01-09 01:02:18.571 -06:00 [INF] PressGang: Grand Aserai Horde recruiting 2 Aserai Footman
2026-01-09 01:02:18.572 -06:00 [INF] PressGang: Grand Aserai Horde recruiting 1 Looter
2026-01-09 01:02:18.635 -06:00 [INF] PressGang: Grand Khuzait Horde recruiting 1 Khuzait Footman
2026-01-09 01:02:18.635 -06:00 [INF] PressGang: Grand Khuzait Horde recruiting 1 Khuzait Peasant
2026-01-09 01:02:18.737 -06:00 [INF] PressGang: Grand Vakken Horde recruiting 2 Sea Raider Chief
2026-01-09 01:02:18.737 -06:00 [INF] PressGang: Grand Vakken Horde recruiting 1 Sea Raider Warrior
2026-01-09 01:02:18.799 -06:00 [INF] PressGang: Grand Empire Horde recruiting 1 Looter
2026-01-09 01:02:20.390 -06:00 [INF] MERGING: Looters (7) -> Looters (10) [Naval: False]
2026-01-09 01:02:20.391 -06:00 [INF] Total Merges this battle: 1
2026-01-09 01:02:21.342 -06:00 [INF] MERGING: Looters (9) -> Looters (10) [Naval: False]
2026-01-09 01:02:21.343 -06:00 [INF] MERGING: Looters (6) -> Looters (19) [Naval: False]
2026-01-09 01:02:21.343 -06:00 [INF] Total Merges this battle: 2
2026-01-09 01:02:21.648 -06:00 [INF] PressGang: Grand Empire Horde recruiting 1 Imperial Recruit
2026-01-09 01:02:22.263 -06:00 [INF] MERGING: Looters (13) -> Looters (13) [Naval: False]
2026-01-09 01:02:22.263 -06:00 [INF] MERGING: Looters (4) -> Looters (26) [Naval: False]
2026-01-09 01:02:22.264 -06:00 [INF] Total Merges this battle: 2
2026-01-09 01:02:22.882 -06:00 [INF] PressGang: Grand Looters Horde recruiting 1 Aserai Veteran Convoy Guard
2026-01-09 01:02:29.553 -06:00 [INF] PressGang: Sea Raiders recruiting 1 Nord Peasant
2026-01-09 01:02:29.735 -06:00 [INF] MERGING: Steppe Bandits (5) -> Steppe Bandits (6) [Naval: False]
2026-01-09 01:02:29.736 -06:00 [INF] Total Merges this battle: 1
2026-01-09 01:02:29.801 -06:00 [INF] PressGang: Grand Looters Horde recruiting 1 Imperial Trained Infantryman
2026-01-09 01:02:29.801 -06:00 [INF] PressGang: Grand Looters Horde recruiting 2 Sturgia Peasant
2026-01-09 01:02:30.384 -06:00 [INF] PressGang: Grand Looters Horde recruiting 1 Aserai Veteran Convoy Guard
2026-01-09 01:02:30.545 -06:00 [INF] PressGang: Sea Raiders recruiting 2 Nord Peasant
2026-01-09 01:02:30.676 -06:00 [INF] MERGING: Looters (9) -> Looters (10) [Naval: False]
2026-01-09 01:02:30.677 -06:00 [INF] Total Merges this battle: 1
2026-01-09 01:02:30.874 -06:00 [INF] PressGang: Sea Raiders recruiting 1 Empire Peasant
2026-01-09 01:02:31.364 -06:00 [INF] PressGang: Forest Bandits recruiting 1 Battania Peasant
2026-01-09 01:02:32.076 -06:00 [INF] PressGang: Sea Raiders recruiting 1 Nord Peasant
2026-01-09 01:02:32.574 -06:00 [INF] Daily Tick: Verifying Syndicate War State...
2026-01-09 01:02:32.574 -06:00 [INF] Checking staggered war declarations for Day Index: 3
2026-01-09 01:02:32.670 -06:00 [INF] PressGang: Deserters recruiting 1 Khuzait Peasant
2026-01-09 01:02:45.594 -06:00 [INF] PressGang: Sea Raiders recruiting 1 Vlandia Peasant
2026-01-09 01:02:45.594 -06:00 [INF] PressGang: Mountain Bandits recruiting 2 Vlandia Peasant
2026-01-09 01:02:45.668 -06:00 [INF] PressGang: Grand Empire Horde recruiting 1 Looter
2026-01-09 01:02:45.942 -06:00 [INF] PressGang: Looters recruiting 2 Nord Peasant
2026-01-09 01:02:46.131 -06:00 [INF] PressGang: Sea Raiders recruiting 1 Imperial Vigla Recruit
2026-01-09 01:02:46.131 -06:00 [INF] PressGang: Sea Raiders recruiting 1 Imperial Veteran Archer
2026-01-09 01:02:46.131 -06:00 [INF] PressGang: Sea Raiders recruiting 1 Imperial Trained Archer
2026-01-09 01:02:47.189 -06:00 [INF] PressGang: Mizam of the Karakhergit's Party recruiting 1 Steppe Bandit
2026-01-09 01:02:48.686 -06:00 [INF] PressGang: Grand Looters Horde recruiting 1 Sturgia Peasant
2026-01-09 01:02:49.339 -06:00 [INF] PressGang: Grand Corsairs Horde recruiting 1 Imperial Coast Guard
2026-01-09 01:02:49.968 -06:00 [INF] MERGING: Looters (5) -> Looters (12) [Naval: False]
2026-01-09 01:02:49.969 -06:00 [INF] MERGING: Looters (5) -> Looters (17) [Naval: False]
2026-01-09 01:02:49.969 -06:00 [INF] Total Merges this battle: 2
2026-01-09 01:02:50.393 -06:00 [INF] PressGang: Sea Raiders recruiting 1 Nord Axe Warrior
2026-01-09 01:02:52.638 -06:00 [INF] MERGING: Looters (3) -> Looters (4) [Naval: False]
2026-01-09 01:02:52.638 -06:00 [INF] Total Merges this battle: 1
2026-01-09 01:02:55.531 -06:00 [INF] MERGING: Looters (13) -> Looters (13) [Naval: False]
2026-01-09 01:02:55.532 -06:00 [INF] Total Merges this battle: 1
2026-01-09 01:02:57.035 -06:00 [INF] PressGang: Grand Aserai Horde recruiting 2 Aserai Peasant
2026-01-09 01:02:57.035 -06:00 [INF] PressGang: Grand Aserai Horde recruiting 1 Aserai Mamluke Axeman
2026-01-09 01:02:57.035 -06:00 [INF] PressGang: Grand Aserai Horde recruiting 2 Aserai Recruit
2026-01-09 01:02:57.035 -06:00 [INF] PressGang: Grand Aserai Horde recruiting 1 Aserai Veteran Sailor
2026-01-09 01:02:57.035 -06:00 [INF] PressGang: Grand Aserai Horde recruiting 1 Aserai Infantry
2026-01-09 01:02:57.035 -06:00 [INF] PressGang: Grand Aserai Horde recruiting 1 Aserai Tribesman
2026-01-09 01:02:57.035 -06:00 [INF] PressGang: Grand Aserai Horde recruiting 1 Aserai Recruit
2026-01-09 01:02:57.035 -06:00 [INF] PressGang: Grand Aserai Horde recruiting 1 Aserai Archer
2026-01-09 01:02:57.035 -06:00 [INF] PressGang: Grand Aserai Horde recruiting 1 Aserai Footman
2026-01-09 01:02:57.158 -06:00 [INF] PressGang: Grand Battania Horde recruiting 1 Battanian Skirmisher
2026-01-09 01:02:57.158 -06:00 [INF] PressGang: Grand Battania Horde recruiting 1 Battanian Volunteer
2026-01-09 01:02:57.190 -06:00 [INF] PressGang: Grand Battania Horde recruiting 1 Battanian Highborn Warrior
2026-01-09 01:02:57.190 -06:00 [INF] PressGang: Grand Battania Horde recruiting 1 Battanian Veteran Skirmisher
2026-01-09 01:02:57.190 -06:00 [INF] PressGang: Grand Battania Horde recruiting 1 Battanian Horseman
2026-01-09 01:02:57.408 -06:00 [INF] PressGang: Grand Empire Horde recruiting 2 Imperial Recruit
2026-01-09 01:02:57.472 -06:00 [INF] PressGang: Grand Aserai Horde recruiting 1 Brigand
2026-01-09 01:02:57.472 -06:00 [INF] PressGang: Grand Aserai Horde recruiting 1 Aserai Veteran Infantry
2026-01-09 01:02:57.472 -06:00 [INF] PressGang: Grand Aserai Horde recruiting 1 Aserai Light Archer
2026-01-09 01:02:57.472 -06:00 [INF] PressGang: Grand Aserai Horde recruiting 1 Aserai Tribesman
2026-01-09 01:02:57.472 -06:00 [INF] PressGang: Grand Aserai Horde recruiting 1 Imperial Trained Infantryman
2026-01-09 01:02:57.472 -06:00 [INF] PressGang: Grand Aserai Horde recruiting 1 Imperial Equite
2026-01-09 01:02:57.503 -06:00 [INF] PressGang: Grand Aserai Horde recruiting 1 Aserai Peasant
2026-01-09 01:02:57.567 -06:00 [INF] PressGang: Grand Khuzait Horde recruiting 1 Looter
2026-01-09 01:02:59.990 -06:00 [INF] MERGING: Mountain Bandits (11) -> Forest Bandits (13) [Naval: False]
2026-01-09 01:02:59.991 -06:00 [INF] Total Merges this battle: 1
2026-01-09 01:04:15.331 -06:00 [INF] PressGang: Desert Bandits recruiting 1 Aserai Peasant
2026-01-09 01:04:15.535 -06:00 [INF] PressGang: Grand Empire Horde recruiting 2 Imperial Recruit
2026-01-09 01:04:15.851 -06:00 [INF] PressGang: Looters recruiting 1 Nord Peasant
2026-01-09 01:04:16.051 -06:00 [INF] PressGang: Mountain Bandits recruiting 1 Empire Peasant
2026-01-09 01:04:17.797 -06:00 [INF] PressGang: Grand Looters Horde recruiting 1 Aserai Armed Convoy Trader
2026-01-09 01:04:17.961 -06:00 [INF] PressGang: Grand Sea Raiders Horde recruiting 1 Nord Peasant
2026-01-09 01:04:18.695 -06:00 [INF] PressGang: Grand Forest Bandits Horde recruiting 1 Battania Peasant
2026-01-09 01:04:19.221 -06:00 [INF] PressGang: Forest Bandits recruiting 4 Nord Peasant
2026-01-09 01:04:19.287 -06:00 [INF] PressGang: Mountain Bandits recruiting 1 Nord Peasant
2026-01-09 01:04:19.876 -06:00 [INF] PressGang: Deserters recruiting 1 Empire Peasant
2026-01-09 01:04:19.975 -06:00 [INF] MERGING: Forest Bandits (12) -> Looters (12) [Naval: False]
2026-01-09 01:04:19.975 -06:00 [INF] Total Merges this battle: 1
2026-01-09 01:04:20.247 -06:00 [INF] Daily Tick: Verifying Syndicate War State...
2026-01-09 01:04:20.247 -06:00 [INF] Checking staggered war declarations for Day Index: 4
2026-01-09 01:04:20.467 -06:00 [INF] PressGang: Looters recruiting 1 Nord Peasant
2026-01-09 01:04:20.534 -06:00 [INF] MERGING: Mountain Bandits (4) -> Mountain Bandits (7) [Naval: False]
2026-01-09 01:04:20.534 -06:00 [INF] Total Merges this battle: 1
2026-01-09 01:04:20.536 -06:00 [INF] PressGang: Looters recruiting 1 Nord Peasant
2026-01-09 01:04:20.642 -06:00 [INF] PressGang: Grand Looters Horde recruiting 1 Imperial Naute
2026-01-09 01:04:20.642 -06:00 [INF] PressGang: Grand Looters Horde recruiting 1 Imperial Coast Guard
2026-01-09 01:04:20.642 -06:00 [INF] PressGang: Grand Looters Horde recruiting 1 Imperial Cataphract
2026-01-09 01:04:20.642 -06:00 [INF] PressGang: Grand Looters Horde recruiting 1 Imperial Heavy Horseman
2026-01-09 01:04:21.266 -06:00 [INF] PressGang: Looters recruiting 1 Aserai Peasant
2026-01-09 01:04:21.300 -06:00 [INF] PressGang: Sea Raiders recruiting 2 Sturgia Peasant
2026-01-09 01:04:23.665 -06:00 [INF] PressGang: Grand Looters Horde recruiting 1 Nord Veteran Convoy Guard
2026-01-09 01:04:23.665 -06:00 [INF] PressGang: Grand Looters Horde recruiting 1 Nord Convoy Guard
2026-01-09 01:04:23.665 -06:00 [INF] PressGang: Grand Looters Horde recruiting 1 Nord Armed Convoy Trader
2026-01-09 01:04:24.321 -06:00 [INF] PressGang: Grand Corsairs Horde recruiting 1 Imperial Shipmate
2026-01-09 01:04:25.417 -06:00 [INF] PressGang: Mountain Bandits recruiting 1 Sturgia Peasant
2026-01-09 01:04:26.044 -06:00 [INF] PressGang: Grand Looters Horde recruiting 1 Empire Peasant
2026-01-09 01:04:31.486 -06:00 [INF] MERGING: Looters (4) -> Looters (13) [Naval: False]
2026-01-09 01:04:31.486 -06:00 [INF] MERGING: Looters (3) -> Looters (17) [Naval: False]
2026-01-09 01:04:31.486 -06:00 [INF] Total Merges this battle: 2
2026-01-09 01:04:31.940 -06:00 [INF] PressGang: Grand Aserai Horde recruiting 1 Aserai Mamluke Soldier
2026-01-09 01:04:31.971 -06:00 [INF] PressGang: Grand Aserai Horde recruiting 2 Aserai Recruit
2026-01-09 01:04:31.972 -06:00 [INF] PressGang: Grand Aserai Horde recruiting 1 Aserai Mamluke Regular
2026-01-09 01:04:31.972 -06:00 [INF] PressGang: Grand Aserai Horde recruiting 1 Aserai Tribesman
2026-01-09 01:04:31.972 -06:00 [INF] PressGang: Grand Aserai Horde recruiting 1 Looter
2026-01-09 01:04:31.972 -06:00 [INF] PressGang: Grand Aserai Horde recruiting 1 Looter
2026-01-09 01:04:31.972 -06:00 [INF] PressGang: Grand Aserai Horde recruiting 1 Aserai Veteran Infantry
2026-01-09 01:04:31.972 -06:00 [INF] PressGang: Grand Aserai Horde recruiting 1 Aserai Archer
2026-01-09 01:04:31.973 -06:00 [INF] PressGang: Grand Aserai Horde recruiting 2 Aserai Infantry
2026-01-09 01:04:31.973 -06:00 [INF] PressGang: Grand Aserai Horde recruiting 1 Aserai Tribal Horseman
2026-01-09 01:04:31.973 -06:00 [INF] PressGang: Grand Aserai Horde recruiting 2 Aserai Light Archer
2026-01-09 01:04:31.973 -06:00 [INF] PressGang: Grand Aserai Horde recruiting 2 Aserai Footman
2026-01-09 01:04:31.973 -06:00 [INF] PressGang: Grand Aserai Horde recruiting 1 Aserai Tribesman
2026-01-09 01:04:32.004 -06:00 [INF] PressGang: Grand Aserai Horde recruiting 1 Nomad Bandit
2026-01-09 01:04:32.004 -06:00 [INF] PressGang: Grand Aserai Horde recruiting 2 Bedouin Rover
2026-01-09 01:04:32.004 -06:00 [INF] PressGang: Grand Aserai Horde recruiting 1 Sisterhood Follower
2026-01-09 01:04:32.004 -06:00 [INF] PressGang: Grand Aserai Horde recruiting 1 Aserai Mamluke Axeman
2026-01-09 01:04:32.004 -06:00 [INF] PressGang: Grand Aserai Horde recruiting 1 Aserai Mamluke Regular
2026-01-09 01:04:32.097 -06:00 [INF] PressGang: Grand Battania Horde recruiting 1 Battanian Highborn Warrior
2026-01-09 01:04:32.128 -06:00 [INF] PressGang: Grand Battania Horde recruiting 1 Battania Peasant
2026-01-09 01:04:32.128 -06:00 [INF] PressGang: Grand Battania Horde recruiting 1 Battanian Scout
2026-01-09 01:04:32.286 -06:00 [INF] PressGang: Grand Sturgia Horde recruiting 1 Mercenary Maceman
2026-01-09 01:04:32.286 -06:00 [INF] PressGang: Grand Sturgia Horde recruiting 1 Looter
2026-01-09 01:04:32.411 -06:00 [INF] PressGang: Grand Aserai Horde recruiting 1 Aserai Tribesman
2026-01-09 01:04:32.411 -06:00 [INF] PressGang: Grand Aserai Horde recruiting 1 Imperial Infantryman
2026-01-09 01:04:32.476 -06:00 [INF] PressGang: Grand Khuzait Horde recruiting 2 Looter
2026-01-09 01:04:32.476 -06:00 [INF] PressGang: Grand Khuzait Horde recruiting 1 Looter
2026-01-09 01:04:32.676 -06:00 [INF] MERGING: Looters (8) -> Looters (26) [Naval: False]
2026-01-09 01:04:32.676 -06:00 [INF] Total Merges this battle: 1
2026-01-09 01:05:13.650 -06:00 [INF] PressGang: Steppe Bandits recruiting 1 Khuzait Peasant
2026-01-09 01:05:14.483 -06:00 [INF] MERGING: Sea Raiders (4) -> Sea Raiders (10) [Naval: True]
2026-01-09 01:05:14.483 -06:00 [INF] Total Merges this battle: 1
2026-01-09 01:05:14.616 -06:00 [INF] PressGang: Grand Empire Horde recruiting 3 Imperial Recruit
2026-01-09 01:05:15.016 -06:00 [INF] PressGang: Looters recruiting 1 Empire Peasant
2026-01-09 01:05:16.293 -06:00 [INF] PressGang: Grand Corsairs Horde recruiting 1 Imperial Shipmate
2026-01-09 01:05:16.293 -06:00 [INF] PressGang: Grand Corsairs Horde recruiting 1 Imperial Naute
2026-01-09 01:05:16.559 -06:00 [INF] MERGING: Looters (8) -> Mountain Bandits (9) [Naval: False]
2026-01-09 01:05:16.559 -06:00 [INF] Total Merges this battle: 1
2026-01-09 01:05:16.695 -06:00 [INF] PressGang: Looters recruiting 1 Sturgia Peasant
2026-01-09 01:05:17.469 -06:00 [INF] PressGang: Looters recruiting 1 Khuzait Peasant
2026-01-09 01:05:18.637 -06:00 [INF] PressGang: Desert Bandits recruiting 1 Aserai Tribal Horseman
2026-01-09 01:05:18.805 -06:00 [INF] PressGang: Deserters recruiting 1 Empire Peasant
2026-01-09 01:05:19.440 -06:00 [INF] Daily Tick: Verifying Syndicate War State...
2026-01-09 01:05:19.440 -06:00 [INF] Checking staggered war declarations for Day Index: 5
2026-01-09 01:05:19.500 -06:00 [INF] PressGang: Looters recruiting 1 Nord Peasant
2026-01-09 01:05:19.566 -06:00 [INF] PressGang: Grand Looters Horde recruiting 1 Imperial Sergeant Crossbowman
2026-01-09 01:05:19.567 -06:00 [INF] PressGang: Grand Looters Horde recruiting 1 Imperial Recruit
2026-01-09 01:05:19.567 -06:00 [INF] PressGang: Grand Looters Horde recruiting 1 Imperial Coast Guard
2026-01-09 01:05:19.567 -06:00 [INF] PressGang: Grand Looters Horde recruiting 1 Imperial Trained Infantryman
2026-01-09 01:05:19.929 -06:00 [INF] PressGang: Grand Sturgia Horde recruiting 1 Sea Raider Warrior
2026-01-09 01:05:20.126 -06:00 [INF] PressGang: Looters recruiting 1 Empire Peasant
2026-01-09 01:05:20.158 -06:00 [INF] PressGang: Looters recruiting 1 Aserai Peasant
2026-01-09 01:05:22.895 -06:00 [INF] PressGang: Grand Looters Horde recruiting 1 Sturgia Peasant
2026-01-09 01:05:22.930 -06:00 [INF] PressGang: Grand Looters Horde recruiting 1 Sturgia Peasant
2026-01-09 01:05:23.028 -06:00 [INF] MERGING: Looters (12) -> Steppe Bandits (16) [Naval: False]
2026-01-09 01:05:23.028 -06:00 [INF] Total Merges this battle: 1
2026-01-09 01:05:23.061 -06:00 [INF] MERGING: Looters (4) -> Looters (9) [Naval: False]
2026-01-09 01:05:23.062 -06:00 [INF] Total Merges this battle: 1
2026-01-09 01:05:24.428 -06:00 [INF] PressGang: Steppe Bandits recruiting 1 Aserai Peasant
2026-01-09 01:05:24.428 -06:00 [INF] PressGang: Steppe Bandits recruiting 2 Khuzait Peasant
2026-01-09 01:05:24.628 -06:00 [INF] PressGang: Sea Raiders recruiting 1 Nord Peasant
2026-01-09 01:05:24.629 -06:00 [INF] PressGang: Mountain Bandits recruiting 1 Sturgia Peasant
2026-01-09 01:05:24.629 -06:00 [INF] PressGang: Mountain Bandits recruiting 1 Imperial Recruit
2026-01-09 01:05:24.629 -06:00 [INF] PressGang: Mountain Bandits recruiting 1 Empire Peasant
2026-01-09 01:05:24.662 -06:00 [INF] PressGang: Mountain Bandits recruiting 1 Empire Peasant
2026-01-09 01:05:25.708 -06:00 [INF] PressGang: Grand Corsairs Horde recruiting 1 Imperial Trained Infantryman
2026-01-09 01:05:25.708 -06:00 [INF] PressGang: Grand Corsairs Horde recruiting 1 Aserai Peasant
2026-01-09 01:05:29.367 -06:00 [INF] MERGING: Looters (5) -> Looters (13) [Naval: False]
2026-01-09 01:05:29.367 -06:00 [INF] Total Merges this battle: 1
2026-01-09 01:05:31.150 -06:00 [INF] PressGang: Grand Aserai Horde recruiting 1 Aserai Tribesman
2026-01-09 01:05:31.183 -06:00 [INF] PressGang: Grand Aserai Horde recruiting 1 Aserai Mamluke Soldier (Rank 1)
2026-01-09 01:05:31.183 -06:00 [INF] PressGang: Grand Aserai Horde recruiting 1 Aserai Recruit
2026-01-09 01:05:31.183 -06:00 [INF] PressGang: Grand Aserai Horde recruiting 1 Aserai Infantry
2026-01-09 01:05:31.183 -06:00 [INF] PressGang: Grand Aserai Horde recruiting 1 Aserai Footman
2026-01-09 01:05:31.183 -06:00 [INF] PressGang: Grand Aserai Horde recruiting 1 Aserai Bahriyyah
2026-01-09 01:05:31.183 -06:00 [INF] PressGang: Grand Aserai Horde recruiting 1 Aserai Mamluke Soldier
2026-01-09 01:05:31.183 -06:00 [INF] PressGang: Grand Aserai Horde recruiting 3 Aserai Recruit
2026-01-09 01:05:31.183 -06:00 [INF] PressGang: Grand Aserai Horde recruiting 1 Aserai Infantry
2026-01-09 01:05:31.183 -06:00 [INF] PressGang: Grand Aserai Horde recruiting 1 Aserai Veteran Caravan Guard
2026-01-09 01:05:31.183 -06:00 [INF] PressGang: Grand Aserai Horde recruiting 1 Nomad Bandit
2026-01-09 01:05:31.183 -06:00 [INF] PressGang: Grand Aserai Horde recruiting 1 Bedouin Rover
2026-01-09 01:05:31.317 -06:00 [INF] PressGang: Grand Battania Horde recruiting 2 Battanian Fian
2026-01-09 01:05:31.317 -06:00 [INF] PressGang: Grand Battania Horde recruiting 1 Battania Peasant
2026-01-09 01:05:31.317 -06:00 [INF] PressGang: Grand Battania Horde recruiting 1 Battanian Veteran Caravan Guard
2026-01-09 01:05:31.317 -06:00 [INF] PressGang: Grand Battania Horde recruiting 2 Battanian Scout
2026-01-09 01:05:31.317 -06:00 [INF] PressGang: Grand Battania Horde recruiting 1 Battanian Veteran Skirmisher
2026-01-09 01:05:31.317 -06:00 [INF] PressGang: Grand Battania Horde recruiting 2 Battanian Volunteer
2026-01-09 01:05:31.380 -06:00 [INF] MERGING: Looters (7) -> Looters (10) [Naval: False]
2026-01-09 01:05:31.381 -06:00 [INF] MERGING: Looters (5) -> Looters (17) [Naval: False]
2026-01-09 01:05:31.381 -06:00 [INF] Total Merges this battle: 2
2026-01-09 01:05:31.615 -06:00 [INF] PressGang: Grand Aserai Horde recruiting 1 Aserai Mamluke Regular
2026-01-09 01:05:31.616 -06:00 [INF] PressGang: Grand Aserai Horde recruiting 1 Aserai Footman
2026-01-09 01:05:31.616 -06:00 [INF] PressGang: Grand Aserai Horde recruiting 1 Imperial Shipmate
2026-01-09 01:05:31.684 -06:00 [INF] PressGang: Grand Khuzait Horde recruiting 1 Khuzait Peasant
2026-01-09 01:05:31.684 -06:00 [INF] PressGang: Grand Khuzait Horde recruiting 1 Looter
2026-01-09 01:05:31.785 -06:00 [INF] PressGang: Grand Vakken Horde recruiting 1 Sea Raider
2026-01-09 01:05:34.597 -06:00 [INF] PressGang: Grand Empire Horde recruiting 1 Imperial Recruit
2026-01-09 01:05:34.931 -06:00 [INF] PressGang: Steppe Bandits recruiting 1 Khuzait Peasant
2026-01-09 01:05:36.668 -06:00 [INF] PressGang: Looters recruiting 1 Sturgia Peasant
2026-01-09 01:05:36.889 -06:00 [INF] PressGang: Looters recruiting 1 Vlandia Peasant
2026-01-09 01:05:36.889 -06:00 [INF] PressGang: Grand Sea Raiders Horde recruiting 1 Nord Freeman Archer
2026-01-09 01:05:38.569 -06:00 [INF] PressGang: Sea Raiders recruiting 2 Nord Peasant
2026-01-09 01:05:38.636 -06:00 [INF] PressGang: Grand Sturgia Horde recruiting 1 Sturgian Caravan Guard
2026-01-09 01:05:38.636 -06:00 [INF] PressGang: Grand Sturgia Horde recruiting 1 Sturgian Armed Trader
2026-01-09 01:05:38.670 -06:00 [INF] PressGang: Deserters recruiting 1 Empire Peasant
2026-01-09 01:05:38.670 -06:00 [INF] PressGang: Deserters recruiting 1 Imperial Infantryman
2026-01-09 01:05:38.670 -06:00 [INF] PressGang: Deserters recruiting 1 Imperial Crossbowman
2026-01-09 01:05:38.905 -06:00 [INF] PressGang: Mountain Bandits recruiting 1 Vlandia Peasant
2026-01-09 01:06:09.002 -06:00 [INF] MERGING: Looters (11) -> Looters (12) [Naval: False]
2026-01-09 01:06:09.003 -06:00 [INF] Total Merges this battle: 1
2026-01-09 01:06:09.004 -06:00 [INF] PressGang: Grand Looters Horde recruiting 1 Imperial Elite Cataphract
2026-01-09 01:06:09.004 -06:00 [INF] PressGang: Grand Looters Horde recruiting 1 Imperial Trained Archer
2026-01-09 01:06:09.004 -06:00 [INF] PressGang: Grand Looters Horde recruiting 1 Imperial Coast Guard
2026-01-09 01:06:09.004 -06:00 [INF] PressGang: Grand Looters Horde recruiting 1 Imperial Trained Infantryman
2026-01-09 01:06:09.075 -06:00 [INF] Daily Tick: Verifying Syndicate War State...
2026-01-09 01:06:09.075 -06:00 [INF] Checking staggered war declarations for Day Index: 0
2026-01-09 01:06:09.236 -06:00 [INF] PressGang: Looters recruiting 1 Empire Peasant
2026-01-09 01:06:09.563 -06:00 [INF] PressGang: Looters recruiting 1 Aserai Peasant
2026-01-09 01:06:11.229 -06:00 [INF] PressGang: Looters recruiting 1 Aserai Peasant
2026-01-09 01:06:11.702 -06:00 [INF] MERGING: Sea Raiders (5) -> Sea Raiders (8) [Naval: True]
2026-01-09 01:06:11.703 -06:00 [INF] Total Merges this battle: 1
2026-01-09 01:06:22.884 -06:00 [INF] MERGING: Looters (12) -> Looters (15) [Naval: False]
2026-01-09 01:06:22.886 -06:00 [INF] Total Merges this battle: 1
2026-01-09 01:06:23.530 -06:00 [INF] MERGING: Looters (8) -> Looters (9) [Naval: False]
2026-01-09 01:06:23.530 -06:00 [INF] Total Merges this battle: 1
2026-01-09 01:06:23.682 -06:00 [INF] MERGING: Looters (4) -> Looters (9) [Naval: False]
2026-01-09 01:06:23.682 -06:00 [INF] Total Merges this battle: 1
2026-01-09 01:06:25.119 -06:00 [INF] PressGang: Mountain Bandits recruiting 1 Empire Peasant
2026-01-09 01:06:25.275 -06:00 [INF] PressGang: Steppe Bandits recruiting 1 Khuzait Peasant
2026-01-09 01:06:32.387 -06:00 [INF] MERGING: Looters (8) -> Looters (10) [Naval: False]
2026-01-09 01:06:32.387 -06:00 [INF] Total Merges this battle: 1
2026-01-09 01:06:33.775 -06:00 [INF] PressGang: Grand Aserai Horde recruiting 1 Bedouin Rover
2026-01-09 01:06:33.775 -06:00 [INF] PressGang: Grand Aserai Horde recruiting 1 Sisterhood Follower
2026-01-09 01:06:33.775 -06:00 [INF] PressGang: Grand Aserai Horde recruiting 1 Sellsword
2026-01-09 01:06:33.836 -06:00 [INF] PressGang: Grand Aserai Horde recruiting 1 Mercenary Maceman
2026-01-09 01:06:33.836 -06:00 [INF] PressGang: Grand Aserai Horde recruiting 1 Aserai Mamluke Soldier (Rank 1)
2026-01-09 01:06:33.836 -06:00 [INF] PressGang: Grand Aserai Horde recruiting 2 Aserai Recruit
2026-01-09 01:06:33.836 -06:00 [INF] PressGang: Grand Aserai Horde recruiting 1 Aserai Veteran Sailor
2026-01-09 01:06:33.836 -06:00 [INF] PressGang: Grand Aserai Horde recruiting 1 Aserai Footman
2026-01-09 01:06:33.870 -06:00 [INF] PressGang: Grand Aserai Horde recruiting 1 Aserai Footman
2026-01-09 01:06:33.900 -06:00 [INF] PressGang: Grand Aserai Horde recruiting 2 Aserai Infantry
2026-01-09 01:06:33.900 -06:00 [INF] PressGang: Grand Aserai Horde recruiting 1 Aserai Archer
2026-01-09 01:06:34.248 -06:00 [INF] PressGang: Grand Battania Horde recruiting 1 Battanian Armed Trader
2026-01-09 01:06:34.279 -06:00 [INF] PressGang: Grand Battania Horde recruiting 1 Battanian Mounted Skirmisher
2026-01-09 01:06:34.279 -06:00 [INF] PressGang: Grand Battania Horde recruiting 1 Battanian Highborn Youth
2026-01-09 01:06:34.280 -06:00 [INF] PressGang: Grand Battania Horde recruiting 1 Battanian Trained Warrior
2026-01-09 01:06:34.414 -06:00 [INF] MERGING: Desert Bandits (12) -> Looters (14) [Naval: False]
2026-01-09 01:06:34.415 -06:00 [INF] Total Merges this battle: 1
2026-01-09 01:06:34.540 -06:00 [INF] PressGang: Grand Aserai Horde recruiting 1 Brigand
2026-01-09 01:06:34.540 -06:00 [INF] PressGang: Grand Aserai Horde recruiting 1 Aserai Infantry
2026-01-09 01:06:34.540 -06:00 [INF] PressGang: Grand Aserai Horde recruiting 1 Aserai Light Archer
2026-01-09 01:06:34.540 -06:00 [INF] PressGang: Grand Aserai Horde recruiting 1 Imperial Trained Archer
2026-01-09 01:06:34.540 -06:00 [INF] PressGang: Grand Aserai Horde recruiting 1 Aserai Tribesman
2026-01-09 01:06:34.603 -06:00 [INF] PressGang: Grand Khuzait Horde recruiting 1 Khuzait Footman
2026-01-09 01:06:34.603 -06:00 [INF] PressGang: Grand Khuzait Horde recruiting 1 Khuzait Spearman
2026-01-09 01:06:34.603 -06:00 [INF] PressGang: Grand Khuzait Horde recruiting 1 Khuzait Raider
2026-01-09 01:06:34.698 -06:00 [INF] PressGang: Grand Vakken Horde recruiting 1 Looter
2026-01-09 01:06:34.760 -06:00 [INF] PressGang: Grand Empire Horde recruiting 1 Looter
2026-01-09 01:06:34.760 -06:00 [INF] PressGang: Grand Empire Horde recruiting 1 Steppe Bandit
2026-01-09 01:06:49.808 -06:00 [INF] PressGang: Grand Empire Horde recruiting 1 Imperial Recruit
2026-01-09 01:06:51.159 -06:00 [INF] MERGING: Looters (6) -> Looters (11) [Naval: False]
2026-01-09 01:06:51.160 -06:00 [INF] Total Merges this battle: 1
2026-01-09 01:06:51.192 -06:00 [INF] PressGang: Looters recruiting 2 Sturgia Peasant
2026-01-09 01:06:51.982 -06:00 [INF] PressGang: Grand Sea Raiders Horde recruiting 1 Nord Peasant
2026-01-09 01:06:51.982 -06:00 [INF] PressGang: Grand Sea Raiders Horde recruiting 1 Nord Warrior
2026-01-09 01:06:52.046 -06:00 [INF] PressGang: Looters recruiting 2 Aserai Peasant
2026-01-09 01:06:52.210 -06:00 [INF] PressGang: Sea Raiders recruiting 1 Empire Peasant
2026-01-09 01:06:52.469 -06:00 [INF] PressGang: Forest Bandits recruiting 1 Nord Peasant
2026-01-09 01:06:52.502 -06:00 [INF] PressGang: Looters recruiting 1 Empire Peasant
2026-01-09 01:06:53.778 -06:00 [INF] PressGang: Mountain Bandits recruiting 1 Empire Peasant
2026-01-09 01:06:53.843 -06:00 [INF] PressGang: Desert Bandits recruiting 1 Aserai Mamluke Soldier
2026-01-09 01:06:54.301 -06:00 [INF] PressGang: Grand Looters Horde recruiting 1 Imperial Naute
2026-01-09 01:06:54.717 -06:00 [INF] Daily Tick: Verifying Syndicate War State...
2026-01-09 01:06:54.717 -06:00 [INF] Checking staggered war declarations for Day Index: 1
2026-01-09 01:06:54.745 -06:00 [INF] PressGang: Looters recruiting 1 Empire Peasant
2026-01-09 01:06:54.874 -06:00 [INF] PressGang: Desert Bandits recruiting 1 Aserai Peasant
2026-01-09 01:06:54.904 -06:00 [INF] MERGING: Looters (13) -> Deserters (14) [Naval: False]
2026-01-09 01:06:54.904 -06:00 [INF] MERGING: Looters (13) -> Deserters (27) [Naval: False]
2026-01-09 01:06:54.905 -06:00 [INF] Total Merges this battle: 2
2026-01-09 01:08:13.526 -06:00 [INF] PressGang: Looters recruiting 2 Aserai Peasant
2026-01-09 01:08:13.793 -06:00 [INF] MERGING: Looters (3) -> Looters (7) [Naval: False]
2026-01-09 01:08:13.794 -06:00 [INF] Total Merges this battle: 1
2026-01-09 01:08:17.429 -06:00 [INF] PressGang: Steppe Bandits recruiting 1 Khuzait Peasant
2026-01-09 01:08:17.667 -06:00 [INF] PressGang: Sea Raiders recruiting 1 Nord Peasant
2026-01-09 01:08:17.667 -06:00 [INF] PressGang: Mountain Bandits recruiting 1 Sturgia Peasant
2026-01-09 01:08:18.222 -06:00 [INF] PressGang: Grand Looters Horde recruiting 1 Empire Peasant
2026-01-09 01:08:39.321 -06:00 [INF] MERGING: Forest Bandits (8) -> Looters (11) [Naval: False]
2026-01-09 01:08:39.322 -06:00 [INF] Total Merges this battle: 1
2026-01-09 01:08:42.507 -06:00 [INF] PressGang: Grand Aserai Horde recruiting 2 Aserai Peasant
2026-01-09 01:08:42.553 -06:00 [INF] PressGang: Grand Aserai Horde recruiting 1 Aserai Faris
2026-01-09 01:08:42.553 -06:00 [INF] PressGang: Grand Aserai Horde recruiting 2 Aserai Tribesman
2026-01-09 01:08:42.553 -06:00 [INF] PressGang: Grand Aserai Horde recruiting 1 Aserai Light Archer
2026-01-09 01:08:42.553 -06:00 [INF] PressGang: Grand Aserai Horde recruiting 1 Aserai Recruit
2026-01-09 01:08:42.553 -06:00 [INF] PressGang: Grand Aserai Horde recruiting 1 Aserai Peasant
2026-01-09 01:08:42.553 -06:00 [INF] PressGang: Grand Aserai Horde recruiting 1 Harami
2026-01-09 01:08:42.553 -06:00 [INF] PressGang: Grand Aserai Horde recruiting 2 Aserai Light Archer
2026-01-09 01:08:42.685 -06:00 [INF] PressGang: Grand Battania Horde recruiting 1 Battanian Highborn Warrior
2026-01-09 01:08:42.685 -06:00 [INF] PressGang: Grand Battania Horde recruiting 1 Battanian Clan Warrior
2026-01-09 01:08:42.685 -06:00 [INF] PressGang: Grand Battania Horde recruiting 1 Battanian Clan Warrior
2026-01-09 01:08:42.685 -06:00 [INF] PressGang: Grand Battania Horde recruiting 1 Battanian Volunteer
2026-01-09 01:08:42.862 -06:00 [INF] PressGang: Grand Sturgia Horde recruiting 1 Sturgian Veteran Caravan Guard
2026-01-09 01:08:42.919 -06:00 [INF] PressGang: Grand Empire Horde recruiting 5 Empire Peasant
2026-01-09 01:08:42.951 -06:00 [INF] MERGING: Steppe Bandits (7) -> Looters (11) [Naval: False]
2026-01-09 01:08:42.951 -06:00 [INF] Total Merges this battle: 1
2026-01-09 01:08:42.953 -06:00 [INF] PressGang: Grand Aserai Horde recruiting 1 Aserai Mamluke Soldier
2026-01-09 01:08:42.953 -06:00 [INF] PressGang: Grand Aserai Horde recruiting 1 Aserai Tribal Horseman
2026-01-09 01:08:42.953 -06:00 [INF] PressGang: Grand Aserai Horde recruiting 1 Aserai Mamluke Heavy Cavalry
2026-01-09 01:08:42.953 -06:00 [INF] PressGang: Grand Aserai Horde recruiting 1 Aserai Infantry
2026-01-09 01:08:42.953 -06:00 [INF] PressGang: Grand Aserai Horde recruiting 1 Imperial Trained Archer
2026-01-09 01:08:42.953 -06:00 [INF] PressGang: Grand Aserai Horde recruiting 1 Imperial Infantryman
2026-01-09 01:08:42.953 -06:00 [INF] PressGang: Grand Aserai Horde recruiting 1 Imperial Trained Infantryman
2026-01-09 01:08:42.953 -06:00 [INF] PressGang: Grand Aserai Horde recruiting 1 Aserai Tribal Horseman
2026-01-09 01:08:42.953 -06:00 [INF] PressGang: Grand Aserai Horde recruiting 1 Looter
2026-01-09 01:08:42.996 -06:00 [INF] PressGang: Grand Aserai Horde recruiting 1 Aserai Peasant
2026-01-09 01:08:42.996 -06:00 [INF] PressGang: Grand Aserai Horde recruiting 3 Aserai Mamluke Soldier
2026-01-09 01:08:42.996 -06:00 [INF] PressGang: Grand Aserai Horde recruiting 1 Aserai Recruit
2026-01-09 01:08:42.996 -06:00 [INF] PressGang: Grand Aserai Horde recruiting 2 Aserai Footman
2026-01-09 01:08:42.996 -06:00 [INF] PressGang: Grand Aserai Horde recruiting 2 Aserai Tribesman
2026-01-09 01:08:43.131 -06:00 [INF] PressGang: Grand Vakken Horde recruiting 1 Sea Raider Warrior
2026-01-09 01:08:43.131 -06:00 [INF] PressGang: Grand Vakken Horde recruiting 1 Sea Raider
2026-01-09 01:08:43.131 -06:00 [INF] PressGang: Grand Vakken Horde recruiting 1 Looter
2026-01-09 01:08:43.131 -06:00 [INF] PressGang: Grand Vakken Horde recruiting 1 Sea Raider Warrior
2026-01-09 01:08:44.265 -06:00 [INF] MERGING: Looters (2) -> Looters (2) [Naval: False]
2026-01-09 01:08:44.265 -06:00 [INF] Total Merges this battle: 1
2026-01-09 01:08:45.168 -06:00 [INF] MERGING: Looters (13) -> Looters (15) [Naval: False]
2026-01-09 01:08:45.168 -06:00 [INF] MERGING: Looters (8) -> Looters (28) [Naval: False]
2026-01-09 01:08:45.169 -06:00 [INF] Total Merges this battle: 2
2026-01-09 01:08:45.850 -06:00 [INF] PressGang: Grand Empire Horde recruiting 1 Imperial Caravan Master
2026-01-09 01:08:46.134 -06:00 [INF] PressGang: Steppe Bandits recruiting 2 Khuzait Peasant
2026-01-09 01:08:46.493 -06:00 [INF] PressGang: Grand Corsairs Horde recruiting 1 Imperial Shipmate
2026-01-09 01:08:46.810 -06:00 [INF] MERGING: Sea Raiders (13) -> Sea Raiders (16) [Naval: True]
2026-01-09 01:08:46.810 -06:00 [INF] Total Merges this battle: 1
2026-01-09 01:08:47.173 -06:00 [INF] PressGang: Looters recruiting 1 Sturgia Peasant
2026-01-09 01:08:47.987 -06:00 [INF] PressGang: Looters recruiting 2 Aserai Peasant
2026-01-09 01:08:48.167 -06:00 [INF] PressGang: Sea Raiders recruiting 1 Empire Peasant
2026-01-09 01:08:48.167 -06:00 [INF] PressGang: Looters recruiting 1 Empire Peasant
2026-01-09 01:08:49.441 -06:00 [INF] PressGang: Grand Sturgia Horde recruiting 1 Sturgian Caravan Guard
2026-01-09 01:08:49.669 -06:00 [INF] PressGang: Desert Bandits recruiting 1 Aserai Mamluke Soldier
2026-01-09 01:08:50.028 -06:00 [INF] PressGang: Grand Looters Horde recruiting 1 Imperial Legionary
2026-01-09 01:08:50.028 -06:00 [INF] PressGang: Grand Looters Horde recruiting 1 Imperial Trained Archer
2026-01-09 01:08:50.612 -06:00 [INF] PressGang: Desert Bandits recruiting 1 Aserai Peasant
2026-01-09 01:08:50.839 -06:00 [INF] Daily Tick: Verifying Syndicate War State...
2026-01-09 01:08:50.839 -06:00 [INF] Checking staggered war declarations for Day Index: 2
2026-01-09 01:08:52.503 -06:00 [INF] PressGang: Sorji of the Karakhergit's Party recruiting 1 Khuzait Peasant
2026-01-09 01:08:54.471 -06:00 [INF] PressGang: Grand Looters Horde recruiting 2 Sturgia Peasant
2026-01-09 01:08:56.695 -06:00 [INF] PressGang: Grand Looters Horde recruiting 1 Empire Peasant
2026-01-09 01:08:59.484 -06:00 [INF] MERGING: Steppe Bandits (8) -> Looters (8) [Naval: False]
2026-01-09 01:08:59.485 -06:00 [INF] Total Merges this battle: 1
2026-01-09 01:09:10.584 -06:00 [INF] PressGang: Grand Aserai Horde recruiting 1 Aserai Peasant
2026-01-09 01:09:10.584 -06:00 [INF] PressGang: Grand Aserai Horde recruiting 1 Aserai Mamluke Soldier
2026-01-09 01:09:10.584 -06:00 [INF] PressGang: Grand Aserai Horde recruiting 1 Aserai Mamluke Regular
2026-01-09 01:09:10.584 -06:00 [INF] PressGang: Grand Aserai Horde recruiting 1 Aserai Tribesman
2026-01-09 01:09:10.584 -06:00 [INF] PressGang: Grand Aserai Horde recruiting 1 Looter
2026-01-09 01:09:10.584 -06:00 [INF] PressGang: Grand Aserai Horde recruiting 1 Aserai Archer
2026-01-09 01:09:10.585 -06:00 [INF] PressGang: Grand Aserai Horde recruiting 1 Aserai Veteran Sailor
2026-01-09 01:09:10.585 -06:00 [INF] PressGang: Grand Aserai Horde recruiting 2 Aserai Light Archer
2026-01-09 01:09:10.716 -06:00 [INF] PressGang: Grand Battania Horde recruiting 1 Battanian Oathsworn
2026-01-09 01:09:10.717 -06:00 [INF] PressGang: Grand Battania Horde recruiting 1 Battanian Skirmisher
2026-01-09 01:09:10.717 -06:00 [INF] PressGang: Grand Battania Horde recruiting 1 Battanian Highborn Youth
2026-01-09 01:09:10.717 -06:00 [INF] PressGang: Grand Battania Horde recruiting 1 Battanian Clan Warrior
2026-01-09 01:09:10.717 -06:00 [INF] PressGang: Grand Battania Horde recruiting 1 Battanian Mounted Skirmisher
2026-01-09 01:09:10.717 -06:00 [INF] PressGang: Grand Battania Horde recruiting 1 Battanian Skirmisher
2026-01-09 01:09:10.937 -06:00 [INF] PressGang: Grand Empire Horde recruiting 1 Empire Peasant
2026-01-09 01:09:11.025 -06:00 [INF] PressGang: Grand Aserai Horde recruiting 1 Imperial Trained Archer
2026-01-09 01:09:11.025 -06:00 [INF] PressGang: Grand Aserai Horde recruiting 1 Imperial Recruit
2026-01-09 01:09:11.025 -06:00 [INF] PressGang: Grand Aserai Horde recruiting 1 Nomad Bandit
2026-01-09 01:09:11.025 -06:00 [INF] PressGang: Grand Aserai Horde recruiting 1 Looter
2026-01-09 01:09:11.025 -06:00 [INF] PressGang: Grand Aserai Horde recruiting 1 Aserai Mamluke Soldier
2026-01-09 01:09:11.025 -06:00 [INF] PressGang: Grand Aserai Horde recruiting 1 Aserai Archer
2026-01-09 01:09:12.044 -06:00 [INF] MERGING: Looters (11) -> Deserters (16) [Naval: False]
2026-01-09 01:09:12.045 -06:00 [INF] MERGING: Looters (9) -> Deserters (27) [Naval: False]
2026-01-09 01:09:12.045 -06:00 [INF] Total Merges this battle: 2
2026-01-09 01:09:14.323 -06:00 [INF] PressGang: Steppe Bandits recruiting 1 Khuzait Peasant
2026-01-09 01:09:15.107 -06:00 [INF] MERGING: Looters (15) -> Deserters (22) [Naval: False]
2026-01-09 01:09:15.107 -06:00 [INF] Total Merges this battle: 1
2026-01-09 01:09:15.470 -06:00 [INF] PressGang: Grand Corsairs Horde recruiting 1 Imperial Veteran Archer
2026-01-09 01:09:15.470 -06:00 [INF] PressGang: Grand Corsairs Horde recruiting 1 Imperial Legionary
2026-01-09 01:09:15.470 -06:00 [INF] PressGang: Grand Corsairs Horde recruiting 1 Imperial Shipmate
2026-01-09 01:09:15.470 -06:00 [INF] PressGang: Grand Corsairs Horde recruiting 1 Imperial Trained Infantryman
2026-01-09 01:09:15.470 -06:00 [INF] PressGang: Grand Corsairs Horde recruiting 1 Imperial Naute
2026-01-09 01:09:15.657 -06:00 [INF] PressGang: Mountain Bandits recruiting 1 Empire Peasant
2026-01-09 01:09:16.032 -06:00 [INF] PressGang: Mountain Bandits recruiting 1 Empire Peasant
2026-01-09 01:09:16.093 -06:00 [INF] PressGang: Looters recruiting 1 Empire Peasant
2026-01-09 01:09:16.094 -06:00 [INF] PressGang: Mountain Bandits recruiting 1 Battania Peasant
2026-01-09 01:09:16.218 -06:00 [INF] PressGang: Looters recruiting 1 Nord Peasant
2026-01-09 01:09:16.470 -06:00 [INF] PressGang: Looters recruiting 1 Empire Peasant
2026-01-09 01:09:16.532 -06:00 [INF] PressGang: Grand Looters Horde recruiting 1 Imperial Infantryman
2026-01-09 01:09:16.593 -06:00 [INF] PressGang: Grand Looters Horde recruiting 1 Empire Peasant
2026-01-09 01:09:17.024 -06:00 [INF] PressGang: Forest Bandits recruiting 1 Nord Peasant
2026-01-09 01:09:17.025 -06:00 [INF] PressGang: Looters recruiting 1 Nord Spear Warrior
2026-01-09 01:09:17.618 -06:00 [INF] PressGang: Mountain Bandits recruiting 1 Empire Peasant
2026-01-09 01:09:17.842 -06:00 [INF] PressGang: Thera the Exile's Party recruiting 1 Bushwacker
2026-01-09 01:09:18.022 -06:00 [INF] PressGang: Grand Looters Horde recruiting 1 Imperial Veteran Archer
2026-01-09 01:09:18.112 -06:00 [INF] MERGING: Looters (6) -> Forest Bandits (8) [Naval: False]
2026-01-09 01:09:18.112 -06:00 [INF] MERGING: Looters (3) -> Forest Bandits (14) [Naval: False]
2026-01-09 01:09:18.112 -06:00 [INF] Total Merges this battle: 2
2026-01-09 01:09:18.470 -06:00 [INF] PressGang: Desert Bandits recruiting 2 Aserai Peasant
2026-01-09 01:09:18.868 -06:00 [INF] PressGang: Looters recruiting 1 Vlandia Peasant
2026-01-09 01:09:19.050 -06:00 [INF] Daily Tick: Verifying Syndicate War State...
2026-01-09 01:09:19.050 -06:00 [INF] Checking staggered war declarations for Day Index: 3
2026-01-09 01:09:19.579 -06:00 [INF] PressGang: Deserters recruiting 1 Empire Peasant
2026-01-09 01:09:19.711 -06:00 [INF] PressGang: Looters recruiting 1 Nord Peasant
2026-01-09 01:09:19.934 -06:00 [INF] PressGang: Deserters recruiting 2 Battania Peasant
2026-01-09 01:09:20.308 -06:00 [INF] PressGang: Grand Khuzait Horde recruiting 1 Khuzait Peasant
2026-01-09 01:09:20.928 -06:00 [INF] PressGang: Alayen of the Brotherhood's Party recruiting 1 Looter
2026-01-09 01:09:24.837 -06:00 [INF] MERGING: Mountain Bandits (10) -> Mountain Bandits (10) [Naval: False]
2026-01-09 01:09:24.839 -06:00 [INF] Total Merges this battle: 1
2026-01-09 01:09:25.332 -06:00 [INF] PressGang: Grand Corsairs Horde recruiting 1 Imperial Coast Guard
2026-01-09 01:09:27.251 -06:00 [INF] MERGING: Looters (8) -> Forest Bandits (9) [Naval: False]
2026-01-09 01:09:27.252 -06:00 [INF] Total Merges this battle: 1
2026-01-09 01:09:30.689 -06:00 [INF] PressGang: Grand Aserai Horde recruiting 1 Aserai Recruit
2026-01-09 01:09:30.690 -06:00 [INF] PressGang: Grand Aserai Horde recruiting 1 Aserai Infantry
2026-01-09 01:09:30.690 -06:00 [INF] PressGang: Grand Aserai Horde recruiting 1 Aserai Footman
2026-01-09 01:09:30.690 -06:00 [INF] PressGang: Grand Aserai Horde recruiting 3 Looter
2026-01-09 01:09:30.690 -06:00 [INF] PressGang: Grand Aserai Horde recruiting 1 Aserai Light Archer
2026-01-09 01:09:30.693 -06:00 [INF] PressGang: Grand Aserai Horde recruiting 1 Aserai Mamluke Soldier
2026-01-09 01:09:30.693 -06:00 [INF] PressGang: Grand Aserai Horde recruiting 1 Aserai Recruit
2026-01-09 01:09:30.693 -06:00 [INF] PressGang: Grand Aserai Horde recruiting 1 Aserai Archer
2026-01-09 01:09:30.693 -06:00 [INF] PressGang: Grand Aserai Horde recruiting 1 Aserai Infantry
2026-01-09 01:09:30.693 -06:00 [INF] PressGang: Grand Aserai Horde recruiting 1 Aserai Mamluke Cavalry
2026-01-09 01:09:30.693 -06:00 [INF] PressGang: Grand Aserai Horde recruiting 1 Bedouin Rover
2026-01-09 01:09:30.693 -06:00 [INF] PressGang: Grand Aserai Horde recruiting 1 Aserai Tribesman
2026-01-09 01:09:30.814 -06:00 [INF] PressGang: Grand Battania Horde recruiting 1 Battanian Mounted Skirmisher
2026-01-09 01:09:30.997 -06:00 [INF] PressGang: Grand Sturgia Horde recruiting 1 Sturgian Horse Raider
2026-01-09 01:09:30.997 -06:00 [INF] PressGang: Grand Sturgia Horde recruiting 1 Sturgian Warrior
2026-01-09 01:09:30.998 -06:00 [INF] PressGang: Grand Sturgia Horde recruiting 1 Sturgian Recruit
2026-01-09 01:09:30.998 -06:00 [INF] PressGang: Grand Sturgia Horde recruiting 1 Sturgian Woodsman
2026-01-09 01:09:30.998 -06:00 [INF] PressGang: Grand Sturgia Horde recruiting 1 Lake Rat Wrecker 
2026-01-09 01:09:31.088 -06:00 [INF] PressGang: Grand Aserai Horde recruiting 1 Aserai Mamluke Heavy Cavalry
2026-01-09 01:09:31.090 -06:00 [INF] PressGang: Grand Aserai Horde recruiting 1 Aserai Mamluke Regular
2026-01-09 01:09:31.090 -06:00 [INF] PressGang: Grand Aserai Horde recruiting 1 Imperial Sergeant Crossbowman
2026-01-09 01:09:31.090 -06:00 [INF] PressGang: Grand Aserai Horde recruiting 1 Imperial Recruit (Rank 1)
2026-01-09 01:09:31.090 -06:00 [INF] PressGang: Grand Aserai Horde recruiting 1 Imperial Trained Infantryman
2026-01-09 01:09:31.090 -06:00 [INF] PressGang: Grand Aserai Horde recruiting 1 Nomad Bandit
2026-01-09 01:09:31.143 -06:00 [INF] PressGang: Grand Aserai Horde recruiting 1 Aserai Mamluke Soldier
2026-01-09 01:09:31.143 -06:00 [INF] PressGang: Grand Aserai Horde recruiting 1 Aserai Light Archer
2026-01-09 01:09:31.143 -06:00 [INF] PressGang: Grand Aserai Horde recruiting 2 Aserai Tribesman
2026-01-09 01:09:32.913 -06:00 [INF] MERGING: Steppe Bandits (8) -> Looters (9) [Naval: False]
2026-01-09 01:09:32.914 -06:00 [INF] Total Merges this battle: 1
2026-01-09 01:09:35.455 -06:00 [INF] PressGang: Looters recruiting 1 Nord Peasant
2026-01-09 01:09:35.499 -06:00 [INF] PressGang: Mountain Bandits recruiting 1 Empire Peasant
2026-01-09 01:09:35.945 -06:00 [INF] PressGang: Grand Empire Horde recruiting 1 Looter
2026-01-09 01:09:36.258 -06:00 [INF] PressGang: Forest Bandits recruiting 1 Empire Peasant
2026-01-09 01:09:36.393 -06:00 [INF] PressGang: Grand Looters Horde recruiting 1 Imperial Shipmate
2026-01-09 01:09:36.393 -06:00 [INF] PressGang: Grand Looters Horde recruiting 2 Imperial Trained Infantryman
2026-01-09 01:09:36.573 -06:00 [INF] PressGang: Looters recruiting 1 Sturgia Peasant
2026-01-09 01:09:37.338 -06:00 [INF] PressGang: Mountain Bandits recruiting 1 Empire Peasant
2026-01-09 01:09:37.702 -06:00 [INF] PressGang: Grand Looters Horde recruiting 1 Imperial Cataphract
2026-01-09 01:09:37.889 -06:00 [INF] PressGang: Looters recruiting 1 Sturgia Peasant
2026-01-09 01:09:38.617 -06:00 [INF] PressGang: Sea Raiders recruiting 1 Nord Peasant
2026-01-09 01:09:38.885 -06:00 [INF] PressGang: Looters recruiting 1 Nord Peasant
2026-01-09 01:09:39.072 -06:00 [INF] Daily Tick: Verifying Syndicate War State...
2026-01-09 01:09:39.072 -06:00 [INF] Checking staggered war declarations for Day Index: 4
2026-01-09 01:09:39.337 -06:00 [INF] PressGang: Mountain Bandits recruiting 1 Vlandia Peasant
2026-01-09 01:09:40.373 -06:00 [INF] PressGang: Deserters recruiting 1 Aserai Peasant
2026-01-09 01:09:40.855 -06:00 [INF] PressGang: Desert Bandits recruiting 2 Aserai Peasant
2026-01-09 01:09:41.285 -06:00 [INF] MERGING: Looters (4) -> Looters (6) [Naval: False]
2026-01-09 01:09:41.285 -06:00 [INF] Total Merges this battle: 1
2026-01-09 01:09:41.541 -06:00 [INF] PressGang: Deserters recruiting 1 Sturgian Veteran Shipman
2026-01-09 01:09:41.541 -06:00 [INF] PressGang: Deserters recruiting 1 Sturgian Soldier
2026-01-09 01:09:41.541 -06:00 [INF] PressGang: Deserters recruiting 1 Lake Rat Wrecker 
2026-01-09 01:09:41.541 -06:00 [INF] PressGang: Deserters recruiting 3 Lake Rat Veteran
2026-01-09 01:09:42.746 -06:00 [INF] PressGang: Grand Looters Horde recruiting 1 Nord Caravan Master
2026-01-09 01:09:44.876 -06:00 [INF] PressGang: Grand Looters Horde recruiting 1 Imperial Coast Guard
2026-01-09 01:09:45.228 -06:00 [INF] MERGING: Looters (10) -> Looters (11) [Naval: False]
2026-01-09 01:09:45.229 -06:00 [INF] Total Merges this battle: 1
2026-01-09 01:09:50.643 -06:00 [INF] PressGang: Grand Aserai Horde recruiting 1 Aserai Tribal Horseman
2026-01-09 01:09:50.644 -06:00 [INF] PressGang: Grand Aserai Horde recruiting 1 Aserai Light Archer
2026-01-09 01:09:50.645 -06:00 [INF] PressGang: Grand Aserai Horde recruiting 1 Aserai Recruit
2026-01-09 01:09:50.645 -06:00 [INF] PressGang: Grand Aserai Horde recruiting 1 Bedouin Rover
2026-01-09 01:09:50.645 -06:00 [INF] PressGang: Grand Aserai Horde recruiting 1 Nomad Bandit
2026-01-09 01:09:50.765 -06:00 [INF] PressGang: Grand Battania Horde recruiting 1 Battanian Volunteer
2026-01-09 01:09:50.765 -06:00 [INF] PressGang: Grand Battania Horde recruiting 1 Battanian Wood Runner
2026-01-09 01:09:50.765 -06:00 [INF] PressGang: Grand Battania Horde recruiting 1 Battanian Scout
2026-01-09 01:09:50.765 -06:00 [INF] PressGang: Grand Battania Horde recruiting 1 Battanian Scout
2026-01-09 01:09:50.765 -06:00 [INF] PressGang: Grand Battania Horde recruiting 1 Battanian Highborn Youth
2026-01-09 01:09:50.765 -06:00 [INF] PressGang: Grand Battania Horde recruiting 1 Battanian Highborn Warrior
2026-01-09 01:09:50.765 -06:00 [INF] PressGang: Grand Battania Horde recruiting 1 Battanian Clan Warrior
2026-01-09 01:09:50.765 -06:00 [INF] PressGang: Grand Battania Horde recruiting 1 Battanian Volunteer
2026-01-09 01:09:51.047 -06:00 [INF] PressGang: Grand Aserai Horde recruiting 1 Aserai Mamluke Soldier
2026-01-09 01:09:51.179 -06:00 [INF] PressGang: Grand Vakken Horde recruiting 1 Sea Raider Warrior
2026-01-09 01:09:51.179 -06:00 [INF] PressGang: Grand Vakken Horde recruiting 1 Looter
2026-01-09 01:09:52.958 -06:00 [INF] PressGang: Steppe Bandits recruiting 1 Khuzait Peasant
2026-01-09 01:09:53.298 -06:00 [INF] MERGING: Sea Raiders (13) -> Sea Raiders (16) [Naval: True]
2026-01-09 01:09:53.300 -06:00 [INF] Total Merges this battle: 1
2026-01-09 01:09:54.201 -06:00 [INF] PressGang: Mountain Bandits recruiting 1 Empire Peasant
2026-01-09 01:09:54.377 -06:00 [INF] PressGang: Grand Corsairs Horde recruiting 1 Imperial Shipmate
2026-01-09 01:09:54.377 -06:00 [INF] PressGang: Grand Corsairs Horde recruiting 1 Imperial Naute
2026-01-09 01:09:55.053 -06:00 [INF] MERGING: Looters (1) -> Looters (2) [Naval: False]
2026-01-09 01:09:55.054 -06:00 [INF] Total Merges this battle: 1
2026-01-09 01:09:55.185 -06:00 [INF] PressGang: Grand Corsairs Horde recruiting 1 Imperial Legionary
2026-01-09 01:09:55.764 -06:00 [INF] PressGang: Grand Empire Horde recruiting 1 Looter
2026-01-09 01:09:55.857 -06:00 [INF] PressGang: Looters recruiting 2 Nord Peasant
2026-01-09 01:09:56.121 -06:00 [INF] PressGang: Forest Bandits recruiting 1 Empire Peasant
2026-01-09 01:09:56.177 -06:00 [INF] PressGang: Grand Looters Horde recruiting 1 Imperial Infantryman
2026-01-09 01:09:56.207 -06:00 [INF] PressGang: Grand Looters Horde recruiting 2 Imperial Trained Infantryman
2026-01-09 01:09:56.693 -06:00 [INF] PressGang: Sea Raiders recruiting 2 Nord Peasant
2026-01-09 01:09:57.332 -06:00 [INF] PressGang: Thera the Exile's Party recruiting 1 Empire Peasant
2026-01-09 01:09:57.934 -06:00 [INF] PressGang: Desert Bandits recruiting 1 Aserai Peasant
2026-01-09 01:09:58.147 -06:00 [INF] MERGING: Steppe Bandits (6) -> Steppe Bandits (14) [Naval: False]
2026-01-09 01:09:58.147 -06:00 [INF] Total Merges this battle: 1
2026-01-09 01:09:59.095 -06:00 [INF] Daily Tick: Verifying Syndicate War State...
2026-01-09 01:09:59.095 -06:00 [INF] Checking staggered war declarations for Day Index: 5
2026-01-09 01:09:59.389 -06:00 [INF] PressGang: Sea Raiders recruiting 1 Sturgian Druzhinnik
2026-01-09 01:09:59.519 -06:00 [INF] PressGang: Grand Khuzait Horde recruiting 4 Khuzait Nomad
2026-01-09 01:09:59.520 -06:00 [INF] PressGang: Grand Khuzait Horde recruiting 1 Looter
2026-01-09 01:10:00.468 -06:00 [INF] MERGING: Looters (9) -> Looters (15) [Naval: False]
2026-01-09 01:10:00.468 -06:00 [INF] Total Merges this battle: 1
2026-01-09 01:10:00.511 -06:00 [INF] PressGang: Looters recruiting 1 Imperial Recruit
2026-01-09 01:10:00.555 -06:00 [INF] PressGang: Davalan of the Karakhergit's Party recruiting 1 Khuzait Peasant
2026-01-09 01:10:00.769 -06:00 [INF] PressGang: Looters recruiting 1 Empire Peasant
2026-01-09 01:10:01.028 -06:00 [INF] PressGang: Morynon of the Hand's Party recruiting 1 Looter
2026-01-09 01:10:01.284 -06:00 [INF] MERGING: Looters (6) -> Looters (20) [Naval: False]
2026-01-09 01:10:01.284 -06:00 [INF] Total Merges this battle: 1
2026-01-09 01:10:10.583 -06:00 [INF] PressGang: Grand Aserai Horde recruiting 1 Looter
2026-01-09 01:10:10.583 -06:00 [INF] PressGang: Grand Aserai Horde recruiting 1 Aserai Faris
2026-01-09 01:10:10.583 -06:00 [INF] PressGang: Grand Aserai Horde recruiting 1 Looter
2026-01-09 01:10:10.584 -06:00 [INF] PressGang: Grand Aserai Horde recruiting 1 Aserai Tribesman
2026-01-09 01:10:10.715 -06:00 [INF] PressGang: Grand Battania Horde recruiting 1 Battania Peasant
2026-01-09 01:10:10.716 -06:00 [INF] PressGang: Grand Battania Horde recruiting 1 Battanian Highborn Youth
2026-01-09 01:10:10.716 -06:00 [INF] PressGang: Grand Battania Horde recruiting 1 Battanian Skirmisher
2026-01-09 01:10:10.979 -06:00 [INF] PressGang: Grand Aserai Horde recruiting 2 Aserai Armed Trader
2026-01-09 01:10:10.980 -06:00 [INF] PressGang: Grand Aserai Horde recruiting 1 Imperial Equite
2026-01-09 01:10:10.980 -06:00 [INF] PressGang: Grand Aserai Horde recruiting 1 Sword Sister
2026-01-09 01:10:10.980 -06:00 [INF] PressGang: Grand Aserai Horde recruiting 1 Aserai Caravan Guard
2026-01-09 01:10:10.980 -06:00 [INF] PressGang: Grand Aserai Horde recruiting 1 Aserai Footman
2026-01-09 01:10:11.244 -06:00 [INF] MERGING: Sea Raiders (14) -> Sea Raiders (15) [Naval: True]
2026-01-09 01:10:11.245 -06:00 [INF] MERGING: Sea Raiders (6) -> Sea Raiders (29) [Naval: True]
2026-01-09 01:10:11.246 -06:00 [INF] Total Merges this battle: 2
2026-01-09 01:10:12.846 -06:00 [INF] PressGang: Looters recruiting 1 Nord Peasant
2026-01-09 01:10:12.880 -06:00 [INF] MERGING: Steppe Bandits (10) -> Looters (14) [Naval: False]
2026-01-09 01:10:12.882 -06:00 [INF] Total Merges this battle: 1
2026-01-09 01:10:15.404 -06:00 [INF] PressGang: Looters recruiting 1 Nord Peasant
2026-01-09 01:10:16.028 -06:00 [INF] PressGang: Looters recruiting 1 Empire Peasant
2026-01-09 01:10:16.117 -06:00 [INF] PressGang: Grand Looters Horde recruiting 1 Imperial Trained Infantryman
2026-01-09 01:10:16.250 -06:00 [INF] MERGING: Looters (3) -> Looters (6) [Naval: False]
2026-01-09 01:10:16.251 -06:00 [INF] Total Merges this battle: 1
2026-01-09 01:10:16.295 -06:00 [INF] PressGang: Looters recruiting 1 Sturgia Peasant
2026-01-09 01:10:17.182 -06:00 [INF] PressGang: Looters recruiting 1 Vlandia Peasant
2026-01-09 01:10:19.092 -06:00 [INF] Daily Tick: Verifying Syndicate War State...
2026-01-09 01:10:19.092 -06:00 [INF] Checking staggered war declarations for Day Index: 0
2026-01-09 01:10:19.265 -06:00 [INF] PressGang: Grand Khuzait Horde recruiting 7 Khuzait Nomad
2026-01-09 01:10:19.265 -06:00 [INF] PressGang: Grand Khuzait Horde recruiting 1 Looter
2026-01-09 01:10:19.533 -06:00 [INF] PressGang: Steppe Bandits recruiting 1 Empire Peasant
2026-01-09 01:10:19.937 -06:00 [INF] PressGang: Sea Raiders recruiting 2 Sturgia Peasant
2026-01-09 01:10:19.937 -06:00 [INF] PressGang: Sea Raiders recruiting 1 Sturgian Horse Raider
2026-01-09 01:10:20.119 -06:00 [INF] PressGang: Grand Khuzait Horde recruiting 1 Looter
2026-01-09 01:10:20.568 -06:00 [INF] PressGang: Grand Empire Horde recruiting 1 Looter
2026-01-09 01:10:21.413 -06:00 [INF] PressGang: Deserters recruiting 1 Aserai Peasant
2026-01-09 01:10:22.436 -06:00 [INF] MERGING: Mountain Bandits (12) -> Looters (12) [Naval: False]
2026-01-09 01:10:22.436 -06:00 [INF] Total Merges this battle: 1
2026-01-09 01:13:47.989 -06:00 [INF] PressGang: Grand Looters Horde recruiting 1 Sturgia Peasant
2026-01-09 01:13:47.989 -06:00 [INF] PressGang: Grand Looters Horde recruiting 1 Nord Veteran Convoy Guard
2026-01-09 01:13:49.507 -06:00 [INF] MERGING: Looters (14) -> Looters (14) [Naval: False]
2026-01-09 01:13:49.508 -06:00 [INF] MERGING: Looters (13) -> Looters (28) [Naval: False]
2026-01-09 01:13:49.508 -06:00 [INF] MERGING: Looters (10) -> Grand Looters Horde (41) [Naval: False]
2026-01-09 01:13:49.508 -06:00 [INF] Total Merges this battle: 3
2026-01-09 01:13:50.042 -06:00 [INF] PressGang: Grand Looters Horde recruiting 1 Imperial Shipmate
2026-01-09 01:13:52.694 -06:00 [INF] MERGING: Looters (12) -> Deserters (21) [Naval: False]
2026-01-09 01:13:52.694 -06:00 [INF] MERGING: Looters (5) -> Deserters (33) [Naval: False]
2026-01-09 01:13:52.695 -06:00 [INF] Total Merges this battle: 2
2026-01-09 01:13:54.033 -06:00 [INF] MERGING: Mountain Bandits (13) -> Mountain Bandits (14) [Naval: False]
2026-01-09 01:13:54.035 -06:00 [INF] MERGING: Mountain Bandits (6) -> Mountain Bandits (27) [Naval: False]
2026-01-09 01:13:54.036 -06:00 [INF] Total Merges this battle: 2
2026-01-09 01:13:55.774 -06:00 [INF] PressGang: Grand Aserai Horde recruiting 1 Aserai Mamluke Axeman
2026-01-09 01:13:55.774 -06:00 [INF] PressGang: Grand Aserai Horde recruiting 1 Aserai Mamluke Soldier
2026-01-09 01:13:55.774 -06:00 [INF] PressGang: Grand Aserai Horde recruiting 1 Aserai Infantry
2026-01-09 01:13:55.774 -06:00 [INF] PressGang: Grand Aserai Horde recruiting 1 Aserai Light Archer
2026-01-09 01:13:55.774 -06:00 [INF] PressGang: Grand Aserai Horde recruiting 1 Aserai Footman
2026-01-09 01:13:55.774 -06:00 [INF] PressGang: Grand Aserai Horde recruiting 1 Aserai Tribesman
2026-01-09 01:13:55.775 -06:00 [INF] PressGang: Grand Aserai Horde recruiting 1 Looter
2026-01-09 01:13:55.775 -06:00 [INF] PressGang: Grand Aserai Horde recruiting 1 Aserai Archer
2026-01-09 01:13:55.775 -06:00 [INF] PressGang: Grand Aserai Horde recruiting 1 Aserai Tribesman
2026-01-09 01:13:55.776 -06:00 [INF] PressGang: Grand Aserai Horde recruiting 1 Aserai Infantry
2026-01-09 01:13:55.776 -06:00 [INF] PressGang: Grand Aserai Horde recruiting 1 Nomad Bandit
2026-01-09 01:13:55.912 -06:00 [INF] PressGang: Grand Battania Horde recruiting 1 Battanian Volunteer
2026-01-09 01:13:55.912 -06:00 [INF] PressGang: Grand Battania Horde recruiting 1 Battanian Raider
2026-01-09 01:13:55.912 -06:00 [INF] PressGang: Grand Battania Horde recruiting 1 Battanian Highborn Youth
2026-01-09 01:13:55.913 -06:00 [INF] PressGang: Grand Battania Horde recruiting 1 Battanian Clan Warrior
2026-01-09 01:13:55.913 -06:00 [INF] PressGang: Grand Battania Horde recruiting 1 Battanian Volunteer
2026-01-09 01:13:56.132 -06:00 [INF] PressGang: Grand Empire Horde recruiting 3 Looter
2026-01-09 01:13:59.430 -06:00 [INF] PressGang: Grand Corsairs Horde recruiting 1 Imperial Shipmate
2026-01-09 01:14:00.072 -06:00 [INF] PressGang: Grand Looters Horde recruiting 1 Empire Peasant
2026-01-09 01:14:02.012 -06:00 [INF] PressGang: Sea Raiders recruiting 1 Vlandia Peasant
2026-01-09 01:14:02.279 -06:00 [INF] PressGang: Grand Looters Horde recruiting 1 Imperial Shipmate
2026-01-09 01:14:03.037 -06:00 [INF] PressGang: Forest Bandits recruiting 1 Imperial Crossbowman
2026-01-09 01:14:23.676 -06:00 [INF] Daily Tick: Verifying Syndicate War State...
2026-01-09 01:14:23.676 -06:00 [INF] Checking staggered war declarations for Day Index: 1
2026-01-09 01:14:23.677 -06:00 [INF] Spawning Warlord: Cadfin Blacktooth in Hargard (Active: 1, Chance: 20.0%)
2026-01-09 01:14:23.748 -06:00 [INF] PressGang: Steppe Bandits recruiting 1 Empire Peasant
2026-01-09 01:14:23.833 -06:00 [INF] PressGang: Mountain Bandits recruiting 1 Empire Peasant
2026-01-09 01:14:23.873 -06:00 [INF] PressGang: Deserters recruiting 1 Aserai Peasant
2026-01-09 01:14:23.915 -06:00 [INF] PressGang: Sea Raiders recruiting 1 Battanian Veteran Convoy Guard
2026-01-09 01:14:23.915 -06:00 [INF] PressGang: Sea Raiders recruiting 1 Battanian Convoy Guard
2026-01-09 01:14:24.286 -06:00 [INF] PressGang: Grand Khuzait Horde recruiting 1 Looter
2026-01-09 01:14:24.286 -06:00 [INF] PressGang: Sea Raiders recruiting 1 Battanian Convoy Guard
2026-01-09 01:14:24.616 -06:00 [INF] PressGang: Looters recruiting 1 Empire Peasant
2026-01-09 01:14:25.355 -06:00 [INF] PressGang: Deserters recruiting 1 Empire Peasant
2026-01-09 01:14:25.888 -06:00 [INF] PressGang: Steppe Bandits recruiting 1 Khuzait Peasant
2026-01-09 01:14:27.397 -06:00 [INF] PressGang: Grand Looters Horde recruiting 1 Imperial Convoy Guard
2026-01-09 01:14:27.397 -06:00 [INF] PressGang: Grand Looters Horde recruiting 1 Imperial Armed Convoy Trader
2026-01-09 01:14:28.264 -06:00 [INF] PressGang: Mountain Bandits recruiting 1 Battania Peasant
2026-01-09 01:14:28.298 -06:00 [INF] PressGang: Mountain Bandits recruiting 2 Empire Peasant
2026-01-09 01:14:29.158 -06:00 [INF] PressGang: Looters recruiting 1 Nord Peasant
2026-01-09 01:14:30.636 -06:00 [INF] MERGING: Sea Raiders (9) -> Sea Raiders (13) [Naval: True]
2026-01-09 01:14:30.636 -06:00 [INF] MERGING: Sea Raiders (6) -> Sea Raiders (22) [Naval: True]
2026-01-09 01:14:30.636 -06:00 [INF] Total Merges this battle: 2
2026-01-09 01:16:13.364 -06:00 [INF] MERGING: Desert Bandits (14) -> Desert Bandits (15) [Naval: False]
2026-01-09 01:16:13.365 -06:00 [INF] Total Merges this battle: 1
2026-01-09 01:16:16.144 -06:00 [INF] PressGang: Grand Aserai Horde recruiting 1 Aserai Infantry
2026-01-09 01:16:16.144 -06:00 [INF] PressGang: Grand Aserai Horde recruiting 1 Aserai Light Archer
2026-01-09 01:16:16.144 -06:00 [INF] PressGang: Grand Aserai Horde recruiting 1 Looter
2026-01-09 01:16:16.145 -06:00 [INF] PressGang: Grand Aserai Horde recruiting 1 Aserai Recruit
2026-01-09 01:16:16.147 -06:00 [INF] PressGang: Grand Aserai Horde recruiting 1 Aserai Tribesman
2026-01-09 01:16:16.147 -06:00 [INF] PressGang: Grand Aserai Horde recruiting 1 Looter
2026-01-09 01:16:16.185 -06:00 [INF] PressGang: Grand Aserai Horde recruiting 1 Aserai Footman
2026-01-09 01:16:16.185 -06:00 [INF] PressGang: Grand Aserai Horde recruiting 1 Looter
2026-01-09 01:16:16.185 -06:00 [INF] PressGang: Grand Aserai Horde recruiting 1 Aserai Recruit
2026-01-09 01:16:16.266 -06:00 [INF] PressGang: Grand Battania Horde recruiting 1 Looter
2026-01-09 01:16:16.305 -06:00 [INF] PressGang: Grand Battania Horde recruiting 1 Battanian Highborn Warrior
2026-01-09 01:16:16.306 -06:00 [INF] PressGang: Grand Battania Horde recruiting 1 Battanian Scout
2026-01-09 01:16:16.306 -06:00 [INF] PressGang: Grand Battania Horde recruiting 2 Battanian Hero
2026-01-09 01:16:16.306 -06:00 [INF] PressGang: Grand Battania Horde recruiting 3 Battanian Clan Warrior
2026-01-09 01:16:16.306 -06:00 [INF] PressGang: Grand Battania Horde recruiting 1 Battanian Skirmisher
2026-01-09 01:16:16.306 -06:00 [INF] PressGang: Grand Battania Horde recruiting 1 Battanian Volunteer
2026-01-09 01:16:20.061 -06:00 [INF] PressGang: Grand Empire Horde recruiting 1 Empire Peasant
2026-01-09 01:16:22.439 -06:00 [INF] MERGING: Looters (13) -> Deserters (40) [Naval: False]
2026-01-09 01:16:22.440 -06:00 [INF] Total Merges this battle: 1
2026-01-09 01:16:22.806 -06:00 [INF] PressGang: Grand Looters Horde recruiting 1 Nord Peasant
2026-01-09 01:16:23.896 -06:00 [INF] MERGING: Looters (13) -> Deserters (17) [Naval: False]
2026-01-09 01:16:23.896 -06:00 [INF] Total Merges this battle: 1
2026-01-09 01:16:24.373 -06:00 [INF] PressGang: Sea Raiders recruiting 1 Sturgia Peasant
2026-01-09 01:16:24.413 -06:00 [INF] PressGang: Desert Bandits recruiting 2 Aserai Peasant
2026-01-09 01:16:25.433 -06:00 [INF] MERGING: Steppe Bandits (14) -> Steppe Bandits (17) [Naval: False]
2026-01-09 01:16:25.433 -06:00 [INF] Total Merges this battle: 1
2026-01-09 01:16:25.885 -06:00 [INF] PressGang: Grand Looters Horde recruiting 1 Battanian Veteran Convoy Guard
2026-01-09 01:16:25.885 -06:00 [INF] PressGang: Grand Looters Horde recruiting 1 Battanian Convoy Guard
2026-01-09 01:16:25.931 -06:00 [INF] Daily Tick: Verifying Syndicate War State...
2026-01-09 01:16:25.931 -06:00 [INF] Checking staggered war declarations for Day Index: 2
2026-01-09 01:16:25.933 -06:00 [INF] MERGING: Looters (12) -> Forest Bandits (15) [Naval: False]
2026-01-09 01:16:25.934 -06:00 [INF] MERGING: Looters (6) -> Forest Bandits (27) [Naval: False]
2026-01-09 01:16:25.934 -06:00 [INF] MERGING: Forest Bandits (6) -> Forest Bandits (33) [Naval: False]
2026-01-09 01:16:25.934 -06:00 [INF] Total Merges this battle: 3
2026-01-09 01:16:26.129 -06:00 [INF] PressGang: Looters recruiting 1 Imperial Recruit
2026-01-09 01:16:26.382 -06:00 [INF] PressGang: Desert Bandits recruiting 1 Aserai Peasant
2026-01-09 01:16:26.541 -06:00 [INF] PressGang: Grand Empire Horde recruiting 1 Looter
2026-01-09 01:16:27.399 -06:00 [INF] MERGING: Sea Raiders (17) -> Sea Raiders (18) [Naval: True]
2026-01-09 01:16:27.399 -06:00 [INF] MERGING: Sea Raiders (8) -> Sea Raiders (35) [Naval: True]
2026-01-09 01:16:27.399 -06:00 [INF] Total Merges this battle: 2
2026-01-09 01:16:27.525 -06:00 [INF] PressGang: Steppe Bandits recruiting 1 Khuzait Peasant
2026-01-09 01:16:27.607 -06:00 [INF] PressGang: Grand Looters Horde recruiting 1 Imperial Convoy Guard
2026-01-09 01:16:27.608 -06:00 [INF] PressGang: Grand Looters Horde recruiting 1 Imperial Armed Convoy Trader
2026-01-09 01:16:29.501 -06:00 [INF] PressGang: Grand Looters Horde recruiting 1 Nord Convoy Guard
2026-01-09 01:16:29.502 -06:00 [INF] PressGang: Grand Looters Horde recruiting 1 Imperial Veteran Convoy Guard
2026-01-09 01:16:29.502 -06:00 [INF] PressGang: Grand Looters Horde recruiting 1 Sturgian Veteran Convoy Guard
2026-01-09 01:16:31.494 -06:00 [INF] PressGang: Grand Looters Horde recruiting 1 Imperial Shipmate
2026-01-09 01:16:48.457 -06:00 [INF] MERGING: Looters (5) -> Looters (10) [Naval: False]
2026-01-09 01:16:48.457 -06:00 [INF] Total Merges this battle: 1
2026-01-09 01:17:03.926 -06:00 [INF] PressGang: Grand Aserai Horde recruiting 1 Aserai Recruit
2026-01-09 01:17:03.926 -06:00 [INF] PressGang: Grand Aserai Horde recruiting 1 Aserai Light Archer
2026-01-09 01:17:03.926 -06:00 [INF] PressGang: Grand Aserai Horde recruiting 1 Aserai Footman
2026-01-09 01:17:03.942 -06:00 [INF] PressGang: Grand Aserai Horde recruiting 1 Aserai Infantry
2026-01-09 01:17:03.942 -06:00 [INF] PressGang: Grand Aserai Horde recruiting 1 Looter
2026-01-09 01:17:04.071 -06:00 [INF] PressGang: Grand Battania Horde recruiting 1 Battanian Highborn Warrior
2026-01-09 01:17:04.071 -06:00 [INF] PressGang: Grand Battania Horde recruiting 2 Battanian Clan Warrior
2026-01-09 01:17:04.071 -06:00 [INF] PressGang: Grand Battania Horde recruiting 1 Battanian Veteran Skirmisher
2026-01-09 01:17:04.071 -06:00 [INF] PressGang: Grand Battania Horde recruiting 1 Battanian Fian
2026-01-09 01:17:04.071 -06:00 [INF] PressGang: Grand Battania Horde recruiting 2 Battanian Trained Warrior
2026-01-09 01:17:06.402 -06:00 [INF] MERGING: Looters (7) -> Deserters (32) [Naval: False]
2026-01-09 01:17:06.402 -06:00 [INF] Total Merges this battle: 1
2026-01-09 01:17:07.822 -06:00 [INF] PressGang: Grand Empire Horde recruiting 1 Imperial Veteran Caravan Guard
2026-01-09 01:17:08.406 -06:00 [INF] PressGang: Sea Raiders recruiting 1 Sturgian Armed Convoy Trader
2026-01-09 01:17:43.348 -06:00 [INF] PressGang: Grand Empire Horde recruiting 1 Brigand
2026-01-09 01:17:45.340 -06:00 [INF] PressGang: Sea Raiders recruiting 1 Sturgian Veteran Convoy Guard
2026-01-09 01:17:46.355 -06:00 [INF] MERGING: Sea Raiders (11) -> Sea Raiders (14) [Naval: True]
2026-01-09 01:17:46.357 -06:00 [INF] Total Merges this battle: 1
2026-01-09 01:17:46.701 -06:00 [INF] PressGang: Sea Raiders recruiting 2 Nord Peasant
2026-01-09 01:17:46.856 -06:00 [INF] PressGang: Grand Looters Horde recruiting 2 Battanian Veteran Convoy Guard
2026-01-09 01:17:47.089 -06:00 [INF] PressGang: Looters recruiting 1 Empire Peasant
2026-01-09 01:17:47.168 -06:00 [INF] PressGang: Grand Khuzait Horde recruiting 1 Raider
2026-01-09 01:17:47.168 -06:00 [INF] PressGang: Grand Khuzait Horde recruiting 1 Looter
2026-01-09 01:17:47.168 -06:00 [INF] PressGang: Grand Looters Horde recruiting 1 Battanian Caravan Master
2026-01-09 01:17:47.246 -06:00 [INF] Daily Tick: Verifying Syndicate War State...
2026-01-09 01:17:47.247 -06:00 [INF] Checking staggered war declarations for Day Index: 3
2026-01-09 01:17:47.478 -06:00 [INF] PressGang: Deserters recruiting 1 Sturgia Peasant
2026-01-09 01:17:48.140 -06:00 [INF] PressGang: Grand Corsairs Horde recruiting 1 Aserai Peasant
2026-01-09 01:17:48.496 -06:00 [INF] PressGang: Ucasios of the Embers' Party recruiting 1 Imperial Caravan Master
2026-01-09 01:17:48.838 -06:00 [INF] PressGang: Desert Bandits recruiting 1 Aserai Peasant
2026-01-09 01:17:48.992 -06:00 [INF] PressGang: Arlech of the Wolfskins' Party recruiting 1 Battanian Mounted Skirmisher
2026-01-09 01:17:49.032 -06:00 [INF] PressGang: Churig of the Lake Rats' Party recruiting 1 Sturgian Soldier
2026-01-09 01:17:50.004 -06:00 [INF] MERGING: Looters (7) -> Looters (9) [Naval: False]
2026-01-09 01:17:50.004 -06:00 [INF] Total Merges this battle: 1
2026-01-09 01:17:53.291 -06:00 [INF] MERGING: Looters (8) -> Desert Bandits (12) [Naval: False]
2026-01-09 01:17:53.291 -06:00 [INF] Total Merges this battle: 1
2026-01-09 01:18:07.225 -06:00 [INF] MERGING: Steppe Bandits (8) -> Steppe Bandits (12) [Naval: False]
2026-01-09 01:18:07.227 -06:00 [INF] Total Merges this battle: 1
2026-01-09 01:18:07.988 -06:00 [INF] MERGING: Looters (3) -> Looters (6) [Naval: False]
2026-01-09 01:18:07.989 -06:00 [INF] Total Merges this battle: 1
2026-01-09 01:18:08.033 -06:00 [INF] PressGang: Grand Aserai Horde recruiting 1 Aserai Peasant
2026-01-09 01:18:08.033 -06:00 [INF] PressGang: Grand Aserai Horde recruiting 1 Aserai Archer
2026-01-09 01:18:08.076 -06:00 [INF] PressGang: Grand Aserai Horde recruiting 1 Aserai Tribal Horseman
2026-01-09 01:18:08.077 -06:00 [INF] PressGang: Grand Aserai Horde recruiting 1 Looter
2026-01-09 01:18:08.077 -06:00 [INF] PressGang: Grand Aserai Horde recruiting 1 Aserai Recruit
2026-01-09 01:18:08.077 -06:00 [INF] PressGang: Grand Aserai Horde recruiting 1 Aserai Archer
2026-01-09 01:18:08.077 -06:00 [INF] PressGang: Grand Aserai Horde recruiting 1 Aserai Peasant
2026-01-09 01:18:08.078 -06:00 [INF] PressGang: Grand Aserai Horde recruiting 1 Bedouin Rover
2026-01-09 01:18:08.078 -06:00 [INF] PressGang: Grand Aserai Horde recruiting 1 Aserai Peasant
2026-01-09 01:18:08.205 -06:00 [INF] PressGang: Grand Battania Horde recruiting 1 Battanian Volunteer
2026-01-09 01:18:08.206 -06:00 [INF] PressGang: Grand Battania Horde recruiting 1 Battanian Hero
2026-01-09 01:18:08.206 -06:00 [INF] PressGang: Grand Battania Horde recruiting 1 Battanian Clan Warrior
2026-01-09 01:18:08.206 -06:00 [INF] PressGang: Grand Battania Horde recruiting 1 Battanian Volunteer (Rank 1)
2026-01-09 01:18:08.206 -06:00 [INF] PressGang: Grand Battania Horde recruiting 1 Battanian Highborn Warrior
2026-01-09 01:18:08.206 -06:00 [INF] PressGang: Grand Battania Horde recruiting 1 Battanian Picked Warrior
2026-01-09 01:18:08.206 -06:00 [INF] PressGang: Grand Battania Horde recruiting 1 Battanian Volunteer
2026-01-09 01:18:08.415 -06:00 [INF] PressGang: Grand Empire Horde recruiting 1 Empire Peasant
2026-01-09 01:18:23.206 -06:00 [INF] MERGING: Deserters (18) -> Deserters (18) [Naval: False]
2026-01-09 01:18:23.206 -06:00 [INF] Total Merges this battle: 1
2026-01-09 01:18:23.876 -06:00 [INF] PressGang: Grand Empire Horde recruiting 2 Imperial Caravan Guard
2026-01-09 01:18:23.876 -06:00 [INF] PressGang: Grand Empire Horde recruiting 1 Empire Peasant
2026-01-09 01:18:24.747 -06:00 [INF] PressGang: Grand Empire Horde recruiting 1 Highwayman
2026-01-09 01:18:25.054 -06:00 [INF] PressGang: Forest Bandits recruiting 1 Imperial Infantryman
2026-01-09 01:18:25.143 -06:00 [INF] PressGang: Grand Looters Horde recruiting 1 Imperial Veteran Archer
2026-01-09 01:18:25.453 -06:00 [INF] PressGang: Forest Bandits recruiting 1 Nord Peasant
2026-01-09 01:18:25.988 -06:00 [INF] PressGang: Thera the Exile's Party recruiting 1 Empire Peasant
2026-01-09 01:18:26.702 -06:00 [INF] PressGang: Grand Looters Horde recruiting 1 Sturgian Armed Convoy Trader
2026-01-09 01:18:26.806 -06:00 [INF] PressGang: Sea Raiders recruiting 1 Sturgia Peasant
2026-01-09 01:18:26.807 -06:00 [INF] PressGang: Forest Bandits recruiting 1 Imperial Equite
2026-01-09 01:18:27.704 -06:00 [INF] PressGang: Steppe Bandits recruiting 1 Aserai Peasant
2026-01-09 01:18:28.021 -06:00 [INF] PressGang: Sea Raiders recruiting 1 Nord Peasant
2026-01-09 01:18:28.115 -06:00 [INF] PressGang: Steppe Bandits recruiting 2 Khuzait Peasant
2026-01-09 01:18:28.382 -06:00 [INF] MERGING: Looters (9) -> Looters (9) [Naval: False]
2026-01-09 01:18:28.383 -06:00 [INF] MERGING: Looters (6) -> Looters (18) [Naval: False]
2026-01-09 01:18:28.383 -06:00 [INF] Total Merges this battle: 2
2026-01-09 01:18:28.384 -06:00 [INF] PressGang: Looters recruiting 1 Imperial Recruit
2026-01-09 01:18:28.384 -06:00 [INF] PressGang: Looters recruiting 1 Empire Peasant
2026-01-09 01:18:28.843 -06:00 [INF] Daily Tick: Verifying Syndicate War State...
2026-01-09 01:18:28.843 -06:00 [INF] Checking staggered war declarations for Day Index: 4
2026-01-09 01:18:28.975 -06:00 [INF] PressGang: Forest Bandits recruiting 1 Nord Peasant
2026-01-09 01:18:29.243 -06:00 [INF] PressGang: Grand Sea Raiders Horde recruiting 1 Vlandia Peasant
2026-01-09 01:18:29.292 -06:00 [INF] PressGang: Deserters recruiting 1 Aserai Peasant
2026-01-09 01:18:29.598 -06:00 [INF] PressGang: Steppe Bandits recruiting 1 Aserai Peasant
2026-01-09 01:18:30.142 -06:00 [INF] PressGang: Arlech of the Wolfskins' Party recruiting 1 Battanian Skirmisher
2026-01-09 01:18:30.355 -06:00 [INF] PressGang: Deserters recruiting 1 Battania Peasant
2026-01-09 01:18:33.235 -06:00 [INF] MERGING: Looters (9) -> Looters (12) [Naval: False]
2026-01-09 01:18:33.235 -06:00 [INF] Total Merges this battle: 1
2026-01-09 01:18:33.236 -06:00 [INF] PressGang: Mountain Bandits recruiting 1 Empire Peasant
2026-01-09 01:18:34.378 -06:00 [INF] Found 1 stuck Syndicate Warlords. Redeploying...
2026-01-09 01:18:35.170 -06:00 [INF] Found 1 stuck Syndicate Warlords. Redeploying...
2026-01-09 01:18:36.029 -06:00 [INF] Found 1 stuck Syndicate Warlords. Redeploying...
2026-01-09 01:18:36.029 -06:00 [INF] Redeploying Cadfin Blacktooth to Hideout...
2026-01-09 01:18:39.967 -06:00 [INF] PressGang: Grand Aserai Horde recruiting 1 Looter
2026-01-09 01:18:40.010 -06:00 [INF] PressGang: Grand Aserai Horde recruiting 1 Aserai Mamluke Soldier
2026-01-09 01:18:40.012 -06:00 [INF] PressGang: Grand Aserai Horde recruiting 1 Aserai Recruit
2026-01-09 01:18:40.012 -06:00 [INF] PressGang: Grand Aserai Horde recruiting 2 Aserai Archer
2026-01-09 01:18:40.012 -06:00 [INF] PressGang: Grand Aserai Horde recruiting 1 Aserai Tribal Horseman
2026-01-09 01:18:40.012 -06:00 [INF] PressGang: Grand Aserai Horde recruiting 1 Aserai Light Archer
2026-01-09 01:18:40.098 -06:00 [INF] PressGang: Grand Battania Horde recruiting 1 Looter
2026-01-09 01:18:40.098 -06:00 [INF] PressGang: Grand Battania Horde recruiting 1 Brigand
2026-01-09 01:18:40.139 -06:00 [INF] PressGang: Grand Battania Horde recruiting 1 Battanian Highborn Warrior
2026-01-09 01:18:40.139 -06:00 [INF] PressGang: Grand Battania Horde recruiting 1 Battanian Scout
2026-01-09 01:18:40.139 -06:00 [INF] PressGang: Grand Battania Horde recruiting 1 Battanian Volunteer
2026-01-09 01:18:40.139 -06:00 [INF] PressGang: Grand Battania Horde recruiting 1 Battanian Scout
2026-01-09 01:18:40.139 -06:00 [INF] PressGang: Grand Battania Horde recruiting 2 Battanian Clan Warrior
2026-01-09 01:18:40.139 -06:00 [INF] PressGang: Grand Battania Horde recruiting 1 Battanian Fian
2026-01-09 01:18:40.139 -06:00 [INF] PressGang: Grand Battania Horde recruiting 1 Battanian Mounted Skirmisher
2026-01-09 01:18:40.139 -06:00 [INF] PressGang: Grand Battania Horde recruiting 1 Battania Peasant
2026-01-09 01:18:40.317 -06:00 [INF] PressGang: Grand Empire Horde recruiting 1 Looter
2026-01-09 01:18:40.317 -06:00 [INF] PressGang: Grand Empire Horde recruiting 1 Imperial Caravan Guard
2026-01-09 01:18:40.317 -06:00 [INF] PressGang: Grand Empire Horde recruiting 1 Imperial Armed Trader
2026-01-09 01:18:42.158 -06:00 [INF] MERGING: Looters (13) -> Looters (14) [Naval: False]
2026-01-09 01:18:42.158 -06:00 [INF] Total Merges this battle: 1
2026-01-09 01:18:43.744 -06:00 [INF] PressGang: Grand Empire Horde recruiting 1 Imperial Caravan Guard
2026-01-09 01:18:43.745 -06:00 [INF] PressGang: Grand Empire Horde recruiting 1 Imperial Armed Trader
2026-01-09 01:18:44.138 -06:00 [INF] PressGang: Looters recruiting 1 Nord Peasant
2026-01-09 01:18:44.270 -06:00 [INF] PressGang: Looters recruiting 1 Nord Peasant
2026-01-09 01:18:44.883 -06:00 [INF] PressGang: Grand Looters Horde recruiting 1 Imperial Crossbowman
2026-01-09 01:18:44.924 -06:00 [INF] PressGang: Grand Looters Horde recruiting 1 Imperial Coast Guard
2026-01-09 01:18:45.850 -06:00 [INF] PressGang: Steppe Bandits recruiting 1 Khuzait Peasant
2026-01-09 01:18:46.892 -06:00 [INF] PressGang: Looters recruiting 1 Aserai Peasant
2026-01-09 01:18:47.383 -06:00 [INF] PressGang: Steppe Bandits recruiting 1 Aserai Peasant
2026-01-09 01:18:48.055 -06:00 [INF] PressGang: Desert Bandits recruiting 1 Aserai Peasant
2026-01-09 01:18:48.055 -06:00 [INF] PressGang: Looters recruiting 1 Imperial Recruit
2026-01-09 01:18:48.683 -06:00 [INF] PressGang: Steppe Bandits recruiting 1 Aserai Peasant
2026-01-09 01:18:48.906 -06:00 [INF] PressGang: Grand Sea Raiders Horde recruiting 1 Vlandia Peasant
2026-01-09 01:18:48.957 -06:00 [INF] Daily Tick: Verifying Syndicate War State...
2026-01-09 01:18:48.957 -06:00 [INF] Checking staggered war declarations for Day Index: 5
2026-01-09 01:18:48.995 -06:00 [INF] PressGang: Deserters recruiting 1 Aserai Peasant
2026-01-09 01:18:48.995 -06:00 [INF] PressGang: Deserters recruiting 1 Aserai Mamluke Regular
2026-01-09 01:18:49.262 -06:00 [INF] PressGang: Desert Bandits recruiting 1 Aserai Recruit
2026-01-09 01:18:49.354 -06:00 [INF] PressGang: Grand Looters Horde recruiting 1 Sturgian Convoy Guard
2026-01-09 01:18:49.667 -06:00 [INF] PressGang: Mountain Bandits recruiting 1 Empire Peasant
2026-01-09 01:18:49.710 -06:00 [INF] PressGang: Grand Looters Horde recruiting 1 Khuzait Peasant
2026-01-09 01:18:49.710 -06:00 [INF] PressGang: Grand Looters Horde recruiting 1 Karakhergit Nomad
2026-01-09 01:18:49.710 -06:00 [INF] PressGang: Grand Looters Horde recruiting 1 Karakhergit Rider
2026-01-09 01:18:49.755 -06:00 [INF] PressGang: Arlech of the Wolfskins' Party recruiting 1 Battanian Horseman
2026-01-09 01:18:49.757 -06:00 [INF] PressGang: Churig of the Lake Rats' Party recruiting 1 Sea Raider Chief
2026-01-09 01:18:49.757 -06:00 [INF] PressGang: Churig of the Lake Rats' Party recruiting 1 Sea Raider Warrior
2026-01-09 01:18:49.757 -06:00 [INF] PressGang: Churig of the Lake Rats' Party recruiting 3 Sea Raider
2026-01-09 01:18:49.979 -06:00 [INF] PressGang: Deserters recruiting 1 Battania Peasant
2026-01-09 01:19:34.477 -06:00 [INF] PressGang: Looters recruiting 1 Empire Peasant
2026-01-09 01:19:34.904 -06:00 [INF] MERGING: Looters (8) -> Looters (9) [Naval: False]
2026-01-09 01:19:34.905 -06:00 [INF] Total Merges this battle: 1
2026-01-09 01:19:37.457 -06:00 [INF] MERGING: Looters (3) -> Looters (4) [Naval: False]
2026-01-09 01:19:37.457 -06:00 [INF] Total Merges this battle: 1
2026-01-09 01:19:37.622 -06:00 [INF] PressGang: Looters recruiting 1 Nord Peasant
2026-01-09 01:19:54.659 -06:00 [INF] PressGang: Grand Aserai Horde recruiting 1 Aserai Peasant
2026-01-09 01:19:54.660 -06:00 [INF] PressGang: Grand Aserai Horde recruiting 3 Aserai Recruit
2026-01-09 01:19:54.660 -06:00 [INF] PressGang: Grand Aserai Horde recruiting 1 Aserai Archer
2026-01-09 01:19:54.660 -06:00 [INF] PressGang: Grand Aserai Horde recruiting 1 Aserai Tribesman
2026-01-09 01:19:54.788 -06:00 [INF] PressGang: Grand Battania Horde recruiting 1 Battania Peasant
2026-01-09 01:19:54.789 -06:00 [INF] PressGang: Grand Battania Horde recruiting 2 Battanian Volunteer
2026-01-09 01:19:54.789 -06:00 [INF] PressGang: Grand Battania Horde recruiting 1 Battanian Skirmisher
2026-01-09 01:19:54.789 -06:00 [INF] PressGang: Grand Battania Horde recruiting 1 Battania Peasant
2026-01-09 01:20:02.410 -06:00 [INF] MERGING: Steppe Bandits (5) -> Steppe Bandits (12) [Naval: False]
2026-01-09 01:20:02.410 -06:00 [INF] Total Merges this battle: 1
2026-01-09 01:20:05.280 -06:00 [INF] MERGING: Looters (7) -> Looters (10) [Naval: False]
2026-01-09 01:20:05.282 -06:00 [INF] Total Merges this battle: 1
2026-01-09 01:20:05.498 -06:00 [INF] PressGang: Grand Empire Horde recruiting 1 Sword Sister
2026-01-09 01:20:05.498 -06:00 [INF] PressGang: Grand Empire Horde recruiting 1 Imperial Armed Trader
2026-01-09 01:20:05.498 -06:00 [INF] PressGang: Grand Empire Horde recruiting 1 Empire Peasant
2026-01-09 01:20:07.968 -06:00 [INF] PressGang: Desert Bandits recruiting 1 Aserai Peasant
2026-01-09 01:20:09.831 -06:00 [INF] PressGang: Desert Bandits recruiting 1 Aserai Peasant
2026-01-09 01:20:10.432 -06:00 [INF] PressGang: Grand Sea Raiders Horde recruiting 3 Vlandia Peasant
2026-01-09 01:20:10.780 -06:00 [INF] PressGang: Steppe Bandits recruiting 1 Empire Peasant
2026-01-09 01:20:10.831 -06:00 [INF] Daily Tick: Verifying Syndicate War State...
2026-01-09 01:20:10.831 -06:00 [INF] Checking staggered war declarations for Day Index: 0
2026-01-09 01:20:10.868 -06:00 [INF] MERGING: Deserters (15) -> Grand Looters Horde (24) [Naval: False]
2026-01-09 01:20:10.869 -06:00 [INF] Total Merges this battle: 1
2026-01-09 01:20:10.872 -06:00 [INF] PressGang: Grand Empire Horde recruiting 1 Empire Peasant
2026-01-09 01:20:11.398 -06:00 [INF] PressGang: Deserters recruiting 1 Battania Peasant
2026-01-09 01:20:11.803 -06:00 [INF] PressGang: Looters recruiting 1 Battania Peasant
2026-01-09 01:20:12.374 -06:00 [INF] PressGang: Looters recruiting 1 Imperial Recruit
2026-01-09 01:20:12.374 -06:00 [INF] PressGang: Looters recruiting 1 Empire Peasant
2026-01-09 01:20:12.642 -06:00 [INF] PressGang: Cadfin Blacktooth's Party recruiting 1 Aserai Tribesman
2026-01-09 01:20:12.642 -06:00 [INF] PressGang: Cadfin Blacktooth's Party recruiting 1 Aserai Mamluke Soldier
2026-01-09 01:20:16.250 -06:00 [INF] PressGang: Grand Looters Horde recruiting 1 Imperial Trained Infantryman
2026-01-09 01:20:21.095 -06:00 [INF] MERGING: Looters (6) -> Looters (17) [Naval: False]
2026-01-09 01:20:21.095 -06:00 [INF] Total Merges this battle: 1
2026-01-09 01:20:21.762 -06:00 [INF] PressGang: Grand Aserai Horde recruiting 1 Aserai Footman
2026-01-09 01:20:21.762 -06:00 [INF] PressGang: Grand Aserai Horde recruiting 1 Looter
2026-01-09 01:20:21.806 -06:00 [INF] PressGang: Grand Aserai Horde recruiting 1 Nomad Bandit
2026-01-09 01:20:21.806 -06:00 [INF] PressGang: Grand Aserai Horde recruiting 3 Aserai Recruit
2026-01-09 01:20:21.806 -06:00 [INF] PressGang: Grand Aserai Horde recruiting 1 Aserai Light Archer
2026-01-09 01:20:21.893 -06:00 [INF] PressGang: Grand Battania Horde recruiting 4 Battania Peasant
2026-01-09 01:20:21.893 -06:00 [INF] PressGang: Grand Battania Horde recruiting 1 Hillman
2026-01-09 01:20:21.893 -06:00 [INF] PressGang: Grand Battania Horde recruiting 2 Battanian Volunteer
2026-01-09 01:20:21.893 -06:00 [INF] PressGang: Grand Battania Horde recruiting 1 Battania Peasant
2026-01-09 01:20:21.937 -06:00 [INF] PressGang: Grand Battania Horde recruiting 2 Battanian Trained Warrior
2026-01-09 01:20:21.937 -06:00 [INF] PressGang: Grand Battania Horde recruiting 1 Battania Peasant
2026-01-09 01:20:22.288 -06:00 [INF] PressGang: Grand Vakken Horde recruiting 1 Looter
2026-01-09 01:20:23.758 -06:00 [INF] MERGING: Looters (7) -> Looters (7) [Naval: False]
2026-01-09 01:20:23.759 -06:00 [INF] Total Merges this battle: 1
2026-01-09 01:20:25.374 -06:00 [INF] PressGang: Grand Empire Horde recruiting 1 Imperial Caravan Guard
2026-01-09 01:20:25.375 -06:00 [INF] PressGang: Grand Empire Horde recruiting 1 Imperial Armed Trader
2026-01-09 01:20:26.679 -06:00 [INF] PressGang: Looters recruiting 1 Empire Peasant
2026-01-09 01:20:26.762 -06:00 [INF] PressGang: Forest Bandits recruiting 1 Nord Peasant
2026-01-09 01:20:27.932 -06:00 [INF] PressGang: Forest Bandits recruiting 1 Imperial Infantryman
2026-01-09 01:20:28.224 -06:00 [INF] PressGang: Looters recruiting 1 Empire Peasant
2026-01-09 01:20:28.225 -06:00 [INF] PressGang: Looters recruiting 1 Aserai Peasant
2026-01-09 01:20:28.770 -06:00 [INF] PressGang: Phirentos of the Hand's Party recruiting 4 Imperial Recruit
2026-01-09 01:20:29.814 -06:00 [INF] PressGang: Forest Bandits recruiting 1 Nord Peasant
2026-01-09 01:20:29.856 -06:00 [INF] PressGang: Grand Looters Horde recruiting 1 Sturgian Armed Convoy Trader
2026-01-09 01:20:30.062 -06:00 [INF] PressGang: Steppe Bandits recruiting 1 Khuzait Peasant
2026-01-09 01:20:30.148 -06:00 [INF] PressGang: Deserters recruiting 1 Aserai Peasant
2026-01-09 01:20:30.229 -06:00 [INF] MERGING: Looters (11) -> Looters (21) [Naval: False]
2026-01-09 01:20:30.231 -06:00 [INF] MERGING: Looters (10) -> Looters (32) [Naval: False]
2026-01-09 01:20:30.231 -06:00 [INF] Total Merges this battle: 2
2026-01-09 01:20:30.480 -06:00 [INF] PressGang: Grand Looters Horde recruiting 1 Imperial Convoy Guard
2026-01-09 01:20:30.819 -06:00 [INF] Daily Tick: Verifying Syndicate War State...
2026-01-09 01:20:30.819 -06:00 [INF] Checking staggered war declarations for Day Index: 1
2026-01-09 01:20:31.024 -06:00 [INF] PressGang: Deserters recruiting 1 Battania Peasant
2026-01-09 01:20:31.923 -06:00 [INF] MERGING: Looters (11) -> Mountain Bandits (18) [Naval: False]
2026-01-09 01:20:31.924 -06:00 [INF] MERGING: Looters (8) -> Mountain Bandits (29) [Naval: False]
2026-01-09 01:20:31.925 -06:00 [INF] Total Merges this battle: 2
2026-01-09 01:20:32.229 -06:00 [INF] PressGang: Looters recruiting 1 Empire Peasant
2026-01-09 01:20:32.400 -06:00 [INF] PressGang: Looters recruiting 1 Vlandian Recruit
2026-01-09 01:20:32.966 -06:00 [INF] PressGang: Vilmarand of the Brotherhood's Party recruiting 1 Hillman
2026-01-09 01:20:33.012 -06:00 [INF] PressGang: Sorji of the Karakhergit's Party recruiting 1 Khuzait Noble's Son
2026-01-09 01:20:38.819 -06:00 [INF] MERGING: Looters (6) -> Looters (9) [Naval: False]
2026-01-09 01:20:38.819 -06:00 [INF] Total Merges this battle: 1
2026-01-09 01:20:41.705 -06:00 [INF] PressGang: Grand Aserai Horde recruiting 1 Aserai Infantry
2026-01-09 01:20:41.705 -06:00 [INF] PressGang: Grand Aserai Horde recruiting 1 Aserai Veteran Sailor
2026-01-09 01:20:41.705 -06:00 [INF] PressGang: Grand Aserai Horde recruiting 1 Aserai Mamluke Axeman
2026-01-09 01:20:41.705 -06:00 [INF] PressGang: Grand Aserai Horde recruiting 3 Aserai Mamluke Soldier
2026-01-09 01:20:41.705 -06:00 [INF] PressGang: Grand Aserai Horde recruiting 1 Aserai Recruit
2026-01-09 01:20:41.705 -06:00 [INF] PressGang: Grand Aserai Horde recruiting 1 Aserai Archer
2026-01-09 01:20:41.705 -06:00 [INF] PressGang: Grand Aserai Horde recruiting 1 Aserai Light Archer
2026-01-09 01:20:41.705 -06:00 [INF] PressGang: Grand Aserai Horde recruiting 1 Aserai Footman
2026-01-09 01:20:41.705 -06:00 [INF] PressGang: Grand Aserai Horde recruiting 1 Aserai Mamluke Soldier
2026-01-09 01:20:41.705 -06:00 [INF] PressGang: Grand Aserai Horde recruiting 1 Aserai Youth
2026-01-09 01:20:41.705 -06:00 [INF] PressGang: Grand Aserai Horde recruiting 1 Aserai Mamluke Soldier
2026-01-09 01:20:41.705 -06:00 [INF] PressGang: Grand Aserai Horde recruiting 2 Aserai Recruit
2026-01-09 01:20:41.829 -06:00 [INF] PressGang: Grand Battania Horde recruiting 1 Battanian Fian
2026-01-09 01:20:41.829 -06:00 [INF] PressGang: Grand Battania Horde recruiting 2 Battania Peasant
2026-01-09 01:20:42.217 -06:00 [INF] PressGang: Grand Vakken Horde recruiting 1 Looter
2026-01-09 01:20:46.002 -06:00 [INF] PressGang: Grand Empire Horde recruiting 1 Looter
2026-01-09 01:20:46.287 -06:00 [INF] MERGING: Steppe Bandits (12) -> Looters (13) [Naval: False]
2026-01-09 01:20:46.287 -06:00 [INF] MERGING: Looters (9) -> Looters (25) [Naval: False]
2026-01-09 01:20:46.287 -06:00 [INF] Total Merges this battle: 2
2026-01-09 01:20:46.288 -06:00 [INF] PressGang: Grand Looters Horde recruiting 1 Empire Peasant
2026-01-09 01:20:46.330 -06:00 [INF] PressGang: Grand Looters Horde recruiting 1 Empire Peasant
2026-01-09 01:20:47.147 -06:00 [INF] PressGang: Desert Bandits recruiting 1 Aserai Peasant
2026-01-09 01:20:47.200 -06:00 [INF] PressGang: Grand Looters Horde recruiting 1 Imperial Cataphract
2026-01-09 01:20:48.059 -06:00 [INF] MERGING: Looters (11) -> Looters (15) [Naval: False]
2026-01-09 01:20:48.059 -06:00 [INF] Total Merges this battle: 1
2026-01-09 01:21:00.413 -06:00 [INF] PressGang: Grand Empire Horde recruiting 3 Imperial Recruit
2026-01-09 01:21:01.031 -06:00 [INF] MERGING: Looters (7) -> Looters (9) [Naval: False]
2026-01-09 01:21:01.032 -06:00 [INF] Total Merges this battle: 1
2026-01-09 01:21:01.032 -06:00 [INF] PressGang: Grand Looters Horde recruiting 1 Battanian Convoy Guard
2026-01-09 01:21:01.535 -06:00 [INF] PressGang: Steppe Bandits recruiting 1 Aserai Peasant
2026-01-09 01:21:01.738 -06:00 [INF] PressGang: Deserters recruiting 1 Aserai Mamluke Soldier
2026-01-09 01:22:41.511 -06:00 [INF] PressGang: Grand Looters Horde recruiting 1 Sturgia Peasant
2026-01-09 01:22:41.843 -06:00 [INF] PressGang: Grand Battania Horde recruiting 2 Battania Peasant
2026-01-09 01:22:42.226 -06:00 [INF] Daily Tick: Verifying Syndicate War State...
2026-01-09 01:22:42.226 -06:00 [INF] Checking staggered war declarations for Day Index: 2
2026-01-09 01:22:42.228 -06:00 [INF] Spawning Warlord: Thavin the Shark in Charas (Active: 2, Chance: 20.0%)
2026-01-09 01:22:42.786 -06:00 [INF] PressGang: Looters recruiting 1 Empire Peasant
2026-01-09 01:22:43.150 -06:00 [INF] MERGING: Looters (4) -> Looters (13) [Naval: False]
2026-01-09 01:22:43.150 -06:00 [INF] Total Merges this battle: 1
2026-01-09 01:22:43.801 -06:00 [INF] PressGang: Vilmarand of the Brotherhood's Party recruiting 3 Looter
2026-01-09 01:22:44.083 -06:00 [INF] MERGING: Sea Raiders (5) -> Sea Raiders (5) [Naval: True]
2026-01-09 01:22:44.083 -06:00 [INF] Total Merges this battle: 1
2026-01-09 01:22:45.890 -06:00 [INF] MERGING: Sea Raiders (12) -> Sea Raiders (15) [Naval: True]
2026-01-09 01:22:45.890 -06:00 [INF] Total Merges this battle: 1
2026-01-09 01:22:47.642 -06:00 [INF] PressGang: Grand Looters Horde recruiting 2 Imperial Shipmate
2026-01-09 01:22:47.642 -06:00 [INF] PressGang: Grand Looters Horde recruiting 1 Imperial Coast Guard
2026-01-09 01:22:53.020 -06:00 [INF] PressGang: Grand Aserai Horde recruiting 1 Aserai Mamluke Soldier
2026-01-09 01:22:53.020 -06:00 [INF] PressGang: Grand Aserai Horde recruiting 1 Aserai Tribesman
2026-01-09 01:22:53.020 -06:00 [INF] PressGang: Grand Aserai Horde recruiting 1 Aserai Light Archer
2026-01-09 01:22:53.020 -06:00 [INF] PressGang: Grand Aserai Horde recruiting 1 Aserai Tribesman
2026-01-09 01:22:53.063 -06:00 [INF] PressGang: Grand Aserai Horde recruiting 1 Aserai Mamluke Soldier
2026-01-09 01:22:53.063 -06:00 [INF] PressGang: Grand Aserai Horde recruiting 1 Aserai Recruit
2026-01-09 01:22:53.063 -06:00 [INF] PressGang: Grand Aserai Horde recruiting 1 Aserai Archer
2026-01-09 01:22:53.063 -06:00 [INF] PressGang: Grand Aserai Horde recruiting 1 Aserai Tribesman
2026-01-09 01:22:53.147 -06:00 [INF] PressGang: Grand Battania Horde recruiting 1 Highwayman
2026-01-09 01:22:53.148 -06:00 [INF] PressGang: Grand Battania Horde recruiting 1 Battanian Scout
2026-01-09 01:22:53.189 -06:00 [INF] PressGang: Grand Battania Horde recruiting 1 Battanian Scout
2026-01-09 01:22:53.572 -06:00 [INF] PressGang: Grand Vakken Horde recruiting 1 Sea Raider
2026-01-09 01:22:54.669 -06:00 [INF] MERGING: Looters (10) -> Looters (11) [Naval: False]
2026-01-09 01:22:54.669 -06:00 [INF] MERGING: Looters (6) -> Looters (21) [Naval: False]
2026-01-09 01:22:54.670 -06:00 [INF] Total Merges this battle: 2
2026-01-09 01:22:56.442 -06:00 [INF] MERGING: Looters (8) -> Looters (11) [Naval: False]
2026-01-09 01:22:56.443 -06:00 [INF] MERGING: Looters (3) -> Looters (19) [Naval: False]
2026-01-09 01:22:56.443 -06:00 [INF] Total Merges this battle: 2
2026-01-09 01:22:56.573 -06:00 [INF] PressGang: Grand Empire Horde recruiting 1 Imperial Armed Trader
2026-01-09 01:22:56.573 -06:00 [INF] PressGang: Grand Empire Horde recruiting 2 Empire Peasant
2026-01-09 01:22:56.868 -06:00 [INF] PressGang: Grand Corsairs Horde recruiting 1 Imperial Coast Guard
2026-01-09 01:22:58.140 -06:00 [INF] PressGang: Looters recruiting 1 Battania Peasant
2026-01-09 01:22:58.860 -06:00 [INF] PressGang: Forest Bandits recruiting 1 Imperial Infantryman
2026-01-09 01:22:59.623 -06:00 [INF] PressGang: Grand Empire Horde recruiting 3 Imperial Recruit
2026-01-09 01:23:00.681 -06:00 [INF] PressGang: Grand Looters Horde recruiting 1 Sturgian Convoy Guard
2026-01-09 01:23:00.854 -06:00 [INF] PressGang: Steppe Bandits recruiting 2 Khuzait Peasant
2026-01-09 01:23:00.898 -06:00 [INF] MERGING: Looters (6) -> Looters (8) [Naval: False]
2026-01-09 01:23:00.898 -06:00 [INF] Total Merges this battle: 1
2026-01-09 01:23:02.234 -06:00 [INF] Daily Tick: Verifying Syndicate War State...
2026-01-09 01:23:02.234 -06:00 [INF] Checking staggered war declarations for Day Index: 3
2026-01-09 01:23:02.397 -06:00 [INF] MERGING: Looters (1) -> Looters (10) [Naval: False]
2026-01-09 01:23:02.397 -06:00 [INF] Total Merges this battle: 1
2026-01-09 01:23:02.485 -06:00 [INF] MERGING: Mountain Bandits (7) -> Looters (12) [Naval: False]
2026-01-09 01:23:02.486 -06:00 [INF] Total Merges this battle: 1
2026-01-09 01:23:02.612 -06:00 [INF] PressGang: Cadfin Blacktooth's Party recruiting 1 Imperial Crossbowman
2026-01-09 01:23:02.697 -06:00 [INF] PressGang: Looters recruiting 1 Empire Peasant
2026-01-09 01:23:03.336 -06:00 [INF] PressGang: Vilmarand of the Brotherhood's Party recruiting 1 Looter
2026-01-09 01:23:03.640 -06:00 [INF] MERGING: Forest Bandits (7) -> Looters (16) [Naval: False]
2026-01-09 01:23:03.641 -06:00 [INF] Total Merges this battle: 1
2026-01-09 01:23:04.466 -06:00 [INF] PressGang: Thavin the Shark's Party recruiting 1 Looter
2026-01-09 01:23:04.508 -06:00 [INF] MERGING: Looters (10) -> Looters (14) [Naval: False]
2026-01-09 01:23:04.509 -06:00 [INF] Total Merges this battle: 1
2026-01-09 01:23:07.505 -06:00 [INF] PressGang: Grand Looters Horde recruiting 1 Imperial Veteran Archer
2026-01-09 01:23:07.506 -06:00 [INF] PressGang: Grand Looters Horde recruiting 1 Imperial Shipmate
2026-01-09 01:23:07.506 -06:00 [INF] PressGang: Grand Looters Horde recruiting 1 Imperial Coast Guard
2026-01-09 01:23:11.887 -06:00 [INF] MERGING: Steppe Bandits (18) -> Steppe Bandits (19) [Naval: False]
2026-01-09 01:23:11.889 -06:00 [INF] Total Merges this battle: 1
2026-01-09 01:23:12.910 -06:00 [INF] PressGang: Grand Aserai Horde recruiting 1 Aserai Recruit
2026-01-09 01:23:12.910 -06:00 [INF] PressGang: Grand Aserai Horde recruiting 1 Looter
2026-01-09 01:23:12.910 -06:00 [INF] PressGang: Grand Aserai Horde recruiting 1 Aserai Mamluke Axeman
2026-01-09 01:23:12.910 -06:00 [INF] PressGang: Grand Aserai Horde recruiting 1 Looter
2026-01-09 01:23:12.910 -06:00 [INF] PressGang: Grand Aserai Horde recruiting 1 Aserai Mamluke Axeman
2026-01-09 01:23:12.910 -06:00 [INF] PressGang: Grand Aserai Horde recruiting 1 Aserai Mamluke Soldier
2026-01-09 01:23:12.910 -06:00 [INF] PressGang: Grand Aserai Horde recruiting 4 Aserai Light Archer
2026-01-09 01:23:12.953 -06:00 [INF] PressGang: Grand Aserai Horde recruiting 1 Aserai Youth
2026-01-09 01:23:13.039 -06:00 [INF] PressGang: Grand Battania Horde recruiting 1 Hillman
2026-01-09 01:23:13.081 -06:00 [INF] PressGang: Grand Battania Horde recruiting 1 Battanian Highborn Youth
2026-01-09 01:23:13.081 -06:00 [INF] PressGang: Grand Battania Horde recruiting 1 Battanian Clan Warrior
2026-01-09 01:23:17.260 -06:00 [INF] PressGang: Looters recruiting 2 Nord Peasant
2026-01-09 01:23:17.261 -06:00 [INF] PressGang: Grand Looters Horde recruiting 1 Imperial Infantryman
2026-01-09 01:23:17.947 -06:00 [INF] PressGang: Looters recruiting 1 Battania Peasant
2026-01-09 01:23:18.029 -06:00 [INF] PressGang: Thera the Exile's Party recruiting 2 Empire Peasant
2026-01-09 01:23:18.029 -06:00 [INF] PressGang: Thera the Exile's Party recruiting 1 Looter
2026-01-09 01:23:19.345 -06:00 [INF] PressGang: Grand Empire Horde recruiting 2 Imperial Recruit
2026-01-09 01:23:20.437 -06:00 [INF] PressGang: Steppe Bandits recruiting 1 Aserai Peasant
2026-01-09 01:23:20.576 -06:00 [INF] PressGang: Grand Sea Raiders Horde recruiting 1 Vlandia Peasant
2026-01-09 01:23:21.161 -06:00 [INF] PressGang: Sea Raiders recruiting 1 Nord Peasant
2026-01-09 01:23:21.205 -06:00 [INF] PressGang: Steppe Bandits recruiting 1 Empire Peasant
2026-01-09 01:23:22.027 -06:00 [INF] PressGang: Looters recruiting 3 Empire Peasant
2026-01-09 01:23:22.252 -06:00 [INF] Daily Tick: Verifying Syndicate War State...
2026-01-09 01:23:22.252 -06:00 [INF] Checking staggered war declarations for Day Index: 4
2026-01-09 01:23:22.288 -06:00 [INF] PressGang: Cadfin Blacktooth's Party recruiting 1 Imperial Crossbowman
2026-01-09 01:23:22.289 -06:00 [INF] PressGang: Cadfin Blacktooth's Party recruiting 1 Looter
2026-01-09 01:23:22.373 -06:00 [INF] PressGang: Looters recruiting 1 Empire Peasant
2026-01-09 01:23:22.648 -06:00 [INF] Found 1 stuck Syndicate Warlords. Redeploying...
2026-01-09 01:23:22.947 -06:00 [INF] PressGang: Sorji of the Karakhergit's Party recruiting 1 Looter
2026-01-09 01:23:22.947 -06:00 [INF] PressGang: Sorji of the Karakhergit's Party recruiting 1 Khuzait Spearman
2026-01-09 01:23:22.947 -06:00 [INF] PressGang: Sorji of the Karakhergit's Party recruiting 2 Khuzait Nomad
2026-01-09 01:23:23.426 -06:00 [INF] PressGang: Davalan of the Karakhergit's Party recruiting 1 Khuzait Nomad
2026-01-09 01:23:23.479 -06:00 [INF] Found 1 stuck Syndicate Warlords. Redeploying...
2026-01-09 01:23:23.780 -06:00 [INF] PressGang: Looters recruiting 1 Empire Peasant
2026-01-09 01:23:24.348 -06:00 [INF] Found 1 stuck Syndicate Warlords. Redeploying...
2026-01-09 01:23:25.171 -06:00 [INF] Found 1 stuck Syndicate Warlords. Redeploying...
2026-01-09 01:23:25.171 -06:00 [INF] Redeploying The Warlord to Hideout...
2026-01-09 01:23:27.467 -06:00 [INF] PressGang: Grand Looters Horde recruiting 1 Imperial Shipmate
2026-01-09 01:23:29.341 -06:00 [INF] MERGING: Looters (13) -> Steppe Bandits (16) [Naval: False]
2026-01-09 01:23:29.342 -06:00 [INF] Total Merges this battle: 1
2026-01-09 01:23:32.980 -06:00 [INF] PressGang: Grand Battania Horde recruiting 1 Battania Peasant
2026-01-09 01:23:32.981 -06:00 [INF] PressGang: Grand Battania Horde recruiting 1 Battanian Hero
2026-01-09 01:23:32.981 -06:00 [INF] PressGang: Grand Battania Horde recruiting 1 Battania Peasant
2026-01-09 01:23:34.794 -06:00 [INF] MERGING: Looters (8) -> Looters (10) [Naval: False]
2026-01-09 01:23:34.795 -06:00 [INF] Total Merges this battle: 1
2026-01-09 01:23:58.279 -06:00 [INF] PressGang: Grand Looters Horde recruiting 1 Imperial Crossbowman
2026-01-09 01:23:58.937 -06:00 [INF] MERGING: Steppe Bandits (6) -> Looters (13) [Naval: False]
2026-01-09 01:23:58.938 -06:00 [INF] Total Merges this battle: 1
2026-01-09 01:23:58.980 -06:00 [INF] PressGang: Thera the Exile's Party recruiting 2 Empire Peasant
2026-01-09 01:24:00.294 -06:00 [INF] PressGang: Grand Empire Horde recruiting 2 Imperial Recruit
2026-01-09 01:24:00.339 -06:00 [INF] PressGang: Steppe Bandits recruiting 1 Empire Peasant
2026-01-09 01:24:00.822 -06:00 [INF] MERGING: Looters (12) -> Steppe Bandits (14) [Naval: False]
2026-01-09 01:24:00.822 -06:00 [INF] Total Merges this battle: 1
2026-01-09 01:24:01.589 -06:00 [INF] PressGang: Deserters recruiting 1 Aserai Peasant
2026-01-09 01:24:01.832 -06:00 [INF] PressGang: Grand Looters Horde recruiting 1 Sturgia Peasant
2026-01-09 01:24:02.986 -06:00 [INF] PressGang: Grand Looters Horde recruiting 1 Sturgia Peasant
2026-01-09 01:24:03.021 -06:00 [INF] PressGang: Corsairs recruiting 1 Aserai Peasant
2026-01-09 01:24:03.195 -06:00 [INF] PressGang: Looters recruiting 1 Empire Peasant
2026-01-09 01:24:03.373 -06:00 [INF] Daily Tick: Verifying Syndicate War State...
2026-01-09 01:24:03.373 -06:00 [INF] Checking staggered war declarations for Day Index: 5
2026-01-09 01:24:04.078 -06:00 [INF] PressGang: Looters recruiting 2 Empire Peasant
2026-01-09 01:24:04.209 -06:00 [INF] MERGING: Looters (14) -> Deserters (20) [Naval: False]
2026-01-09 01:24:04.209 -06:00 [INF] Total Merges this battle: 1
2026-01-09 01:24:04.479 -06:00 [INF] PressGang: Sea Raiders recruiting 1 Imperial Crossbowman
2026-01-09 01:24:04.479 -06:00 [INF] PressGang: Looters recruiting 2 Vlandia Peasant
2026-01-09 01:24:04.923 -06:00 [INF] PressGang: Steppe Bandits recruiting 1 Aserai Peasant
2026-01-09 01:24:05.584 -06:00 [INF] PressGang: Corsairs recruiting 1 Aserai Peasant
2026-01-09 01:24:06.924 -06:00 [INF] MERGING: Sea Raiders (9) -> Grand Sea Raiders Horde (43) [Naval: True]
2026-01-09 01:24:06.924 -06:00 [INF] Total Merges this battle: 1
2026-01-09 01:24:34.714 -06:00 [INF] PressGang: Grand Looters Horde recruiting 1 Empire Peasant
2026-01-09 01:24:35.627 -06:00 [INF] MERGING: Forest Bandits (9) -> Forest Bandits (19) [Naval: False]
2026-01-09 01:24:35.628 -06:00 [INF] MERGING: Forest Bandits (6) -> Forest Bandits (28) [Naval: False]
2026-01-09 01:24:35.629 -06:00 [INF] Total Merges this battle: 2
2026-01-09 01:24:36.740 -06:00 [INF] MERGING: Steppe Bandits (12) -> Deserters (22) [Naval: False]
2026-01-09 01:24:36.741 -06:00 [INF] Total Merges this battle: 1
2026-01-09 01:24:39.153 -06:00 [INF] MERGING: Looters (4) -> Looters (15) [Naval: False]
2026-01-09 01:24:39.154 -06:00 [INF] Total Merges this battle: 1
2026-01-09 01:24:40.290 -06:00 [INF] PressGang: Grand Battania Horde recruiting 1 Brigand
2026-01-09 01:24:40.291 -06:00 [INF] PressGang: Grand Battania Horde recruiting 1 Battanian Caravan Guard
2026-01-09 01:24:40.291 -06:00 [INF] PressGang: Grand Battania Horde recruiting 1 Battanian Armed Trader
2026-01-09 01:24:40.291 -06:00 [INF] PressGang: Grand Battania Horde recruiting 1 Battanian Clan Warrior
2026-01-09 01:24:44.159 -06:00 [INF] MERGING: Deserters (19) -> Deserters (22) [Naval: False]
2026-01-09 01:24:44.160 -06:00 [INF] Total Merges this battle: 1
2026-01-09 01:24:44.288 -06:00 [INF] MERGING: Looters (7) -> Looters (8) [Naval: False]
2026-01-09 01:24:44.289 -06:00 [INF] MERGING: Looters (7) -> Looters (15) [Naval: False]
2026-01-09 01:24:44.290 -06:00 [INF] Total Merges this battle: 2
2026-01-09 01:24:44.820 -06:00 [INF] PressGang: Looters recruiting 1 Nord Peasant
2026-01-09 01:24:45.049 -06:00 [INF] PressGang: Thera the Exile's Party recruiting 1 Empire Peasant
2026-01-09 01:24:46.339 -06:00 [INF] PressGang: Grand Empire Horde recruiting 1 Imperial Recruit
2026-01-09 01:24:46.339 -06:00 [INF] PressGang: Steppe Bandits recruiting 1 Empire Peasant
2026-01-09 01:24:46.901 -06:00 [INF] PressGang: Corsairs recruiting 1 Imperial Coast Guard
2026-01-09 01:24:47.506 -06:00 [INF] PressGang: Grand Sea Raiders Horde recruiting 1 Vlandia Peasant
2026-01-09 01:24:47.810 -06:00 [INF] PressGang: Grand Looters Horde recruiting 1 Sturgia Peasant
2026-01-09 01:24:49.061 -06:00 [INF] PressGang: Looters recruiting 1 Empire Peasant
2026-01-09 01:24:49.579 -06:00 [INF] PressGang: Grand Khuzait Horde recruiting 1 Looter
2026-01-09 01:24:49.579 -06:00 [INF] PressGang: Grand Khuzait Horde recruiting 2 Khuzait Tribal Warrior
2026-01-09 01:24:49.579 -06:00 [INF] PressGang: Grand Khuzait Horde recruiting 1 Khuzait Nomad
2026-01-09 01:24:49.579 -06:00 [INF] PressGang: Grand Khuzait Horde recruiting 1 Khuzait Qanqli
2026-01-09 01:24:49.579 -06:00 [INF] PressGang: Grand Khuzait Horde recruiting 1 Marauder
2026-01-09 01:24:49.626 -06:00 [INF] Daily Tick: Verifying Syndicate War State...
2026-01-09 01:24:49.626 -06:00 [INF] Checking staggered war declarations for Day Index: 0
2026-01-09 01:24:50.269 -06:00 [INF] PressGang: Sea Raiders recruiting 1 Imperial Crossbowman
2026-01-09 01:24:51.278 -06:00 [INF] PressGang: Alek of the Lake Rats' Party recruiting 1 Sturgian Armed Trader
2026-01-09 01:24:51.754 -06:00 [INF] PressGang: Deserters recruiting 1 Khuzait Peasant
2026-01-09 01:24:52.235 -06:00 [INF] MERGING: Looters (3) -> Looters (8) [Naval: False]
2026-01-09 01:24:52.235 -06:00 [INF] Total Merges this battle: 1
2026-01-09 01:25:05.574 -06:00 [INF] MERGING: Looters (15) -> Looters (16) [Naval: False]
2026-01-09 01:25:05.575 -06:00 [INF] Total Merges this battle: 1
2026-01-09 01:27:04.380 -06:00 [INF] MERGING: Desert Bandits (12) -> Desert Bandits (13) [Naval: False]
2026-01-09 01:27:04.380 -06:00 [INF] Total Merges this battle: 1
2026-01-09 01:27:04.470 -06:00 [INF] MERGING: Looters (9) -> Looters (12) [Naval: False]
2026-01-09 01:27:04.471 -06:00 [INF] Total Merges this battle: 1
2026-01-09 01:27:06.303 -06:00 [INF] MERGING: Looters (1) -> Looters (8) [Naval: False]
2026-01-09 01:27:06.303 -06:00 [INF] Total Merges this battle: 1
2026-01-09 01:27:06.430 -06:00 [INF] PressGang: Grand Battania Horde recruiting 4 Battanian Veteran Caravan Guard
2026-01-09 01:27:06.430 -06:00 [INF] PressGang: Grand Battania Horde recruiting 1 Battanian Armed Trader
2026-01-09 01:27:06.430 -06:00 [INF] PressGang: Grand Battania Horde recruiting 1 Battanian Clan Warrior (Rank 1)
2026-01-09 01:27:06.430 -06:00 [INF] PressGang: Grand Battania Horde recruiting 1 Battanian Wood Runner
2026-01-09 01:27:06.430 -06:00 [INF] PressGang: Grand Battania Horde recruiting 1 Battanian Highborn Youth
2026-01-09 01:27:06.430 -06:00 [INF] PressGang: Grand Battania Horde recruiting 1 Battania Peasant
2026-01-09 01:27:06.430 -06:00 [INF] PressGang: Grand Battania Horde recruiting 1 Battanian Caravan Guard
2026-01-09 01:27:06.430 -06:00 [INF] PressGang: Grand Battania Horde recruiting 1 Battanian Armed Trader
2026-01-09 01:27:06.430 -06:00 [INF] PressGang: Grand Battania Horde recruiting 1 Battanian Wood Runner
2026-01-09 01:27:06.430 -06:00 [INF] PressGang: Grand Battania Horde recruiting 1 Battanian Hero
2026-01-09 01:27:06.430 -06:00 [INF] PressGang: Grand Battania Horde recruiting 1 Battanian Volunteer
2026-01-09 01:27:07.153 -06:00 [INF] MERGING: Forest Bandits (10) -> Forest Bandits (22) [Naval: False]
2026-01-09 01:27:07.153 -06:00 [INF] Total Merges this battle: 1
2026-01-09 01:27:09.924 -06:00 [INF] PressGang: Grand Corsairs Horde recruiting 1 Empire Peasant
2026-01-09 01:27:10.402 -06:00 [INF] PressGang: Looters recruiting 1 Nord Peasant
2026-01-09 01:27:10.456 -06:00 [INF] PressGang: Grand Looters Horde recruiting 1 Imperial Infantryman
2026-01-09 01:27:10.973 -06:00 [INF] PressGang: Looters recruiting 1 Battania Peasant
2026-01-09 01:27:11.065 -06:00 [INF] PressGang: Thera the Exile's Party recruiting 11 Imperial Recruit
2026-01-09 01:27:12.294 -06:00 [INF] PressGang: Grand Empire Horde recruiting 2 Imperial Recruit
2026-01-09 01:27:12.338 -06:00 [INF] PressGang: Steppe Bandits recruiting 2 Empire Peasant
2026-01-09 01:27:12.808 -06:00 [INF] PressGang: Grand Corsairs Horde recruiting 1 Imperial Legionary
2026-01-09 01:27:12.808 -06:00 [INF] PressGang: Grand Corsairs Horde recruiting 1 Imperial Shipmate
2026-01-09 01:27:12.808 -06:00 [INF] PressGang: Grand Corsairs Horde recruiting 1 Imperial Trained Infantryman
2026-01-09 01:27:12.808 -06:00 [INF] PressGang: Grand Corsairs Horde recruiting 1 Empire Peasant
2026-01-09 01:27:13.324 -06:00 [INF] PressGang: Steppe Bandits recruiting 1 Khuzait Peasant
2026-01-09 01:27:13.371 -06:00 [INF] PressGang: Grand Sea Raiders Horde recruiting 3 Vlandia Peasant
2026-01-09 01:27:13.419 -06:00 [INF] PressGang: Deserters recruiting 1 Aserai Peasant
2026-01-09 01:27:13.889 -06:00 [INF] PressGang: Steppe Bandits recruiting 3 Empire Peasant
2026-01-09 01:27:13.890 -06:00 [INF] PressGang: Steppe Bandits recruiting 1 Aserai Peasant
2026-01-09 01:27:14.829 -06:00 [INF] PressGang: Grand Empire Horde recruiting 1 Looter
2026-01-09 01:27:14.923 -06:00 [INF] MERGING: Looters (9) -> Looters (17) [Naval: False]
2026-01-09 01:27:14.924 -06:00 [INF] Total Merges this battle: 1
2026-01-09 01:27:14.926 -06:00 [INF] PressGang: Forest Bandits recruiting 1 Nord Peasant
2026-01-09 01:27:15.905 -06:00 [INF] Daily Tick: Verifying Syndicate War State...
2026-01-09 01:27:15.905 -06:00 [INF] Checking staggered war declarations for Day Index: 1
2026-01-09 01:27:15.994 -06:00 [INF] PressGang: Looters recruiting 1 Empire Peasant
2026-01-09 01:27:16.042 -06:00 [INF] PressGang: Sea Raiders recruiting 1 Empire Peasant
2026-01-09 01:27:16.042 -06:00 [INF] PressGang: Sea Raiders recruiting 1 Imperial Infantryman
2026-01-09 01:27:16.913 -06:00 [INF] PressGang: Alek of the Lake Rats' Party recruiting 1 Sturgian Veteran Caravan Guard
2026-01-09 01:27:16.913 -06:00 [INF] PressGang: Alek of the Lake Rats' Party recruiting 1 Sturgian Armed Trader
2026-01-09 01:27:17.791 -06:00 [INF] PressGang: Forest Bandits recruiting 1 Empire Peasant
2026-01-09 01:27:18.350 -06:00 [INF] PressGang: Sea Raiders recruiting 1 Sturgia Peasant
2026-01-09 01:27:19.476 -06:00 [INF] MERGING: Looters (8) -> Looters (12) [Naval: False]
2026-01-09 01:27:19.478 -06:00 [INF] MERGING: Looters (8) -> Looters (20) [Naval: False]
2026-01-09 01:27:19.478 -06:00 [INF] Total Merges this battle: 2
2026-01-09 01:27:19.806 -06:00 [INF] MERGING: Looters (16) -> Looters (16) [Naval: False]
2026-01-09 01:27:19.807 -06:00 [INF] MERGING: Looters (8) -> Looters (32) [Naval: False]
2026-01-09 01:27:19.807 -06:00 [INF] Total Merges this battle: 2
2026-01-09 01:27:20.229 -06:00 [INF] PressGang: Desert Bandits recruiting 1 Aserai Peasant
2026-01-09 01:27:20.412 -06:00 [INF] PressGang: Steppe Bandits recruiting 1 Khuzait Peasant
2026-01-09 01:27:20.930 -06:00 [INF] PressGang: Grand Looters Horde recruiting 2 Imperial Shipmate
2026-01-09 01:27:22.049 -06:00 [INF] MERGING: Looters (9) -> Looters (13) [Naval: False]
2026-01-09 01:27:22.050 -06:00 [INF] MERGING: Looters (7) -> Looters (22) [Naval: False]
2026-01-09 01:27:22.050 -06:00 [INF] MERGING: Mountain Bandits (7) -> Looters (29) [Naval: False]
2026-01-09 01:27:22.051 -06:00 [INF] Total Merges this battle: 3
2026-01-09 01:27:26.462 -06:00 [INF] PressGang: Grand Battania Horde recruiting 1 Battanian Veteran Caravan Guard
2026-01-09 01:27:26.462 -06:00 [INF] PressGang: Grand Battania Horde recruiting 1 Battanian Caravan Guard
2026-01-09 01:27:26.463 -06:00 [INF] PressGang: Grand Battania Horde recruiting 1 Battanian Armed Trader
2026-01-09 01:27:26.463 -06:00 [INF] PressGang: Grand Battania Horde recruiting 1 Battanian Wood Runner
2026-01-09 01:27:26.463 -06:00 [INF] PressGang: Grand Battania Horde recruiting 2 Battanian Hero
2026-01-09 01:27:28.254 -06:00 [INF] MERGING: Looters (13) -> Forest Bandits (16) [Naval: False]
2026-01-09 01:27:28.255 -06:00 [INF] Total Merges this battle: 1
2026-01-09 01:27:28.426 -06:00 [INF] MERGING: Looters (10) -> Looters (12) [Naval: False]
2026-01-09 01:27:28.426 -06:00 [INF] Total Merges this battle: 1
2026-01-09 01:27:30.351 -06:00 [INF] PressGang: Looters recruiting 1 Nord Peasant
2026-01-09 01:27:30.938 -06:00 [INF] PressGang: Looters recruiting 1 Battania Peasant
2026-01-09 01:27:30.983 -06:00 [INF] PressGang: Grand Empire Horde recruiting 13 Imperial Recruit
2026-01-09 01:27:31.073 -06:00 [INF] PressGang: Steppe Bandits recruiting 1 Khuzait Peasant
2026-01-09 01:27:32.154 -06:00 [INF] PressGang: Looters recruiting 1 Nord Peasant
2026-01-09 01:27:32.185 -06:00 [INF] PressGang: Grand Empire Horde recruiting 2 Imperial Recruit
2026-01-09 01:27:32.680 -06:00 [INF] PressGang: Grand Corsairs Horde recruiting 1 Imperial Coast Guard
2026-01-09 01:27:32.680 -06:00 [INF] PressGang: Grand Corsairs Horde recruiting 1 Imperial Naute
2026-01-09 01:27:41.763 -06:00 [INF] PressGang: Grand Battania Horde recruiting 1 Chosen Wolf
2026-01-09 01:27:42.143 -06:00 [INF] MERGING: Looters (15) -> Grand Looters Horde (40) [Naval: False]
2026-01-09 01:27:42.144 -06:00 [INF] Total Merges this battle: 1
2026-01-09 01:27:42.699 -06:00 [INF] PressGang: Grand Empire Horde recruiting 2 Empire Peasant
2026-01-09 01:27:42.899 -06:00 [INF] PressGang: Grand Corsairs Horde recruiting 2 Aserai Peasant
2026-01-09 01:27:43.110 -06:00 [INF] PressGang: Looters recruiting 1 Empire Peasant
2026-01-09 01:27:43.110 -06:00 [INF] PressGang: Forest Bandits recruiting 1 Nord Peasant
2026-01-09 01:27:43.791 -06:00 [INF] PressGang: Looters recruiting 1 Empire Peasant
2026-01-09 01:27:43.834 -06:00 [INF] PressGang: Sea Raiders recruiting 1 Empire Peasant
2026-01-09 01:27:43.834 -06:00 [INF] PressGang: Sea Raiders recruiting 1 Imperial Equite
2026-01-09 01:27:43.964 -06:00 [INF] Daily Tick: Verifying Syndicate War State...
2026-01-09 01:27:43.964 -06:00 [INF] Checking staggered war declarations for Day Index: 2
2026-01-09 01:27:44.470 -06:00 [INF] PressGang: Steppe Bandits recruiting 1 Khuzait Peasant
2026-01-09 01:27:45.025 -06:00 [INF] PressGang: Corsairs recruiting 1 Imperial Coast Guard
2026-01-09 01:27:45.026 -06:00 [INF] PressGang: Corsairs recruiting 1 Imperial Trained Infantryman
2026-01-09 01:27:45.712 -06:00 [INF] PressGang: Looters recruiting 1 Empire Peasant
2026-01-09 01:27:49.911 -06:00 [INF] MERGING: Looters (12) -> Steppe Bandits (23) [Naval: False]
2026-01-09 01:27:49.911 -06:00 [INF] Total Merges this battle: 1
2026-01-09 01:27:52.932 -06:00 [INF] MERGING: Looters (11) -> Steppe Bandits (16) [Naval: False]
2026-01-09 01:27:52.932 -06:00 [INF] Total Merges this battle: 1
2026-01-09 01:27:58.588 -06:00 [INF] MERGING: Looters (11) -> Looters (14) [Naval: False]
2026-01-09 01:27:58.588 -06:00 [INF] MERGING: Looters (10) -> Looters (25) [Naval: False]
2026-01-09 01:27:58.590 -06:00 [INF] Total Merges this battle: 2
2026-01-09 01:27:59.620 -06:00 [INF] PressGang: Grand Battania Horde recruiting 1 Battanian Armed Trader
2026-01-09 01:27:59.621 -06:00 [INF] PressGang: Grand Battania Horde recruiting 1 Sword Sister
2026-01-09 01:27:59.621 -06:00 [INF] PressGang: Grand Battania Horde recruiting 2 Battanian Trained Warrior
2026-01-09 01:27:59.621 -06:00 [INF] PressGang: Grand Battania Horde recruiting 1 Brigand
2026-01-09 01:27:59.621 -06:00 [INF] PressGang: Grand Battania Horde recruiting 1 Battania Peasant
2026-01-09 01:27:59.621 -06:00 [INF] PressGang: Grand Battania Horde recruiting 1 Sisterhood Follower
2026-01-09 01:27:59.621 -06:00 [INF] PressGang: Grand Battania Horde recruiting 1 Hired Spear
2026-01-09 01:27:59.621 -06:00 [INF] PressGang: Grand Battania Horde recruiting 1 Battanian Clan Warrior
2026-01-09 01:27:59.621 -06:00 [INF] PressGang: Grand Battania Horde recruiting 2 Battanian Volunteer
2026-01-09 01:28:01.359 -06:00 [INF] MERGING: Looters (8) -> Looters (28) [Naval: False]
2026-01-09 01:28:01.360 -06:00 [INF] Total Merges this battle: 1
2026-01-09 01:28:01.573 -06:00 [INF] MERGING: Looters (8) -> Looters (12) [Naval: False]
2026-01-09 01:28:01.574 -06:00 [INF] Total Merges this battle: 1
2026-01-09 01:28:02.596 -06:00 [INF] MERGING: Steppe Bandits (9) -> Steppe Bandits (19) [Naval: False]
2026-01-09 01:28:02.596 -06:00 [INF] Total Merges this battle: 1
2026-01-09 01:28:03.538 -06:00 [INF] PressGang: Forest Bandits recruiting 1 Empire Peasant
2026-01-09 01:28:04.098 -06:00 [INF] PressGang: Grand Empire Horde recruiting 4 Imperial Recruit
2026-01-09 01:28:05.447 -06:00 [INF] PressGang: Looters recruiting 1 Vlandia Peasant
2026-01-09 01:28:05.664 -06:00 [INF] PressGang: Grand Corsairs Horde recruiting 1 Imperial Coast Guard
2026-01-09 01:28:06.051 -06:00 [INF] PressGang: Steppe Bandits recruiting 2 Empire Peasant
2026-01-09 01:28:06.661 -06:00 [INF] PressGang: Steppe Bandits recruiting 1 Empire Peasant
2026-01-09 01:28:06.748 -06:00 [INF] MERGING: Steppe Bandits (4) -> Steppe Bandits (6) [Naval: False]
2026-01-09 01:28:06.749 -06:00 [INF] Total Merges this battle: 1
2026-01-09 01:28:07.896 -06:00 [INF] PressGang: Looters recruiting 1 Empire Peasant
2026-01-09 01:28:08.378 -06:00 [INF] PressGang: Grand Khuzait Horde recruiting 1 Khuzait Raider
2026-01-09 01:28:08.378 -06:00 [INF] PressGang: Grand Khuzait Horde recruiting 1 Khuzait Peasant
2026-01-09 01:28:08.640 -06:00 [INF] PressGang: Sea Raiders recruiting 1 Imperial Heavy Horseman
2026-01-09 01:28:17.865 -06:00 [INF] PressGang: Steppe Bandits recruiting 1 Aserai Peasant
2026-01-09 01:28:18.001 -06:00 [INF] Daily Tick: Verifying Syndicate War State...
2026-01-09 01:28:18.001 -06:00 [INF] Checking staggered war declarations for Day Index: 3
2026-01-09 01:28:18.274 -06:00 [INF] PressGang: Looters recruiting 2 Aserai Peasant
2026-01-09 01:28:18.559 -06:00 [INF] PressGang: Looters recruiting 1 Empire Peasant
2026-01-09 01:28:18.791 -06:00 [INF] MERGING: Forest Bandits (12) -> Mountain Bandits (21) [Naval: False]
2026-01-09 01:28:18.792 -06:00 [INF] Total Merges this battle: 1
2026-01-09 01:28:18.794 -06:00 [INF] PressGang: Looters recruiting 1 Empire Peasant
2026-01-09 01:28:18.914 -06:00 [INF] PressGang: Forest Bandits recruiting 1 Nord Peasant
2026-01-09 01:28:19.827 -06:00 [INF] PressGang: Sea Raiders recruiting 2 Vlandia Peasant
2026-01-09 01:28:20.066 -06:00 [INF] PressGang: Kavyl of the Lake Rats' Party recruiting 2 Sturgian Caravan Guard
2026-01-09 01:28:20.066 -06:00 [INF] PressGang: Kavyl of the Lake Rats' Party recruiting 2 Sturgian Armed Trader
2026-01-09 01:28:21.795 -06:00 [INF] MERGING: Looters (15) -> Looters (15) [Naval: False]
2026-01-09 01:28:21.796 -06:00 [INF] MERGING: Forest Bandits (15) -> Looters (30) [Naval: False]
2026-01-09 01:28:21.796 -06:00 [INF] Total Merges this battle: 2
2026-01-09 01:28:22.668 -06:00 [INF] PressGang: Steppe Bandits recruiting 2 Khuzait Peasant
2026-01-09 01:28:23.723 -06:00 [INF] MERGING: Looters (11) -> Looters (16) [Naval: False]
2026-01-09 01:28:23.723 -06:00 [INF] Total Merges this battle: 1
2026-01-09 01:28:28.579 -06:00 [INF] PressGang: Grand Battania Horde recruiting 1 Battanian Armed Trader
2026-01-09 01:28:28.579 -06:00 [INF] PressGang: Grand Battania Horde recruiting 1 Battanian Fian
2026-01-09 01:28:28.579 -06:00 [INF] PressGang: Grand Battania Horde recruiting 1 Battanian Skirmisher
2026-01-09 01:28:28.579 -06:00 [INF] PressGang: Grand Battania Horde recruiting 1 Battanian Volunteer
2026-01-09 01:28:28.579 -06:00 [INF] PressGang: Grand Battania Horde recruiting 3 Battanian Trained Warrior
2026-01-09 01:28:28.580 -06:00 [INF] PressGang: Grand Battania Horde recruiting 1 Battanian Highborn Youth
2026-01-09 01:28:28.580 -06:00 [INF] PressGang: Grand Battania Horde recruiting 1 Battanian River Raider
2026-01-09 01:28:28.580 -06:00 [INF] PressGang: Grand Battania Horde recruiting 1 Battanian Wood Runner
2026-01-09 01:28:28.580 -06:00 [INF] PressGang: Grand Battania Horde recruiting 1 Battanian Skirmisher
2026-01-09 01:28:28.580 -06:00 [INF] PressGang: Grand Battania Horde recruiting 1 Battanian Highborn Warrior
2026-01-09 01:28:32.083 -06:00 [INF] MERGING: Looters (11) -> Deserters (14) [Naval: False]
2026-01-09 01:28:32.083 -06:00 [INF] Total Merges this battle: 1
2026-01-09 01:28:32.872 -06:00 [INF] PressGang: Grand Empire Horde recruiting 4 Imperial Recruit
2026-01-09 01:28:32.959 -06:00 [INF] PressGang: Steppe Bandits recruiting 1 Khuzait Peasant
2026-01-09 01:28:33.878 -06:00 [INF] PressGang: Looters recruiting 1 Nord Peasant
2026-01-09 01:28:33.922 -06:00 [INF] PressGang: Steppe Bandits recruiting 1 Empire Peasant
2026-01-09 01:28:34.139 -06:00 [INF] PressGang: Looters recruiting 1 Vlandia Peasant
2026-01-09 01:28:34.581 -06:00 [INF] PressGang: Sea Raiders recruiting 1 Nord Warrior
2026-01-09 01:28:34.581 -06:00 [INF] PressGang: Sea Raiders recruiting 1 Nord Hearthguard
2026-01-09 01:28:34.626 -06:00 [INF] PressGang: Forest Bandits recruiting 1 Nord Peasant
2026-01-09 01:28:35.906 -06:00 [INF] PressGang: Grand Looters Horde recruiting 1 Empire Peasant
2026-01-09 01:28:36.085 -06:00 [INF] PressGang: Grand Empire Horde recruiting 1 Looter
2026-01-09 01:28:36.129 -06:00 [INF] PressGang: Looters recruiting 1 Empire Peasant
2026-01-09 01:28:36.312 -06:00 [INF] PressGang: Grand Corsairs Horde recruiting 1 Aserai Peasant
2026-01-09 01:28:36.776 -06:00 [INF] PressGang: Looters recruiting 1 Empire Peasant
2026-01-09 01:28:36.809 -06:00 [INF] PressGang: Grand Khuzait Horde recruiting 1 Khuzait Peasant
2026-01-09 01:28:36.854 -06:00 [INF] PressGang: Corsairs recruiting 1 Imperial Coast Guard
2026-01-09 01:28:36.854 -06:00 [INF] PressGang: Corsairs recruiting 1 Imperial Naute
2026-01-09 01:28:37.037 -06:00 [INF] PressGang: Looters recruiting 1 Empire Peasant
2026-01-09 01:28:37.172 -06:00 [INF] MERGING: Looters (13) -> Looters (14) [Naval: False]
2026-01-09 01:28:37.173 -06:00 [INF] MERGING: Looters (8) -> Looters (27) [Naval: False]
2026-01-09 01:28:37.173 -06:00 [INF] Total Merges this battle: 2
2026-01-09 01:28:37.491 -06:00 [INF] PressGang: Grand Looters Horde recruiting 1 Khuzait Peasant
2026-01-09 01:28:37.678 -06:00 [INF] PressGang: Steppe Bandits recruiting 1 Khuzait Peasant
2026-01-09 01:28:38.034 -06:00 [INF] Daily Tick: Verifying Syndicate War State...
2026-01-09 01:28:38.034 -06:00 [INF] Checking staggered war declarations for Day Index: 4
2026-01-09 01:28:38.119 -06:00 [INF] PressGang: Grand Corsairs Horde recruiting 1 Imperial Shipmate
2026-01-09 01:28:39.281 -06:00 [INF] PressGang: Looters recruiting 2 Nord Peasant
2026-01-09 01:28:39.281 -06:00 [INF] PressGang: Looters recruiting 1 Empire Peasant
2026-01-09 01:28:39.447 -06:00 [INF] PressGang: Grand Sturgia Horde recruiting 2 Sturgian Caravan Guard
2026-01-09 01:28:39.447 -06:00 [INF] PressGang: Grand Sturgia Horde recruiting 1 Sturgian Armed Trader
2026-01-09 01:28:39.536 -06:00 [INF] MERGING: Mountain Bandits (14) -> Looters (15) [Naval: False]
2026-01-09 01:28:39.537 -06:00 [INF] MERGING: Looters (12) -> Looters (29) [Naval: False]
2026-01-09 01:28:39.537 -06:00 [INF] Total Merges this battle: 2
2026-01-09 01:28:39.988 -06:00 [INF] PressGang: Sea Raiders recruiting 1 Imperial Legionary
2026-01-09 01:28:39.988 -06:00 [INF] PressGang: Sea Raiders recruiting 1 Imperial Shipmate
2026-01-09 01:28:39.988 -06:00 [INF] PressGang: Sea Raiders recruiting 1 Imperial Trained Infantryman
2026-01-09 01:28:43.343 -06:00 [INF] MERGING: Looters (14) -> Deserters (37) [Naval: False]
2026-01-09 01:28:43.344 -06:00 [INF] Total Merges this battle: 1
2026-01-09 01:28:44.378 -06:00 [INF] MERGING: Looters (12) -> Steppe Bandits (21) [Naval: False]
2026-01-09 01:28:44.379 -06:00 [INF] Total Merges this battle: 1
2026-01-09 01:28:48.338 -06:00 [INF] PressGang: Grand Battania Horde recruiting 1 Hired Elite Pike
2026-01-09 01:28:48.338 -06:00 [INF] PressGang: Grand Battania Horde recruiting 1 Sisterhood Follower
2026-01-09 01:28:48.338 -06:00 [INF] PressGang: Grand Battania Horde recruiting 2 Battanian Picked Warrior
2026-01-09 01:28:48.338 -06:00 [INF] PressGang: Grand Battania Horde recruiting 2 Battanian Volunteer
2026-01-09 01:28:48.338 -06:00 [INF] PressGang: Grand Battania Horde recruiting 2 Battanian Trained Warrior
2026-01-09 01:28:48.379 -06:00 [INF] PressGang: Grand Battania Horde recruiting 1 Battanian Highborn Youth
2026-01-09 01:28:48.379 -06:00 [INF] PressGang: Grand Battania Horde recruiting 1 Battania Peasant
2026-01-09 01:28:48.379 -06:00 [INF] PressGang: Grand Battania Horde recruiting 1 Sisterhood Follower
2026-01-09 01:28:52.651 -06:00 [INF] PressGang: Grand Empire Horde recruiting 3 Imperial Recruit
2026-01-09 01:28:53.288 -06:00 [INF] PressGang: Looters recruiting 1 Empire Peasant
2026-01-09 01:28:53.987 -06:00 [INF] PressGang: Looters recruiting 1 Empire Peasant
2026-01-09 01:28:54.351 -06:00 [INF] PressGang: Steppe Bandits recruiting 1 Empire Peasant
2026-01-09 01:28:54.487 -06:00 [INF] PressGang: Desert Bandits recruiting 1 Aserai Peasant
2026-01-09 01:30:49.372 -06:00 [INF] PressGang: Grand Looters Horde recruiting 1 Aserai Peasant
2026-01-09 01:30:49.645 -06:00 [INF] PressGang: Grand Khuzait Horde recruiting 2 Marauder
2026-01-09 01:30:50.059 -06:00 [INF] MERGING: Forest Bandits (6) -> Looters (8) [Naval: False]
2026-01-09 01:30:50.059 -06:00 [INF] MERGING: Looters (4) -> Looters (14) [Naval: False]
2026-01-09 01:30:50.059 -06:00 [INF] Total Merges this battle: 2
2026-01-09 01:30:50.285 -06:00 [INF] PressGang: Grand Looters Horde recruiting 1 Khuzait Peasant
2026-01-09 01:30:50.420 -06:00 [INF] PressGang: Steppe Bandits recruiting 2 Khuzait Peasant
2026-01-09 01:30:50.605 -06:00 [INF] PressGang: Grand Corsairs Horde recruiting 1 Empire Peasant
2026-01-09 01:30:50.649 -06:00 [INF] PressGang: The Warlord's Party recruiting 1 Imperial Infantryman
2026-01-09 01:30:50.752 -06:00 [INF] PressGang: Looters recruiting 1 Khuzait Peasant
2026-01-09 01:30:50.783 -06:00 [INF] PressGang: Looters recruiting 1 Empire Peasant
2026-01-09 01:30:51.182 -06:00 [INF] Daily Tick: Verifying Syndicate War State...
2026-01-09 01:30:51.182 -06:00 [INF] Checking staggered war declarations for Day Index: 5
2026-01-09 01:30:51.223 -06:00 [INF] PressGang: Forest Bandits recruiting 1 Empire Peasant
2026-01-09 01:30:51.528 -06:00 [INF] MERGING: Looters (19) -> Forest Bandits (20) [Naval: False]
2026-01-09 01:30:51.528 -06:00 [INF] MERGING: Looters (8) -> Forest Bandits (39) [Naval: False]
2026-01-09 01:30:51.528 -06:00 [INF] Total Merges this battle: 2
2026-01-09 01:30:51.615 -06:00 [INF] PressGang: Thucasys of the Hand's Party recruiting 1 Empire Peasant
2026-01-09 01:30:52.007 -06:00 [INF] MERGING: Looters (5) -> Looters (7) [Naval: False]
2026-01-09 01:30:52.008 -06:00 [INF] Total Merges this battle: 1
2026-01-09 01:30:52.096 -06:00 [INF] PressGang: Grand Sturgia Horde recruiting 1 Sturgian Armed Trader
2026-01-09 01:30:52.096 -06:00 [INF] PressGang: Grand Sturgia Horde recruiting 2 Sturgian Caravan Guard
2026-01-09 01:30:52.096 -06:00 [INF] PressGang: Grand Sturgia Horde recruiting 1 Sturgian Armed Trader
2026-01-09 01:30:52.845 -06:00 [INF] PressGang: Looters recruiting 1 Empire Peasant
2026-01-09 01:30:53.161 -06:00 [INF] PressGang: Sorji of the Karakhergit's Party recruiting 28 Khuzait Nomad
2026-01-09 01:30:53.161 -06:00 [INF] PressGang: Sea Raiders recruiting 3 Sturgian Convoy Guard
2026-01-09 01:30:53.161 -06:00 [INF] PressGang: Sea Raiders recruiting 1 Sturgian Armed Convoy Trader
2026-01-09 01:30:54.029 -06:00 [INF] MERGING: Looters (9) -> Looters (16) [Naval: False]
2026-01-09 01:30:54.030 -06:00 [INF] MERGING: Looters (8) -> Looters (25) [Naval: False]
2026-01-09 01:30:54.030 -06:00 [INF] Total Merges this battle: 2
2026-01-09 01:30:56.149 -06:00 [INF] PressGang: Corsairs recruiting 1 Aserai Peasant
2026-01-09 01:30:56.214 -06:00 [INF] PressGang: Corsairs recruiting 1 Aserai Peasant
2026-01-09 01:31:01.502 -06:00 [INF] PressGang: Grand Battania Horde recruiting 1 Battanian Volunteer
2026-01-09 01:31:01.502 -06:00 [INF] PressGang: Grand Battania Horde recruiting 1 Battanian Wood Runner
2026-01-09 01:31:01.502 -06:00 [INF] PressGang: Grand Battania Horde recruiting 1 Battanian Trained Warrior
2026-01-09 01:31:01.502 -06:00 [INF] PressGang: Grand Battania Horde recruiting 1 Battanian Clan Warrior
2026-01-09 01:31:04.179 -06:00 [INF] MERGING: Mountain Bandits (13) -> Looters (16) [Naval: False]
2026-01-09 01:31:04.180 -06:00 [INF] Total Merges this battle: 1
2026-01-09 01:31:05.224 -06:00 [INF] PressGang: Forest Bandits recruiting 1 Nord Peasant
2026-01-09 01:31:05.703 -06:00 [INF] PressGang: Grand Empire Horde recruiting 4 Imperial Recruit
2026-01-09 01:31:06.360 -06:00 [INF] MERGING: Desert Bandits (15) -> Deserters (37) [Naval: False]
2026-01-09 01:31:06.361 -06:00 [INF] Total Merges this battle: 1
2026-01-09 01:31:07.035 -06:00 [INF] PressGang: Grand Corsairs Horde recruiting 1 Imperial Shipmate
2026-01-09 01:31:07.438 -06:00 [INF] PressGang: Desert Bandits recruiting 1 Aserai Peasant
2026-01-09 01:31:08.638 -06:00 [INF] PressGang: Grand Looters Horde recruiting 2 Aserai Peasant
2026-01-09 01:31:09.136 -06:00 [INF] PressGang: Grand Looters Horde recruiting 2 Aserai Peasant
2026-01-09 01:31:09.364 -06:00 [INF] PressGang: Grand Khuzait Horde recruiting 1 Khuzait Peasant
2026-01-09 01:31:09.917 -06:00 [INF] PressGang: Steppe Bandits recruiting 1 Aserai Peasant
2026-01-09 01:31:10.183 -06:00 [INF] PressGang: Looters recruiting 1 Empire Peasant
2026-01-09 01:31:10.366 -06:00 [INF] PressGang: The Warlord's Party recruiting 1 Imperial Sergeant Crossbowman
2026-01-09 01:31:10.643 -06:00 [INF] PressGang: Grand Corsairs Horde recruiting 1 Imperial Trained Infantryman
2026-01-09 01:31:11.156 -06:00 [INF] Daily Tick: Verifying Syndicate War State...
2026-01-09 01:31:11.156 -06:00 [INF] Checking staggered war declarations for Day Index: 0
2026-01-09 01:31:11.293 -06:00 [INF] PressGang: Grand Empire Horde recruiting 1 Empire Peasant
2026-01-09 01:31:11.718 -06:00 [INF] PressGang: Grand Sturgia Horde recruiting 1 Sturgian Caravan Guard
2026-01-09 01:31:11.718 -06:00 [INF] PressGang: Grand Sturgia Horde recruiting 2 Sturgian Armed Trader
2026-01-09 01:31:11.718 -06:00 [INF] PressGang: Grand Sturgia Horde recruiting 1 Sturgian Veteran Caravan Guard
2026-01-09 01:31:12.560 -06:00 [INF] PressGang: Looters recruiting 2 Aserai Peasant
2026-01-09 01:31:12.750 -06:00 [INF] PressGang: Grand Khuzait Horde recruiting 13 Khuzait Nomad
2026-01-09 01:31:15.573 -06:00 [INF] MERGING: Looters (10) -> Looters (36) [Naval: False]
2026-01-09 01:31:15.574 -06:00 [INF] MERGING: Looters (9) -> Grand Looters Horde (46) [Naval: False]
2026-01-09 01:31:15.574 -06:00 [INF] Total Merges this battle: 2
2026-01-09 01:31:17.840 -06:00 [INF] MERGING: Looters (8) -> Looters (19) [Naval: False]
2026-01-09 01:31:17.841 -06:00 [INF] Total Merges this battle: 1
2026-01-09 01:31:21.369 -06:00 [INF] PressGang: Grand Aserai Horde recruiting 1 Aserai Mamluke Soldier
2026-01-09 01:31:21.370 -06:00 [INF] PressGang: Grand Aserai Horde recruiting 1 Aserai Recruit
2026-01-09 01:31:21.370 -06:00 [INF] PressGang: Grand Aserai Horde recruiting 1 Aserai Light Archer
2026-01-09 01:31:21.370 -06:00 [INF] PressGang: Grand Aserai Horde recruiting 2 Aserai Peasant
2026-01-09 01:31:21.370 -06:00 [INF] PressGang: Grand Aserai Horde recruiting 1 Steppe Bandit
2026-01-09 01:31:21.412 -06:00 [INF] PressGang: Grand Aserai Horde recruiting 2 Looter
2026-01-09 01:31:21.412 -06:00 [INF] PressGang: Grand Aserai Horde recruiting 2 Aserai Mamluke Soldier
2026-01-09 01:31:21.412 -06:00 [INF] PressGang: Grand Aserai Horde recruiting 1 Veteran Sword Sister
2026-01-09 01:31:21.413 -06:00 [INF] PressGang: Grand Aserai Horde recruiting 1 Aserai Veteran Faris
2026-01-09 01:31:21.413 -06:00 [INF] PressGang: Grand Aserai Horde recruiting 1 Aserai Mamluke Soldier
2026-01-09 01:31:21.413 -06:00 [INF] PressGang: Grand Aserai Horde recruiting 1 Bedouin Rover
2026-01-09 01:31:21.413 -06:00 [INF] PressGang: Grand Aserai Horde recruiting 1 Aserai Mamluke Soldier
2026-01-09 01:31:21.413 -06:00 [INF] PressGang: Grand Aserai Horde recruiting 3 Looter
2026-01-09 01:31:21.413 -06:00 [INF] PressGang: Grand Aserai Horde recruiting 2 Marauder
2026-01-09 01:31:21.508 -06:00 [INF] PressGang: Grand Battania Horde recruiting 1 Battanian Caravan Guard
2026-01-09 01:31:24.090 -06:00 [INF] MERGING: Looters (12) -> Looters (13) [Naval: False]
2026-01-09 01:31:24.091 -06:00 [INF] Total Merges this battle: 1
2026-01-09 01:31:25.672 -06:00 [INF] PressGang: Grand Empire Horde recruiting 2 Imperial Recruit
2026-01-09 01:31:26.808 -06:00 [INF] PressGang: Grand Looters Horde recruiting 1 Battanian Armed Convoy Trader
2026-01-09 01:31:27.171 -06:00 [INF] PressGang: Sea Raiders recruiting 1 Nord Peasant
2026-01-09 01:31:28.447 -06:00 [INF] PressGang: Grand Empire Horde recruiting 1 Imperial Crossbowman
2026-01-09 01:31:28.447 -06:00 [INF] PressGang: Grand Looters Horde recruiting 1 Aserai Peasant
2026-01-09 01:31:29.176 -06:00 [INF] PressGang: Grand Khuzait Horde recruiting 2 Khuzait Peasant
2026-01-09 01:31:29.440 -06:00 [INF] PressGang: Grand Looters Horde recruiting 1 Sturgian Veteran Convoy Guard
2026-01-09 01:31:29.669 -06:00 [INF] PressGang: Steppe Bandits recruiting 1 Aserai Peasant
2026-01-09 01:31:29.938 -06:00 [INF] PressGang: Steppe Bandits recruiting 1 Khuzait Peasant
2026-01-09 01:31:30.255 -06:00 [INF] PressGang: Grand Looters Horde recruiting 3 Empire Peasant
2026-01-09 01:31:30.384 -06:00 [INF] PressGang: Grand Corsairs Horde recruiting 1 Imperial Coast Guard
2026-01-09 01:31:30.560 -06:00 [INF] PressGang: Looters recruiting 1 Empire Peasant
2026-01-09 01:31:30.911 -06:00 [INF] PressGang: Looters recruiting 1 Nord Peasant
2026-01-09 01:31:31.174 -06:00 [INF] Daily Tick: Verifying Syndicate War State...
2026-01-09 01:31:31.175 -06:00 [INF] Checking staggered war declarations for Day Index: 1
2026-01-09 01:31:31.260 -06:00 [INF] PressGang: Mountain Bandits recruiting 1 Empire Peasant
2026-01-09 01:31:31.826 -06:00 [INF] PressGang: Grand Vlandia Horde recruiting 1 Looter
2026-01-09 01:31:32.277 -06:00 [INF] PressGang: Grand Khuzait Horde recruiting 13 Khuzait Nomad
2026-01-09 01:31:33.047 -06:00 [INF] PressGang: Looters recruiting 1 Aserai Peasant
2026-01-09 01:31:41.366 -06:00 [INF] PressGang: Grand Aserai Horde recruiting 1 Looter
2026-01-09 01:31:41.406 -06:00 [INF] PressGang: Grand Aserai Horde recruiting 1 Looter
2026-01-09 01:31:41.406 -06:00 [INF] PressGang: Grand Aserai Horde recruiting 1 Aserai Mamluke Cavalry
2026-01-09 01:31:41.406 -06:00 [INF] PressGang: Grand Aserai Horde recruiting 1 Harami
2026-01-09 01:31:41.406 -06:00 [INF] PressGang: Grand Aserai Horde recruiting 2 Bedouin Rover
2026-01-09 01:31:41.406 -06:00 [INF] PressGang: Grand Aserai Horde recruiting 1 Jawwal Bedouin
2026-01-09 01:31:41.406 -06:00 [INF] PressGang: Grand Aserai Horde recruiting 1 Bedouin Rover
2026-01-09 01:31:41.406 -06:00 [INF] PressGang: Grand Aserai Horde recruiting 1 Aserai Recruit
2026-01-09 01:31:41.406 -06:00 [INF] PressGang: Grand Aserai Horde recruiting 1 Aserai Tribesman
2026-01-09 01:31:41.406 -06:00 [INF] PressGang: Grand Aserai Horde recruiting 4 Looter
2026-01-09 01:31:41.406 -06:00 [INF] PressGang: Grand Aserai Horde recruiting 1 Raider
2026-01-09 01:31:43.032 -06:00 [INF] MERGING: Desert Bandits (7) -> Desert Bandits (21) [Naval: False]
2026-01-09 01:31:43.033 -06:00 [INF] Total Merges this battle: 1
2026-01-09 01:31:45.598 -06:00 [INF] PressGang: Grand Empire Horde recruiting 3 Imperial Recruit
2026-01-09 01:31:46.798 -06:00 [INF] PressGang: Grand Corsairs Horde recruiting 1 Imperial Coast Guard
2026-01-09 01:31:47.064 -06:00 [INF] PressGang: Sea Raiders recruiting 1 Nord Peasant
2026-01-09 01:31:47.064 -06:00 [INF] PressGang: Grand Corsairs Horde recruiting 1 Empire Peasant
2026-01-09 01:31:48.157 -06:00 [INF] PressGang: Grand Looters Horde recruiting 1 Empire Peasant
2026-01-09 01:31:48.312 -06:00 [INF] PressGang: Grand Empire Horde recruiting 1 Looter
2026-01-09 01:31:48.313 -06:00 [INF] PressGang: Grand Looters Horde recruiting 1 Aserai Peasant
2026-01-09 01:31:48.414 -06:00 [INF] PressGang: Looters recruiting 2 Empire Peasant
2026-01-09 01:31:48.841 -06:00 [INF] MERGING: Looters (11) -> Looters (16) [Naval: False]
2026-01-09 01:31:48.841 -06:00 [INF] Total Merges this battle: 1
2026-01-09 01:31:48.945 -06:00 [INF] PressGang: Grand Khuzait Horde recruiting 1 Khuzait Peasant
2026-01-09 01:31:48.945 -06:00 [INF] PressGang: Grand Khuzait Horde recruiting 2 Khuzait Footman
2026-01-09 01:31:49.155 -06:00 [INF] PressGang: Looters recruiting 1 Empire Peasant
2026-01-09 01:31:49.207 -06:00 [INF] PressGang: Sea Raiders recruiting 1 Empire Peasant
2026-01-09 01:31:49.260 -06:00 [INF] PressGang: Grand Looters Horde recruiting 1 Sturgian Armed Convoy Trader
2026-01-09 01:31:49.748 -06:00 [INF] PressGang: Looters recruiting 1 Empire Peasant
2026-01-09 01:31:49.870 -06:00 [INF] PressGang: The Warlord's Party recruiting 1 Imperial Infantryman
2026-01-09 01:31:49.871 -06:00 [INF] PressGang: The Warlord's Party recruiting 1 Imperial Crossbowman
2026-01-09 01:31:49.871 -06:00 [INF] PressGang: The Warlord's Party recruiting 1 Looter
2026-01-09 01:31:50.118 -06:00 [INF] PressGang: Grand Corsairs Horde recruiting 1 Imperial Shipmate
2026-01-09 01:31:50.547 -06:00 [INF] PressGang: Grand Empire Horde recruiting 1 Empire Peasant
2026-01-09 01:31:50.863 -06:00 [INF] PressGang: Looters recruiting 1 Nord Peasant
2026-01-09 01:31:50.924 -06:00 [INF] PressGang: Looters recruiting 1 Empire Peasant
2026-01-09 01:31:51.177 -06:00 [INF] Daily Tick: Verifying Syndicate War State...
2026-01-09 01:31:51.177 -06:00 [INF] Checking staggered war declarations for Day Index: 2
2026-01-09 01:31:51.423 -06:00 [INF] PressGang: Pelisor of the Wolfskins' Party recruiting 1 Jawwal Recruit
2026-01-09 01:31:51.423 -06:00 [INF] PressGang: Pelisor of the Wolfskins' Party recruiting 1 Jawwal Bedouin
2026-01-09 01:31:51.423 -06:00 [INF] PressGang: Grand Vlandia Horde recruiting 1 Looter
2026-01-09 01:31:51.615 -06:00 [INF] Found 1 stuck Syndicate Warlords. Redeploying...
2026-01-09 01:31:51.727 -06:00 [INF] PressGang: Looters recruiting 1 Battania Peasant
2026-01-09 01:31:51.786 -06:00 [INF] PressGang: Grand Khuzait Horde recruiting 6 Khuzait Nomad
2026-01-09 01:31:51.786 -06:00 [INF] PressGang: Grand Looters Horde recruiting 1 Sturgian Veteran Convoy Guard
2026-01-09 01:31:52.177 -06:00 [INF] PressGang: Desert Bandits recruiting 1 Aserai Peasant
2026-01-09 01:31:52.281 -06:00 [INF] MERGING: Looters (8) -> Looters (10) [Naval: False]
2026-01-09 01:31:52.282 -06:00 [INF] MERGING: Looters (7) -> Looters (18) [Naval: False]
2026-01-09 01:31:52.282 -06:00 [INF] Total Merges this battle: 2
2026-01-09 01:31:52.437 -06:00 [INF] Found 1 stuck Syndicate Warlords. Redeploying...
2026-01-09 01:31:53.259 -06:00 [INF] Found 1 stuck Syndicate Warlords. Redeploying...
2026-01-09 01:31:53.259 -06:00 [INF] Redeploying Thavin the Shark to Hideout...
2026-01-09 01:31:53.299 -06:00 [INF] PressGang: Looters recruiting 1 Vlandia Peasant
2026-01-09 01:31:55.669 -06:00 [INF] PressGang: Steppe Bandits recruiting 1 Khuzait Peasant
2026-01-09 01:31:57.376 -06:00 [INF] MERGING: Looters (8) -> Looters (10) [Naval: False]
2026-01-09 01:31:57.377 -06:00 [INF] Total Merges this battle: 1
2026-01-09 01:32:01.130 -06:00 [INF] PressGang: Grand Aserai Horde recruiting 1 Aserai Mamluke Soldier
2026-01-09 01:32:01.130 -06:00 [INF] PressGang: Grand Aserai Horde recruiting 1 Looter
2026-01-09 01:32:01.130 -06:00 [INF] PressGang: Grand Aserai Horde recruiting 1 Marauder
2026-01-09 01:32:01.191 -06:00 [INF] PressGang: Grand Aserai Horde recruiting 1 Aserai Tribesman
2026-01-09 01:32:01.191 -06:00 [INF] PressGang: Grand Aserai Horde recruiting 1 Aserai Infantry
2026-01-09 01:32:01.191 -06:00 [INF] PressGang: Grand Aserai Horde recruiting 1 Looter
2026-01-09 01:32:01.191 -06:00 [INF] PressGang: Grand Aserai Horde recruiting 1 Looter
2026-01-09 01:32:01.252 -06:00 [INF] PressGang: Grand Battania Horde recruiting 1 Battanian Trained Warrior
2026-01-09 01:34:29.039 -06:00 [INF] PressGang: Grand Looters Horde recruiting 1 Imperial Equite
2026-01-09 01:34:29.389 -06:00 [INF] PressGang: Looters recruiting 1 Nord Peasant
2026-01-09 01:34:30.285 -06:00 [INF] PressGang: Looters recruiting 1 Nord Peasant
2026-01-09 01:34:30.847 -06:00 [INF] PressGang: Sea Raiders recruiting 1 Nord Peasant
2026-01-09 01:34:31.721 -06:00 [INF] PressGang: Looters recruiting 1 Empire Peasant
2026-01-09 01:34:32.895 -06:00 [INF] PressGang: Sea Raiders recruiting 1 Empire Peasant
2026-01-09 01:34:33.578 -06:00 [INF] PressGang: The Warlord's Party recruiting 1 Imperial Infantryman
2026-01-09 01:34:33.579 -06:00 [INF] PressGang: The Warlord's Party recruiting 2 Empire Peasant
2026-01-09 01:34:33.720 -06:00 [INF] PressGang: Grand Looters Horde recruiting 1 Empire Peasant
2026-01-09 01:34:33.808 -06:00 [INF] PressGang: Grand Corsairs Horde recruiting 1 Imperial Trained Infantryman
2026-01-09 01:34:33.808 -06:00 [INF] PressGang: Grand Corsairs Horde recruiting 1 Imperial Naute
2026-01-09 01:34:34.028 -06:00 [INF] PressGang: Forest Bandits recruiting 1 Empire Peasant
2026-01-09 01:34:34.340 -06:00 [INF] PressGang: Grand Empire Horde recruiting 1 Brigand
2026-01-09 01:34:34.740 -06:00 [INF] PressGang: Grand Sturgia Horde recruiting 1 Mercenary Maceman
2026-01-09 01:34:34.740 -06:00 [INF] PressGang: Grand Sturgia Horde recruiting 10 Sturgian Recruit
2026-01-09 01:34:35.139 -06:00 [INF] PressGang: Grand Battania Horde recruiting 1 Jawwal Camel Rider
2026-01-09 01:34:35.140 -06:00 [INF] PressGang: Grand Battania Horde recruiting 1 Jawwal Bedouin
2026-01-09 01:34:35.140 -06:00 [INF] PressGang: Grand Vlandia Horde recruiting 1 Looter
2026-01-09 01:34:35.450 -06:00 [INF] Daily Tick: Verifying Syndicate War State...
2026-01-09 01:34:35.450 -06:00 [INF] Checking staggered war declarations for Day Index: 3
2026-01-09 01:34:35.452 -06:00 [INF] PressGang: Sea Raiders recruiting 1 Vlandia Peasant
2026-01-09 01:34:35.495 -06:00 [INF] PressGang: Looters recruiting 1 Battania Peasant
2026-01-09 01:34:35.898 -06:00 [INF] PressGang: Desert Bandits recruiting 1 Aserai Peasant
2026-01-09 01:34:36.217 -06:00 [INF] PressGang: Steppe Bandits recruiting 2 Khuzait Peasant
2026-01-09 01:34:37.113 -06:00 [INF] PressGang: Steppe Bandits recruiting 1 Aserai Peasant
2026-01-09 01:34:38.682 -06:00 [INF] MERGING: Looters (10) -> Looters (18) [Naval: False]
2026-01-09 01:34:38.684 -06:00 [INF] MERGING: Looters (7) -> Looters (28) [Naval: False]
2026-01-09 01:34:38.684 -06:00 [INF] Total Merges this battle: 2
2026-01-09 01:34:39.423 -06:00 [INF] MERGING: Steppe Bandits (10) -> Steppe Bandits (16) [Naval: False]
2026-01-09 01:34:39.424 -06:00 [INF] Total Merges this battle: 1
2026-01-09 01:34:39.887 -06:00 [INF] MERGING: Looters (9) -> Looters (36) [Naval: False]
2026-01-09 01:34:39.888 -06:00 [INF] Total Merges this battle: 1
2026-01-09 01:34:45.516 -06:00 [INF] PressGang: Grand Aserai Horde recruiting 1 Aserai Veteran Faris
2026-01-09 01:34:45.564 -06:00 [INF] PressGang: Grand Aserai Horde recruiting 1 Looter
2026-01-09 01:34:45.565 -06:00 [INF] PressGang: Grand Aserai Horde recruiting 1 Aserai Tribesman
2026-01-09 01:34:45.565 -06:00 [INF] PressGang: Grand Aserai Horde recruiting 1 Aserai Infantry
2026-01-09 01:34:45.565 -06:00 [INF] PressGang: Grand Aserai Horde recruiting 1 Looter
2026-01-09 01:34:45.670 -06:00 [INF] PressGang: Grand Battania Horde recruiting 1 Battania Peasant
2026-01-09 01:34:45.882 -06:00 [INF] MERGING: Forest Bandits (5) -> Looters (21) [Naval: False]
2026-01-09 01:34:45.883 -06:00 [INF] Total Merges this battle: 1
2026-01-09 01:34:45.927 -06:00 [INF] MERGING: Steppe Bandits (16) -> Steppe Bandits (20) [Naval: False]
2026-01-09 01:34:45.928 -06:00 [INF] Total Merges this battle: 1
2026-01-09 01:34:50.702 -06:00 [INF] PressGang: Sea Raiders recruiting 1 Nord Peasant
2026-01-09 01:34:50.914 -06:00 [INF] MERGING: Desert Bandits (3) -> Desert Bandits (11) [Naval: False]
2026-01-09 01:34:50.914 -06:00 [INF] Total Merges this battle: 1
2026-01-09 01:34:51.476 -06:00 [INF] PressGang: Looters recruiting 2 Empire Peasant
2026-01-09 01:34:51.799 -06:00 [INF] PressGang: Grand Empire Horde recruiting 1 Looter
2026-01-09 01:34:51.799 -06:00 [INF] PressGang: Grand Empire Horde recruiting 1 Empire Peasant
2026-01-09 01:34:51.800 -06:00 [INF] PressGang: Grand Looters Horde recruiting 1 Aserai Peasant
2026-01-09 01:34:52.393 -06:00 [INF] PressGang: Grand Khuzait Horde recruiting 1 Khuzait Horse Archer
2026-01-09 01:34:52.632 -06:00 [INF] PressGang: Sea Raiders recruiting 1 Empire Peasant
2026-01-09 01:34:52.683 -06:00 [INF] PressGang: Grand Looters Horde recruiting 1 Sturgian Convoy Guard
2026-01-09 01:34:53.394 -06:00 [INF] PressGang: Looters recruiting 1 Khuzait Peasant
2026-01-09 01:34:53.772 -06:00 [INF] PressGang: Deserters recruiting 1 Imperial Bucellarii
2026-01-09 01:34:54.281 -06:00 [INF] PressGang: Forest Bandits recruiting 1 Nord Peasant
2026-01-09 01:34:54.743 -06:00 [INF] PressGang: Grand Battania Horde recruiting 1 Jawwal Bedouin
2026-01-09 01:34:55.380 -06:00 [INF] MERGING: Sea Raiders (10) -> Sea Raiders (14) [Naval: True]
2026-01-09 01:34:55.380 -06:00 [INF] Total Merges this battle: 1
2026-01-09 01:34:55.444 -06:00 [INF] Daily Tick: Verifying Syndicate War State...
2026-01-09 01:34:55.444 -06:00 [INF] Checking staggered war declarations for Day Index: 4
2026-01-09 01:34:55.949 -06:00 [INF] PressGang: Looters recruiting 1 Nord Peasant
2026-01-09 01:34:56.458 -06:00 [INF] PressGang: Steppe Bandits recruiting 1 Aserai Peasant
2026-01-09 01:34:56.680 -06:00 [INF] MERGING: Looters (14) -> Looters (15) [Naval: False]
2026-01-09 01:34:56.680 -06:00 [INF] MERGING: Looters (9) -> Looters (29) [Naval: False]
2026-01-09 01:34:56.680 -06:00 [INF] Total Merges this battle: 2
2026-01-09 01:34:56.723 -06:00 [INF] PressGang: Thavin the Shark's Party recruiting 1 Looter
2026-01-09 01:34:56.878 -06:00 [INF] PressGang: Deserters recruiting 1 Khuzait Footman
2026-01-09 01:34:56.878 -06:00 [INF] PressGang: Deserters recruiting 3 Khuzait Nomad
2026-01-09 01:34:57.034 -06:00 [INF] PressGang: Steppe Bandits recruiting 2 Khuzait Footman
2026-01-09 01:34:57.034 -06:00 [INF] PressGang: Steppe Bandits recruiting 1 Khuzait Lancer
2026-01-09 01:34:57.399 -06:00 [INF] MERGING: Looters (21) -> Looters (23) [Naval: False]
2026-01-09 01:34:57.400 -06:00 [INF] Total Merges this battle: 1
2026-01-09 01:34:58.801 -06:00 [INF] MERGING: Looters (9) -> Looters (37) [Naval: False]
2026-01-09 01:34:58.801 -06:00 [INF] Total Merges this battle: 1
2026-01-09 01:35:00.013 -06:00 [INF] PressGang: Mountain Bandits recruiting 1 Empire Peasant
2026-01-09 01:35:02.478 -06:00 [INF] MERGING: Looters (14) -> Grand Looters Horde (42) [Naval: False]
2026-01-09 01:35:02.479 -06:00 [INF] Total Merges this battle: 1
2026-01-09 01:35:04.285 -06:00 [INF] MERGING: Steppe Bandits (13) -> Deserters (24) [Naval: False]
2026-01-09 01:35:04.285 -06:00 [INF] Total Merges this battle: 1
2026-01-09 01:35:05.403 -06:00 [INF] PressGang: Grand Aserai Horde recruiting 1 Looter
2026-01-09 01:35:05.403 -06:00 [INF] PressGang: Grand Aserai Horde recruiting 2 Aserai Mamluke Soldier
2026-01-09 01:35:05.403 -06:00 [INF] PressGang: Grand Aserai Horde recruiting 1 Aserai Footman
2026-01-09 01:35:05.403 -06:00 [INF] PressGang: Grand Aserai Horde recruiting 1 Aserai Tribesman
2026-01-09 01:35:05.444 -06:00 [INF] PressGang: Grand Aserai Horde recruiting 1 Aserai Tribesman
2026-01-09 01:35:05.444 -06:00 [INF] PressGang: Grand Aserai Horde recruiting 1 Aserai Youth
2026-01-09 01:35:05.444 -06:00 [INF] PressGang: Grand Aserai Horde recruiting 1 Aserai Tribesman
2026-01-09 01:35:09.222 -06:00 [INF] PressGang: Looters recruiting 1 Nord Peasant
2026-01-09 01:35:09.899 -06:00 [INF] PressGang: Desert Bandits recruiting 2 Aserai Peasant
2026-01-09 01:35:10.046 -06:00 [INF] PressGang: Steppe Bandits recruiting 1 Empire Peasant
2026-01-09 01:35:10.349 -06:00 [INF] MERGING: Looters (8) -> Looters (8) [Naval: False]
2026-01-09 01:35:10.351 -06:00 [INF] MERGING: Looters (8) -> Looters (16) [Naval: False]
2026-01-09 01:35:10.351 -06:00 [INF] Total Merges this battle: 2
2026-01-09 01:35:10.397 -06:00 [INF] PressGang: Sea Raiders recruiting 1 Nord Peasant
2026-01-09 01:35:11.481 -06:00 [INF] MERGING: Steppe Bandits (8) -> Steppe Bandits (23) [Naval: False]
2026-01-09 01:35:11.481 -06:00 [INF] Total Merges this battle: 1
2026-01-09 01:35:11.483 -06:00 [INF] PressGang: Grand Looters Horde recruiting 1 Aserai Peasant
2026-01-09 01:35:11.529 -06:00 [INF] PressGang: Forest Bandits recruiting 1 Nord Peasant
2026-01-09 01:35:11.990 -06:00 [INF] PressGang: Grand Khuzait Horde recruiting 1 Raider
2026-01-09 01:35:12.905 -06:00 [INF] PressGang: Looters recruiting 1 Khuzait Peasant
2026-01-09 01:35:12.953 -06:00 [INF] PressGang: Sea Raiders recruiting 1 Nord Peasant
2026-01-09 01:35:13.268 -06:00 [INF] PressGang: Deserters recruiting 1 Imperial Equite
2026-01-09 01:35:13.424 -06:00 [INF] PressGang: Looters recruiting 1 Nord Hearthguard
2026-01-09 01:35:13.798 -06:00 [INF] PressGang: Desert Bandits recruiting 1 Aserai Mamluke Soldier
2026-01-09 01:35:14.039 -06:00 [INF] PressGang: Sea Raiders recruiting 1 Nord Peasant
2026-01-09 01:35:14.170 -06:00 [INF] PressGang: Grand Battania Horde recruiting 1 Battanian Volunteer
2026-01-09 01:35:14.412 -06:00 [INF] PressGang: Sea Raiders recruiting 1 Vlandia Peasant
2026-01-09 01:35:14.479 -06:00 [INF] PressGang: Looters recruiting 1 Battania Peasant
2026-01-09 01:35:14.547 -06:00 [INF] PressGang: Grand Looters Horde recruiting 1 Sturgian Convoy Guard
2026-01-09 01:35:14.547 -06:00 [INF] PressGang: Grand Looters Horde recruiting 1 Sturgian Armed Convoy Trader
2026-01-09 01:35:15.357 -06:00 [INF] PressGang: Looters recruiting 2 Nord Peasant
2026-01-09 01:35:15.449 -06:00 [INF] Daily Tick: Verifying Syndicate War State...
2026-01-09 01:35:15.449 -06:00 [INF] Checking staggered war declarations for Day Index: 5
2026-01-09 01:35:15.535 -06:00 [INF] PressGang: Steppe Bandits recruiting 1 Khuzait Peasant
2026-01-09 01:35:15.934 -06:00 [INF] PressGang: Steppe Bandits recruiting 2 Empire Peasant
2026-01-09 01:35:15.981 -06:00 [INF] PressGang: Dachan of the Karakhergit's Party recruiting 1 Imperial Archer
2026-01-09 01:35:15.981 -06:00 [INF] PressGang: Dachan of the Karakhergit's Party recruiting 1 Imperial Bucellarii
2026-01-09 01:35:16.219 -06:00 [INF] PressGang: Grand Looters Horde recruiting 1 Khuzait Peasant
2026-01-09 01:35:16.219 -06:00 [INF] PressGang: Grand Looters Horde recruiting 1 Khuzait Qanqli
2026-01-09 01:35:16.219 -06:00 [INF] PressGang: Grand Looters Horde recruiting 3 Khuzait Nomad
2026-01-09 01:35:16.315 -06:00 [INF] PressGang: Steppe Bandits recruiting 1 Khuzait Qanqli
2026-01-09 01:35:16.315 -06:00 [INF] PressGang: Steppe Bandits recruiting 1 Khuzait Nomad
2026-01-09 01:35:16.315 -06:00 [INF] PressGang: Steppe Bandits recruiting 1 Khuzait Torguud
2026-01-09 01:35:16.408 -06:00 [INF] PressGang: Steppe Bandits recruiting 1 Khuzait Nomad
2026-01-09 01:35:16.891 -06:00 [INF] PressGang: Deserters recruiting 1 Khuzait Nomad
2026-01-09 01:35:17.969 -06:00 [INF] PressGang: Steppe Bandits recruiting 1 Khuzait Peasant
2026-01-09 01:35:25.366 -06:00 [INF] PressGang: Grand Aserai Horde recruiting 1 Aserai Mamluke Soldier
2026-01-09 01:35:25.367 -06:00 [INF] PressGang: Grand Aserai Horde recruiting 1 Aserai Footman
2026-01-09 01:35:25.367 -06:00 [INF] PressGang: Grand Aserai Horde recruiting 1 Jawwal Bedouin
2026-01-09 01:35:25.367 -06:00 [INF] PressGang: Grand Aserai Horde recruiting 1 Looter
2026-01-09 01:35:25.367 -06:00 [INF] PressGang: Grand Aserai Horde recruiting 1 Aserai Recruit
2026-01-09 01:35:25.367 -06:00 [INF] PressGang: Grand Aserai Horde recruiting 1 Marauder
2026-01-09 01:35:25.455 -06:00 [INF] PressGang: Grand Battania Horde recruiting 1 Battanian Caravan Master
2026-01-09 01:35:25.455 -06:00 [INF] PressGang: Grand Battania Horde recruiting 1 Battanian Hero
2026-01-09 01:35:29.307 -06:00 [INF] PressGang: Grand Looters Horde recruiting 1 Khuzait Convoy Guard
2026-01-09 01:35:29.307 -06:00 [INF] PressGang: Grand Looters Horde recruiting 3 Khuzait Armed Convoy Trader
2026-01-09 01:35:29.799 -06:00 [INF] PressGang: Desert Bandits recruiting 1 Aserai Peasant
2026-01-09 01:35:29.887 -06:00 [INF] PressGang: Grand Looters Horde recruiting 4 Nord Peasant
2026-01-09 01:35:30.162 -06:00 [INF] PressGang: Grand Corsairs Horde recruiting 1 Imperial Coast Guard
2026-01-09 01:35:30.296 -06:00 [INF] PressGang: Sea Raiders recruiting 1 Nord Peasant
2026-01-09 01:35:31.377 -06:00 [INF] PressGang: Looters recruiting 1 Empire Peasant
2026-01-09 01:35:31.876 -06:00 [INF] PressGang: Grand Khuzait Horde recruiting 1 Imperial Elite Menavliaton
2026-01-09 01:35:31.876 -06:00 [INF] PressGang: Grand Khuzait Horde recruiting 1 Imperial Sergeant Crossbowman
2026-01-09 01:35:31.876 -06:00 [INF] PressGang: Grand Khuzait Horde recruiting 1 Imperial Archer
2026-01-09 01:35:32.286 -06:00 [INF] PressGang: Looters recruiting 1 Nord Peasant
2026-01-09 01:35:33.019 -06:00 [INF] PressGang: Looters recruiting 1 Empire Peasant
2026-01-09 01:35:33.256 -06:00 [INF] PressGang: Looters recruiting 1 Nord Axe Warrior
2026-01-09 01:35:33.802 -06:00 [INF] PressGang: Sea Raiders recruiting 3 Nord Peasant
2026-01-09 01:35:33.986 -06:00 [INF] PressGang: Alayen of the Brotherhood's Party recruiting 2 Looter
2026-01-09 01:35:34.211 -06:00 [INF] PressGang: Sea Raiders recruiting 1 Vlandian Recruit
2026-01-09 01:35:34.211 -06:00 [INF] PressGang: Sea Raiders recruiting 1 Vlandia Peasant
2026-01-09 01:35:34.897 -06:00 [INF] PressGang: Deserters recruiting 1 Aserai Archer
2026-01-09 01:35:35.078 -06:00 [INF] PressGang: Looters recruiting 1 Nord Peasant
2026-01-09 01:35:35.444 -06:00 [INF] Daily Tick: Verifying Syndicate War State...
2026-01-09 01:35:35.444 -06:00 [INF] Checking staggered war declarations for Day Index: 0
2026-01-09 01:35:35.669 -06:00 [INF] PressGang: Dachan of the Karakhergit's Party recruiting 1 Imperial Archer
2026-01-09 01:35:35.669 -06:00 [INF] PressGang: Deserters recruiting 1 Aserai Mamluke Cavalry
2026-01-09 01:35:35.669 -06:00 [INF] PressGang: Deserters recruiting 1 Aserai Recruit
2026-01-09 01:35:35.669 -06:00 [INF] PressGang: Deserters recruiting 1 Aserai Tribesman
2026-01-09 01:35:35.858 -06:00 [INF] Found 1 stuck Syndicate Warlords. Redeploying...
2026-01-09 01:35:35.860 -06:00 [INF] MERGING: Sea Raiders (14) -> Sea Raiders (17) [Naval: True]
2026-01-09 01:35:35.860 -06:00 [INF] MERGING: Sea Raiders (13) -> Sea Raiders (31) [Naval: True]
2026-01-09 01:35:35.861 -06:00 [INF] Total Merges this battle: 2
2026-01-09 01:35:36.521 -06:00 [INF] PressGang: Grand Looters Horde recruiting 1 Khuzait Tribal Warrior
2026-01-09 01:35:36.702 -06:00 [INF] Found 1 stuck Syndicate Warlords. Redeploying...
2026-01-09 01:35:37.484 -06:00 [INF] PressGang: Steppe Bandits recruiting 1 Khuzait Peasant
2026-01-09 01:35:37.538 -06:00 [INF] Found 1 stuck Syndicate Warlords. Redeploying...
2026-01-09 01:35:37.539 -06:00 [INF] Redeploying Thavin the Shark to Hideout...
2026-01-09 01:35:38.758 -06:00 [INF] MERGING: Steppe Bandits (10) -> Looters (14) [Naval: False]
2026-01-09 01:35:38.758 -06:00 [INF] Total Merges this battle: 1
2026-01-09 01:35:39.809 -06:00 [INF] PressGang: Steppe Bandits recruiting 1 Khuzait Peasant
2026-01-09 01:35:45.281 -06:00 [INF] PressGang: Grand Aserai Horde recruiting 1 Aserai Tribesman
2026-01-09 01:35:45.322 -06:00 [INF] PressGang: Grand Aserai Horde recruiting 2 Looter
2026-01-09 01:35:45.322 -06:00 [INF] PressGang: Grand Aserai Horde recruiting 1 Looter
2026-01-09 01:35:47.781 -06:00 [INF] MERGING: Looters (7) -> Looters (11) [Naval: False]
2026-01-09 01:35:47.781 -06:00 [INF] Total Merges this battle: 1
2026-01-09 01:35:48.736 -06:00 [INF] PressGang: Grand Looters Horde recruiting 1 Imperial Equite
2026-01-09 01:35:49.213 -06:00 [INF] PressGang: Grand Looters Horde recruiting 1 Khuzait Veteran Convoy Guard
2026-01-09 01:35:49.213 -06:00 [INF] PressGang: Grand Looters Horde recruiting 1 Khuzait Armed Convoy Trader
2026-01-09 01:35:50.062 -06:00 [INF] MERGING: Looters (9) -> Looters (12) [Naval: False]
2026-01-09 01:35:50.063 -06:00 [INF] Total Merges this battle: 1
2026-01-09 01:35:50.243 -06:00 [INF] PressGang: Sea Raiders recruiting 2 Nord Peasant
2026-01-09 01:35:50.931 -06:00 [INF] PressGang: Grand Looters Horde recruiting 2 Empire Peasant
2026-01-09 01:35:51.343 -06:00 [INF] PressGang: Looters recruiting 1 Empire Peasant
2026-01-09 01:35:51.754 -06:00 [INF] PressGang: Grand Khuzait Horde recruiting 1 Imperial Legionary
2026-01-09 01:35:51.754 -06:00 [INF] PressGang: Grand Khuzait Horde recruiting 1 Imperial Cataphract
2026-01-09 01:35:51.754 -06:00 [INF] PressGang: Grand Khuzait Horde recruiting 1 Imperial Palatine Guard
2026-01-09 01:35:52.030 -06:00 [INF] PressGang: Grand Looters Horde recruiting 1 Sturgian Convoy Guard
2026-01-09 01:35:52.081 -06:00 [INF] MERGING: Deserters (17) -> Steppe Bandits (18) [Naval: False]
2026-01-09 01:35:52.082 -06:00 [INF] Total Merges this battle: 1
2026-01-09 01:35:52.175 -06:00 [INF] PressGang: Looters recruiting 1 Nord Peasant
2026-01-09 01:35:52.499 -06:00 [INF] MERGING: Desert Bandits (16) -> Desert Bandits (20) [Naval: False]
2026-01-09 01:35:52.499 -06:00 [INF] Total Merges this battle: 1
2026-01-09 01:35:52.731 -06:00 [INF] PressGang: Grand Corsairs Horde recruiting 1 Aserai Peasant
2026-01-09 01:35:52.867 -06:00 [INF] PressGang: Grand Looters Horde recruiting 1 Khuzait Convoy Guard
2026-01-09 01:35:52.867 -06:00 [INF] PressGang: Grand Looters Horde recruiting 1 Khuzait Armed Convoy Trader
2026-01-09 01:35:53.282 -06:00 [INF] PressGang: Looters recruiting 1 Nord Peasant
2026-01-09 01:35:53.384 -06:00 [INF] PressGang: Looters recruiting 1 Nord Peasant
2026-01-09 01:35:53.650 -06:00 [INF] PressGang: Sea Raiders recruiting 1 Nord Peasant
2026-01-09 01:35:53.741 -06:00 [INF] PressGang: Grand Battania Horde recruiting 1 Battanian Highborn Youth
2026-01-09 01:35:53.742 -06:00 [INF] PressGang: Grand Battania Horde recruiting 1 Battanian Volunteer
2026-01-09 01:35:54.058 -06:00 [INF] PressGang: Grand Looters Horde recruiting 1 Sturgian Armed Convoy Trader
2026-01-09 01:35:54.509 -06:00 [INF] MERGING: Desert Bandits (7) -> Deserters (18) [Naval: False]
2026-01-09 01:35:54.510 -06:00 [INF] MERGING: Desert Bandits (7) -> Deserters (25) [Naval: False]
2026-01-09 01:35:54.510 -06:00 [INF] Total Merges this battle: 2
2026-01-09 01:35:55.104 -06:00 [INF] PressGang: Forest Bandits recruiting 1 Nord Peasant
2026-01-09 01:35:55.150 -06:00 [INF] PressGang: Steppe Bandits recruiting 1 Aserai Peasant
2026-01-09 01:35:55.286 -06:00 [INF] PressGang: Dachan of the Karakhergit's Party recruiting 1 Imperial Sergeant Crossbowman
2026-01-09 01:35:55.286 -06:00 [INF] PressGang: Dachan of the Karakhergit's Party recruiting 1 Imperial Coast Guard
2026-01-09 01:35:55.474 -06:00 [INF] Daily Tick: Verifying Syndicate War State...
2026-01-09 01:35:55.474 -06:00 [INF] Checking staggered war declarations for Day Index: 1
2026-01-09 01:35:56.116 -06:00 [INF] PressGang: Deserters recruiting 2 Khuzait Peasant
2026-01-09 01:35:56.162 -06:00 [INF] MERGING: Sea Raiders (9) -> Sea Raiders (15) [Naval: True]
2026-01-09 01:35:56.162 -06:00 [INF] Total Merges this battle: 1
2026-01-09 01:35:56.945 -06:00 [INF] PressGang: Steppe Bandits recruiting 1 Khuzait Peasant
2026-01-09 01:35:57.083 -06:00 [INF] PressGang: Arlech of the Wolfskins' Party recruiting 1 Looter
2026-01-09 01:35:57.360 -06:00 [INF] PressGang: Steppe Bandits recruiting 1 Khuzait Peasant
2026-01-09 01:36:03.916 -06:00 [INF] MERGING: Looters (11) -> Grand Looters Horde (32) [Naval: False]
2026-01-09 01:36:03.916 -06:00 [INF] Total Merges this battle: 1
2026-01-09 01:36:05.291 -06:00 [INF] PressGang: Grand Aserai Horde recruiting 1 Aserai Archer
2026-01-09 01:36:07.125 -06:00 [INF] PressGang: Sea Raiders recruiting 1 Nord Peasant
2026-01-09 01:36:08.659 -06:00 [INF] PressGang: Looters recruiting 1 Nord Peasant
2026-01-09 01:36:10.142 -06:00 [INF] PressGang: Sea Raiders recruiting 1 Nord Peasant
2026-01-09 01:36:10.193 -06:00 [INF] PressGang: Grand Corsairs Horde recruiting 1 Empire Peasant
2026-01-09 01:36:10.998 -06:00 [INF] PressGang: Mountain Bandits recruiting 1 Vlandia Peasant
2026-01-09 01:36:11.475 -06:00 [INF] MERGING: Looters (14) -> Looters (16) [Naval: False]
2026-01-09 01:36:11.475 -06:00 [INF] MERGING: Looters (8) -> Looters (30) [Naval: False]
2026-01-09 01:36:11.476 -06:00 [INF] Total Merges this battle: 2
2026-01-09 01:36:11.524 -06:00 [INF] PressGang: Grand Khuzait Horde recruiting 1 Veteran Sword Sister
2026-01-09 01:36:11.524 -06:00 [INF] PressGang: Grand Khuzait Horde recruiting 1 Imperial Bucellarii
2026-01-09 01:36:11.524 -06:00 [INF] PressGang: Grand Khuzait Horde recruiting 1 Imperial Coast Guard
2026-01-09 01:36:11.524 -06:00 [INF] PressGang: Grand Khuzait Horde recruiting 1 Imperial Naute
2026-01-09 01:36:11.994 -06:00 [INF] PressGang: Looters recruiting 1 Nord Peasant
2026-01-09 01:36:12.281 -06:00 [INF] PressGang: Sea Raiders recruiting 1 Vlandian Crossbowman
2026-01-09 01:36:12.281 -06:00 [INF] PressGang: Sea Raiders recruiting 1 Vlandian Gallant
2026-01-09 01:36:12.653 -06:00 [INF] PressGang: Grand Looters Horde recruiting 1 Khuzait Convoy Guard
2026-01-09 01:36:13.119 -06:00 [INF] PressGang: Forest Bandits recruiting 1 Nord Peasant
2026-01-09 01:36:13.166 -06:00 [INF] PressGang: Grand Looters Horde recruiting 1 Nord Peasant
2026-01-09 01:36:13.412 -06:00 [INF] PressGang: Sea Raiders recruiting 1 Nord Peasant
2026-01-09 01:36:13.535 -06:00 [INF] PressGang: Grand Battania Horde recruiting 1 Jawwal Camel Rider
2026-01-09 01:36:13.767 -06:00 [INF] PressGang: Sea Raiders recruiting 1 Vlandia Peasant
2026-01-09 01:36:14.889 -06:00 [INF] PressGang: Forest Bandits recruiting 1 Nord Peasant
2026-01-09 01:36:14.935 -06:00 [INF] PressGang: Steppe Bandits recruiting 2 Aserai Peasant
2026-01-09 01:36:14.980 -06:00 [INF] PressGang: Sea Raiders recruiting 1 Vlandian Knight
2026-01-09 01:36:15.486 -06:00 [INF] Daily Tick: Verifying Syndicate War State...
2026-01-09 01:36:15.486 -06:00 [INF] Checking staggered war declarations for Day Index: 2
2026-01-09 01:36:15.862 -06:00 [INF] PressGang: Deserters recruiting 1 Khuzait Peasant
2026-01-09 01:36:16.095 -06:00 [INF] PressGang: Looters recruiting 1 Nord Peasant
2026-01-09 01:36:17.063 -06:00 [INF] PressGang: Deserters recruiting 1 Aserai Peasant
2026-01-09 01:36:17.064 -06:00 [INF] PressGang: Byram of the Lake Rats' Party recruiting 1 Sturgian Archer
2026-01-09 01:36:17.106 -06:00 [INF] PressGang: Corsairs recruiting 1 Imperial Naute
2026-01-09 01:36:17.423 -06:00 [INF] MERGING: Mountain Bandits (7) -> Forest Bandits (13) [Naval: False]
2026-01-09 01:36:17.424 -06:00 [INF] Total Merges this battle: 1
2026-01-09 01:36:17.799 -06:00 [INF] MERGING: Looters (8) -> Looters (8) [Naval: False]
2026-01-09 01:36:17.800 -06:00 [INF] Total Merges this battle: 1
2026-01-09 01:36:17.842 -06:00 [INF] MERGING: Looters (17) -> Steppe Bandits (20) [Naval: False]
2026-01-09 01:36:17.843 -06:00 [INF] MERGING: Steppe Bandits (9) -> Steppe Bandits (37) [Naval: False]
2026-01-09 01:36:17.844 -06:00 [INF] Total Merges this battle: 2
2026-01-09 01:36:18.577 -06:00 [INF] MERGING: Desert Bandits (15) -> Looters (16) [Naval: False]
2026-01-09 01:36:18.578 -06:00 [INF] MERGING: Looters (13) -> Looters (31) [Naval: False]
2026-01-09 01:36:18.579 -06:00 [INF] MERGING: Desert Bandits (7) -> Grand Looters Horde (44) [Naval: False]
2026-01-09 01:36:18.579 -06:00 [INF] Total Merges this battle: 3
2026-01-09 01:36:20.192 -06:00 [INF] MERGING: Steppe Bandits (14) -> Looters (16) [Naval: False]
2026-01-09 01:36:20.192 -06:00 [INF] Total Merges this battle: 1
2026-01-09 01:36:21.727 -06:00 [INF] Found 1 stuck Syndicate Warlords. Redeploying...
2026-01-09 01:36:21.947 -06:00 [INF] MERGING: Looters (4) -> Looters (6) [Naval: False]
2026-01-09 01:36:21.947 -06:00 [INF] Total Merges this battle: 1
2026-01-09 01:36:22.551 -06:00 [INF] Found 1 stuck Syndicate Warlords. Redeploying...
2026-01-09 01:36:22.551 -06:00 [INF] Redeploying Cadfin Blacktooth to Hideout...
2026-01-09 01:36:24.311 -06:00 [INF] MERGING: Forest Bandits (10) -> Forest Bandits (14) [Naval: False]
2026-01-09 01:36:24.313 -06:00 [INF] Total Merges this battle: 1
2026-01-09 01:36:25.264 -06:00 [INF] PressGang: Grand Aserai Horde recruiting 2 Looter
2026-01-09 01:36:25.264 -06:00 [INF] PressGang: Grand Aserai Horde recruiting 2 Aserai Footman
2026-01-09 01:36:25.265 -06:00 [INF] PressGang: Grand Aserai Horde recruiting 1 Harami
2026-01-09 01:36:25.265 -06:00 [INF] PressGang: Grand Aserai Horde recruiting 1 Aserai Peasant
2026-01-09 01:36:25.355 -06:00 [INF] PressGang: Grand Battania Horde recruiting 3 Battanian Volunteer
2026-01-09 01:36:25.356 -06:00 [INF] PressGang: Grand Battania Horde recruiting 1 Battanian Skirmisher
2026-01-09 01:36:25.765 -06:00 [INF] MERGING: Looters (6) -> Looters (12) [Naval: False]
2026-01-09 01:36:25.766 -06:00 [INF] Total Merges this battle: 1
2026-01-09 01:36:29.002 -06:00 [INF] PressGang: Looters recruiting 1 Nord Peasant
2026-01-09 01:36:29.132 -06:00 [INF] PressGang: Grand Looters Horde recruiting 1 Khuzait Veteran Convoy Guard
2026-01-09 01:36:29.132 -06:00 [INF] PressGang: Grand Looters Horde recruiting 1 Khuzait Armed Convoy Trader
2026-01-09 01:36:31.409 -06:00 [INF] PressGang: Grand Khuzait Horde recruiting 1 Khuzait Nomad
2026-01-09 01:36:31.409 -06:00 [INF] PressGang: Grand Khuzait Horde recruiting 1 Imperial Crossbowman
2026-01-09 01:36:31.409 -06:00 [INF] PressGang: Grand Khuzait Horde recruiting 1 Imperial Palatine Guard
2026-01-09 01:36:31.592 -06:00 [INF] PressGang: Looters recruiting 1 Vlandia Peasant
2026-01-09 01:36:31.684 -06:00 [INF] PressGang: Grand Looters Horde recruiting 1 Sturgian Armed Convoy Trader
2026-01-09 01:36:32.850 -06:00 [INF] PressGang: Looters recruiting 3 Nord Peasant
2026-01-09 01:36:33.167 -06:00 [INF] PressGang: Sea Raiders recruiting 1 Nord Peasant
2026-01-09 01:36:33.257 -06:00 [INF] PressGang: Grand Battania Horde recruiting 1 Jawwal Camel Rider
2026-01-09 01:36:33.301 -06:00 [INF] PressGang: Grand Vlandia Horde recruiting 1 Hillman
2026-01-09 01:36:34.203 -06:00 [INF] PressGang: Grand Steppe Bandits Horde recruiting 1 Aserai Peasant
2026-01-09 01:36:34.340 -06:00 [INF] MERGING: Looters (14) -> Desert Bandits (36) [Naval: False]
2026-01-09 01:36:34.341 -06:00 [INF] MERGING: Looters (7) -> Grand Desert Bandits Horde (50) [Naval: False]
2026-01-09 01:36:34.341 -06:00 [INF] Total Merges this battle: 2
2026-01-09 01:36:34.343 -06:00 [INF] PressGang: Deserters recruiting 1 Empire Peasant
2026-01-09 01:36:34.567 -06:00 [INF] PressGang: Sea Raiders recruiting 1 Vlandian Knight
2026-01-09 01:36:34.567 -06:00 [INF] PressGang: Sea Raiders recruiting 1 Vlandian Crossbowman
2026-01-09 01:36:35.081 -06:00 [INF] PressGang: Vadicand of the Brotherhood's Party recruiting 1 Looter
2026-01-09 01:36:35.479 -06:00 [INF] Daily Tick: Verifying Syndicate War State...
2026-01-09 01:36:35.479 -06:00 [INF] Checking staggered war declarations for Day Index: 3
2026-01-09 01:36:36.054 -06:00 [INF] PressGang: Steppe Bandits recruiting 1 Khuzait Peasant
2026-01-09 01:36:36.842 -06:00 [INF] PressGang: Grand Looters Horde recruiting 4 Aserai Peasant
2026-01-09 01:36:36.842 -06:00 [INF] PressGang: Grand Looters Horde recruiting 1 Aserai Recruit
2026-01-09 01:36:39.225 -06:00 [INF] MERGING: Desert Bandits (12) -> Desert Bandits (24) [Naval: False]
2026-01-09 01:36:39.225 -06:00 [INF] Total Merges this battle: 1
2026-01-09 01:36:41.752 -06:00 [INF] Found 1 stuck Syndicate Warlords. Redeploying...
2026-01-09 01:36:42.590 -06:00 [INF] Found 1 stuck Syndicate Warlords. Redeploying...
2026-01-09 01:36:43.425 -06:00 [INF] Found 1 stuck Syndicate Warlords. Redeploying...
2026-01-09 01:36:43.426 -06:00 [INF] Redeploying Thera the Exile to Hideout...
2026-01-09 01:36:45.247 -06:00 [INF] PressGang: Grand Aserai Horde recruiting 1 Looter
2026-01-09 01:36:45.247 -06:00 [INF] PressGang: Grand Aserai Horde recruiting 1 Aserai Mamluke Soldier
2026-01-09 01:36:45.247 -06:00 [INF] PressGang: Grand Aserai Horde recruiting 1 Aserai Tribesman
2026-01-09 01:36:45.247 -06:00 [INF] PressGang: Grand Aserai Horde recruiting 1 Aserai Peasant
2026-01-09 01:36:45.249 -06:00 [INF] PressGang: Grand Aserai Horde recruiting 1 Aserai Recruit
2026-01-09 01:36:45.249 -06:00 [INF] PressGang: Grand Aserai Horde recruiting 1 Aserai Peasant
2026-01-09 01:36:45.338 -06:00 [INF] PressGang: Grand Battania Horde recruiting 2 Battanian Volunteer
2026-01-09 01:36:45.339 -06:00 [INF] PressGang: Grand Battania Horde recruiting 1 Battanian Veteran Skirmisher
2026-01-09 01:36:45.339 -06:00 [INF] PressGang: Grand Battania Horde recruiting 1 Battanian Fian
2026-01-09 01:36:49.583 -06:00 [INF] MERGING: Looters (15) -> Steppe Bandits (23) [Naval: False]
2026-01-09 01:36:49.583 -06:00 [INF] Total Merges this battle: 1
2026-01-09 01:36:50.523 -06:00 [INF] MERGING: Looters (9) -> Looters (9) [Naval: False]
2026-01-09 01:36:50.524 -06:00 [INF] MERGING: Looters (8) -> Looters (18) [Naval: False]
2026-01-09 01:36:50.524 -06:00 [INF] Total Merges this battle: 2
2026-01-09 01:36:50.573 -06:00 [INF] PressGang: Looters recruiting 1 Nord Peasant
2026-01-09 01:36:50.717 -06:00 [INF] PressGang: Grand Looters Horde recruiting 2 Khuzait Veteran Convoy Guard
2026-01-09 01:36:50.717 -06:00 [INF] PressGang: Grand Looters Horde recruiting 1 Khuzait Convoy Guard
2026-01-09 01:36:51.577 -06:00 [INF] PressGang: Sea Raiders recruiting 1 Nord Peasant
2026-01-09 01:36:52.839 -06:00 [INF] PressGang: Grand Khuzait Horde recruiting 1 Khuzait Noble's Son
2026-01-09 01:36:52.839 -06:00 [INF] PressGang: Grand Khuzait Horde recruiting 2 Imperial Infantryman
2026-01-09 01:36:52.839 -06:00 [INF] PressGang: Grand Khuzait Horde recruiting 1 Imperial Naute
2026-01-09 01:36:52.839 -06:00 [INF] PressGang: Grand Khuzait Horde recruiting 1 Marauder
2026-01-09 01:36:53.034 -06:00 [INF] PressGang: Looters recruiting 1 Vlandia Peasant
2026-01-09 01:36:53.132 -06:00 [INF] MERGING: Looters (7) -> Looters (10) [Naval: False]
2026-01-09 01:36:53.132 -06:00 [INF] Total Merges this battle: 1
2026-01-09 01:36:53.537 -06:00 [INF] PressGang: Looters recruiting 1 Empire Peasant
2026-01-09 01:36:54.210 -06:00 [INF] MERGING: Looters (10) -> Looters (11) [Naval: False]
2026-01-09 01:36:54.211 -06:00 [INF] MERGING: Forest Bandits (7) -> Looters (21) [Naval: False]
2026-01-09 01:36:54.212 -06:00 [INF] MERGING: Looters (6) -> Looters (28) [Naval: False]
2026-01-09 01:36:54.212 -06:00 [INF] Total Merges this battle: 3
2026-01-09 01:43:19.852 -06:00 [INF] PressGang: Grand Battania Horde recruiting 2 Battanian Highborn Youth
2026-01-09 01:43:19.852 -06:00 [INF] PressGang: Grand Battania Horde recruiting 1 Battanian Mounted Skirmisher
2026-01-09 01:43:19.852 -06:00 [INF] PressGang: Grand Vlandia Horde recruiting 1 Brigand
2026-01-09 01:43:19.852 -06:00 [INF] PressGang: Grand Vlandia Horde recruiting 1 Hillman
2026-01-09 01:43:20.517 -06:00 [INF] PressGang: Grand Desert Bandits Horde recruiting 1 Aserai Peasant
2026-01-09 01:43:20.992 -06:00 [INF] PressGang: Forest Bandits recruiting 1 Nord Peasant
2026-01-09 01:43:21.105 -06:00 [INF] PressGang: Steppe Bandits recruiting 1 Empire Peasant
2026-01-09 01:43:21.145 -06:00 [INF] PressGang: Grand Khuzait Horde recruiting 1 Khuzait Qanqli
2026-01-09 01:43:21.145 -06:00 [INF] PressGang: Grand Khuzait Horde recruiting 2 Khuzait Tribal Warrior
2026-01-09 01:43:21.145 -06:00 [INF] PressGang: Grand Khuzait Horde recruiting 1 Khuzait Nomad
2026-01-09 01:43:21.387 -06:00 [INF] PressGang: Sea Raiders recruiting 1 Sturgian Hardened Brigand
2026-01-09 01:43:22.327 -06:00 [INF] Daily Tick: Verifying Syndicate War State...
2026-01-09 01:43:22.327 -06:00 [INF] Checking staggered war declarations for Day Index: 4
2026-01-09 01:43:22.509 -06:00 [INF] PressGang: Looters recruiting 1 Sturgia Peasant
2026-01-09 01:43:22.881 -06:00 [INF] PressGang: Grand Sturgia Horde recruiting 3 Sturgia Peasant
2026-01-09 01:43:22.924 -06:00 [INF] PressGang: Thavin the Shark's Party recruiting 1 Nord Peasant
2026-01-09 01:48:45.940 -06:00 [INF] PressGang: Forest Bandits recruiting 1 Battanian Skirmisher
2026-01-09 01:48:45.940 -06:00 [INF] PressGang: Forest Bandits recruiting 1 Battanian Scout
2026-01-09 01:48:51.004 -06:00 [INF] MERGING: Looters (7) -> Deserters (33) [Naval: False]
2026-01-09 01:48:51.004 -06:00 [INF] Total Merges this battle: 1
2026-01-09 01:48:51.743 -06:00 [INF] PressGang: Grand Aserai Horde recruiting 1 Aserai Recruit (Rank 1)
2026-01-09 01:48:51.743 -06:00 [INF] PressGang: Grand Aserai Horde recruiting 2 Aserai Peasant
2026-01-09 01:48:51.789 -06:00 [INF] PressGang: Grand Aserai Horde recruiting 1 Bedouin Rover
2026-01-09 01:48:51.887 -06:00 [INF] PressGang: Grand Battania Horde recruiting 1 Battanian Volunteer
2026-01-09 01:48:54.934 -06:00 [INF] MERGING: Looters (6) -> Looters (12) [Naval: False]
2026-01-09 01:48:54.935 -06:00 [INF] Total Merges this battle: 1
2026-01-09 01:48:55.160 -06:00 [INF] PressGang: Forest Bandits recruiting 1 Battanian Veteran Skirmisher
2026-01-09 01:48:55.422 -06:00 [INF] PressGang: Looters recruiting 1 Nord Peasant
2026-01-09 01:48:55.604 -06:00 [INF] PressGang: Grand Looters Horde recruiting 1 Khuzait Caravan Master
2026-01-09 01:48:56.445 -06:00 [INF] PressGang: Sea Raiders recruiting 1 Nord Peasant
2026-01-09 01:48:56.861 -06:00 [INF] MERGING: Sea Raiders (13) -> Sea Raiders (17) [Naval: True]
2026-01-09 01:48:56.862 -06:00 [INF] Total Merges this battle: 1
2026-01-09 01:48:57.654 -06:00 [INF] PressGang: Grand Khuzait Horde recruiting 1 Imperial Trained Infantryman
2026-01-09 01:48:57.654 -06:00 [INF] PressGang: Grand Khuzait Horde recruiting 1 Steppe Bandit
2026-01-09 01:48:58.984 -06:00 [INF] PressGang: Looters recruiting 1 Empire Peasant
2026-01-09 01:48:59.353 -06:00 [INF] PressGang: Grand Battania Horde recruiting 1 Battanian Skirmisher
2026-01-09 01:48:59.353 -06:00 [INF] PressGang: Grand Battania Horde recruiting 1 Battanian Armed Trader
2026-01-09 01:49:00.581 -06:00 [INF] PressGang: Grand Khuzait Horde recruiting 1 Khuzait Nomad
2026-01-09 01:49:00.794 -06:00 [INF] PressGang: Sea Raiders recruiting 1 Varyag Veteran
2026-01-09 01:49:00.794 -06:00 [INF] PressGang: Sea Raiders recruiting 1 Sturgian Soldier
2026-01-09 01:49:00.842 -06:00 [INF] PressGang: Steppe Bandits recruiting 1 Khuzait Peasant
2026-01-09 01:49:01.301 -06:00 [INF] PressGang: Looters recruiting 1 Battania Peasant
2026-01-09 01:49:01.996 -06:00 [INF] Daily Tick: Verifying Syndicate War State...
2026-01-09 01:49:01.997 -06:00 [INF] Checking staggered war declarations for Day Index: 5
2026-01-09 01:49:02.126 -06:00 [INF] MERGING: Steppe Bandits (7) -> Steppe Bandits (16) [Naval: False]
2026-01-09 01:49:02.128 -06:00 [INF] Total Merges this battle: 1
2026-01-09 01:49:02.265 -06:00 [INF] PressGang: Thavin the Shark's Party recruiting 1 Looter
2026-01-09 01:49:02.414 -06:00 [INF] MERGING: Looters (11) -> Looters (12) [Naval: False]
2026-01-09 01:49:02.415 -06:00 [INF] Total Merges this battle: 1
2026-01-09 01:49:02.446 -06:00 [INF] PressGang: Grand Looters Horde recruiting 1 Aserai Recruit
2026-01-09 01:49:03.185 -06:00 [INF] PressGang: Looters recruiting 1 Vlandian Recruit
2026-01-09 01:49:03.459 -06:00 [INF] PressGang: Grand Khuzait Horde recruiting 1 Looter
2026-01-09 01:49:03.599 -06:00 [INF] PressGang: Thera the Exile's Party recruiting 2 Looter
2026-01-09 01:49:05.926 -06:00 [INF] PressGang: Forest Bandits recruiting 1 Battanian Skirmisher
2026-01-09 01:49:11.262 -06:00 [INF] MERGING: Looters (19) -> Looters (20) [Naval: False]
2026-01-09 01:49:11.263 -06:00 [INF] MERGING: Looters (14) -> Looters (39) [Naval: False]
2026-01-09 01:49:11.263 -06:00 [INF] Total Merges this battle: 2
2026-01-09 01:49:11.675 -06:00 [INF] PressGang: Grand Aserai Horde recruiting 1 Looter
2026-01-09 01:49:11.677 -06:00 [INF] PressGang: Grand Aserai Horde recruiting 1 Looter
2026-01-09 01:49:11.770 -06:00 [INF] PressGang: Grand Battania Horde recruiting 2 Battanian Volunteer
2026-01-09 01:49:11.770 -06:00 [INF] PressGang: Grand Battania Horde recruiting 1 Battania Peasant
2026-01-09 01:49:14.181 -06:00 [INF] MERGING: Looters (13) -> Looters (19) [Naval: False]
2026-01-09 01:49:14.182 -06:00 [INF] MERGING: Looters (12) -> Looters (32) [Naval: False]
2026-01-09 01:49:14.183 -06:00 [INF] Total Merges this battle: 2
2026-01-09 01:49:15.923 -06:00 [INF] PressGang: Desert Bandits recruiting 1 Aserai Peasant
2026-01-09 01:49:16.010 -06:00 [INF] PressGang: Grand Looters Horde recruiting 1 Nord Youngling
2026-01-09 01:49:16.582 -06:00 [INF] MERGING: Looters (11) -> Looters (17) [Naval: False]
2026-01-09 01:49:16.582 -06:00 [INF] Total Merges this battle: 1
2026-01-09 01:49:17.446 -06:00 [INF] PressGang: Grand Khuzait Horde recruiting 1 Imperial Naute
2026-01-09 01:49:18.070 -06:00 [INF] PressGang: Looters recruiting 1 Empire Peasant
2026-01-09 01:49:18.132 -06:00 [INF] PressGang: Sea Raiders recruiting 1 Nord Peasant
2026-01-09 01:49:18.688 -06:00 [INF] PressGang: Looters recruiting 1 Empire Peasant
2026-01-09 01:49:18.753 -06:00 [INF] PressGang: Looters recruiting 1 Empire Peasant
2026-01-09 01:49:19.061 -06:00 [INF] PressGang: Grand Battania Horde recruiting 1 Battanian Highborn Warrior
2026-01-09 01:49:19.062 -06:00 [INF] PressGang: Grand Battania Horde recruiting 1 Battanian Veteran Skirmisher
2026-01-09 01:49:19.954 -06:00 [INF] PressGang: Steppe Bandits recruiting 1 Nord Peasant
2026-01-09 01:49:20.076 -06:00 [INF] PressGang: Steppe Bandits recruiting 1 Empire Peasant
2026-01-09 01:49:20.136 -06:00 [INF] PressGang: Sea Raiders recruiting 1 Vlandian Cavalry
2026-01-09 01:49:20.195 -06:00 [INF] PressGang: Grand Khuzait Horde recruiting 1 Khuzait Noble's Son
2026-01-09 01:49:20.195 -06:00 [INF] PressGang: Grand Khuzait Horde recruiting 1 Imperial Trained Infantryman
2026-01-09 01:49:20.435 -06:00 [INF] PressGang: Sea Raiders recruiting 1 Sturgian Soldier
2026-01-09 01:49:20.622 -06:00 [INF] PressGang: Grand Vlandia Horde recruiting 1 Vlandian Knight
2026-01-09 01:49:20.622 -06:00 [INF] PressGang: Grand Vlandia Horde recruiting 1 Vlandian Levy Crossbowman
2026-01-09 01:49:20.622 -06:00 [INF] PressGang: Grand Vlandia Horde recruiting 1 Vlandian Voulgier
2026-01-09 01:49:20.623 -06:00 [INF] PressGang: Grand Vlandia Horde recruiting 1 Vlandian Recruit
2026-01-09 01:49:21.039 -06:00 [INF] PressGang: Looters recruiting 1 Nord Peasant
2026-01-09 01:49:21.401 -06:00 [INF] PressGang: Looters recruiting 1 Sturgia Peasant
2026-01-09 01:49:21.767 -06:00 [INF] PressGang: Grand Sturgia Horde recruiting 1 Sturgian Hardened Brigand
2026-01-09 01:49:21.767 -06:00 [INF] PressGang: Grand Sturgia Horde recruiting 1 Sturgia Peasant
2026-01-09 01:49:22.072 -06:00 [INF] Daily Tick: Verifying Syndicate War State...
2026-01-09 01:49:22.072 -06:00 [INF] Checking staggered war declarations for Day Index: 0
2026-01-09 01:49:22.735 -06:00 [INF] PressGang: Looters recruiting 1 Vlandian Recruit
2026-01-09 01:49:22.854 -06:00 [INF] PressGang: Sea Raiders recruiting 1 Nord Peasant
2026-01-09 01:49:22.978 -06:00 [INF] PressGang: Grand Khuzait Horde recruiting 1 Imperial Heavy Horseman
2026-01-09 01:49:23.158 -06:00 [INF] PressGang: Thera the Exile's Party recruiting 1 Empire Peasant
2026-01-09 01:49:23.939 -06:00 [INF] PressGang: Steppe Bandits recruiting 1 Aserai Peasant
2026-01-09 01:49:25.023 -06:00 [INF] MERGING: Looters (4) -> Looters (4) [Naval: False]
2026-01-09 01:49:25.023 -06:00 [INF] Total Merges this battle: 1
2026-01-09 01:49:25.640 -06:00 [INF] MERGING: Looters (8) -> Deserters (15) [Naval: False]
2026-01-09 01:49:25.640 -06:00 [INF] Total Merges this battle: 1
2026-01-09 01:49:25.950 -06:00 [INF] PressGang: Forest Bandits recruiting 1 Battanian Veteran Skirmisher
2026-01-09 01:49:27.850 -06:00 [INF] MERGING: Forest Bandits (8) -> Forest Bandits (16) [Naval: False]
2026-01-09 01:49:27.850 -06:00 [INF] Total Merges this battle: 1
2026-01-09 01:49:31.709 -06:00 [INF] PressGang: Grand Aserai Horde recruiting 2 Looter
2026-01-09 01:49:32.625 -06:00 [INF] MERGING: Sea Raiders (12) -> Sea Raiders (18) [Naval: True]
2026-01-09 01:49:32.626 -06:00 [INF] Total Merges this battle: 1
2026-01-09 01:49:35.337 -06:00 [INF] PressGang: Looters recruiting 1 Nord Peasant
2026-01-09 01:49:35.472 -06:00 [INF] PressGang: Grand Looters Horde recruiting 1 Khuzait Veteran Convoy Guard
2026-01-09 01:49:35.983 -06:00 [INF] PressGang: Grand Looters Horde recruiting 1 Nord Axe Warrior
2026-01-09 01:49:36.304 -06:00 [INF] PressGang: Sea Raiders recruiting 1 Nord Peasant
2026-01-09 01:49:37.272 -06:00 [INF] PressGang: Sea Raiders recruiting 1 Nord Peasant
2026-01-09 01:49:38.003 -06:00 [INF] PressGang: Looters recruiting 1 Empire Peasant
2026-01-09 01:49:38.695 -06:00 [INF] PressGang: Looters recruiting 2 Nord Peasant
2026-01-09 01:49:38.943 -06:00 [INF] PressGang: Sea Raiders recruiting 1 Nord Peasant
2026-01-09 01:49:39.041 -06:00 [INF] PressGang: Grand Vlandia Horde recruiting 1 Looter
2026-01-09 01:49:39.579 -06:00 [INF] PressGang: Grand Desert Bandits Horde recruiting 2 Aserai Peasant
2026-01-09 01:49:40.041 -06:00 [INF] PressGang: Steppe Bandits recruiting 1 Aserai Peasant
2026-01-09 01:49:40.041 -06:00 [INF] PressGang: Steppe Bandits recruiting 2 Empire Peasant
2026-01-09 01:49:40.041 -06:00 [INF] PressGang: Steppe Bandits recruiting 2 Imperial Recruit
2026-01-09 01:49:40.349 -06:00 [INF] PressGang: Sea Raiders recruiting 2 Sturgia Peasant
2026-01-09 01:49:40.479 -06:00 [INF] PressGang: Grand Vlandia Horde recruiting 1 Vlandian Squire
2026-01-09 01:49:40.479 -06:00 [INF] PressGang: Grand Vlandia Horde recruiting 1 Vlandian Crossbowman
2026-01-09 01:49:40.479 -06:00 [INF] PressGang: Grand Vlandia Horde recruiting 1 Vlandian Footman
2026-01-09 01:49:40.479 -06:00 [INF] PressGang: Grand Vlandia Horde recruiting 1 Vlandian Gallant
2026-01-09 01:49:40.875 -06:00 [INF] PressGang: Forest Bandits recruiting 1 Sturgia Peasant
2026-01-09 01:49:40.945 -06:00 [INF] PressGang: Grand Looters Horde recruiting 1 Sturgia Peasant
2026-01-09 01:49:41.620 -06:00 [INF] PressGang: Thavin the Shark's Party recruiting 2 Looter
2026-01-09 01:49:42.061 -06:00 [INF] Daily Tick: Verifying Syndicate War State...
2026-01-09 01:49:42.061 -06:00 [INF] Checking staggered war declarations for Day Index: 1
2026-01-09 01:49:42.204 -06:00 [INF] PressGang: Sea Raiders recruiting 1 Sturgia Peasant
2026-01-09 01:49:42.544 -06:00 [INF] PressGang: Deserters recruiting 1 Empire Peasant
2026-01-09 01:49:42.641 -06:00 [INF] PressGang: Grand Khuzait Horde recruiting 1 Looter
2026-01-09 01:49:43.647 -06:00 [INF] PressGang: Morynon of the Hand's Party recruiting 1 Imperial Crossbowman
2026-01-09 01:49:43.741 -06:00 [INF] MERGING: Sea Raiders (4) -> Sea Raiders (31) [Naval: True]
2026-01-09 01:49:43.742 -06:00 [INF] Total Merges this battle: 1
2026-01-09 01:49:44.072 -06:00 [INF] PressGang: Desert Bandits recruiting 1 Aserai Peasant
2026-01-09 01:49:46.541 -06:00 [INF] PressGang: Forest Bandits recruiting 1 Nord Peasant
2026-01-09 01:49:50.243 -06:00 [INF] MERGING: Steppe Bandits (16) -> Deserters (19) [Naval: False]
2026-01-09 01:49:50.244 -06:00 [INF] Total Merges this battle: 1
2026-01-09 01:49:51.819 -06:00 [INF] PressGang: Grand Aserai Horde recruiting 1 Aserai Tribal Horseman
2026-01-09 01:49:51.819 -06:00 [INF] PressGang: Grand Aserai Horde recruiting 1 Aserai Mamluke Regular
2026-01-09 01:49:51.819 -06:00 [INF] PressGang: Grand Aserai Horde recruiting 1 Looter
2026-01-09 01:49:51.819 -06:00 [INF] PressGang: Grand Aserai Horde recruiting 1 Aserai Mamluke Soldier
2026-01-09 01:49:51.819 -06:00 [INF] PressGang: Grand Aserai Horde recruiting 2 Aserai Peasant
2026-01-09 01:49:51.819 -06:00 [INF] PressGang: Grand Aserai Horde recruiting 2 Looter
2026-01-09 01:49:51.819 -06:00 [INF] PressGang: Grand Aserai Horde recruiting 1 Aserai Peasant
2026-01-09 01:49:52.723 -06:00 [INF] MERGING: Forest Bandits (14) -> Forest Bandits (17) [Naval: False]
2026-01-09 01:49:52.723 -06:00 [INF] Total Merges this battle: 1
2026-01-09 01:49:56.028 -06:00 [INF] PressGang: Grand Looters Horde recruiting 1 Nord Warrior
2026-01-09 01:49:57.385 -06:00 [INF] PressGang: Grand Khuzait Horde recruiting 1 Khuzait Noble's Son
2026-01-09 01:49:57.600 -06:00 [INF] PressGang: Grand Looters Horde recruiting 1 Sturgian Convoy Guard
2026-01-09 01:49:57.746 -06:00 [INF] PressGang: Looters recruiting 1 Nord Peasant
2026-01-09 01:49:58.110 -06:00 [INF] PressGang: Sea Raiders recruiting 1 Nord Peasant
2026-01-09 01:49:58.185 -06:00 [INF] PressGang: Grand Corsairs Horde recruiting 1 Aserai Peasant
2026-01-09 01:49:58.470 -06:00 [INF] PressGang: Looters recruiting 1 Nord Peasant
2026-01-09 01:49:58.707 -06:00 [INF] MERGING: Looters (7) -> Looters (11) [Naval: False]
2026-01-09 01:49:58.708 -06:00 [INF] MERGING: Looters (7) -> Looters (18) [Naval: False]
2026-01-09 01:49:58.709 -06:00 [INF] MERGING: Looters (3) -> Looters (25) [Naval: False]
2026-01-09 01:49:58.709 -06:00 [INF] Total Merges this battle: 3
2026-01-09 01:49:58.791 -06:00 [INF] PressGang: Grand Looters Horde recruiting 1 Empire Peasant
2026-01-09 01:49:59.110 -06:00 [INF] MERGING: Looters (18) -> Mountain Bandits (21) [Naval: False]
2026-01-09 01:49:59.111 -06:00 [INF] MERGING: Looters (11) -> Mountain Bandits (39) [Naval: False]
2026-01-09 01:49:59.111 -06:00 [INF] Total Merges this battle: 2
2026-01-09 01:49:59.113 -06:00 [INF] PressGang: Grand Vlandia Horde recruiting 1 Looter
2026-01-09 01:49:59.681 -06:00 [INF] PressGang: Grand Desert Bandits Horde recruiting 1 Aserai Peasant
2026-01-09 01:50:00.070 -06:00 [INF] PressGang: Steppe Bandits recruiting 1 Empire Peasant
2026-01-09 01:50:00.347 -06:00 [INF] PressGang: Sea Raiders recruiting 2 Sturgia Peasant
2026-01-09 01:50:00.503 -06:00 [INF] MERGING: Desert Bandits (8) -> Desert Bandits (34) [Naval: False]
2026-01-09 01:50:00.504 -06:00 [INF] Total Merges this battle: 1
2026-01-09 01:50:00.994 -06:00 [INF] MERGING: Steppe Bandits (7) -> Steppe Bandits (23) [Naval: False]
2026-01-09 01:50:00.994 -06:00 [INF] Total Merges this battle: 1
2026-01-09 01:50:01.107 -06:00 [INF] PressGang: Deserters recruiting 1 Khuzait Peasant
2026-01-09 01:50:01.475 -06:00 [INF] PressGang: Grand Desert Bandits Horde recruiting 2 Aserai Peasant
2026-01-09 01:50:01.533 -06:00 [INF] PressGang: Thavin the Shark's Party recruiting 1 Looter
2026-01-09 01:50:01.534 -06:00 [INF] PressGang: Thavin the Shark's Party recruiting 1 Nord Peasant
2026-01-09 01:50:01.695 -06:00 [INF] PressGang: Mountain Bandits recruiting 2 Empire Peasant
2026-01-09 01:50:02.354 -06:00 [INF] Daily Tick: Verifying Syndicate War State...
2026-01-09 01:50:02.354 -06:00 [INF] Checking staggered war declarations for Day Index: 2
2026-01-09 01:50:02.507 -06:00 [INF] PressGang: Grand Khuzait Horde recruiting 2 Looter
2026-01-09 01:50:02.618 -06:00 [INF] PressGang: Thera the Exile's Party recruiting 1 Looter
2026-01-09 01:50:02.740 -06:00 [INF] PressGang: Looters recruiting 1 Vlandia Peasant
2026-01-09 01:50:02.779 -06:00 [INF] PressGang: Forest Bandits recruiting 1 Nord Peasant
2026-01-09 01:50:03.271 -06:00 [INF] PressGang: Steppe Bandits recruiting 1 Aserai Peasant
2026-01-09 01:50:03.367 -06:00 [INF] PressGang: Grand Empire Horde recruiting 1 Imperial Infantryman
2026-01-09 01:50:03.695 -06:00 [INF] PressGang: Sea Raiders recruiting 2 Nord Peasant
2026-01-09 01:50:04.098 -06:00 [INF] PressGang: Looters recruiting 1 Aserai Peasant
2026-01-09 01:50:04.542 -06:00 [INF] PressGang: Deserters recruiting 1 Imperial Recruit (Rank 1)
2026-01-09 01:50:12.030 -06:00 [INF] PressGang: Grand Aserai Horde recruiting 1 Aserai Peasant
2026-01-09 01:50:12.078 -06:00 [INF] PressGang: Grand Aserai Horde recruiting 1 Aserai Armed Trader
2026-01-09 01:50:12.814 -06:00 [INF] MERGING: Mountain Bandits (6) -> Looters (10) [Naval: False]
2026-01-09 01:50:12.815 -06:00 [INF] Total Merges this battle: 1
2026-01-09 01:50:14.821 -06:00 [INF] MERGING: Steppe Bandits (13) -> Mountain Bandits (19) [Naval: False]
2026-01-09 01:50:14.822 -06:00 [INF] Total Merges this battle: 1
2026-01-09 01:50:14.966 -06:00 [INF] MERGING: Steppe Bandits (19) -> Steppe Bandits (23) [Naval: False]
2026-01-09 01:50:14.966 -06:00 [INF] Total Merges this battle: 1
2026-01-09 01:50:15.898 -06:00 [INF] MERGING: Desert Bandits (13) -> Looters (16) [Naval: False]
2026-01-09 01:50:15.899 -06:00 [INF] Total Merges this battle: 1
2026-01-09 01:50:16.132 -06:00 [INF] PressGang: Grand Looters Horde recruiting 1 Nord Peasant
2026-01-09 01:50:16.270 -06:00 [INF] PressGang: Grand Looters Horde recruiting 2 Aserai Convoy Guard
2026-01-09 01:50:16.270 -06:00 [INF] PressGang: Grand Looters Horde recruiting 1 Aserai Armed Convoy Trader
2026-01-09 01:50:17.554 -06:00 [INF] PressGang: Grand Looters Horde recruiting 1 Vlandian Veteran Convoy Guard
2026-01-09 01:50:18.372 -06:00 [INF] PressGang: Corsairs recruiting 3 Khuzait Militia Archer
2026-01-09 01:50:18.759 -06:00 [INF] MERGING: Sea Raiders (4) -> Sea Raiders (26) [Naval: True]
2026-01-09 01:50:18.759 -06:00 [INF] Total Merges this battle: 1
2026-01-09 01:50:19.051 -06:00 [INF] PressGang: Grand Looters Horde recruiting 1 Vlandian Convoy Guard
2026-01-09 01:50:19.482 -06:00 [INF] PressGang: Mountain Bandits recruiting 1 Empire Peasant
2026-01-09 01:50:19.631 -06:00 [INF] PressGang: Grand Steppe Bandits Horde recruiting 2 Khuzait Peasant
2026-01-09 01:50:19.677 -06:00 [INF] PressGang: Steppe Bandits recruiting 1 Aserai Peasant
2026-01-09 01:50:19.677 -06:00 [INF] PressGang: Steppe Bandits recruiting 1 Empire Peasant
2026-01-09 01:50:19.677 -06:00 [INF] PressGang: Steppe Bandits recruiting 1 Imperial Recruit
2026-01-09 01:50:20.017 -06:00 [INF] PressGang: Looters recruiting 1 Nord Peasant
2026-01-09 01:50:20.109 -06:00 [INF] PressGang: Grand Vlandia Horde recruiting 2 Vlandian Levy Crossbowman
2026-01-09 01:50:20.109 -06:00 [INF] PressGang: Grand Vlandia Horde recruiting 2 Vlandian Recruit
2026-01-09 01:50:20.349 -06:00 [INF] PressGang: Grand Looters Horde recruiting 1 Imperial Archer
2026-01-09 01:50:21.163 -06:00 [INF] PressGang: Thavin the Shark's Party recruiting 1 Nord Peasant
2026-01-09 01:50:21.164 -06:00 [INF] PressGang: Thavin the Shark's Party recruiting 1 Nord Youngling
2026-01-09 01:50:21.402 -06:00 [INF] PressGang: Grand Looters Horde recruiting 1 Aserai Peasant
2026-01-09 01:50:22.335 -06:00 [INF] Daily Tick: Verifying Syndicate War State...
2026-01-09 01:50:22.335 -06:00 [INF] Checking staggered war declarations for Day Index: 3
2026-01-09 01:50:22.885 -06:00 [INF] PressGang: Grand Sturgia Horde recruiting 1 Sturgia Peasant
2026-01-09 01:50:23.211 -06:00 [INF] PressGang: Mountain Bandits recruiting 2 Empire Peasant
2026-01-09 01:50:23.351 -06:00 [INF] PressGang: Steppe Bandits recruiting 1 Khuzait Peasant
2026-01-09 01:50:23.593 -06:00 [INF] PressGang: Looters recruiting 1 Aserai Peasant
2026-01-09 01:50:23.629 -06:00 [INF] PressGang: Desert Bandits recruiting 1 Aserai Peasant
2026-01-09 01:50:24.277 -06:00 [INF] MERGING: Sea Raiders (14) -> Sea Raiders (21) [Naval: True]
2026-01-09 01:50:24.278 -06:00 [INF] MERGING: Sea Raiders (12) -> Sea Raiders (35) [Naval: True]
2026-01-09 01:50:24.278 -06:00 [INF] Total Merges this battle: 2
2026-01-09 01:50:28.594 -06:00 [INF] Found 1 stuck Syndicate Warlords. Redeploying...
2026-01-09 01:50:28.594 -06:00 [INF] Redeploying Cadfin Blacktooth to Hideout...
2026-01-09 01:55:29.125 -06:00 [INF] PressGang: Grand Aserai Horde recruiting 1 Looter
2026-01-09 01:55:29.125 -06:00 [INF] PressGang: Grand Aserai Horde recruiting 1 Aserai Infantry
2026-01-09 01:55:29.125 -06:00 [INF] PressGang: Grand Aserai Horde recruiting 2 Bedouin Rover
2026-01-09 01:55:29.125 -06:00 [INF] PressGang: Grand Aserai Horde recruiting 1 Bedouin Rover
2026-01-09 01:55:29.173 -06:00 [INF] PressGang: Grand Aserai Horde recruiting 1 Looter
2026-01-09 01:55:29.173 -06:00 [INF] PressGang: Grand Aserai Horde recruiting 1 Aserai Veteran Caravan Guard
2026-01-09 01:55:29.173 -06:00 [INF] PressGang: Grand Aserai Horde recruiting 2 Aserai Caravan Guard
2026-01-09 01:55:29.173 -06:00 [INF] PressGang: Grand Aserai Horde recruiting 3 Aserai Armed Trader
2026-01-09 01:55:29.173 -06:00 [INF] PressGang: Grand Aserai Horde recruiting 1 Sisterhood Follower
2026-01-09 01:55:32.292 -06:00 [INF] MERGING: Looters (11) -> Mountain Bandits (22) [Naval: False]
2026-01-09 01:55:32.293 -06:00 [INF] Total Merges this battle: 1
2026-01-09 01:55:32.971 -06:00 [INF] MERGING: Desert Bandits (9) -> Looters (12) [Naval: False]
2026-01-09 01:55:32.971 -06:00 [INF] Total Merges this battle: 1
2026-01-09 01:55:34.554 -06:00 [INF] PressGang: Grand Khuzait Horde recruiting 1 Khuzait Peasant
2026-01-09 01:55:34.712 -06:00 [INF] PressGang: Grand Looters Horde recruiting 1 Vlandian Veteran Convoy Guard
2026-01-09 01:55:34.712 -06:00 [INF] PressGang: Grand Looters Horde recruiting 1 Vlandian Armed Convoy Trader
2026-01-09 01:55:35.483 -06:00 [INF] PressGang: Corsairs recruiting 1 Khuzait Nomad (Rank 1)
2026-01-09 01:55:35.483 -06:00 [INF] PressGang: Corsairs recruiting 3 Khuzait Militia Archer
2026-01-09 01:55:35.483 -06:00 [INF] PressGang: Corsairs recruiting 1 Khuzait Horse Archer
2026-01-09 01:55:35.692 -06:00 [INF] PressGang: Desert Bandits recruiting 1 Aserai Mamluke Regular
2026-01-09 01:55:35.852 -06:00 [INF] PressGang: Sea Raiders recruiting 1 Nord Peasant
2026-01-09 01:55:36.416 -06:00 [INF] PressGang: Grand Desert Bandits Horde recruiting 2 Aserai Peasant
2026-01-09 01:55:36.572 -06:00 [INF] PressGang: Mountain Bandits recruiting 1 Empire Peasant
2026-01-09 01:55:36.668 -06:00 [INF] PressGang: Deserters recruiting 3 Empire Peasant
2026-01-09 01:55:36.730 -06:00 [INF] PressGang: Grand Steppe Bandits Horde recruiting 1 Khuzait Peasant
2026-01-09 01:55:38.665 -06:00 [INF] PressGang: Grand Looters Horde recruiting 1 Nord Peasant
2026-01-09 01:55:39.479 -06:00 [INF] MERGING: Looters (11) -> Looters (16) [Naval: False]
2026-01-09 01:55:39.480 -06:00 [INF] MERGING: Looters (5) -> Looters (27) [Naval: False]
2026-01-09 01:55:39.480 -06:00 [INF] Total Merges this battle: 2
2026-01-09 01:55:39.623 -06:00 [INF] Daily Tick: Verifying Syndicate War State...
2026-01-09 01:55:39.623 -06:00 [INF] Checking staggered war declarations for Day Index: 4
2026-01-09 01:55:40.161 -06:00 [INF] PressGang: Steppe Bandits recruiting 1 Khuzait Peasant
2026-01-09 01:55:40.476 -06:00 [INF] PressGang: Grand Sea Raiders Horde recruiting 2 Vlandia Peasant
2026-01-09 01:55:40.677 -06:00 [INF] MERGING: Looters (13) -> Mountain Bandits (17) [Naval: False]
2026-01-09 01:55:40.678 -06:00 [INF] Total Merges this battle: 1
2026-01-09 01:55:40.740 -06:00 [INF] PressGang: Grand Looters Horde recruiting 2 Imperial Trained Archer
2026-01-09 01:55:40.741 -06:00 [INF] PressGang: Grand Looters Horde recruiting 1 Imperial Recruit
2026-01-09 01:55:40.966 -06:00 [INF] PressGang: Steppe Bandits recruiting 1 Aserai Peasant
2026-01-09 01:55:41.885 -06:00 [INF] PressGang: Looters recruiting 1 Aserai Peasant
2026-01-09 01:55:49.238 -06:00 [INF] PressGang: Grand Aserai Horde recruiting 1 Aserai Peasant
2026-01-09 01:55:49.238 -06:00 [INF] PressGang: Grand Aserai Horde recruiting 1 Looter
2026-01-09 01:55:49.284 -06:00 [INF] PressGang: Grand Aserai Horde recruiting 1 Sellsword
2026-01-09 01:55:49.284 -06:00 [INF] PressGang: Grand Aserai Horde recruiting 1 Aserai Caravan Master
2026-01-09 01:55:49.284 -06:00 [INF] PressGang: Grand Aserai Horde recruiting 2 Bedouin Rover
2026-01-09 01:55:51.403 -06:00 [INF] MERGING: Forest Bandits (12) -> Forest Bandits (12) [Naval: False]
2026-01-09 01:55:51.404 -06:00 [INF] MERGING: Forest Bandits (10) -> Forest Bandits (24) [Naval: False]
2026-01-09 01:55:51.404 -06:00 [INF] Total Merges this battle: 2
2026-01-09 01:55:53.321 -06:00 [INF] PressGang: Forest Bandits recruiting 1 Empire Peasant
2026-01-09 01:55:54.343 -06:00 [INF] PressGang: Grand Khuzait Horde recruiting 1 Imperial Archer
2026-01-09 01:55:54.510 -06:00 [INF] PressGang: Grand Looters Horde recruiting 1 Vlandian Armed Convoy Trader
2026-01-09 01:55:54.746 -06:00 [INF] PressGang: Mountain Bandits recruiting 2 Nord Peasant
2026-01-09 01:55:55.665 -06:00 [INF] PressGang: Grand Vlandia Horde recruiting 1 Vlandian Recruit (Rank 1)
2026-01-09 01:55:55.665 -06:00 [INF] PressGang: Grand Vlandia Horde recruiting 1 Vlandian Spearman
2026-01-09 01:55:55.666 -06:00 [INF] PressGang: Grand Vlandia Horde recruiting 1 Vlandian Hardened Crossbowman
2026-01-09 01:55:55.666 -06:00 [INF] PressGang: Grand Vlandia Horde recruiting 2 Vlandian Crossbowman
2026-01-09 01:55:55.666 -06:00 [INF] PressGang: Grand Vlandia Horde recruiting 1 Vlandian Light Cavalry
2026-01-09 01:55:55.959 -06:00 [INF] PressGang: Corsairs recruiting 1 Imperial Legionary
2026-01-09 01:55:55.959 -06:00 [INF] PressGang: Corsairs recruiting 1 Imperial Shipmate
2026-01-09 01:55:55.959 -06:00 [INF] PressGang: Corsairs recruiting 1 Imperial Coast Guard
2026-01-09 01:55:55.959 -06:00 [INF] PressGang: Corsairs recruiting 1 Imperial Trained Infantryman
2026-01-09 01:55:56.031 -06:00 [INF] PressGang: Sea Raiders recruiting 2 Sturgia Peasant
2026-01-09 01:55:56.081 -06:00 [INF] PressGang: Grand Desert Bandits Horde recruiting 1 Aserai Peasant
2026-01-09 01:55:56.218 -06:00 [INF] PressGang: Desert Bandits recruiting 1 Aserai Peasant
2026-01-09 01:55:56.312 -06:00 [INF] PressGang: Deserters recruiting 1 Empire Peasant
2026-01-09 01:55:56.359 -06:00 [INF] PressGang: Grand Steppe Bandits Horde recruiting 2 Khuzait Peasant
2026-01-09 01:55:56.679 -06:00 [INF] PressGang: Sea Raiders recruiting 1 Sturgia Peasant
2026-01-09 01:55:57.790 -06:00 [INF] PressGang: Thavin the Shark's Party recruiting 1 Looter
2026-01-09 01:55:58.252 -06:00 [INF] PressGang: Grand Looters Horde recruiting 2 Sturgia Peasant
2026-01-09 01:55:58.986 -06:00 [INF] MERGING: Looters (7) -> Desert Bandits (17) [Naval: False]
2026-01-09 01:55:58.988 -06:00 [INF] Total Merges this battle: 1
2026-01-09 01:55:59.124 -06:00 [INF] MERGING: Looters (12) -> Looters (16) [Naval: False]
2026-01-09 01:55:59.124 -06:00 [INF] MERGING: Looters (10) -> Looters (28) [Naval: False]
2026-01-09 01:55:59.124 -06:00 [INF] Total Merges this battle: 2
2026-01-09 01:55:59.260 -06:00 [INF] PressGang: Grand Battania Horde recruiting 1 Highwayman
2026-01-09 01:55:59.582 -06:00 [INF] PressGang: Steppe Bandits recruiting 1 Khuzait Raider
2026-01-09 01:55:59.634 -06:00 [INF] Daily Tick: Verifying Syndicate War State...
2026-01-09 01:55:59.634 -06:00 [INF] Checking staggered war declarations for Day Index: 5
2026-01-09 01:55:59.672 -06:00 [INF] PressGang: Desert Bandits recruiting 1 Aserai Peasant
2026-01-09 01:55:59.672 -06:00 [INF] PressGang: Steppe Bandits recruiting 1 Khuzait Peasant
2026-01-09 01:55:59.718 -06:00 [INF] PressGang: Corsairs recruiting 2 Imperial Naute
2026-01-09 01:55:59.992 -06:00 [INF] PressGang: Grand Sea Raiders Horde recruiting 1 Vlandia Peasant
2026-01-09 01:56:00.132 -06:00 [INF] PressGang: Corsairs recruiting 1 Imperial Shipmate
2026-01-09 01:56:00.132 -06:00 [INF] PressGang: Corsairs recruiting 1 Imperial Naute
2026-01-09 01:56:00.223 -06:00 [INF] PressGang: Grand Looters Horde recruiting 1 Imperial Trained Archer
2026-01-09 01:56:00.223 -06:00 [INF] PressGang: Grand Looters Horde recruiting 1 Imperial Archer
2026-01-09 01:56:01.187 -06:00 [INF] PressGang: Looters recruiting 1 Aserai Peasant
2026-01-09 01:56:01.927 -06:00 [INF] MERGING: Looters (8) -> Looters (12) [Naval: False]
2026-01-09 01:56:01.927 -06:00 [INF] Total Merges this battle: 1
2026-01-09 01:56:04.292 -06:00 [INF] MERGING: Sea Raiders (15) -> Sea Raiders (20) [Naval: True]
2026-01-09 01:56:04.293 -06:00 [INF] Total Merges this battle: 1
2026-01-09 01:56:05.907 -06:00 [INF] Found 1 stuck Syndicate Warlords. Redeploying...
2026-01-09 01:56:06.410 -06:00 [INF] MERGING: Looters (5) -> Looters (12) [Naval: False]
2026-01-09 01:56:06.411 -06:00 [INF] Total Merges this battle: 1
2026-01-09 01:56:06.702 -06:00 [INF] Found 1 stuck Syndicate Warlords. Redeploying...
2026-01-09 01:56:07.602 -06:00 [INF] Found 1 stuck Syndicate Warlords. Redeploying...
2026-01-09 01:56:08.432 -06:00 [INF] Found 1 stuck Syndicate Warlords. Redeploying...
2026-01-09 01:56:08.432 -06:00 [INF] Redeploying Thera the Exile to Hideout...
2026-01-09 01:56:09.188 -06:00 [INF] PressGang: Grand Aserai Horde recruiting 1 Aserai Mamluke Soldier
2026-01-09 01:56:09.190 -06:00 [INF] PressGang: Grand Aserai Horde recruiting 3 Looter
2026-01-09 01:56:09.190 -06:00 [INF] PressGang: Grand Aserai Horde recruiting 1 Aserai Peasant
2026-01-09 01:56:09.190 -06:00 [INF] PressGang: Grand Aserai Horde recruiting 3 Aserai Caravan Guard
2026-01-09 01:56:09.190 -06:00 [INF] PressGang: Grand Aserai Horde recruiting 1 Aserai Tribesman
2026-01-09 01:56:09.190 -06:00 [INF] PressGang: Grand Aserai Horde recruiting 2 Aserai Veteran Caravan Guard
2026-01-09 01:56:09.190 -06:00 [INF] PressGang: Grand Aserai Horde recruiting 2 Nomad Bandit
2026-01-09 01:56:09.190 -06:00 [INF] PressGang: Grand Aserai Horde recruiting 1 Bedouin Rover
2026-01-09 01:56:11.653 -06:00 [INF] MERGING: Looters (15) -> Deserters (43) [Naval: False]
2026-01-09 01:56:11.653 -06:00 [INF] Total Merges this battle: 1
2026-01-09 01:56:14.162 -06:00 [INF] PressGang: Grand Khuzait Horde recruiting 1 Khuzait Noble's Son
2026-01-09 01:56:14.326 -06:00 [INF] PressGang: Grand Looters Horde recruiting 2 Vlandian Convoy Guard
2026-01-09 01:56:14.326 -06:00 [INF] PressGang: Grand Looters Horde recruiting 2 Vlandian Armed Convoy Trader
2026-01-09 01:56:14.655 -06:00 [INF] PressGang: Sea Raiders recruiting 1 Nord Peasant
2026-01-09 01:56:15.203 -06:00 [INF] MERGING: Looters (5) -> Looters (13) [Naval: False]
2026-01-09 01:56:15.204 -06:00 [INF] Total Merges this battle: 1
2026-01-09 01:56:15.369 -06:00 [INF] PressGang: Grand Vlandia Horde recruiting 1 Vlandian Spearman
2026-01-09 01:56:15.369 -06:00 [INF] PressGang: Grand Vlandia Horde recruiting 2 Vlandian Crossbowman
2026-01-09 01:56:15.369 -06:00 [INF] PressGang: Grand Vlandia Horde recruiting 1 Vlandian Recruit
2026-01-09 01:56:15.696 -06:00 [INF] PressGang: Grand Corsairs Horde recruiting 1 Imperial Shipmate
2026-01-09 01:56:15.696 -06:00 [INF] PressGang: Grand Corsairs Horde recruiting 1 Imperial Trained Infantryman
2026-01-09 01:56:16.078 -06:00 [INF] PressGang: Steppe Bandits recruiting 2 Empire Peasant
2026-01-09 01:56:16.402 -06:00 [INF] PressGang: Sea Raiders recruiting 1 Sturgia Peasant
2026-01-09 01:56:16.494 -06:00 [INF] PressGang: Grand Vlandia Horde recruiting 1 Vlandian Gallant
2026-01-09 01:56:17.426 -06:00 [INF] PressGang: Grand Empire Horde recruiting 1 Looter
2026-01-09 01:56:18.216 -06:00 [INF] PressGang: Deserters recruiting 1 Empire Peasant
2026-01-09 01:56:18.446 -06:00 [INF] PressGang: Mountain Bandits recruiting 1 Imperial Infantryman
2026-01-09 01:56:18.548 -06:00 [INF] PressGang: Looters recruiting 1 Sturgia Peasant
2026-01-09 01:56:18.878 -06:00 [INF] PressGang: Grand Battania Horde recruiting 2 Hillman
2026-01-09 01:56:19.156 -06:00 [INF] PressGang: Mountain Bandits recruiting 2 Aserai Peasant
2026-01-09 01:56:19.205 -06:00 [INF] PressGang: Looters recruiting 1 Aserai Peasant
2026-01-09 01:56:19.257 -06:00 [INF] PressGang: Desert Bandits recruiting 1 Aserai Peasant
2026-01-09 01:56:19.674 -06:00 [INF] Daily Tick: Verifying Syndicate War State...
2026-01-09 01:56:19.674 -06:00 [INF] Checking staggered war declarations for Day Index: 0
2026-01-09 01:56:19.676 -06:00 [INF] Spawning Warlord: Vanther the Shark in Charas (Active: 3, Chance: 20.0%)
2026-01-09 01:56:19.717 -06:00 [INF] PressGang: Grand Corsairs Horde recruiting 2 Imperial Veteran Archer
2026-01-09 01:56:19.717 -06:00 [INF] PressGang: Grand Corsairs Horde recruiting 1 Imperial Trained Infantryman
2026-01-09 01:56:19.807 -06:00 [INF] PressGang: Grand Looters Horde recruiting 2 Imperial Crossbowman
2026-01-09 01:56:19.994 -06:00 [INF] PressGang: Steppe Bandits recruiting 1 Aserai Peasant
2026-01-09 01:56:20.604 -06:00 [INF] PressGang: Cadfin Blacktooth's Party recruiting 2 Looter
2026-01-09 01:56:20.665 -06:00 [INF] PressGang: Looters recruiting 1 Aserai Peasant
2026-01-09 01:56:21.778 -06:00 [INF] PressGang: Thera the Exile's Party recruiting 1 Nord Peasant
2026-01-09 01:56:21.858 -06:00 [INF] PressGang: Deserters recruiting 1 Sturgian Soldier
2026-01-09 01:56:26.842 -06:00 [INF] MERGING: Deserters (14) -> Deserters (21) [Naval: False]
2026-01-09 01:56:26.843 -06:00 [INF] Total Merges this battle: 1
2026-01-09 01:56:28.090 -06:00 [INF] MERGING: Looters (8) -> Looters (11) [Naval: False]
2026-01-09 01:56:28.091 -06:00 [INF] Total Merges this battle: 1
2026-01-09 01:56:28.696 -06:00 [INF] MERGING: Forest Bandits (11) -> Looters (13) [Naval: False]
2026-01-09 01:56:28.696 -06:00 [INF] MERGING: Looters (7) -> Looters (24) [Naval: False]
2026-01-09 01:56:28.697 -06:00 [INF] Total Merges this battle: 2
2026-01-09 01:56:28.964 -06:00 [INF] MERGING: Desert Bandits (15) -> Looters (17) [Naval: False]
2026-01-09 01:56:28.965 -06:00 [INF] MERGING: Desert Bandits (10) -> Looters (32) [Naval: False]
2026-01-09 01:56:28.965 -06:00 [INF] MERGING: Looters (10) -> Grand Looters Horde (42) [Naval: False]
2026-01-09 01:56:28.965 -06:00 [INF] Total Merges this battle: 3
2026-01-09 01:56:32.860 -06:00 [INF] PressGang: Grand Aserai Horde recruiting 1 Looter
2026-01-09 01:56:32.860 -06:00 [INF] PressGang: Grand Aserai Horde recruiting 1 Bedouin Rover
2026-01-09 01:56:32.860 -06:00 [INF] PressGang: Grand Aserai Horde recruiting 2 Looter
2026-01-09 01:56:32.860 -06:00 [INF] PressGang: Grand Aserai Horde recruiting 2 Aserai Peasant
2026-01-09 01:56:32.860 -06:00 [INF] PressGang: Grand Aserai Horde recruiting 1 Nomad Bandit
2026-01-09 01:56:32.860 -06:00 [INF] PressGang: Grand Aserai Horde recruiting 1 Aserai Light Archer
2026-01-09 01:56:32.861 -06:00 [INF] PressGang: Grand Aserai Horde recruiting 1 Aserai Veteran Caravan Guard
2026-01-09 01:56:32.861 -06:00 [INF] PressGang: Grand Aserai Horde recruiting 1 Looter
2026-01-09 01:56:33.470 -06:00 [INF] MERGING: Looters (16) -> Looters (17) [Naval: False]
2026-01-09 01:56:33.470 -06:00 [INF] MERGING: Looters (11) -> Looters (33) [Naval: False]
2026-01-09 01:56:33.471 -06:00 [INF] Total Merges this battle: 2
2026-01-09 01:56:34.478 -06:00 [INF] MERGING: Looters (12) -> Looters (13) [Naval: False]
2026-01-09 01:56:34.478 -06:00 [INF] Total Merges this battle: 1
2026-01-09 01:56:36.855 -06:00 [INF] PressGang: Forest Bandits recruiting 1 Empire Peasant
2026-01-09 01:56:36.901 -06:00 [INF] MERGING: Steppe Bandits (16) -> Looters (17) [Naval: False]
2026-01-09 01:56:36.903 -06:00 [INF] MERGING: Looters (8) -> Looters (33) [Naval: False]
2026-01-09 01:56:36.903 -06:00 [INF] Total Merges this battle: 2
2026-01-09 01:56:37.761 -06:00 [INF] PressGang: Grand Khuzait Horde recruiting 1 Steppe Bandit
2026-01-09 01:56:38.090 -06:00 [INF] PressGang: Mountain Bandits recruiting 1 Nord Peasant
2026-01-09 01:56:38.186 -06:00 [INF] PressGang: Grand Corsairs Horde recruiting 2 Aserai Peasant
2026-01-09 01:56:38.801 -06:00 [INF] PressGang: Grand Vlandia Horde recruiting 1 Vlandian Spearman
2026-01-09 01:56:38.801 -06:00 [INF] PressGang: Grand Vlandia Horde recruiting 2 Vlandian Recruit
2026-01-09 01:56:39.124 -06:00 [INF] PressGang: Looters recruiting 1 Battania Peasant
2026-01-09 01:56:39.174 -06:00 [INF] PressGang: Grand Corsairs Horde recruiting 2 Imperial Trained Infantryman
2026-01-09 01:56:39.541 -06:00 [INF] PressGang: Steppe Bandits recruiting 1 Empire Peasant
2026-01-09 01:56:40.378 -06:00 [INF] PressGang: Grand Looters Horde recruiting 1 Sturgia Peasant
2026-01-09 01:56:40.931 -06:00 [INF] PressGang: Grand Empire Horde recruiting 1 Looter
2026-01-09 01:56:41.300 -06:00 [INF] MERGING: Sea Raiders (9) -> Sea Raiders (14) [Naval: True]
2026-01-09 01:56:41.300 -06:00 [INF] Total Merges this battle: 1
2026-01-09 01:56:41.344 -06:00 [INF] PressGang: Grand Looters Horde recruiting 1 Nord Peasant
2026-01-09 01:56:41.447 -06:00 [INF] MERGING: Steppe Bandits (11) -> Grand Looters Horde (41) [Naval: False]
2026-01-09 01:56:41.448 -06:00 [INF] Total Merges this battle: 1
2026-01-09 01:56:41.620 -06:00 [INF] PressGang: Sea Raiders recruiting 1 Nord Peasant
2026-01-09 01:56:41.938 -06:00 [INF] PressGang: Desert Bandits recruiting 2 Aserai Mamluke Soldier
2026-01-09 01:56:41.938 -06:00 [INF] PressGang: Desert Bandits recruiting 1 Aserai Faris
2026-01-09 01:56:42.270 -06:00 [INF] PressGang: Looters recruiting 1 Nord Peasant
2026-01-09 01:56:42.538 -06:00 [INF] PressGang: Grand Looters Horde recruiting 1 Aserai Peasant
2026-01-09 01:56:42.539 -06:00 [INF] PressGang: Mountain Bandits recruiting 1 Empire Peasant
2026-01-09 01:56:42.952 -06:00 [INF] PressGang: Grand Sea Raiders Horde recruiting 2 Vlandia Peasant
2026-01-09 01:56:43.180 -06:00 [INF] PressGang: Grand Looters Horde recruiting 1 Imperial Recruit
2026-01-09 01:56:43.273 -06:00 [INF] PressGang: Looters recruiting 1 Aserai Mamluke Soldier
2026-01-09 01:56:43.364 -06:00 [INF] PressGang: Looters recruiting 1 Imperial Recruit
2026-01-09 01:56:43.365 -06:00 [INF] PressGang: Looters recruiting 1 Empire Peasant
2026-01-09 01:56:43.552 -06:00 [INF] Daily Tick: Verifying Syndicate War State...
2026-01-09 01:56:43.552 -06:00 [INF] Checking staggered war declarations for Day Index: 1
2026-01-09 01:56:44.010 -06:00 [INF] PressGang: Cadfin Blacktooth's Party recruiting 1 Bushwacker
2026-01-09 01:56:44.010 -06:00 [INF] PressGang: Cadfin Blacktooth's Party recruiting 1 Looter
2026-01-09 01:56:44.194 -06:00 [INF] PressGang: Forest Bandits recruiting 1 Nord Peasant
2026-01-09 01:56:44.932 -06:00 [INF] PressGang: Thera the Exile's Party recruiting 2 Nord Peasant
2026-01-09 01:56:44.979 -06:00 [INF] PressGang: Deserters recruiting 1 Sturgia Peasant
2026-01-09 01:56:44.980 -06:00 [INF] PressGang: Deserters recruiting 1 Sturgian Soldier
2026-01-09 01:56:45.343 -06:00 [INF] PressGang: Deserters recruiting 1 Khuzait Caravan Guard
2026-01-09 01:56:49.472 -06:00 [INF] MERGING: Looters (9) -> Looters (12) [Naval: False]
2026-01-09 01:56:49.473 -06:00 [INF] Total Merges this battle: 1
2026-01-09 01:56:51.451 -06:00 [INF] MERGING: Looters (2) -> Grand Looters Horde (58) [Naval: False]
2026-01-09 01:56:51.451 -06:00 [INF] Total Merges this battle: 1
2026-01-09 01:56:52.705 -06:00 [INF] MERGING: Looters (3) -> Looters (10) [Naval: False]
2026-01-09 01:56:52.705 -06:00 [INF] Total Merges this battle: 1
2026-01-09 01:56:53.340 -06:00 [INF] PressGang: Grand Aserai Horde recruiting 2 Looter
2026-01-09 01:56:53.340 -06:00 [INF] PressGang: Grand Aserai Horde recruiting 2 Aserai Footman
2026-01-09 01:56:53.340 -06:00 [INF] PressGang: Grand Aserai Horde recruiting 2 Aserai Peasant
2026-01-09 01:56:53.340 -06:00 [INF] PressGang: Grand Aserai Horde recruiting 1 Aserai Caravan Guard
2026-01-09 01:56:53.340 -06:00 [INF] PressGang: Grand Aserai Horde recruiting 1 Aserai Light Archer
2026-01-09 01:56:53.340 -06:00 [INF] PressGang: Grand Aserai Horde recruiting 1 Aserai Recruit
2026-01-09 01:56:53.340 -06:00 [INF] PressGang: Grand Aserai Horde recruiting 1 Aserai Recruit (Rank 1)
2026-01-09 01:56:53.341 -06:00 [INF] PressGang: Grand Aserai Horde recruiting 3 Bedouin Rover
2026-01-09 01:56:56.365 -06:00 [INF] PressGang: Looters recruiting 1 Nord Peasant
2026-01-09 01:56:58.501 -06:00 [INF] PressGang: Mountain Bandits recruiting 3 Nord Peasant
2026-01-09 01:56:58.501 -06:00 [INF] PressGang: Looters recruiting 1 Empire Peasant
2026-01-09 01:56:59.148 -06:00 [INF] PressGang: Grand Vlandia Horde recruiting 1 Vlandian Infantry
2026-01-09 01:56:59.148 -06:00 [INF] PressGang: Grand Vlandia Horde recruiting 4 Sea Raider Warrior
2026-01-09 01:56:59.562 -06:00 [INF] PressGang: Grand Desert Bandits Horde recruiting 1 Aserai Peasant
2026-01-09 01:57:00.609 -06:00 [INF] PressGang: Grand Looters Horde recruiting 1 Sturgia Peasant
2026-01-09 01:57:01.059 -06:00 [INF] PressGang: Sea Raiders recruiting 1 Nord Peasant
2026-01-09 01:57:02.188 -06:00 [INF] PressGang: Desert Bandits recruiting 1 Aserai Tribal Horseman
2026-01-09 01:57:02.626 -06:00 [INF] PressGang: Grand Looters Horde recruiting 1 Vlandia Peasant
2026-01-09 01:57:04.083 -06:00 [INF] Daily Tick: Verifying Syndicate War State...
2026-01-09 01:57:04.083 -06:00 [INF] Checking staggered war declarations for Day Index: 2
2026-01-09 01:57:04.149 -06:00 [INF] PressGang: Cadfin Blacktooth's Party recruiting 1 Freebooter
2026-01-09 01:57:04.149 -06:00 [INF] PressGang: Cadfin Blacktooth's Party recruiting 1 Looter
2026-01-09 01:57:04.149 -06:00 [INF] PressGang: Looters recruiting 1 Aserai Peasant
2026-01-09 01:57:04.493 -06:00 [INF] Found 1 stuck Syndicate Warlords. Redeploying...
2026-01-09 01:57:04.979 -06:00 [INF] PressGang: Thera the Exile's Party recruiting 3 Nord Peasant
2026-01-09 01:57:05.196 -06:00 [INF] PressGang: Looters recruiting 1 Vlandia Peasant
2026-01-09 01:57:05.315 -06:00 [INF] Found 1 stuck Syndicate Warlords. Redeploying...
2026-01-09 01:57:05.316 -06:00 [INF] PressGang: Alayen of the Brotherhood's Party recruiting 1 Vlandia Peasant
2026-01-09 01:57:05.317 -06:00 [INF] PressGang: Vanther the Shark's Party recruiting 1 Empire Peasant
2026-01-09 01:57:05.366 -06:00 [INF] PressGang: Deserters recruiting 3 Khuzait Armed Trader
2026-01-09 01:57:06.090 -06:00 [INF] PressGang: Deserters recruiting 1 Battanian Veteran Skirmisher
2026-01-09 01:57:06.166 -06:00 [INF] Found 1 stuck Syndicate Warlords. Redeploying...
2026-01-09 01:57:06.873 -06:00 [INF] MERGING: Steppe Bandits (13) -> Looters (16) [Naval: False]
2026-01-09 01:57:06.873 -06:00 [INF] Total Merges this battle: 1
2026-01-09 01:57:07.114 -06:00 [INF] Found 1 stuck Syndicate Warlords. Redeploying...
2026-01-09 01:57:08.029 -06:00 [INF] Found 1 stuck Syndicate Warlords. Redeploying...
2026-01-09 01:57:08.029 -06:00 [INF] Redeploying Thavin the Shark to Hideout...
2026-01-09 01:57:10.475 -06:00 [INF] MERGING: Looters (13) -> Looters (16) [Naval: False]
2026-01-09 01:57:10.476 -06:00 [INF] Total Merges this battle: 1
2026-01-09 01:57:11.313 -06:00 [INF] MERGING: Looters (8) -> Looters (9) [Naval: False]
2026-01-09 01:57:11.313 -06:00 [INF] Total Merges this battle: 1
2026-01-09 01:57:11.507 -06:00 [INF] MERGING: Looters (16) -> Looters (17) [Naval: False]
2026-01-09 01:57:11.507 -06:00 [INF] MERGING: Looters (11) -> Looters (33) [Naval: False]
2026-01-09 01:57:11.508 -06:00 [INF] MERGING: Forest Bandits (9) -> Grand Looters Horde (44) [Naval: False]
2026-01-09 01:57:11.508 -06:00 [INF] Total Merges this battle: 3
2026-01-09 01:57:13.760 -06:00 [INF] PressGang: Grand Aserai Horde recruiting 1 Aserai Caravan Master
2026-01-09 01:57:13.760 -06:00 [INF] PressGang: Grand Aserai Horde recruiting 1 Looter
2026-01-09 01:57:13.807 -06:00 [INF] PressGang: Grand Aserai Horde recruiting 1 Aserai Faris
2026-01-09 01:57:13.808 -06:00 [INF] PressGang: Grand Aserai Horde recruiting 1 Harami
2026-01-09 01:57:13.808 -06:00 [INF] PressGang: Grand Aserai Horde recruiting 1 Nomad Bandit
2026-01-09 01:57:13.855 -06:00 [INF] MERGING: Looters (7) -> Looters (28) [Naval: False]
2026-01-09 01:57:13.855 -06:00 [INF] Total Merges this battle: 1
2026-01-09 01:57:16.696 -06:00 [INF] MERGING: Looters (10) -> Looters (10) [Naval: False]
2026-01-09 01:57:16.697 -06:00 [INF] MERGING: Looters (7) -> Looters (20) [Naval: False]
2026-01-09 01:57:16.697 -06:00 [INF] Total Merges this battle: 2
2026-01-09 01:57:16.794 -06:00 [INF] PressGang: Looters recruiting 1 Nord Peasant
2026-01-09 01:57:16.977 -06:00 [INF] MERGING: Looters (10) -> Looters (16) [Naval: False]
2026-01-09 01:57:16.977 -06:00 [INF] Total Merges this battle: 1
2026-01-09 01:57:17.702 -06:00 [INF] PressGang: Forest Bandits recruiting 2 Empire Peasant
2026-01-09 01:57:18.580 -06:00 [INF] PressGang: Grand Khuzait Horde recruiting 1 Steppe Bandit
2026-01-09 01:57:19.262 -06:00 [INF] PressGang: Looters recruiting 1 Nord Peasant
2026-01-09 01:57:19.802 -06:00 [INF] PressGang: Grand Corsairs Horde recruiting 1 Imperial Legionary
2026-01-09 01:57:19.802 -06:00 [INF] PressGang: Grand Corsairs Horde recruiting 1 Imperial Veteran Archer
2026-01-09 01:57:20.477 -06:00 [INF] PressGang: Grand Vlandia Horde recruiting 1 Vlandian Seasoned Seafarer
2026-01-09 01:57:20.818 -06:00 [INF] PressGang: Grand Looters Horde recruiting 1 Sturgia Peasant
2026-01-09 01:57:21.308 -06:00 [INF] PressGang: Sea Raiders recruiting 1 Nord Peasant
2026-01-09 01:57:21.747 -06:00 [INF] PressGang: Grand Looters Horde recruiting 1 Sturgia Peasant
2026-01-09 01:57:21.991 -06:00 [INF] PressGang: Steppe Bandits recruiting 1 Khuzait Peasant
2026-01-09 01:57:22.290 -06:00 [INF] PressGang: Desert Bandits recruiting 1 Aserai Peasant
2026-01-09 01:57:22.768 -06:00 [INF] PressGang: Looters recruiting 1 Khuzait Peasant
2026-01-09 01:57:22.816 -06:00 [INF] PressGang: Desert Bandits recruiting 1 Aserai Peasant
2026-01-09 01:57:23.302 -06:00 [INF] PressGang: Grand Looters Horde recruiting 1 Imperial Archer
2026-01-09 01:57:23.302 -06:00 [INF] PressGang: Grand Looters Horde recruiting 1 Imperial Infantryman
2026-01-09 01:57:23.490 -06:00 [INF] PressGang: Forest Bandits recruiting 1 Nord Axe Warrior
2026-01-09 01:57:23.935 -06:00 [INF] Found 1 stuck Syndicate Warlords. Redeploying...
2026-01-09 01:57:24.219 -06:00 [INF] PressGang: Churig of the Lake Rats' Party recruiting 1 Sturgian Soldier
2026-01-09 01:57:24.367 -06:00 [INF] Daily Tick: Verifying Syndicate War State...
2026-01-09 01:57:24.367 -06:00 [INF] Checking staggered war declarations for Day Index: 3
2026-01-09 01:57:24.755 -06:00 [INF] Found 1 stuck Syndicate Warlords. Redeploying...
2026-01-09 01:57:24.941 -06:00 [INF] PressGang: Steppe Bandits recruiting 1 Khuzait Peasant
2026-01-09 01:57:25.037 -06:00 [INF] MERGING: Looters (6) -> Looters (7) [Naval: False]
2026-01-09 01:57:25.038 -06:00 [INF] Total Merges this battle: 1
2026-01-09 01:57:25.088 -06:00 [INF] PressGang: Phirentos of the Hand's Party recruiting 1 Looter
2026-01-09 01:57:25.089 -06:00 [INF] PressGang: Vanther the Shark's Party recruiting 1 Empire Peasant
2026-01-09 01:57:25.133 -06:00 [INF] PressGang: Deserters recruiting 1 Khuzait Caravan Guard
2026-01-09 01:57:25.133 -06:00 [INF] PressGang: Deserters recruiting 1 Khuzait Armed Trader
2026-01-09 01:57:25.625 -06:00 [INF] Found 1 stuck Syndicate Warlords. Redeploying...
2026-01-09 01:57:25.664 -06:00 [INF] PressGang: Dachan of the Karakhergit's Party recruiting 1 Looter
2026-01-09 01:57:26.442 -06:00 [INF] Found 1 stuck Syndicate Warlords. Redeploying...
2026-01-09 01:57:26.444 -06:00 [INF] MERGING: Desert Bandits (12) -> Desert Bandits (17) [Naval: False]
2026-01-09 01:57:26.444 -06:00 [INF] Total Merges this battle: 1
2026-01-09 01:57:27.266 -06:00 [INF] Found 1 stuck Syndicate Warlords. Redeploying...
2026-01-09 01:57:27.266 -06:00 [INF] Redeploying The Warlord to Hideout...
2026-01-09 01:57:33.668 -06:00 [INF] MERGING: Looters (7) -> Looters (12) [Naval: False]
2026-01-09 01:57:33.668 -06:00 [INF] Total Merges this battle: 1
2026-01-09 01:57:33.670 -06:00 [INF] PressGang: Grand Aserai Horde recruiting 1 Aserai Recruit
2026-01-09 01:57:33.670 -06:00 [INF] PressGang: Grand Aserai Horde recruiting 1 Aserai Veteran Infantry
2026-01-09 01:57:33.670 -06:00 [INF] PressGang: Grand Aserai Horde recruiting 1 Aserai Peasant
2026-01-09 01:57:33.716 -06:00 [INF] PressGang: Grand Aserai Horde recruiting 1 Aserai Peasant
2026-01-09 01:57:33.716 -06:00 [INF] PressGang: Grand Aserai Horde recruiting 1 Bedouin Rover
2026-01-09 01:57:37.347 -06:00 [INF] PressGang: Desert Bandits recruiting 1 Aserai Peasant
2026-01-09 01:57:37.489 -06:00 [INF] PressGang: Forest Bandits recruiting 3 Empire Peasant
2026-01-09 01:57:37.489 -06:00 [INF] PressGang: Forest Bandits recruiting 1 Imperial Recruit
2026-01-09 01:57:38.420 -06:00 [INF] PressGang: Grand Khuzait Horde recruiting 1 Imperial Shipmate
2026-01-09 01:57:38.753 -06:00 [INF] PressGang: Looters recruiting 1 Empire Peasant
2026-01-09 01:57:38.754 -06:00 [INF] PressGang: Sea Raiders recruiting 1 Nord Peasant
2026-01-09 01:57:38.950 -06:00 [INF] PressGang: Mountain Bandits recruiting 1 Imperial Crossbowman
2026-01-09 01:57:39.768 -06:00 [INF] PressGang: Looters recruiting 1 Vlandia Peasant
2026-01-09 01:57:39.802 -06:00 [INF] PressGang: Deserters recruiting 1 Empire Peasant
2026-01-09 01:57:40.243 -06:00 [INF] PressGang: Grand Vlandia Horde recruiting 2 Vlandian Knight
2026-01-09 01:57:40.975 -06:00 [INF] PressGang: Steppe Bandits recruiting 1 Khuzait Peasant
2026-01-09 01:57:41.460 -06:00 [INF] PressGang: Grand Looters Horde recruiting 1 Nord Peasant
2026-01-09 01:57:41.707 -06:00 [INF] PressGang: Sea Raiders recruiting 1 Nord Peasant
2026-01-09 01:57:41.756 -06:00 [INF] PressGang: Steppe Bandits recruiting 1 Khuzait Peasant
2026-01-09 01:57:42.048 -06:00 [INF] PressGang: Looters recruiting 1 Sturgia Peasant
2026-01-09 01:57:42.097 -06:00 [INF] MERGING: Looters (12) -> Looters (16) [Naval: False]
2026-01-09 01:57:42.097 -06:00 [INF] Total Merges this battle: 1
2026-01-09 01:57:42.435 -06:00 [INF] PressGang: Grand Looters Horde recruiting 1 Vlandia Peasant
2026-01-09 01:57:42.778 -06:00 [INF] PressGang: Looters recruiting 1 Aserai Recruit
2026-01-09 01:57:43.026 -06:00 [INF] PressGang: Grand Looters Horde recruiting 1 Imperial Infantryman
2026-01-09 01:57:43.026 -06:00 [INF] PressGang: Grand Looters Horde recruiting 1 Imperial Equite
2026-01-09 01:57:43.070 -06:00 [INF] PressGang: Looters recruiting 1 Empire Peasant
2026-01-09 01:57:43.070 -06:00 [INF] PressGang: Looters recruiting 1 Aserai Tribal Horseman
2026-01-09 01:57:43.458 -06:00 [INF] PressGang: Looters recruiting 1 Imperial Infantryman
2026-01-09 01:57:44.354 -06:00 [INF] Daily Tick: Verifying Syndicate War State...
2026-01-09 01:57:44.354 -06:00 [INF] Checking staggered war declarations for Day Index: 4
2026-01-09 01:57:44.394 -06:00 [INF] PressGang: Thera the Exile's Party recruiting 1 Nord Peasant
2026-01-09 01:57:44.685 -06:00 [INF] PressGang: Grand Battania Horde recruiting 1 Battania Peasant
2026-01-09 01:57:44.735 -06:00 [INF] PressGang: Vanther the Shark's Party recruiting 1 Empire Peasant
2026-01-09 01:57:44.787 -06:00 [INF] Found 1 stuck Syndicate Warlords. Redeploying...
2026-01-09 01:57:45.266 -06:00 [INF] PressGang: Deserters recruiting 1 Battanian Horseman
2026-01-09 01:57:45.266 -06:00 [INF] PressGang: Deserters recruiting 1 Battanian Skirmisher
2026-01-09 01:57:45.610 -06:00 [INF] Found 1 stuck Syndicate Warlords. Redeploying...
2026-01-09 01:57:45.699 -06:00 [INF] MERGING: Looters (9) -> Looters (15) [Naval: False]
2026-01-09 01:57:45.700 -06:00 [INF] Total Merges this battle: 1
2026-01-09 01:57:45.989 -06:00 [INF] PressGang: Looters recruiting 1 Nord Peasant
2026-01-09 01:57:45.990 -06:00 [INF] PressGang: Sea Raiders recruiting 1 Sturgian Soldier
2026-01-09 01:57:45.990 -06:00 [INF] PressGang: Forest Bandits recruiting 1 Nord Peasant
2026-01-09 01:57:46.085 -06:00 [INF] PressGang: Byram of the Lake Rats' Party recruiting 1 Sturgia Peasant
2026-01-09 01:57:46.435 -06:00 [INF] Found 1 stuck Syndicate Warlords. Redeploying...
2026-01-09 01:57:47.260 -06:00 [INF] Found 1 stuck Syndicate Warlords. Redeploying...
2026-01-09 01:57:47.823 -06:00 [INF] MERGING: Looters (14) -> Mountain Bandits (24) [Naval: False]
2026-01-09 01:57:47.823 -06:00 [INF] Total Merges this battle: 1
2026-01-09 01:57:48.118 -06:00 [INF] Found 1 stuck Syndicate Warlords. Redeploying...
2026-01-09 01:57:48.118 -06:00 [INF] Redeploying Thavin the Shark to Hideout...
2026-01-09 01:57:48.398 -06:00 [INF] MERGING: Looters (9) -> Looters (19) [Naval: False]
2026-01-09 01:57:48.398 -06:00 [INF] MERGING: Looters (9) -> Looters (28) [Naval: False]
2026-01-09 01:57:48.399 -06:00 [INF] Total Merges this battle: 2
2026-01-09 01:57:48.689 -06:00 [INF] MERGING: Looters (7) -> Mountain Bandits (13) [Naval: False]
2026-01-09 01:57:48.689 -06:00 [INF] MERGING: Looters (3) -> Mountain Bandits (20) [Naval: False]
2026-01-09 01:57:48.689 -06:00 [INF] Total Merges this battle: 2
2026-01-09 02:05:55.858 -06:00 [INF] PressGang: Grand Aserai Horde recruiting 1 Aserai Peasant
2026-01-09 02:05:55.858 -06:00 [INF] PressGang: Grand Aserai Horde recruiting 1 Aserai Caravan Guard
2026-01-09 02:05:55.858 -06:00 [INF] PressGang: Grand Aserai Horde recruiting 1 Looter
2026-01-09 02:05:55.858 -06:00 [INF] PressGang: Grand Aserai Horde recruiting 1 Khuzait Caravan Guard
2026-01-09 02:05:55.858 -06:00 [INF] PressGang: Grand Aserai Horde recruiting 1 Aserai Peasant
2026-01-09 02:06:00.512 -06:00 [INF] PressGang: Grand Khuzait Horde recruiting 1 Imperial Coast Guard
2026-01-09 02:06:00.512 -06:00 [INF] PressGang: Grand Khuzait Horde recruiting 1 Raider
2026-01-09 02:06:00.512 -06:00 [INF] PressGang: Grand Khuzait Horde recruiting 1 Looter
2026-01-09 02:06:01.497 -06:00 [INF] PressGang: Looters recruiting 1 Battania Peasant
2026-01-09 02:06:01.797 -06:00 [INF] PressGang: Deserters recruiting 1 Empire Peasant
2026-01-09 02:06:01.848 -06:00 [INF] PressGang: Sea Raiders recruiting 1 Vlandia Peasant
2026-01-09 02:06:02.144 -06:00 [INF] PressGang: Grand Vlandia Horde recruiting 5 Vlandian Recruit
2026-01-09 02:06:02.534 -06:00 [INF] MERGING: Looters (15) -> Desert Bandits (23) [Naval: False]
2026-01-09 02:06:02.535 -06:00 [INF] MERGING: Desert Bandits (10) -> Desert Bandits (38) [Naval: False]
2026-01-09 02:06:02.535 -06:00 [INF] MERGING: Looters (8) -> Grand Desert Bandits Horde (48) [Naval: False]
2026-01-09 02:06:02.535 -06:00 [INF] Total Merges this battle: 3
2026-01-09 02:06:02.537 -06:00 [INF] PressGang: Grand Looters Horde recruiting 1 Sturgia Peasant
2026-01-09 02:06:02.834 -06:00 [INF] MERGING: Looters (6) -> Looters (8) [Naval: False]
2026-01-09 02:06:02.835 -06:00 [INF] Total Merges this battle: 1
2026-01-09 02:06:03.986 -06:00 [INF] MERGING: Looters (12) -> Steppe Bandits (21) [Naval: False]
2026-01-09 02:06:03.986 -06:00 [INF] MERGING: Looters (9) -> Steppe Bandits (33) [Naval: False]
2026-01-09 02:06:03.986 -06:00 [INF] Total Merges this battle: 2
2026-01-09 02:06:04.906 -06:00 [INF] PressGang: Looters recruiting 3 Empire Peasant
2026-01-09 02:06:04.906 -06:00 [INF] PressGang: Steppe Bandits recruiting 1 Aserai Peasant
2026-01-09 02:06:05.632 -06:00 [INF] PressGang: Grand Sturgia Horde recruiting 1 Sturgian Veteran Shipman
2026-01-09 02:06:05.830 -06:00 [INF] PressGang: Looters recruiting 1 Vlandia Peasant
2026-01-09 02:06:06.409 -06:00 [INF] MERGING: Steppe Bandits (18) -> Deserters (40) [Naval: False]
2026-01-09 02:06:06.411 -06:00 [INF] Total Merges this battle: 1
2026-01-09 02:06:06.412 -06:00 [INF] PressGang: Grand Vlandia Horde recruiting 1 Looter
2026-01-09 02:06:06.413 -06:00 [INF] PressGang: Vanther the Shark's Party recruiting 1 Looter
2026-01-09 02:06:06.558 -06:00 [INF] Daily Tick: Verifying Syndicate War State...
2026-01-09 02:06:06.559 -06:00 [INF] Checking staggered war declarations for Day Index: 5
2026-01-09 02:06:07.519 -06:00 [INF] PressGang: Steppe Bandits recruiting 1 Imperial Crossbowman
2026-01-09 02:06:07.520 -06:00 [INF] PressGang: Steppe Bandits recruiting 1 Imperial Infantryman
2026-01-09 02:06:07.619 -06:00 [INF] PressGang: Sea Raiders recruiting 1 Sturgian Soldier
2026-01-09 02:06:07.718 -06:00 [INF] PressGang: Byram of the Lake Rats' Party recruiting 1 Sturgia Peasant
2026-01-09 02:06:08.198 -06:00 [INF] PressGang: Atilon of the Hand's Party recruiting 3 Looter
2026-01-09 02:06:08.198 -06:00 [INF] PressGang: Morynon of the Hand's Party recruiting 1 Looter
2026-01-09 02:06:08.394 -06:00 [INF] MERGING: Looters (5) -> Looters (16) [Naval: False]
2026-01-09 02:06:08.395 -06:00 [INF] Total Merges this battle: 1
2026-01-09 02:06:08.843 -06:00 [INF] MERGING: Looters (12) -> Looters (15) [Naval: False]
2026-01-09 02:06:08.845 -06:00 [INF] MERGING: Looters (8) -> Looters (27) [Naval: False]
2026-01-09 02:06:08.845 -06:00 [INF] Total Merges this battle: 2
2026-01-09 02:06:12.188 -06:00 [INF] MERGING: Looters (5) -> Looters (9) [Naval: False]
2026-01-09 02:06:12.188 -06:00 [INF] Total Merges this battle: 1
2026-01-09 02:06:15.867 -06:00 [INF] PressGang: Grand Aserai Horde recruiting 2 Aserai Recruit
2026-01-09 02:06:15.867 -06:00 [INF] PressGang: Grand Aserai Horde recruiting 2 Aserai Light Archer
2026-01-09 02:06:15.867 -06:00 [INF] PressGang: Grand Aserai Horde recruiting 1 Aserai Footman
2026-01-09 02:06:15.867 -06:00 [INF] PressGang: Grand Aserai Horde recruiting 1 Aserai Tribesman
2026-01-09 02:06:15.867 -06:00 [INF] PressGang: Grand Aserai Horde recruiting 1 Aserai Mamluke Cavalry
2026-01-09 02:06:15.867 -06:00 [INF] PressGang: Grand Aserai Horde recruiting 2 Aserai Recruit
2026-01-09 02:06:15.867 -06:00 [INF] PressGang: Grand Aserai Horde recruiting 1 Aserai Footman
2026-01-09 02:06:15.867 -06:00 [INF] PressGang: Grand Aserai Horde recruiting 2 Aserai Tribesman
2026-01-09 02:06:15.867 -06:00 [INF] PressGang: Grand Aserai Horde recruiting 1 Aserai Mamluke Soldier
2026-01-09 02:06:15.933 -06:00 [INF] PressGang: Grand Aserai Horde recruiting 3 Aserai Veteran Caravan Guard
2026-01-09 02:06:15.933 -06:00 [INF] PressGang: Grand Aserai Horde recruiting 1 Bedouin Rover
2026-01-09 02:06:15.933 -06:00 [INF] PressGang: Grand Aserai Horde recruiting 1 Aserai Peasant
2026-01-09 02:06:18.811 -06:00 [INF] PressGang: Looters recruiting 1 Nord Peasant
2026-01-09 02:06:20.513 -06:00 [INF] PressGang: Grand Khuzait Horde recruiting 1 Raider
2026-01-09 02:06:20.513 -06:00 [INF] PressGang: Grand Khuzait Horde recruiting 1 Khuzait Peasant
2026-01-09 02:06:20.572 -06:00 [INF] MERGING: Desert Bandits (16) -> Desert Bandits (17) [Naval: False]
2026-01-09 02:06:20.572 -06:00 [INF] MERGING: Desert Bandits (7) -> Desert Bandits (33) [Naval: False]
2026-01-09 02:06:20.573 -06:00 [INF] Total Merges this battle: 2
2026-01-09 02:06:54.532 -06:00 [INF] PressGang: Looters recruiting 1 Empire Peasant
2026-01-09 02:06:55.156 -06:00 [INF] PressGang: Looters recruiting 1 Nord Peasant
2026-01-09 02:06:55.225 -06:00 [INF] PressGang: Looters recruiting 1 Battania Peasant
2026-01-09 02:06:55.289 -06:00 [INF] PressGang: Grand Desert Bandits Horde recruiting 1 Aserai Peasant
2026-01-09 02:06:55.827 -06:00 [INF] PressGang: Sea Raiders recruiting 1 Sturgia Peasant
2026-01-09 02:06:55.903 -06:00 [INF] PressGang: Grand Vlandia Horde recruiting 7 Vlandian Recruit
2026-01-09 02:06:56.644 -06:00 [INF] PressGang: Grand Steppe Bandits Horde recruiting 1 Khuzait Peasant
2026-01-09 02:06:56.843 -06:00 [INF] PressGang: Steppe Bandits recruiting 1 Khuzait Peasant
2026-01-09 02:06:57.307 -06:00 [INF] PressGang: Grand Looters Horde recruiting 1 Empire Peasant
2026-01-09 02:06:59.158 -06:00 [INF] PressGang: Grand Sturgia Horde recruiting 1 Sturgian Soldier
2026-01-09 02:06:59.890 -06:00 [INF] PressGang: Grand Vlandia Horde recruiting 1 Vlandia Peasant
2026-01-09 02:06:59.890 -06:00 [INF] PressGang: Grand Vlandia Horde recruiting 1 Looter
2026-01-09 02:06:59.958 -06:00 [INF] PressGang: Deserters recruiting 1 Khuzait Caravan Guard
2026-01-09 02:07:00.166 -06:00 [INF] PressGang: Looters recruiting 1 Nord Peasant
2026-01-09 02:07:00.288 -06:00 [INF] PressGang: Steppe Bandits recruiting 1 Khuzait Peasant
2026-01-09 02:07:00.556 -06:00 [INF] Daily Tick: Verifying Syndicate War State...
2026-01-09 02:07:00.556 -06:00 [INF] Checking staggered war declarations for Day Index: 0
2026-01-09 02:07:00.755 -06:00 [INF] PressGang: Mizam of the Karakhergit's Party recruiting 1 Khuzait Nomad
2026-01-09 02:07:01.084 -06:00 [INF] PressGang: Sea Raiders recruiting 1 Sturgian Soldier
2026-01-09 02:07:01.084 -06:00 [INF] PressGang: Forest Bandits recruiting 1 Nord Peasant
2026-01-09 02:07:02.077 -06:00 [INF] PressGang: Sea Raiders recruiting 1 Nord Peasant
2026-01-09 02:07:04.060 -06:00 [INF] MERGING: Forest Bandits (12) -> Looters (13) [Naval: False]
2026-01-09 02:07:04.060 -06:00 [INF] Total Merges this battle: 1
2026-01-09 02:07:05.096 -06:00 [INF] MERGING: Looters (10) -> Looters (11) [Naval: False]
2026-01-09 02:07:05.097 -06:00 [INF] MERGING: Looters (8) -> Looters (21) [Naval: False]
2026-01-09 02:07:05.097 -06:00 [INF] MERGING: Looters (3) -> Looters (29) [Naval: False]
2026-01-09 02:07:05.097 -06:00 [INF] Total Merges this battle: 3
2026-01-09 02:07:06.256 -06:00 [INF] MERGING: Sea Raiders (11) -> Sea Raiders (16) [Naval: True]
2026-01-09 02:07:06.256 -06:00 [INF] Total Merges this battle: 1
2026-01-09 02:07:06.843 -06:00 [INF] Found 1 stuck Syndicate Warlords. Redeploying...
2026-01-09 02:07:06.845 -06:00 [INF] Redeploying Cadfin Blacktooth to Hideout...
2026-01-09 02:07:08.753 -06:00 [INF] MERGING: Looters (17) -> Looters (18) [Naval: False]
2026-01-09 02:07:08.753 -06:00 [INF] MERGING: Looters (13) -> Looters (35) [Naval: False]
2026-01-09 02:07:08.753 -06:00 [INF] Total Merges this battle: 2
2026-01-09 02:07:08.832 -06:00 [INF] MERGING: Looters (3) -> Looters (7) [Naval: False]
2026-01-09 02:07:08.832 -06:00 [INF] Total Merges this battle: 1
2026-01-09 02:07:10.131 -06:00 [INF] PressGang: Grand Aserai Horde recruiting 1 Sisterhood Follower
2026-01-09 02:07:10.131 -06:00 [INF] PressGang: Grand Aserai Horde recruiting 2 Aserai Recruit
2026-01-09 02:07:10.131 -06:00 [INF] PressGang: Grand Aserai Horde recruiting 1 Aserai Veteran Sailor
2026-01-09 02:07:10.131 -06:00 [INF] PressGang: Grand Aserai Horde recruiting 1 Aserai Tribesman
2026-01-09 02:07:10.131 -06:00 [INF] PressGang: Grand Aserai Horde recruiting 1 Marauder
2026-01-09 02:07:10.131 -06:00 [INF] PressGang: Grand Aserai Horde recruiting 1 Aserai Peasant
2026-01-09 02:07:11.163 -06:00 [INF] MERGING: Looters (13) -> Looters (25) [Naval: False]
2026-01-09 02:07:11.163 -06:00 [INF] Total Merges this battle: 1
2026-01-09 02:07:14.038 -06:00 [INF] PressGang: Desert Bandits recruiting 1 Aserai Peasant
2026-01-09 02:07:14.039 -06:00 [INF] PressGang: Desert Bandits recruiting 1 Aserai Peasant
2026-01-09 02:07:14.702 -06:00 [INF] PressGang: Looters recruiting 2 Nord Peasant
2026-01-09 02:07:15.172 -06:00 [INF] MERGING: Looters (6) -> Looters (12) [Naval: False]
2026-01-09 02:07:15.172 -06:00 [INF] Total Merges this battle: 1
2026-01-09 02:07:15.173 -06:00 [INF] PressGang: Grand Khuzait Horde recruiting 1 Marauder
2026-01-09 02:07:15.173 -06:00 [INF] PressGang: Grand Khuzait Horde recruiting 1 Steppe Bandit
2026-01-09 02:07:15.173 -06:00 [INF] PressGang: Grand Khuzait Horde recruiting 1 Khuzait Torguud
2026-01-09 02:07:15.579 -06:00 [INF] PressGang: Looters recruiting 1 Empire Peasant
2026-01-09 02:07:15.945 -06:00 [INF] PressGang: Grand Looters Horde recruiting 1 Battania Peasant
2026-01-09 02:07:16.012 -06:00 [INF] PressGang: Looters recruiting 3 Nord Peasant
2026-01-09 02:07:16.147 -06:00 [INF] PressGang: Sea Raiders recruiting 1 Sturgia Peasant
2026-01-09 02:07:16.685 -06:00 [INF] PressGang: Grand Vlandia Horde recruiting 9 Vlandian Recruit
2026-01-09 02:07:16.965 -06:00 [INF] PressGang: Forest Bandits recruiting 1 Nord Peasant
2026-01-09 02:07:17.166 -06:00 [INF] MERGING: Desert Bandits (10) -> Desert Bandits (22) [Naval: False]
2026-01-09 02:07:17.166 -06:00 [INF] Total Merges this battle: 1
2026-01-09 02:07:18.367 -06:00 [INF] PressGang: Desert Bandits recruiting 1 Aserai Peasant
2026-01-09 02:07:18.367 -06:00 [INF] PressGang: Looters recruiting 1 Sturgia Peasant
2026-01-09 02:07:18.998 -06:00 [INF] PressGang: Looters recruiting 1 Aserai Recruit
2026-01-09 02:07:19.211 -06:00 [INF] PressGang: Grand Looters Horde recruiting 1 Imperial Infantryman
2026-01-09 02:07:19.351 -06:00 [INF] PressGang: Forest Bandits recruiting 1 Nord Warrior
2026-01-09 02:07:19.572 -06:00 [INF] PressGang: Steppe Bandits recruiting 1 Khuzait Peasant
2026-01-09 02:07:19.992 -06:00 [INF] PressGang: Grand Sturgia Horde recruiting 1 Sturgian Soldier
2026-01-09 02:07:19.992 -06:00 [INF] PressGang: Sea Raiders recruiting 1 Battanian Veteran Convoy Guard
2026-01-09 02:07:19.992 -06:00 [INF] PressGang: Sea Raiders recruiting 2 Battanian Armed Convoy Trader
2026-01-09 02:07:20.706 -06:00 [INF] PressGang: Grand Vlandia Horde recruiting 1 Looter
2026-01-09 02:07:20.989 -06:00 [INF] PressGang: Desert Bandits recruiting 1 Aserai Mamluke Soldier
2026-01-09 02:07:20.989 -06:00 [INF] PressGang: Desert Bandits recruiting 1 Aserai Mamluke Regular
2026-01-09 02:07:21.415 -06:00 [INF] PressGang: Looters recruiting 1 Vlandia Peasant
2026-01-09 02:07:21.416 -06:00 [INF] PressGang: Looters recruiting 3 Vlandian Recruit
2026-01-09 02:07:21.416 -06:00 [INF] PressGang: Looters recruiting 1 Vlandia Peasant
2026-01-09 02:07:21.775 -06:00 [INF] Daily Tick: Verifying Syndicate War State...
2026-01-09 02:07:21.775 -06:00 [INF] Checking staggered war declarations for Day Index: 1
2026-01-09 02:07:21.782 -06:00 [INF] PressGang: Steppe Bandits recruiting 1 Imperial Trained Archer
2026-01-09 02:07:21.782 -06:00 [INF] PressGang: Steppe Bandits recruiting 1 Imperial Trained Infantryman
2026-01-09 02:07:21.782 -06:00 [INF] PressGang: Steppe Bandits recruiting 1 Imperial Infantryman
2026-01-09 02:07:21.782 -06:00 [INF] PressGang: Steppe Bandits recruiting 1 Empire Peasant
2026-01-09 02:07:21.844 -06:00 [INF] PressGang: Looters recruiting 1 Nord Peasant
2026-01-09 02:07:21.919 -06:00 [INF] PressGang: Grand Sturgia Horde recruiting 1 Looter
2026-01-09 02:07:21.985 -06:00 [INF] PressGang: Grand Corsairs Horde recruiting 1 Imperial Legionary
2026-01-09 02:07:22.061 -06:00 [INF] PressGang: The Warlord's Party recruiting 2 Aserai Peasant
2026-01-09 02:07:29.116 -06:00 [INF] MERGING: Looters (11) -> Looters (12) [Naval: False]
2026-01-09 02:07:29.116 -06:00 [INF] MERGING: Looters (8) -> Looters (23) [Naval: False]
2026-01-09 02:07:29.118 -06:00 [INF] Total Merges this battle: 2
2026-01-09 02:07:31.196 -06:00 [INF] MERGING: Looters (12) -> Looters (13) [Naval: False]
2026-01-09 02:07:31.196 -06:00 [INF] Total Merges this battle: 1
2026-01-09 02:07:31.466 -06:00 [INF] PressGang: Grand Aserai Horde recruiting 1 Aserai Mamluke Soldier
2026-01-09 02:07:31.466 -06:00 [INF] PressGang: Grand Aserai Horde recruiting 2 Aserai Recruit
2026-01-09 02:07:31.466 -06:00 [INF] PressGang: Grand Aserai Horde recruiting 1 Aserai Recruit
2026-01-09 02:07:31.529 -06:00 [INF] PressGang: Grand Aserai Horde recruiting 1 Harami
2026-01-09 02:07:31.529 -06:00 [INF] PressGang: Grand Aserai Horde recruiting 1 Aserai Peasant
2026-01-09 02:07:34.748 -06:00 [INF] MERGING: Steppe Bandits (15) -> Steppe Bandits (18) [Naval: False]
2026-01-09 02:07:34.749 -06:00 [INF] Total Merges this battle: 1
2026-01-09 02:07:35.016 -06:00 [INF] MERGING: Looters (7) -> Looters (11) [Naval: False]
2026-01-09 02:07:35.016 -06:00 [INF] Total Merges this battle: 1
2026-01-09 02:07:35.081 -06:00 [INF] PressGang: Grand Looters Horde recruiting 1 Battanian Veteran Convoy Guard
2026-01-09 02:07:35.083 -06:00 [INF] PressGang: Forest Bandits recruiting 1 Imperial Recruit
2026-01-09 02:07:35.948 -06:00 [INF] PressGang: Grand Khuzait Horde recruiting 1 Khuzait Nomad (Rank 1)
2026-01-09 02:07:35.948 -06:00 [INF] PressGang: Grand Khuzait Horde recruiting 1 Khuzait Spear Infantry
2026-01-09 02:07:35.948 -06:00 [INF] PressGang: Grand Khuzait Horde recruiting 1 Khuzait Nomad
2026-01-09 02:07:36.218 -06:00 [INF] PressGang: Mountain Bandits recruiting 1 Nord Peasant
2026-01-09 02:07:36.691 -06:00 [INF] PressGang: Looters recruiting 1 Nord Peasant
2026-01-09 02:07:36.897 -06:00 [INF] PressGang: Steppe Bandits recruiting 1 Nord Peasant
2026-01-09 02:07:37.247 -06:00 [INF] PressGang: Sea Raiders recruiting 2 Sturgia Peasant
2026-01-09 02:07:37.318 -06:00 [INF] PressGang: Grand Vlandia Horde recruiting 6 Vlandian Recruit
2026-01-09 02:07:37.822 -06:00 [INF] PressGang: Sea Raiders recruiting 1 Imperial Crossbowman
2026-01-09 02:07:38.115 -06:00 [INF] PressGang: Grand Steppe Bandits Horde recruiting 2 Khuzait Peasant
2026-01-09 02:07:38.313 -06:00 [INF] MERGING: Looters (8) -> Looters (10) [Naval: False]
2026-01-09 02:07:38.313 -06:00 [INF] Total Merges this battle: 1
2026-01-09 02:07:38.314 -06:00 [INF] PressGang: Steppe Bandits recruiting 1 Khuzait Peasant
2026-01-09 02:07:38.670 -06:00 [INF] PressGang: Steppe Bandits recruiting 2 Khuzait Peasant
2026-01-09 02:07:38.944 -06:00 [INF] PressGang: Looters recruiting 1 Nord Peasant
2026-01-09 02:07:39.718 -06:00 [INF] PressGang: Grand Looters Horde recruiting 1 Imperial Crossbowman
2026-01-09 02:07:39.789 -06:00 [INF] PressGang: Looters recruiting 1 Empire Peasant
2026-01-09 02:07:39.859 -06:00 [INF] MERGING: Looters (17) -> Looters (17) [Naval: False]
2026-01-09 02:07:39.859 -06:00 [INF] MERGING: Forest Bandits (9) -> Looters (34) [Naval: False]
2026-01-09 02:07:39.860 -06:00 [INF] Total Merges this battle: 2
2026-01-09 02:07:40.494 -06:00 [INF] PressGang: Grand Looters Horde recruiting 1 Battanian Convoy Guard
2026-01-09 02:07:40.850 -06:00 [INF] PressGang: Grand Desert Bandits Horde recruiting 3 Aserai Peasant
2026-01-09 02:07:41.245 -06:00 [INF] PressGang: Grand Vlandia Horde recruiting 1 Looter
2026-01-09 02:07:41.245 -06:00 [INF] PressGang: Deserters recruiting 1 Khuzait Armed Trader
2026-01-09 02:07:41.468 -06:00 [INF] PressGang: Looters recruiting 1 Nord Peasant
2026-01-09 02:07:41.611 -06:00 [INF] PressGang: Steppe Bandits recruiting 1 Khuzait Peasant
2026-01-09 02:07:41.680 -06:00 [INF] PressGang: Grand Khuzait Horde recruiting 1 Khuzait Raider
2026-01-09 02:07:42.039 -06:00 [INF] PressGang: Grand Khuzait Horde recruiting 1 Khuzait Lancer
2026-01-09 02:07:42.039 -06:00 [INF] PressGang: Grand Khuzait Horde recruiting 1 Khuzait Nomad (Rank 1)
2026-01-09 02:07:42.039 -06:00 [INF] PressGang: Grand Khuzait Horde recruiting 1 Khuzait Raider
2026-01-09 02:07:42.252 -06:00 [INF] PressGang: Steppe Bandits recruiting 1 Imperial Infantryman
2026-01-09 02:07:42.320 -06:00 [INF] PressGang: Forest Bandits recruiting 1 Nord Peasant
2026-01-09 02:07:42.320 -06:00 [INF] PressGang: Grand Sturgia Horde recruiting 1 Looter
2026-01-09 02:07:42.668 -06:00 [INF] Daily Tick: Verifying Syndicate War State...
2026-01-09 02:07:42.668 -06:00 [INF] Checking staggered war declarations for Day Index: 2
2026-01-09 02:07:43.155 -06:00 [INF] Found 1 stuck Syndicate Warlords. Redeploying...
2026-01-09 02:07:43.212 -06:00 [INF] PressGang: Sea Raiders recruiting 1 Nord Peasant
2026-01-09 02:07:43.444 -06:00 [INF] MERGING: Looters (10) -> Looters (11) [Naval: False]
2026-01-09 02:07:43.444 -06:00 [INF] MERGING: Looters (6) -> Looters (21) [Naval: False]
2026-01-09 02:07:43.444 -06:00 [INF] Total Merges this battle: 2
2026-01-09 02:07:43.613 -06:00 [INF] PressGang: Desert Bandits recruiting 1 Aserai Peasant
2026-01-09 02:07:43.950 -06:00 [INF] Found 1 stuck Syndicate Warlords. Redeploying...
2026-01-09 02:07:43.953 -06:00 [INF] PressGang: Cadfin Blacktooth's Party recruiting 3 Looter
2026-01-09 02:07:43.998 -06:00 [INF] PressGang: Looters recruiting 1 Nord Peasant
2026-01-09 02:07:44.812 -06:00 [INF] Found 1 stuck Syndicate Warlords. Redeploying...
2026-01-09 02:07:45.601 -06:00 [INF] Found 1 stuck Syndicate Warlords. Redeploying...
2026-01-09 02:07:45.601 -06:00 [INF] Redeploying Vanther the Shark to Hideout...
2026-01-09 02:07:51.920 -06:00 [INF] PressGang: Grand Aserai Horde recruiting 1 Looter
2026-01-09 02:07:51.920 -06:00 [INF] PressGang: Grand Aserai Horde recruiting 1 Aserai Recruit
2026-01-09 02:07:51.920 -06:00 [INF] PressGang: Grand Aserai Horde recruiting 1 Aserai Light Archer
2026-01-09 02:07:51.920 -06:00 [INF] PressGang: Grand Aserai Horde recruiting 1 Aserai Footman
2026-01-09 02:07:51.920 -06:00 [INF] PressGang: Grand Aserai Horde recruiting 2 Aserai Tribesman
2026-01-09 02:07:51.920 -06:00 [INF] PressGang: Grand Aserai Horde recruiting 2 Aserai Mamluke Soldier
2026-01-09 02:07:51.920 -06:00 [INF] PressGang: Grand Aserai Horde recruiting 1 Koleman
2026-01-09 02:07:51.920 -06:00 [INF] PressGang: Grand Aserai Horde recruiting 2 Aserai Mamluke Soldier
2026-01-09 02:07:53.678 -06:00 [INF] MERGING: Deserters (15) -> Steppe Bandits (16) [Naval: False]
2026-01-09 02:07:53.678 -06:00 [INF] Total Merges this battle: 1
2026-01-09 02:07:54.063 -06:00 [INF] MERGING: Sea Raiders (13) -> Sea Raiders (20) [Naval: True]
2026-01-09 02:07:54.063 -06:00 [INF] MERGING: Sea Raiders (10) -> Sea Raiders (33) [Naval: True]
2026-01-09 02:07:54.065 -06:00 [INF] Total Merges this battle: 2
2026-01-09 02:07:55.385 -06:00 [INF] PressGang: Looters recruiting 2 Aserai Recruit
2026-01-09 02:07:55.385 -06:00 [INF] PressGang: Looters recruiting 1 Aserai Peasant
2026-01-09 02:07:56.312 -06:00 [INF] PressGang: Grand Khuzait Horde recruiting 1 Khuzait Qanqli
2026-01-09 02:07:56.312 -06:00 [INF] PressGang: Grand Khuzait Horde recruiting 1 Khuzait Peasant
2026-01-09 02:07:56.653 -06:00 [INF] PressGang: Looters recruiting 1 Empire Peasant
2026-01-09 02:07:56.995 -06:00 [INF] PressGang: Grand Looters Horde recruiting 1 Battania Peasant
2026-01-09 02:07:57.096 -06:00 [INF] PressGang: Looters recruiting 1 Battania Peasant
2026-01-09 02:07:57.580 -06:00 [INF] PressGang: Grand Vlandia Horde recruiting 9 Vlandian Recruit
2026-01-09 02:07:58.276 -06:00 [INF] PressGang: Grand Steppe Bandits Horde recruiting 2 Khuzait Peasant
2026-01-09 02:07:58.816 -06:00 [INF] PressGang: Grand Khuzait Horde recruiting 1 Khuzait Qanqli
2026-01-09 02:07:58.816 -06:00 [INF] PressGang: Grand Khuzait Horde recruiting 3 Khuzait Tribal Warrior
2026-01-09 02:07:58.816 -06:00 [INF] PressGang: Grand Khuzait Horde recruiting 1 Khuzait Hunter
2026-01-09 02:07:58.816 -06:00 [INF] PressGang: Grand Khuzait Horde recruiting 1 Khuzait Nomad
2026-01-09 02:07:59.556 -06:00 [INF] PressGang: Looters recruiting 1 Empire Peasant
2026-01-09 02:07:59.751 -06:00 [INF] PressGang: Grand Looters Horde recruiting 1 Imperial Crossbowman
2026-01-09 02:07:59.751 -06:00 [INF] PressGang: Grand Looters Horde recruiting 1 Imperial Infantryman
2026-01-09 02:07:59.812 -06:00 [INF] PressGang: Looters recruiting 1 Empire Peasant
2026-01-09 02:07:59.849 -06:00 [INF] PressGang: Looters recruiting 1 Aserai Faris
2026-01-09 02:07:59.849 -06:00 [INF] PressGang: Looters recruiting 1 Empire Peasant
2026-01-09 02:08:00.440 -06:00 [INF] PressGang: Grand Looters Horde recruiting 1 Battanian Veteran Convoy Guard
2026-01-09 02:08:00.878 -06:00 [INF] PressGang: Grand Empire Horde recruiting 1 Nord Peasant
2026-01-09 02:08:00.878 -06:00 [INF] PressGang: Grand Empire Horde recruiting 1 Bushwacker
2026-01-09 02:08:01.025 -06:00 [INF] PressGang: Grand Vlandia Horde recruiting 1 Vlandia Peasant
2026-01-09 02:08:01.222 -06:00 [INF] PressGang: Looters recruiting 1 Nord Peasant
2026-01-09 02:08:01.367 -06:00 [INF] PressGang: Forest Bandits recruiting 2 Empire Peasant
2026-01-09 02:08:01.367 -06:00 [INF] PressGang: Steppe Bandits recruiting 2 Khuzait Peasant
2026-01-09 02:08:01.415 -06:00 [INF] PressGang: Grand Khuzait Horde recruiting 1 Khuzait Raider
2026-01-09 02:08:01.415 -06:00 [INF] PressGang: Grand Khuzait Horde recruiting 1 Khuzait Spearman
2026-01-09 02:08:01.415 -06:00 [INF] PressGang: Grand Khuzait Horde recruiting 1 Khuzait Tribal Warrior
2026-01-09 02:08:01.759 -06:00 [INF] PressGang: Grand Khuzait Horde recruiting 1 Khuzait Footman
2026-01-09 02:08:01.759 -06:00 [INF] PressGang: Grand Khuzait Horde recruiting 1 Khuzait Nomad
2026-01-09 02:08:01.759 -06:00 [INF] PressGang: Grand Khuzait Horde recruiting 1 Khuzait Tribal Warrior
2026-01-09 02:08:02.004 -06:00 [INF] PressGang: Grand Sturgia Horde recruiting 1 Sturgia Peasant
2026-01-09 02:08:02.102 -06:00 [INF] PressGang: Grand Corsairs Horde recruiting 1 Aserai Peasant
2026-01-09 02:08:02.311 -06:00 [INF] PressGang: Looters recruiting 2 Nord Peasant
2026-01-09 02:08:02.444 -06:00 [INF] PressGang: Grand Empire Horde recruiting 1 Looter
2026-01-09 02:08:02.546 -06:00 [INF] PressGang: Grand Corsairs Horde recruiting 1 Aserai Peasant
2026-01-09 02:08:02.700 -06:00 [INF] Daily Tick: Verifying Syndicate War State...
2026-01-09 02:08:02.700 -06:00 [INF] Checking staggered war declarations for Day Index: 3
2026-01-09 02:08:02.798 -06:00 [INF] MERGING: Looters (2) -> Looters (21) [Naval: False]
2026-01-09 02:08:02.798 -06:00 [INF] Total Merges this battle: 1
2026-01-09 02:08:02.898 -06:00 [INF] PressGang: Thucasys of the Hand's Party recruiting 1 Gallant Sword Sister
2026-01-09 02:08:02.898 -06:00 [INF] PressGang: Thucasys of the Hand's Party recruiting 2 Imperial Caravan Guard
2026-01-09 02:08:02.898 -06:00 [INF] PressGang: Thucasys of the Hand's Party recruiting 1 Imperial Armed Trader
2026-01-09 02:08:03.102 -06:00 [INF] Found 1 stuck Syndicate Warlords. Redeploying...
2026-01-09 02:08:03.337 -06:00 [INF] MERGING: Desert Bandits (4) -> Desert Bandits (13) [Naval: False]
2026-01-09 02:08:03.338 -06:00 [INF] Total Merges this battle: 1
2026-01-09 02:08:03.586 -06:00 [INF] PressGang: Looters recruiting 2 Nord Peasant
2026-01-09 02:08:03.935 -06:00 [INF] Found 1 stuck Syndicate Warlords. Redeploying...
2026-01-09 02:08:04.220 -06:00 [INF] PressGang: Sea Raiders recruiting 2 Nord Axe Warrior
2026-01-09 02:08:04.773 -06:00 [INF] Found 1 stuck Syndicate Warlords. Redeploying...
2026-01-09 02:08:05.647 -06:00 [INF] Found 1 stuck Syndicate Warlords. Redeploying...
2026-01-09 02:08:06.030 -06:00 [INF] MERGING: Looters (14) -> Looters (19) [Naval: False]
2026-01-09 02:08:06.031 -06:00 [INF] MERGING: Looters (11) -> Looters (33) [Naval: False]
2026-01-09 02:08:06.032 -06:00 [INF] MERGING: Forest Bandits (8) -> Grand Looters Horde (44) [Naval: False]
2026-01-09 02:08:06.034 -06:00 [INF] Total Merges this battle: 3
2026-01-09 02:08:06.474 -06:00 [INF] Found 1 stuck Syndicate Warlords. Redeploying...
2026-01-09 02:08:07.314 -06:00 [INF] Found 1 stuck Syndicate Warlords. Redeploying...
2026-01-09 02:08:08.149 -06:00 [INF] Found 1 stuck Syndicate Warlords. Redeploying...
2026-01-09 02:08:08.935 -06:00 [INF] Found 1 stuck Syndicate Warlords. Redeploying...
2026-01-09 02:08:09.779 -06:00 [INF] Found 1 stuck Syndicate Warlords. Redeploying...
2026-01-09 02:08:09.817 -06:00 [INF] MERGING: Sea Raiders (5) -> Sea Raiders (14) [Naval: True]
2026-01-09 02:08:09.817 -06:00 [INF] Total Merges this battle: 1
2026-01-09 02:08:10.616 -06:00 [INF] Found 1 stuck Syndicate Warlords. Redeploying...
2026-01-09 02:08:11.478 -06:00 [INF] Found 1 stuck Syndicate Warlords. Redeploying...
2026-01-09 02:08:11.942 -06:00 [INF] PressGang: Grand Aserai Horde recruiting 2 Aserai Recruit
2026-01-09 02:08:11.942 -06:00 [INF] PressGang: Grand Aserai Horde recruiting 1 Aserai Footman
2026-01-09 02:08:11.942 -06:00 [INF] PressGang: Grand Aserai Horde recruiting 1 Aserai Tribesman
2026-01-09 02:08:11.942 -06:00 [INF] PressGang: Grand Aserai Horde recruiting 1 Aserai Mamluke Soldier
2026-01-09 02:08:11.942 -06:00 [INF] PressGang: Grand Aserai Horde recruiting 2 Ghilman
2026-01-09 02:08:11.942 -06:00 [INF] PressGang: Grand Aserai Horde recruiting 1 Aserai Footman
2026-01-09 02:08:11.942 -06:00 [INF] PressGang: Grand Aserai Horde recruiting 1 Aserai Light Archer
2026-01-09 02:08:11.942 -06:00 [INF] PressGang: Grand Aserai Horde recruiting 1 Bedouin Rover
2026-01-09 02:08:12.286 -06:00 [INF] Found 1 stuck Syndicate Warlords. Redeploying...
2026-01-09 02:08:13.169 -06:00 [INF] Found 1 stuck Syndicate Warlords. Redeploying...
2026-01-09 02:08:13.170 -06:00 [INF] MERGING: Mountain Bandits (19) -> Looters (36) [Naval: False]
2026-01-09 02:08:13.170 -06:00 [INF] Total Merges this battle: 1
2026-01-09 02:08:14.030 -06:00 [INF] Found 1 stuck Syndicate Warlords. Redeploying...
2026-01-09 02:08:14.865 -06:00 [INF] Found 1 stuck Syndicate Warlords. Redeploying...
2026-01-09 02:08:15.670 -06:00 [INF] Found 1 stuck Syndicate Warlords. Redeploying...
2026-01-09 02:08:16.066 -06:00 [INF] PressGang: Grand Corsairs Horde recruiting 1 Aserai Peasant
2026-01-09 02:08:16.541 -06:00 [INF] Found 1 stuck Syndicate Warlords. Redeploying...
2026-01-09 02:08:17.009 -06:00 [INF] PressGang: Grand Looters Horde recruiting 1 Battania Peasant
2026-01-09 02:08:17.367 -06:00 [INF] Found 1 stuck Syndicate Warlords. Redeploying...
2026-01-09 02:08:17.624 -06:00 [INF] PressGang: Grand Vlandia Horde recruiting 2 Vlandian Recruit
2026-01-09 02:08:17.624 -06:00 [INF] PressGang: Grand Vlandia Horde recruiting 2 Looter
2026-01-09 02:08:50.398 -06:00 [INF] Found 1 stuck Syndicate Warlords. Redeploying...
2026-01-09 02:08:50.491 -06:00 [INF] PressGang: Sea Raiders recruiting 1 Nord Peasant
2026-01-09 02:08:51.038 -06:00 [INF] PressGang: Grand Khuzait Horde recruiting 1 Khuzait Noble's Son
2026-01-09 02:08:51.038 -06:00 [INF] PressGang: Grand Khuzait Horde recruiting 1 Khuzait Nomad
2026-01-09 02:08:51.038 -06:00 [INF] PressGang: Grand Khuzait Horde recruiting 1 Khuzait Raider
2026-01-09 02:08:51.254 -06:00 [INF] Found 1 stuck Syndicate Warlords. Redeploying...
2026-01-09 02:08:51.255 -06:00 [INF] Redeploying Thavin the Shark to Hideout...
2026-01-09 02:08:52.206 -06:00 [INF] PressGang: Looters recruiting 1 Sturgian Archer
2026-01-09 02:08:52.356 -06:00 [INF] PressGang: Grand Looters Horde recruiting 1 Sturgia Peasant
2026-01-09 02:08:52.406 -06:00 [INF] MERGING: Looters (9) -> Looters (17) [Naval: False]
2026-01-09 02:08:52.407 -06:00 [INF] Total Merges this battle: 1
2026-01-09 02:08:52.558 -06:00 [INF] PressGang: Grand Looters Horde recruiting 1 Battanian Convoy Guard
2026-01-09 02:08:52.810 -06:00 [INF] PressGang: Sea Raiders recruiting 1 Vlandia Peasant
2026-01-09 02:08:53.113 -06:00 [INF] PressGang: Grand Battania Horde recruiting 1 Battanian Trained Warrior
2026-01-09 02:08:53.113 -06:00 [INF] PressGang: Grand Battania Horde recruiting 1 Battanian Hero
2026-01-09 02:08:53.262 -06:00 [INF] PressGang: Grand Looters Horde recruiting 1 Nord Peasant
2026-01-09 02:08:53.411 -06:00 [INF] PressGang: Steppe Bandits recruiting 1 Khuzait Peasant
2026-01-09 02:08:53.458 -06:00 [INF] PressGang: Grand Khuzait Horde recruiting 1 Khuzait Archer
2026-01-09 02:08:53.657 -06:00 [INF] PressGang: Looters recruiting 1 Vlandia Peasant
2026-01-09 02:08:53.808 -06:00 [INF] PressGang: Grand Khuzait Horde recruiting 1 Khuzait Footman
2026-01-09 02:08:53.808 -06:00 [INF] PressGang: Grand Khuzait Horde recruiting 1 Khuzait Nomad
2026-01-09 02:08:53.808 -06:00 [INF] PressGang: Grand Khuzait Horde recruiting 1 Khuzait Tribal Warrior
2026-01-09 02:08:54.005 -06:00 [INF] PressGang: Looters recruiting 1 Nord Peasant
2026-01-09 02:08:54.005 -06:00 [INF] PressGang: Forest Bandits recruiting 1 Nord Peasant
2026-01-09 02:08:54.258 -06:00 [INF] PressGang: Sea Raiders recruiting 1 Sturgia Peasant
2026-01-09 02:08:54.453 -06:00 [INF] PressGang: Grand Empire Horde recruiting 1 Looter
2026-01-09 02:08:54.748 -06:00 [INF] PressGang: Sea Raiders recruiting 1 Nord Peasant
2026-01-09 02:08:54.953 -06:00 [INF] Daily Tick: Verifying Syndicate War State...
2026-01-09 02:08:54.953 -06:00 [INF] Checking staggered war declarations for Day Index: 4
2026-01-09 02:08:55.095 -06:00 [INF] MERGING: Steppe Bandits (11) -> Deserters (17) [Naval: False]
2026-01-09 02:08:55.095 -06:00 [INF] Total Merges this battle: 1
2026-01-09 02:08:55.404 -06:00 [INF] PressGang: Cadfin Blacktooth's Party recruiting 1 Looter
2026-01-09 02:08:55.442 -06:00 [INF] PressGang: Looters recruiting 2 Nord Peasant
2026-01-09 02:08:55.742 -06:00 [INF] PressGang: Deserters recruiting 1 Khuzait Peasant
2026-01-09 02:08:56.139 -06:00 [INF] PressGang: Looters recruiting 1 Empire Peasant
2026-01-09 02:08:56.200 -06:00 [INF] PressGang: Grand Sea Raiders Horde recruiting 1 Sturgian Archer
2026-01-09 02:08:56.200 -06:00 [INF] PressGang: Grand Sea Raiders Horde recruiting 1 Sturgia Peasant
2026-01-09 02:08:57.538 -06:00 [INF] MERGING: Sea Raiders (13) -> Sea Raiders (16) [Naval: True]
2026-01-09 02:08:57.538 -06:00 [INF] Total Merges this battle: 1
2026-01-09 02:08:58.317 -06:00 [INF] MERGING: Looters (8) -> Looters (10) [Naval: False]
2026-01-09 02:08:58.318 -06:00 [INF] Total Merges this battle: 1
2026-01-09 02:09:02.155 -06:00 [INF] Found 1 stuck Syndicate Warlords. Redeploying...
2026-01-09 02:09:03.150 -06:00 [INF] Found 1 stuck Syndicate Warlords. Redeploying...
2026-01-09 02:16:02.174 -06:00 [INF] Found 1 stuck Syndicate Warlords. Redeploying...
2026-01-09 02:16:03.187 -06:00 [INF] Found 1 stuck Syndicate Warlords. Redeploying...
2026-01-09 02:16:03.653 -06:00 [INF] PressGang: Grand Aserai Horde recruiting 1 Aserai Light Archer
2026-01-09 02:16:03.654 -06:00 [INF] PressGang: Grand Aserai Horde recruiting 2 Ghilman
2026-01-09 02:16:03.654 -06:00 [INF] PressGang: Grand Aserai Horde recruiting 2 Aserai Recruit
2026-01-09 02:16:03.654 -06:00 [INF] PressGang: Grand Aserai Horde recruiting 1 Aserai Veteran Caravan Guard
2026-01-09 02:16:03.713 -06:00 [INF] PressGang: Grand Aserai Horde recruiting 1 Nomad Bandit
2026-01-09 02:16:03.713 -06:00 [INF] PressGang: Grand Aserai Horde recruiting 2 Looter
2026-01-09 02:16:04.062 -06:00 [INF] Found 1 stuck Syndicate Warlords. Redeploying...
2026-01-09 02:16:04.062 -06:00 [INF] Redeploying Thera the Exile to Hideout...
2026-01-09 02:16:05.772 -06:00 [INF] MERGING: Looters (1) -> Looters (4) [Naval: False]
2026-01-09 02:16:05.772 -06:00 [INF] Total Merges this battle: 1
2026-01-09 02:16:07.115 -06:00 [INF] PressGang: Corsairs recruiting 1 Imperial Veteran Archer
2026-01-09 02:16:07.115 -06:00 [INF] PressGang: Corsairs recruiting 1 Imperial Trained Infantryman
2026-01-09 02:16:08.086 -06:00 [INF] PressGang: Grand Looters Horde recruiting 1 Vlandian Convoy Guard
2026-01-09 02:16:08.289 -06:00 [INF] PressGang: Sea Raiders recruiting 1 Nord Peasant
2026-01-09 02:16:08.814 -06:00 [INF] PressGang: Grand Corsairs Horde recruiting 1 Imperial Shipmate
2026-01-09 02:16:08.814 -06:00 [INF] PressGang: Grand Corsairs Horde recruiting 1 Imperial Trained Infantryman
2026-01-09 02:16:08.814 -06:00 [INF] PressGang: Grand Corsairs Horde recruiting 1 Imperial Naute
2026-01-09 02:16:08.814 -06:00 [INF] PressGang: Sea Raiders recruiting 1 Sturgia Peasant
2026-01-09 02:16:08.879 -06:00 [INF] PressGang: Grand Corsairs Horde recruiting 1 Empire Peasant
2026-01-09 02:16:09.215 -06:00 [INF] PressGang: Grand Vlandia Horde recruiting 7 Vlandian Recruit
2026-01-09 02:16:09.215 -06:00 [INF] PressGang: Grand Vlandia Horde recruiting 1 Sea Raider
2026-01-09 02:16:10.530 -06:00 [INF] PressGang: Steppe Bandits recruiting 1 Khuzait Peasant
2026-01-09 02:16:10.611 -06:00 [INF] PressGang: Grand Khuzait Horde recruiting 1 Khuzait Noble's Son
2026-01-09 02:16:10.611 -06:00 [INF] PressGang: Grand Khuzait Horde recruiting 1 Khuzait Lancer
2026-01-09 02:16:10.689 -06:00 [INF] PressGang: Mountain Bandits recruiting 1 Imperial Crossbowman
2026-01-09 02:16:11.628 -06:00 [INF] PressGang: Looters recruiting 1 Empire Peasant
2026-01-09 02:16:12.178 -06:00 [INF] PressGang: Mountain Bandits recruiting 1 Nord Peasant
2026-01-09 02:16:12.813 -06:00 [INF] PressGang: Steppe Bandits recruiting 4 Khuzait Peasant
2026-01-09 02:16:12.890 -06:00 [INF] PressGang: Grand Battania Horde recruiting 1 Battanian Hero
2026-01-09 02:16:12.890 -06:00 [INF] PressGang: Grand Vlandia Horde recruiting 1 Looter
2026-01-09 02:16:13.127 -06:00 [INF] PressGang: Grand Looters Horde recruiting 1 Nord Peasant
2026-01-09 02:16:13.277 -06:00 [INF] PressGang: Forest Bandits recruiting 1 Empire Peasant
2026-01-09 02:16:13.277 -06:00 [INF] PressGang: Grand Khuzait Horde recruiting 1 Khuzait Raider
2026-01-09 02:16:13.818 -06:00 [INF] PressGang: Steppe Bandits recruiting 1 Imperial Heavy Horseman
2026-01-09 02:16:13.818 -06:00 [INF] PressGang: Steppe Bandits recruiting 1 Empire Peasant
2026-01-09 02:16:14.572 -06:00 [INF] PressGang: Sea Raiders recruiting 1 Nord Peasant
2026-01-09 02:16:15.281 -06:00 [INF] Daily Tick: Verifying Syndicate War State...
2026-01-09 02:16:15.281 -06:00 [INF] Checking staggered war declarations for Day Index: 5
2026-01-09 02:16:15.352 -06:00 [INF] PressGang: Looters recruiting 1 Nord Peasant
2026-01-09 02:16:15.785 -06:00 [INF] PressGang: Deserters recruiting 1 Empire Peasant
2026-01-09 02:16:20.783 -06:00 [INF] MERGING: Looters (8) -> Looters (13) [Naval: False]
2026-01-09 02:16:20.784 -06:00 [INF] MERGING: Looters (5) -> Looters (21) [Naval: False]
2026-01-09 02:16:20.784 -06:00 [INF] Total Merges this battle: 2
2026-01-09 02:16:21.187 -06:00 [INF] MERGING: Looters (3) -> Looters (13) [Naval: False]
2026-01-09 02:16:21.188 -06:00 [INF] Total Merges this battle: 1
2026-01-09 02:16:24.635 -06:00 [INF] PressGang: Grand Aserai Horde recruiting 1 Looter
2026-01-09 02:16:24.635 -06:00 [INF] PressGang: Grand Aserai Horde recruiting 2 Aserai Tribesman
2026-01-09 02:16:24.635 -06:00 [INF] PressGang: Grand Aserai Horde recruiting 1 Aserai Veteran Caravan Guard
2026-01-09 02:16:24.635 -06:00 [INF] PressGang: Grand Aserai Horde recruiting 1 Aserai Archer
2026-01-09 02:16:24.635 -06:00 [INF] PressGang: Grand Aserai Horde recruiting 1 Aserai Mamluke Regular
2026-01-09 02:16:24.635 -06:00 [INF] PressGang: Grand Aserai Horde recruiting 1 Aserai Tribesman
2026-01-09 02:16:24.635 -06:00 [INF] PressGang: Grand Aserai Horde recruiting 2 Aserai Veteran Caravan Guard
2026-01-09 02:16:24.635 -06:00 [INF] PressGang: Grand Aserai Horde recruiting 2 Aserai Peasant
2026-01-09 02:16:24.685 -06:00 [INF] PressGang: Grand Aserai Horde recruiting 2 Bedouin Rover
2026-01-09 02:16:24.685 -06:00 [INF] PressGang: Grand Aserai Horde recruiting 1 Looter
2026-01-09 02:16:24.685 -06:00 [INF] PressGang: Grand Aserai Horde recruiting 2 Aserai Peasant
2026-01-09 02:16:28.959 -06:00 [INF] PressGang: Grand Khuzait Horde recruiting 1 Khuzait Hunter
2026-01-09 02:16:28.959 -06:00 [INF] PressGang: Grand Khuzait Horde recruiting 1 Outrider
2026-01-09 02:16:28.959 -06:00 [INF] PressGang: Grand Khuzait Horde recruiting 2 Khuzait Veteran Caravan Guard
2026-01-09 02:16:28.959 -06:00 [INF] PressGang: Grand Khuzait Horde recruiting 1 Khuzait Caravan Guard
2026-01-09 02:16:29.252 -06:00 [INF] PressGang: Looters recruiting 1 Empire Peasant
2026-01-09 02:16:29.691 -06:00 [INF] PressGang: Grand Corsairs Horde recruiting 2 Imperial Shipmate
2026-01-09 02:16:31.511 -06:00 [INF] MERGING: Deserters (15) -> Deserters (19) [Naval: False]
2026-01-09 02:16:31.512 -06:00 [INF] Total Merges this battle: 1
2026-01-09 02:16:31.674 -06:00 [INF] MERGING: Desert Bandits (13) -> Thera the Exile's Party (20) [Naval: False]
2026-01-09 02:16:31.674 -06:00 [INF] Total Merges this battle: 1
2026-01-09 02:16:31.769 -06:00 [INF] PressGang: Looters recruiting 1 Empire Peasant
2026-01-09 02:16:31.923 -06:00 [INF] PressGang: Grand Looters Horde recruiting 1 Imperial Archer
2026-01-09 02:16:31.924 -06:00 [INF] PressGang: Grand Looters Horde recruiting 1 Imperial Infantryman
2026-01-09 02:16:32.429 -06:00 [INF] PressGang: Looters recruiting 1 Empire Peasant
2026-01-09 02:16:32.529 -06:00 [INF] PressGang: Grand Looters Horde recruiting 1 Battanian Convoy Guard
2026-01-09 02:16:32.937 -06:00 [INF] PressGang: Steppe Bandits recruiting 1 Khuzait Peasant
2026-01-09 02:16:33.190 -06:00 [INF] PressGang: Grand Looters Horde recruiting 2 Nord Peasant
2026-01-09 02:16:33.351 -06:00 [INF] PressGang: Forest Bandits recruiting 1 Empire Peasant
2026-01-09 02:16:33.392 -06:00 [INF] PressGang: Grand Khuzait Horde recruiting 1 Khuzait Horse Archer
2026-01-09 02:16:33.393 -06:00 [INF] PressGang: Grand Khuzait Horde recruiting 1 Khuzait Tribal Warrior
2026-01-09 02:16:33.647 -06:00 [INF] PressGang: Grand Khuzait Horde recruiting 1 Khuzait Tribal Warrior
2026-01-09 02:16:33.647 -06:00 [INF] PressGang: Grand Khuzait Horde recruiting 1 Khuzait Raider
2026-01-09 02:16:33.647 -06:00 [INF] PressGang: Grand Khuzait Horde recruiting 1 Khuzait Peasant
2026-01-09 02:16:33.749 -06:00 [INF] PressGang: Steppe Bandits recruiting 1 Empire Peasant
2026-01-09 02:16:33.899 -06:00 [INF] PressGang: Grand Corsairs Horde recruiting 1 Aserai Peasant
2026-01-09 02:16:34.050 -06:00 [INF] PressGang: Sea Raiders recruiting 1 Sturgia Peasant
2026-01-09 02:16:34.252 -06:00 [INF] PressGang: Grand Empire Horde recruiting 1 Imperial Infantryman
2026-01-09 02:16:34.353 -06:00 [INF] MERGING: Forest Bandits (12) -> Forest Bandits (14) [Naval: False]
2026-01-09 02:16:34.354 -06:00 [INF] Total Merges this battle: 1
2026-01-09 02:16:34.762 -06:00 [INF] PressGang: Looters recruiting 1 Nord Peasant
2026-01-09 02:16:35.422 -06:00 [INF] Daily Tick: Verifying Syndicate War State...
2026-01-09 02:16:35.423 -06:00 [INF] Checking staggered war declarations for Day Index: 0
2026-01-09 02:16:35.468 -06:00 [INF] PressGang: Deserters recruiting 1 Empire Peasant
2026-01-09 02:16:35.727 -06:00 [INF] PressGang: Grand Sea Raiders Horde recruiting 1 Sturgia Peasant
2026-01-09 02:16:36.028 -06:00 [INF] MERGING: Looters (12) -> Looters (15) [Naval: False]
2026-01-09 02:16:36.029 -06:00 [INF] MERGING: Looters (7) -> Looters (27) [Naval: False]
2026-01-09 02:16:36.030 -06:00 [INF] Total Merges this battle: 2
2026-01-09 02:16:36.693 -06:00 [INF] PressGang: Deserters recruiting 2 Khuzait Peasant
2026-01-09 02:16:36.953 -06:00 [INF] PressGang: Looters recruiting 1 Khuzait Peasant
2026-01-09 02:16:38.022 -06:00 [INF] MERGING: Sea Raiders (9) -> Grand Sea Raiders Horde (45) [Naval: True]
2026-01-09 02:16:38.023 -06:00 [INF] Total Merges this battle: 1
2026-01-09 02:16:38.175 -06:00 [INF] MERGING: Looters (11) -> Looters (11) [Naval: False]
2026-01-09 02:16:38.176 -06:00 [INF] Total Merges this battle: 1
2026-01-09 02:16:39.087 -06:00 [INF] PressGang: Forest Bandits recruiting 1 Nord Peasant
2026-01-09 02:16:42.583 -06:00 [INF] MERGING: Looters (13) -> Deserters (19) [Naval: False]
2026-01-09 02:16:42.583 -06:00 [INF] MERGING: Steppe Bandits (12) -> Deserters (32) [Naval: False]
2026-01-09 02:16:42.583 -06:00 [INF] MERGING: Mountain Bandits (6) -> Grand Looters Horde (44) [Naval: False]
2026-01-09 02:16:42.583 -06:00 [INF] Total Merges this battle: 3
2026-01-09 02:16:43.044 -06:00 [INF] MERGING: Looters (13) -> Looters (17) [Naval: False]
2026-01-09 02:16:43.044 -06:00 [INF] MERGING: Mountain Bandits (11) -> Looters (30) [Naval: False]
2026-01-09 02:16:43.044 -06:00 [INF] Total Merges this battle: 2
2026-01-09 02:16:44.535 -06:00 [INF] PressGang: Grand Aserai Horde recruiting 1 Looter
2026-01-09 02:16:44.535 -06:00 [INF] PressGang: Grand Aserai Horde recruiting 1 Aserai Recruit
2026-01-09 02:16:44.535 -06:00 [INF] PressGang: Grand Aserai Horde recruiting 1 Aserai Archer
2026-01-09 02:16:44.535 -06:00 [INF] PressGang: Grand Aserai Horde recruiting 1 Aserai Caravan Guard
2026-01-09 02:16:44.535 -06:00 [INF] PressGang: Grand Aserai Horde recruiting 1 Aserai Mamluke Soldier
2026-01-09 02:16:44.535 -06:00 [INF] PressGang: Grand Aserai Horde recruiting 1 Aserai Caravan Guard
2026-01-09 02:16:44.535 -06:00 [INF] PressGang: Grand Aserai Horde recruiting 2 Bedouin Rover
2026-01-09 02:16:44.586 -06:00 [INF] PressGang: Grand Aserai Horde recruiting 2 Bedouin Rover
2026-01-09 02:16:44.586 -06:00 [INF] PressGang: Grand Aserai Horde recruiting 1 Looter
2026-01-09 02:16:48.567 -06:00 [INF] PressGang: Grand Corsairs Horde recruiting 1 Aserai Peasant
2026-01-09 02:16:48.858 -06:00 [INF] PressGang: Grand Khuzait Horde recruiting 1 Khuzait Horse Archer
2026-01-09 02:16:48.859 -06:00 [INF] PressGang: Grand Khuzait Horde recruiting 1 Khuzait Tribal Warrior
2026-01-09 02:16:48.859 -06:00 [INF] PressGang: Grand Khuzait Horde recruiting 1 Khuzait Spearman
2026-01-09 02:16:48.859 -06:00 [INF] PressGang: Grand Khuzait Horde recruiting 1 Khuzait Heavy Horse Archer
2026-01-09 02:16:49.101 -06:00 [INF] PressGang: Sea Raiders recruiting 1 Nord Peasant
2026-01-09 02:16:51.774 -06:00 [INF] PressGang: Looters recruiting 1 Nord Peasant
2026-01-09 02:16:52.018 -06:00 [INF] PressGang: Looters recruiting 1 Sturgia Peasant
2026-01-09 02:16:52.954 -06:00 [INF] PressGang: Grand Looters Horde recruiting 1 Nord Peasant
2026-01-09 02:16:53.102 -06:00 [INF] PressGang: Grand Khuzait Horde recruiting 1 Khuzait Noble's Son
2026-01-09 02:16:53.360 -06:00 [INF] PressGang: Grand Khuzait Horde recruiting 1 Khuzait Archer
2026-01-09 02:16:53.545 -06:00 [INF] PressGang: Looters recruiting 1 Nord Peasant
2026-01-09 02:16:53.650 -06:00 [INF] PressGang: The Warlord's Party recruiting 2 Looter
2026-01-09 02:16:53.650 -06:00 [INF] PressGang: The Warlord's Party recruiting 1 Aserai Faris
2026-01-09 02:16:53.650 -06:00 [INF] PressGang: The Warlord's Party recruiting 1 Aserai Mamluke Regular
2026-01-09 02:16:55.173 -06:00 [INF] PressGang: Grand Looters Horde recruiting 2 Khuzait Peasant
2026-01-09 02:16:55.426 -06:00 [INF] PressGang: Sea Raiders recruiting 1 Nord Freeman Archer
2026-01-09 02:16:55.480 -06:00 [INF] PressGang: Looters recruiting 1 Empire Peasant
2026-01-09 02:16:55.560 -06:00 [INF] Daily Tick: Verifying Syndicate War State...
2026-01-09 02:16:55.561 -06:00 [INF] Checking staggered war declarations for Day Index: 1
2026-01-09 02:16:56.364 -06:00 [INF] PressGang: Grand Looters Horde recruiting 1 Empire Peasant
2026-01-09 02:16:56.364 -06:00 [INF] PressGang: Forest Bandits recruiting 1 Empire Peasant
2026-01-09 02:16:56.615 -06:00 [INF] PressGang: Thavin the Shark's Party recruiting 1 Looter
2026-01-09 02:16:56.692 -06:00 [INF] MERGING: Looters (7) -> Looters (10) [Naval: False]
2026-01-09 02:16:56.692 -06:00 [INF] Total Merges this battle: 1
2026-01-09 02:16:57.766 -06:00 [INF] MERGING: Looters (11) -> Looters (13) [Naval: False]
2026-01-09 02:16:57.766 -06:00 [INF] MERGING: Looters (11) -> Looters (24) [Naval: False]
2026-01-09 02:16:57.766 -06:00 [INF] Total Merges this battle: 2
2026-01-09 02:17:00.438 -06:00 [INF] PressGang: Steppe Bandits recruiting 2 Khuzait Peasant
2026-01-09 02:17:04.911 -06:00 [INF] MERGING: Looters (14) -> Looters (15) [Naval: False]
2026-01-09 02:17:04.913 -06:00 [INF] Total Merges this battle: 1
2026-01-09 02:17:05.660 -06:00 [INF] PressGang: Grand Aserai Horde recruiting 2 Aserai Recruit
2026-01-09 02:17:05.660 -06:00 [INF] PressGang: Grand Aserai Horde recruiting 1 Ghilman
2026-01-09 02:17:05.660 -06:00 [INF] PressGang: Grand Aserai Horde recruiting 1 Aserai Caravan Guard
2026-01-09 02:17:05.660 -06:00 [INF] PressGang: Grand Aserai Horde recruiting 1 Aserai Armed Trader
2026-01-09 02:17:05.660 -06:00 [INF] PressGang: Grand Aserai Horde recruiting 1 Aserai Recruit
2026-01-09 02:17:05.660 -06:00 [INF] PressGang: Grand Aserai Horde recruiting 1 Aserai Veteran Caravan Guard
2026-01-09 02:17:05.660 -06:00 [INF] PressGang: Grand Aserai Horde recruiting 1 Aserai Youth
2026-01-09 02:17:05.660 -06:00 [INF] PressGang: Grand Aserai Horde recruiting 1 Aserai Tribal Horseman
2026-01-09 02:17:05.661 -06:00 [INF] PressGang: Grand Aserai Horde recruiting 1 Aserai Recruit
2026-01-09 02:17:05.661 -06:00 [INF] PressGang: Grand Aserai Horde recruiting 2 Aserai Tribesman
2026-01-09 02:17:05.661 -06:00 [INF] PressGang: Grand Aserai Horde recruiting 2 Bedouin Rover
2026-01-09 02:17:05.661 -06:00 [INF] PressGang: Grand Aserai Horde recruiting 1 Aserai Peasant
2026-01-09 02:17:05.661 -06:00 [INF] PressGang: Grand Aserai Horde recruiting 1 Harami
2026-01-09 02:17:09.056 -06:00 [INF] PressGang: Grand Corsairs Horde recruiting 1 Imperial Naute
2026-01-09 02:17:10.639 -06:00 [INF] PressGang: Grand Looters Horde recruiting 1 Battania Peasant
2026-01-09 02:17:10.772 -06:00 [INF] PressGang: Grand Corsairs Horde recruiting 1 Imperial Trained Infantryman
2026-01-09 02:17:10.837 -06:00 [INF] PressGang: Grand Corsairs Horde recruiting 2 Empire Peasant
2026-01-09 02:17:12.102 -06:00 [INF] PressGang: Grand Khuzait Horde recruiting 2 Khuzait Nomad
2026-01-09 02:17:12.102 -06:00 [INF] PressGang: Grand Khuzait Horde recruiting 1 Looter
2026-01-09 02:17:12.102 -06:00 [INF] PressGang: Grand Khuzait Horde recruiting 1 Khuzait Tribal Warrior
2026-01-09 02:17:13.029 -06:00 [INF] MERGING: Desert Bandits (9) -> Desert Bandits (10) [Naval: False]
2026-01-09 02:17:13.029 -06:00 [INF] Total Merges this battle: 1
2026-01-09 02:17:13.361 -06:00 [INF] PressGang: Grand Looters Horde recruiting 1 Battanian Veteran Convoy Guard
2026-01-09 02:17:13.620 -06:00 [INF] MERGING: Looters (13) -> Looters (17) [Naval: False]
2026-01-09 02:17:13.621 -06:00 [INF] Total Merges this battle: 1
2026-01-09 02:17:13.752 -06:00 [INF] PressGang: Steppe Bandits recruiting 1 Khuzait Peasant
2026-01-09 02:17:13.952 -06:00 [INF] PressGang: Grand Looters Horde recruiting 1 Nord Peasant
2026-01-09 02:17:14.019 -06:00 [INF] PressGang: Forest Bandits recruiting 1 Nord Peasant
2026-01-09 02:17:14.076 -06:00 [INF] PressGang: Grand Khuzait Horde recruiting 1 Khuzait Archer
2026-01-09 02:17:14.076 -06:00 [INF] PressGang: Grand Khuzait Horde recruiting 1 Khuzait Nomad
2026-01-09 02:17:14.253 -06:00 [INF] PressGang: Sea Raiders recruiting 1 Nord Peasant
2026-01-09 02:17:14.311 -06:00 [INF] PressGang: Grand Khuzait Horde recruiting 1 Looter
2026-01-09 02:17:14.311 -06:00 [INF] PressGang: Grand Khuzait Horde recruiting 1 Khuzait Hunter
2026-01-09 02:17:14.311 -06:00 [INF] PressGang: Grand Khuzait Horde recruiting 1 Khuzait Spearman
2026-01-09 02:17:14.716 -06:00 [INF] PressGang: Steppe Bandits recruiting 1 Aserai Peasant
2026-01-09 02:17:14.716 -06:00 [INF] PressGang: Looters recruiting 1 Vlandia Peasant
2026-01-09 02:17:15.293 -06:00 [INF] PressGang: Looters recruiting 1 Sturgia Peasant
2026-01-09 02:17:15.363 -06:00 [INF] PressGang: Looters recruiting 1 Nord Peasant
2026-01-09 02:17:15.468 -06:00 [INF] PressGang: Corsairs recruiting 1 Empire Peasant
2026-01-09 02:17:15.872 -06:00 [INF] PressGang: Grand Looters Horde recruiting 1 Khuzait Peasant
2026-01-09 02:17:16.171 -06:00 [INF] Found 1 stuck Syndicate Warlords. Redeploying...
2026-01-09 02:17:16.171 -06:00 [INF] Redeploying The Warlord to Hideout...
2026-01-09 02:17:16.176 -06:00 [INF] PressGang: Grand Sea Raiders Horde recruiting 3 Sturgia Peasant
2026-01-09 02:17:16.624 -06:00 [INF] Daily Tick: Verifying Syndicate War State...
2026-01-09 02:17:16.624 -06:00 [INF] Checking staggered war declarations for Day Index: 2
2026-01-09 02:17:16.915 -06:00 [INF] PressGang: Thavin the Shark's Party recruiting 1 Looter
2026-01-09 02:17:16.915 -06:00 [INF] PressGang: Morynon of the Hand's Party recruiting 1 Imperial Cataphract
2026-01-09 02:17:17.655 -06:00 [INF] MERGING: Looters (6) -> Looters (10) [Naval: False]
2026-01-09 02:17:17.655 -06:00 [INF] Total Merges this battle: 1
2026-01-09 02:17:18.119 -06:00 [INF] PressGang: Sea Raiders recruiting 1 Vlandian Crossbowman
2026-01-09 02:17:20.416 -06:00 [INF] MERGING: Looters (10) -> Looters (14) [Naval: False]
2026-01-09 02:17:20.416 -06:00 [INF] MERGING: Looters (8) -> Looters (24) [Naval: False]
2026-01-09 02:17:20.416 -06:00 [INF] Total Merges this battle: 2
2026-01-09 02:17:25.729 -06:00 [INF] PressGang: Grand Aserai Horde recruiting 1 Bedouin Rover
2026-01-09 02:17:25.729 -06:00 [INF] PressGang: Grand Aserai Horde recruiting 2 Aserai Tribesman
2026-01-09 02:17:25.729 -06:00 [INF] PressGang: Grand Aserai Horde recruiting 1 Aserai Veteran Caravan Guard
2026-01-09 02:17:25.729 -06:00 [INF] PressGang: Grand Aserai Horde recruiting 1 Looter
2026-01-09 02:17:25.729 -06:00 [INF] PressGang: Grand Aserai Horde recruiting 1 Nomad Bandit
2026-01-09 02:17:25.730 -06:00 [INF] PressGang: Grand Aserai Horde recruiting 1 Aserai Recruit
2026-01-09 02:17:25.730 -06:00 [INF] PressGang: Grand Aserai Horde recruiting 1 Aserai Recruit
2026-01-09 02:17:25.730 -06:00 [INF] PressGang: Grand Aserai Horde recruiting 1 Aserai Light Archer
2026-01-09 02:17:30.058 -06:00 [INF] PressGang: Grand Khuzait Horde recruiting 1 Sisterhood Follower
2026-01-09 02:17:30.058 -06:00 [INF] PressGang: Grand Khuzait Horde recruiting 2 Khuzait Peasant
2026-01-09 02:17:30.058 -06:00 [INF] PressGang: Grand Khuzait Horde recruiting 1 Khuzait Qanqli
2026-01-09 02:17:32.055 -06:00 [INF] PressGang: Grand Khuzait Horde recruiting 1 Khuzait Nomad
2026-01-09 02:17:32.055 -06:00 [INF] PressGang: Grand Khuzait Horde recruiting 1 Khuzait Lancer
2026-01-09 02:17:32.371 -06:00 [INF] PressGang: Grand Looters Horde recruiting 1 Empire Peasant
2026-01-09 02:17:32.573 -06:00 [INF] PressGang: Sea Raiders recruiting 1 Nord Peasant
2026-01-09 02:17:33.100 -06:00 [INF] MERGING: Looters (8) -> Looters (11) [Naval: False]
2026-01-09 02:17:33.100 -06:00 [INF] Total Merges this battle: 1
2026-01-09 02:17:33.232 -06:00 [INF] PressGang: Grand Sturgia Horde recruiting 2 Looter
2026-01-09 02:17:33.630 -06:00 [INF] PressGang: Grand Battania Horde recruiting 1 Looter
2026-01-09 02:17:33.900 -06:00 [INF] PressGang: Grand Khuzait Horde recruiting 1 Khuzait Raider
2026-01-09 02:17:33.900 -06:00 [INF] PressGang: Grand Khuzait Horde recruiting 1 Khuzait Noble's Son
2026-01-09 02:17:33.900 -06:00 [INF] PressGang: Grand Khuzait Horde recruiting 3 Khuzait Qanqli
2026-01-09 02:17:34.160 -06:00 [INF] PressGang: Grand Khuzait Horde recruiting 1 Khuzait Peasant
2026-01-09 02:17:34.229 -06:00 [INF] PressGang: Looters recruiting 1 Empire Peasant
2026-01-09 02:17:34.229 -06:00 [INF] PressGang: Steppe Bandits recruiting 1 Empire Peasant
2026-01-09 02:17:34.359 -06:00 [INF] PressGang: Grand Corsairs Horde recruiting 3 Imperial Naute
2026-01-09 02:17:34.490 -06:00 [INF] PressGang: Steppe Bandits recruiting 1 Aserai Peasant
2026-01-09 02:17:34.624 -06:00 [INF] PressGang: Grand Corsairs Horde recruiting 1 Imperial Naute
2026-01-09 02:17:35.085 -06:00 [INF] PressGang: Looters recruiting 1 Nord Peasant
2026-01-09 02:17:35.152 -06:00 [INF] PressGang: Looters recruiting 1 Khuzait Peasant
2026-01-09 02:17:35.216 -06:00 [INF] PressGang: Arlech of the Wolfskins' Party recruiting 1 Battanian Raider
2026-01-09 02:17:35.678 -06:00 [INF] PressGang: Grand Looters Horde recruiting 1 Empire Peasant
2026-01-09 02:17:35.959 -06:00 [INF] PressGang: Looters recruiting 1 Empire Peasant
2026-01-09 02:17:35.960 -06:00 [INF] PressGang: Grand Sea Raiders Horde recruiting 1 Varyag Veteran
2026-01-09 02:17:35.960 -06:00 [INF] PressGang: Grand Sea Raiders Horde recruiting 1 Sturgia Peasant
2026-01-09 02:17:36.695 -06:00 [INF] PressGang: Looters recruiting 2 Khuzait Peasant
2026-01-09 02:17:36.761 -06:00 [INF] Daily Tick: Verifying Syndicate War State...
2026-01-09 02:17:36.761 -06:00 [INF] Checking staggered war declarations for Day Index: 3
2026-01-09 02:17:36.764 -06:00 [INF] PressGang: Morynon of the Hand's Party recruiting 1 Imperial Archer
2026-01-09 02:17:36.764 -06:00 [INF] PressGang: Morynon of the Hand's Party recruiting 1 Imperial Recruit
2026-01-09 02:17:36.897 -06:00 [INF] MERGING: Desert Bandits (14) -> Desert Bandits (19) [Naval: False]
2026-01-09 02:17:36.898 -06:00 [INF] Total Merges this battle: 1
2026-01-09 02:17:37.452 -06:00 [INF] PressGang: Mountain Bandits recruiting 1 Empire Peasant
2026-01-09 02:17:38.568 -06:00 [INF] MERGING: Desert Bandits (8) -> Desert Bandits (19) [Naval: False]
2026-01-09 02:17:38.568 -06:00 [INF] Total Merges this battle: 1
2026-01-09 02:17:38.569 -06:00 [INF] PressGang: Deserters recruiting 2 Khuzait Peasant
2026-01-09 02:25:45.500 -06:00 [INF] PressGang: Steppe Bandits recruiting 1 Khuzait Peasant
2026-01-09 02:25:47.885 -06:00 [INF] Found 1 stuck Syndicate Warlords. Redeploying...
2026-01-09 02:25:48.780 -06:00 [INF] Found 1 stuck Syndicate Warlords. Redeploying...
2026-01-09 02:25:49.675 -06:00 [INF] Found 1 stuck Syndicate Warlords. Redeploying...
2026-01-09 02:25:49.675 -06:00 [INF] Redeploying Thera the Exile to Hideout...
2026-01-09 02:43:48.855 -06:00 [INF] PressGang: Grand Aserai Horde recruiting 1 Harami
2026-01-09 02:43:48.856 -06:00 [INF] PressGang: Grand Aserai Horde recruiting 1 Ghilman
2026-01-09 02:43:48.856 -06:00 [INF] PressGang: Grand Aserai Horde recruiting 1 Ghulam
2026-01-09 02:43:48.856 -06:00 [INF] PressGang: Grand Aserai Horde recruiting 1 Aserai Armed Trader
2026-01-09 02:43:48.856 -06:00 [INF] PressGang: Grand Aserai Horde recruiting 1 Nomad Bandit
2026-01-09 02:43:48.856 -06:00 [INF] PressGang: Grand Aserai Horde recruiting 1 Bedouin Rover
2026-01-09 02:43:48.911 -06:00 [INF] PressGang: Grand Aserai Horde recruiting 1 Looter
2026-01-09 02:43:48.911 -06:00 [INF] PressGang: Grand Aserai Horde recruiting 1 Aserai Caravan Guard
2026-01-09 02:43:48.911 -06:00 [INF] PressGang: Grand Aserai Horde recruiting 1 Aserai Youth
2026-01-09 02:43:48.911 -06:00 [INF] PressGang: Grand Aserai Horde recruiting 1 Aserai Archer
2026-01-09 02:43:48.911 -06:00 [INF] PressGang: Grand Aserai Horde recruiting 1 Aserai Tribesman
2026-01-09 02:43:48.911 -06:00 [INF] PressGang: Grand Aserai Horde recruiting 1 Aserai Youth
2026-01-09 02:43:48.912 -06:00 [INF] PressGang: Grand Aserai Horde recruiting 1 Aserai Tribal Horseman
2026-01-09 02:43:48.912 -06:00 [INF] PressGang: Grand Aserai Horde recruiting 2 Aserai Tribesman
2026-01-09 02:43:48.912 -06:00 [INF] PressGang: Grand Aserai Horde recruiting 1 Bedouin Rover
2026-01-09 02:43:48.912 -06:00 [INF] PressGang: Grand Aserai Horde recruiting 1 Aserai Peasant
2026-01-09 02:43:51.809 -06:00 [INF] MERGING: Looters (10) -> Looters (16) [Naval: False]
2026-01-09 02:43:51.809 -06:00 [INF] MERGING: Looters (9) -> Looters (26) [Naval: False]
2026-01-09 02:43:51.811 -06:00 [INF] MERGING: Looters (7) -> Looters (35) [Naval: False]
2026-01-09 02:43:51.811 -06:00 [INF] Total Merges this battle: 3
2026-01-09 02:43:52.797 -06:00 [INF] MERGING: Forest Bandits (21) -> Thera the Exile's Party (16) [Naval: False]
2026-01-09 02:43:52.798 -06:00 [INF] Total Merges this battle: 1
2026-01-09 02:43:53.232 -06:00 [INF] PressGang: Grand Looters Horde recruiting 1 Nord Peasant
2026-01-09 02:43:54.860 -06:00 [INF] MERGING: Looters (12) -> Forest Bandits (22) [Naval: False]
2026-01-09 02:43:54.860 -06:00 [INF] MERGING: Forest Bandits (6) -> Forest Bandits (34) [Naval: False]
2026-01-09 02:43:54.861 -06:00 [INF] Total Merges this battle: 2
2026-01-09 02:43:55.080 -06:00 [INF] PressGang: Grand Khuzait Horde recruiting 1 Khuzait Nomad
2026-01-09 02:43:55.080 -06:00 [INF] PressGang: Grand Khuzait Horde recruiting 2 Khuzait Footman
2026-01-09 02:43:55.080 -06:00 [INF] PressGang: Grand Khuzait Horde recruiting 1 Khuzait Hunter
2026-01-09 02:43:55.080 -06:00 [INF] PressGang: Grand Khuzait Horde recruiting 1 Khuzait Peasant
2026-01-09 02:43:55.191 -06:00 [INF] PressGang: Mountain Bandits recruiting 1 Empire Peasant
2026-01-09 02:43:55.257 -06:00 [INF] PressGang: Looters recruiting 4 Sturgia Peasant
2026-01-09 02:43:56.586 -06:00 [INF] PressGang: Grand Battania Horde recruiting 1 Battanian Volunteer
2026-01-09 02:43:56.587 -06:00 [INF] PressGang: Grand Battania Horde recruiting 1 Spark
2026-01-09 02:43:56.763 -06:00 [INF] PressGang: Sea Raiders recruiting 1 Nord Peasant
2026-01-09 02:43:56.763 -06:00 [INF] PressGang: Forest Bandits recruiting 1 Nord Peasant
2026-01-09 02:43:56.878 -06:00 [INF] PressGang: Grand Khuzait Horde recruiting 2 Khuzait Raider
2026-01-09 02:43:56.878 -06:00 [INF] PressGang: Grand Khuzait Horde recruiting 1 Khuzait Peasant
2026-01-09 02:43:57.273 -06:00 [INF] PressGang: Grand Sturgia Horde recruiting 1 Looter
2026-01-09 02:43:57.328 -06:00 [INF] PressGang: Grand Corsairs Horde recruiting 1 Imperial Veteran Archer
2026-01-09 02:43:57.496 -06:00 [INF] MERGING: Looters (10) -> Looters (13) [Naval: False]
2026-01-09 02:43:57.498 -06:00 [INF] Total Merges this battle: 1
2026-01-09 02:43:57.500 -06:00 [INF] PressGang: Grand Battania Horde recruiting 1 Looter
2026-01-09 02:43:57.606 -06:00 [INF] PressGang: Grand Corsairs Horde recruiting 1 Imperial Coast Guard
2026-01-09 02:43:57.725 -06:00 [INF] PressGang: Looters recruiting 1 Empire Peasant
2026-01-09 02:43:58.008 -06:00 [INF] PressGang: Looters recruiting 1 Nord Peasant
2026-01-09 02:43:58.348 -06:00 [INF] PressGang: Desert Bandits recruiting 1 Aserai Peasant
2026-01-09 02:43:58.803 -06:00 [INF] PressGang: Looters recruiting 1 Empire Peasant
2026-01-09 02:43:59.873 -06:00 [INF] Daily Tick: Verifying Syndicate War State...
2026-01-09 02:43:59.873 -06:00 [INF] Checking staggered war declarations for Day Index: 4
2026-01-09 02:44:00.141 -06:00 [INF] PressGang: Looters recruiting 2 Vlandia Peasant
2026-01-09 02:44:40.456 -06:00 [INF] MERGING: Looters (7) -> Looters (18) [Naval: False]
2026-01-09 02:44:40.457 -06:00 [INF] MERGING: Looters (5) -> Looters (25) [Naval: False]
2026-01-09 02:44:40.457 -06:00 [INF] Total Merges this battle: 2
2026-01-09 02:44:43.577 -06:00 [INF] PressGang: Grand Aserai Horde recruiting 1 Aserai Recruit
2026-01-09 02:44:43.578 -06:00 [INF] PressGang: Grand Aserai Horde recruiting 3 Aserai Recruit
2026-01-09 02:44:43.578 -06:00 [INF] PressGang: Grand Aserai Horde recruiting 2 Aserai Peasant
2026-01-09 02:44:43.578 -06:00 [INF] PressGang: Grand Aserai Horde recruiting 1 Bedouin Rover
2026-01-09 02:44:43.578 -06:00 [INF] PressGang: Grand Aserai Horde recruiting 1 Aserai Infantry
2026-01-09 02:44:43.634 -06:00 [INF] PressGang: Grand Aserai Horde recruiting 1 Aserai Peasant
2026-01-09 02:44:46.904 -06:00 [INF] PressGang: Grand Corsairs Horde recruiting 1 Imperial Shipmate
2026-01-09 02:44:47.864 -06:00 [INF] PressGang: Grand Looters Horde recruiting 1 Nord Peasant
2026-01-09 02:44:49.672 -06:00 [INF] PressGang: Grand Khuzait Horde recruiting 2 Khuzait Nomad
2026-01-09 02:44:49.808 -06:00 [INF] PressGang: Desert Bandits recruiting 1 Aserai Peasant
2026-01-09 02:44:51.196 -06:00 [INF] PressGang: Grand Battania Horde recruiting 1 Looter
2026-01-09 02:44:51.196 -06:00 [INF] PressGang: Grand Battania Horde recruiting 2 Blaze
2026-01-09 02:44:51.196 -06:00 [INF] PressGang: Grand Battania Horde recruiting 1 Spark
2026-01-09 02:44:51.399 -06:00 [INF] PressGang: Grand Forest Bandits Horde recruiting 1 Nord Peasant
2026-01-09 02:44:51.468 -06:00 [INF] PressGang: Grand Khuzait Horde recruiting 1 Khuzait Noble's Son
2026-01-09 02:44:51.668 -06:00 [INF] PressGang: Sea Raiders recruiting 1 Nord Peasant
2026-01-09 02:44:51.668 -06:00 [INF] PressGang: Grand Khuzait Horde recruiting 2 Khuzait Tribal Warrior
2026-01-09 02:44:51.668 -06:00 [INF] PressGang: Grand Khuzait Horde recruiting 1 Khuzait Nomad
2026-01-09 02:44:51.937 -06:00 [INF] PressGang: Grand Corsairs Horde recruiting 1 Imperial Shipmate
2026-01-09 02:44:51.937 -06:00 [INF] PressGang: Grand Corsairs Horde recruiting 1 Imperial Naute
2026-01-09 02:44:52.139 -06:00 [INF] PressGang: Grand Battania Horde recruiting 2 Looter
2026-01-09 02:44:52.275 -06:00 [INF] PressGang: Grand Looters Horde recruiting 2 Empire Peasant
2026-01-09 02:44:52.342 -06:00 [INF] PressGang: Looters recruiting 1 Empire Peasant
2026-01-09 02:44:52.879 -06:00 [INF] PressGang: Looters recruiting 1 Nord Peasant
2026-01-09 02:44:53.079 -06:00 [INF] PressGang: Sea Raiders recruiting 1 Sturgia Peasant
2026-01-09 02:44:53.146 -06:00 [INF] PressGang: Grand Looters Horde recruiting 1 Empire Peasant
2026-01-09 02:44:53.348 -06:00 [INF] PressGang: Looters recruiting 1 Empire Peasant
2026-01-09 02:44:53.348 -06:00 [INF] PressGang: Grand Sea Raiders Horde recruiting 2 Sturgian Archer
2026-01-09 02:44:53.914 -06:00 [INF] PressGang: Looters recruiting 1 Khuzait Peasant
2026-01-09 02:44:53.962 -06:00 [INF] PressGang: Steppe Bandits recruiting 2 Khuzait Peasant
2026-01-09 02:44:54.012 -06:00 [INF] PressGang: Grand Empire Horde recruiting 1 Imperial Recruit
2026-01-09 02:44:54.214 -06:00 [INF] Found 1 stuck Syndicate Warlords. Redeploying...
2026-01-09 02:44:54.214 -06:00 [INF] Redeploying The Warlord to Hideout...
2026-01-09 02:44:54.652 -06:00 [INF] Daily Tick: Verifying Syndicate War State...
2026-01-09 02:44:54.652 -06:00 [INF] Checking staggered war declarations for Day Index: 5
2026-01-09 02:44:54.848 -06:00 [INF] PressGang: Sea Raiders recruiting 1 Vlandian Light Cavalry
2026-01-09 02:44:54.849 -06:00 [INF] PressGang: Sea Raiders recruiting 1 Vlandian Champion
2026-01-09 02:44:55.288 -06:00 [INF] PressGang: Steppe Bandits recruiting 1 Empire Peasant
2026-01-09 02:44:55.436 -06:00 [INF] PressGang: Haratheos of the Embers' Party recruiting 1 Imperial Heavy Horseman
2026-01-09 02:44:55.436 -06:00 [INF] PressGang: Haratheos of the Embers' Party recruiting 1 Imperial Crossbowman
2026-01-09 02:44:55.436 -06:00 [INF] PressGang: Deserters recruiting 1 Khuzait Peasant
2026-01-09 02:44:56.373 -06:00 [INF] PressGang: Deserters recruiting 1 Imperial Infantryman
2026-01-09 02:44:56.374 -06:00 [INF] PressGang: Deserters recruiting 1 Imperial Coast Guard
2026-01-09 02:44:56.374 -06:00 [INF] PressGang: Deserters recruiting 1 Imperial Crossbowman
2026-01-09 02:44:56.374 -06:00 [INF] PressGang: Deserters recruiting 1 Imperial Bucellarii
2026-01-09 02:44:57.180 -06:00 [INF] MERGING: Steppe Bandits (19) -> Steppe Bandits (22) [Naval: False]
2026-01-09 02:44:57.181 -06:00 [INF] MERGING: Looters (11) -> Grand Steppe Bandits Horde (41) [Naval: False]
2026-01-09 02:44:57.182 -06:00 [INF] MERGING: Steppe Bandits (8) -> Grand Steppe Bandits Horde (52) [Naval: False]
2026-01-09 02:44:57.182 -06:00 [INF] Total Merges this battle: 3
2026-01-09 02:44:58.296 -06:00 [INF] MERGING: Looters (13) -> Deserters (16) [Naval: False]
2026-01-09 02:44:58.297 -06:00 [INF] MERGING: Looters (10) -> Deserters (29) [Naval: False]
2026-01-09 02:44:58.298 -06:00 [INF] Total Merges this battle: 2
2026-01-09 02:45:00.990 -06:00 [INF] MERGING: Looters (16) -> Looters (29) [Naval: False]
2026-01-09 02:45:00.991 -06:00 [INF] MERGING: Looters (10) -> Grand Looters Horde (45) [Naval: False]
2026-01-09 02:45:00.992 -06:00 [INF] Total Merges this battle: 2
2026-01-09 02:45:03.726 -06:00 [INF] PressGang: Grand Aserai Horde recruiting 1 Ghilman
2026-01-09 02:45:03.726 -06:00 [INF] PressGang: Grand Aserai Horde recruiting 1 Bedouin Rover
2026-01-09 02:45:03.799 -06:00 [INF] PressGang: Grand Aserai Horde recruiting 1 Aserai Infantry
2026-01-09 02:45:03.799 -06:00 [INF] PressGang: Grand Aserai Horde recruiting 1 Aserai Tribal Horseman
2026-01-09 02:45:03.800 -06:00 [INF] PressGang: Grand Aserai Horde recruiting 1 Aserai Tribal Horseman
2026-01-09 02:45:03.800 -06:00 [INF] PressGang: Grand Aserai Horde recruiting 1 Aserai Tribesman
2026-01-09 02:45:03.800 -06:00 [INF] PressGang: Grand Aserai Horde recruiting 1 Aserai Footman
2026-01-09 02:45:03.800 -06:00 [INF] PressGang: Grand Aserai Horde recruiting 1 Looter
2026-01-09 02:45:03.800 -06:00 [INF] PressGang: Grand Aserai Horde recruiting 2 Aserai Peasant
2026-01-09 02:45:07.657 -06:00 [INF] PressGang: Grand Looters Horde recruiting 1 Nord Peasant
2026-01-09 02:45:08.724 -06:00 [INF] PressGang: Looters recruiting 1 Vlandia Peasant
2026-01-09 02:45:10.265 -06:00 [INF] PressGang: Sea Raiders recruiting 1 Nord Peasant
2026-01-09 02:45:10.265 -06:00 [INF] PressGang: Looters recruiting 1 Sturgia Peasant
2026-01-09 02:45:10.794 -06:00 [INF] PressGang: Grand Looters Horde recruiting 1 Battanian Convoy Guard
2026-01-09 02:45:11.072 -06:00 [INF] PressGang: Grand Looters Horde recruiting 1 Nord Peasant
2026-01-09 02:45:11.210 -06:00 [INF] PressGang: Deserters recruiting 1 Sisterhood Follower
2026-01-09 02:45:11.212 -06:00 [INF] PressGang: Deserters recruiting 2 Khuzait Veteran Caravan Guard
2026-01-09 02:45:11.212 -06:00 [INF] PressGang: Deserters recruiting 1 Khuzait Caravan Guard
2026-01-09 02:45:12.041 -06:00 [INF] PressGang: Looters recruiting 1 Nord Warrior
2026-01-09 02:45:12.041 -06:00 [INF] PressGang: Looters recruiting 1 Nord Freeman Archer
2026-01-09 02:45:12.041 -06:00 [INF] PressGang: Looters recruiting 1 Nord Axe Warrior
2026-01-09 02:45:12.179 -06:00 [INF] PressGang: Grand Corsairs Horde recruiting 1 Imperial Naute
2026-01-09 02:45:12.319 -06:00 [INF] PressGang: Sea Raiders recruiting 1 Nord Peasant
2026-01-09 02:45:13.007 -06:00 [INF] PressGang: Grand Looters Horde recruiting 2 Sturgia Peasant
2026-01-09 02:45:13.283 -06:00 [INF] MERGING: Steppe Bandits (20) -> Steppe Bandits (21) [Naval: False]
2026-01-09 02:45:13.283 -06:00 [INF] Total Merges this battle: 1
2026-01-09 02:45:13.284 -06:00 [INF] PressGang: Sea Raiders recruiting 1 Nord Peasant
2026-01-09 02:45:13.867 -06:00 [INF] MERGING: Looters (12) -> Looters (16) [Naval: False]
2026-01-09 02:45:13.868 -06:00 [INF] Total Merges this battle: 1
2026-01-09 02:45:15.030 -06:00 [INF] Daily Tick: Verifying Syndicate War State...
2026-01-09 02:45:15.030 -06:00 [INF] Checking staggered war declarations for Day Index: 0
2026-01-09 02:45:16.081 -06:00 [INF] PressGang: Thera the Exile's Party recruiting 1 Bushwacker
2026-01-09 02:45:16.395 -06:00 [INF] PressGang: Grand Looters Horde recruiting 1 Imperial Sergeant Crossbowman
2026-01-09 02:45:16.395 -06:00 [INF] PressGang: Grand Looters Horde recruiting 1 Imperial Trained Archer
2026-01-09 02:45:21.408 -06:00 [INF] Found 1 stuck Syndicate Warlords. Redeploying...
2026-01-09 02:45:21.408 -06:00 [INF] Redeploying Cadfin Blacktooth to Hideout...
2026-01-09 02:45:30.010 -06:00 [INF] MERGING: Looters (6) -> Looters (7) [Naval: False]
2026-01-09 02:45:30.010 -06:00 [INF] Total Merges this battle: 1
2026-01-09 02:45:30.697 -06:00 [INF] PressGang: Sea Raiders recruiting 1 Nord Peasant
2026-01-09 02:45:31.539 -06:00 [INF] PressGang: Grand Looters Horde recruiting 1 Nord Peasant
2026-01-09 02:45:31.598 -06:00 [INF] PressGang: Grand Battania Horde recruiting 1 Looter
2026-01-09 02:45:31.599 -06:00 [INF] PressGang: Grand Looters Horde recruiting 1 Sisterhood Follower
2026-01-09 02:45:31.599 -06:00 [INF] PressGang: Grand Looters Horde recruiting 1 Nord Caravan Guard
2026-01-09 02:45:31.599 -06:00 [INF] PressGang: Grand Looters Horde recruiting 2 Khuzait Veteran Caravan Guard
2026-01-09 02:45:31.599 -06:00 [INF] PressGang: Grand Looters Horde recruiting 1 Khuzait Armed Trader
2026-01-09 02:45:32.382 -06:00 [INF] MERGING: Looters (8) -> Looters (24) [Naval: False]
2026-01-09 02:45:32.383 -06:00 [INF] Total Merges this battle: 1
2026-01-09 02:45:32.385 -06:00 [INF] PressGang: Looters recruiting 1 Nord Axe Warrior
2026-01-09 02:45:32.447 -06:00 [INF] PressGang: Grand Corsairs Horde recruiting 1 Imperial Shipmate
2026-01-09 02:45:32.542 -06:00 [INF] MERGING: Looters (8) -> Looters (11) [Naval: False]
2026-01-09 02:45:32.542 -06:00 [INF] Total Merges this battle: 1
2026-01-09 02:45:33.082 -06:00 [INF] PressGang: Grand Looters Horde recruiting 1 Nord Peasant
2026-01-09 02:45:33.432 -06:00 [INF] PressGang: Looters recruiting 1 Nord Peasant
2026-01-09 02:45:33.569 -06:00 [INF] PressGang: Mountain Bandits recruiting 1 Imperial Recruit
2026-01-09 02:45:33.714 -06:00 [INF] PressGang: Grand Empire Horde recruiting 1 Empire Peasant
2026-01-09 02:45:33.858 -06:00 [INF] PressGang: Sea Raiders recruiting 1 Empire Peasant
2026-01-09 02:45:34.150 -06:00 [INF] PressGang: Thavin the Shark's Party recruiting 1 Forest Bandit
2026-01-09 02:45:34.150 -06:00 [INF] PressGang: Thavin the Shark's Party recruiting 1 Bushwacker
2026-01-09 02:45:34.150 -06:00 [INF] PressGang: Grand Empire Horde recruiting 1 Hillman
2026-01-09 02:45:34.997 -06:00 [INF] PressGang: Mountain Bandits recruiting 1 Empire Peasant
2026-01-09 02:45:35.426 -06:00 [INF] PressGang: Grand Steppe Bandits Horde recruiting 1 Empire Peasant
2026-01-09 02:45:35.502 -06:00 [INF] Daily Tick: Verifying Syndicate War State...
2026-01-09 02:45:35.502 -06:00 [INF] Checking staggered war declarations for Day Index: 1
2026-01-09 02:45:36.141 -06:00 [INF] PressGang: Thera the Exile's Party recruiting 1 Freebooter
2026-01-09 02:45:36.141 -06:00 [INF] PressGang: Thera the Exile's Party recruiting 2 Nord Peasant
2026-01-09 02:45:36.355 -06:00 [INF] PressGang: Grand Looters Horde recruiting 1 Imperial Recruit (Rank 1)
2026-01-09 02:45:36.355 -06:00 [INF] PressGang: Grand Looters Horde recruiting 1 Imperial Crossbowman
2026-01-09 02:45:36.425 -06:00 [INF] PressGang: Phirentos of the Hand's Party recruiting 1 Empire Peasant
2026-01-09 02:45:37.494 -06:00 [INF] PressGang: Cadfin Blacktooth's Party recruiting 2 Looter
2026-01-09 02:45:43.191 -06:00 [INF] MERGING: Looters (10) -> Steppe Bandits (11) [Naval: False]
2026-01-09 02:45:43.192 -06:00 [INF] Total Merges this battle: 1
2026-01-09 02:45:43.609 -06:00 [INF] MERGING: Forest Bandits (9) -> Looters (13) [Naval: False]
2026-01-09 02:45:43.610 -06:00 [INF] Total Merges this battle: 1
2026-01-09 02:45:44.970 -06:00 [INF] MERGING: Looters (19) -> Forest Bandits (19) [Naval: False]
2026-01-09 02:45:44.972 -06:00 [INF] Total Merges this battle: 1
2026-01-09 02:45:47.341 -06:00 [INF] PressGang: Looters recruiting 1 Nord Peasant
2026-01-09 02:45:48.243 -06:00 [INF] PressGang: Looters recruiting 1 Aserai Peasant
2026-01-09 02:45:50.687 -06:00 [INF] PressGang: Looters recruiting 1 Sturgia Peasant
2026-01-09 02:45:51.131 -06:00 [INF] PressGang: Steppe Bandits recruiting 2 Aserai Peasant
2026-01-09 02:45:51.339 -06:00 [INF] MERGING: Desert Bandits (8) -> Desert Bandits (24) [Naval: False]
2026-01-09 02:45:51.339 -06:00 [INF] Total Merges this battle: 1
2026-01-09 02:45:51.558 -06:00 [INF] PressGang: Grand Sturgia Horde recruiting 1 Sisterhood Follower
2026-01-09 02:45:51.558 -06:00 [INF] PressGang: Grand Sturgia Horde recruiting 1 Sturgian Veteran Caravan Guard
2026-01-09 02:45:51.558 -06:00 [INF] PressGang: Grand Sturgia Horde recruiting 1 Sellsword
2026-01-09 02:45:52.299 -06:00 [INF] PressGang: Sea Raiders recruiting 1 Nord Peasant
2026-01-09 02:45:52.817 -06:00 [INF] PressGang: Sea Raiders recruiting 1 Nord Youngling (Rank 1)
2026-01-09 02:45:52.817 -06:00 [INF] PressGang: Sea Raiders recruiting 1 Nord Huntsman
2026-01-09 02:45:52.817 -06:00 [INF] PressGang: Sea Raiders recruiting 1 Nord Warrior
2026-01-09 02:45:52.817 -06:00 [INF] PressGang: Sea Raiders recruiting 2 Nord Youngling
2026-01-09 02:45:53.189 -06:00 [INF] PressGang: Steppe Bandits recruiting 1 Khuzait Peasant
2026-01-09 02:45:53.189 -06:00 [INF] PressGang: Steppe Bandits recruiting 1 Khuzait Horseman
2026-01-09 02:45:53.635 -06:00 [INF] PressGang: Grand Looters Horde recruiting 1 Sturgia Peasant
2026-01-09 02:45:53.636 -06:00 [INF] PressGang: Grand Looters Horde recruiting 3 Nord Huntsman
2026-01-09 02:45:53.636 -06:00 [INF] PressGang: Grand Looters Horde recruiting 1 Nord Warrior
2026-01-09 02:45:54.580 -06:00 [INF] PressGang: Grand Empire Horde recruiting 1 Bushwacker
2026-01-09 02:45:54.582 -06:00 [INF] PressGang: Grand Empire Horde recruiting 1 Brigand
2026-01-09 02:45:54.808 -06:00 [INF] PressGang: Mountain Bandits recruiting 1 Empire Peasant
2026-01-09 02:45:54.944 -06:00 [INF] PressGang: Mountain Bandits recruiting 1 Empire Peasant
2026-01-09 02:45:55.232 -06:00 [INF] PressGang: Looters recruiting 1 Sturgian Archer
2026-01-09 02:45:55.376 -06:00 [INF] PressGang: Mountain Bandits recruiting 1 Empire Peasant
2026-01-09 02:45:55.745 -06:00 [INF] PressGang: Grand Steppe Bandits Horde recruiting 1 Aserai Peasant
2026-01-09 02:45:55.745 -06:00 [INF] PressGang: Grand Steppe Bandits Horde recruiting 1 Empire Peasant
2026-01-09 02:45:56.164 -06:00 [INF] Daily Tick: Verifying Syndicate War State...
2026-01-09 02:45:56.164 -06:00 [INF] Checking staggered war declarations for Day Index: 2
2026-01-09 02:45:57.807 -06:00 [INF] PressGang: Looters recruiting 2 Nord Peasant
2026-01-09 02:46:02.719 -06:00 [INF] MERGING: Looters (13) -> Looters (21) [Naval: False]
2026-01-09 02:46:02.720 -06:00 [INF] Total Merges this battle: 1
2026-01-09 02:46:03.077 -06:00 [INF] MERGING: Looters (13) -> Forest Bandits (15) [Naval: False]
2026-01-09 02:46:03.077 -06:00 [INF] Total Merges this battle: 1
2026-01-09 02:46:04.913 -06:00 [INF] MERGING: Looters (17) -> Mountain Bandits (21) [Naval: False]
2026-01-09 02:46:04.914 -06:00 [INF] MERGING: Looters (10) -> Mountain Bandits (38) [Naval: False]
2026-01-09 02:46:04.914 -06:00 [INF] Total Merges this battle: 2
2026-01-09 02:46:05.116 -06:00 [INF] MERGING: Looters (10) -> Looters (24) [Naval: False]
2026-01-09 02:46:05.117 -06:00 [INF] Total Merges this battle: 1
2026-01-09 02:46:07.635 -06:00 [INF] MERGING: Looters (13) -> Looters (16) [Naval: False]
2026-01-09 02:46:07.635 -06:00 [INF] MERGING: Mountain Bandits (13) -> Looters (29) [Naval: False]
2026-01-09 02:46:07.635 -06:00 [INF] Total Merges this battle: 2
2026-01-09 02:46:08.494 -06:00 [INF] PressGang: Grand Corsairs Horde recruiting 1 Imperial Trained Infantryman
2026-01-09 02:46:11.004 -06:00 [INF] PressGang: Steppe Bandits recruiting 1 Khuzait Peasant
2026-01-09 02:46:11.225 -06:00 [INF] PressGang: Grand Looters Horde recruiting 1 Sturgia Peasant
2026-01-09 02:46:11.225 -06:00 [INF] PressGang: Sea Raiders recruiting 1 Imperial Shipmate
2026-01-09 02:46:11.226 -06:00 [INF] PressGang: Sea Raiders recruiting 1 Imperial Coast Guard
2026-01-09 02:46:11.904 -06:00 [INF] PressGang: Grand Sturgia Horde recruiting 2 Sturgian Armed Trader
2026-01-09 02:46:13.099 -06:00 [INF] MERGING: Looters (12) -> Forest Bandits (13) [Naval: False]
2026-01-09 02:46:13.099 -06:00 [INF] Total Merges this battle: 1
2026-01-09 02:46:13.240 -06:00 [INF] PressGang: Grand Sturgia Horde recruiting 2 Sturgian Veteran Caravan Guard
2026-01-09 02:46:13.240 -06:00 [INF] PressGang: Grand Sturgia Horde recruiting 1 Sturgian Armed Trader
2026-01-09 02:46:13.240 -06:00 [INF] PressGang: Grand Looters Horde recruiting 1 Nord Huntsman
2026-01-09 02:46:13.555 -06:00 [INF] PressGang: Steppe Bandits recruiting 1 Khuzait Peasant
2026-01-09 02:46:13.555 -06:00 [INF] PressGang: Steppe Bandits recruiting 1 Khuzait Raider
2026-01-09 02:46:13.555 -06:00 [INF] PressGang: Steppe Bandits recruiting 1 Khuzait Horse Archer
2026-01-09 02:46:13.555 -06:00 [INF] PressGang: Looters recruiting 1 Nord Peasant
2026-01-09 02:46:13.854 -06:00 [INF] PressGang: Forest Bandits recruiting 1 Nord Peasant
2026-01-09 02:46:13.913 -06:00 [INF] PressGang: Grand Looters Horde recruiting 2 Nord Huntsman
2026-01-09 02:46:14.225 -06:00 [INF] PressGang: Sea Raiders recruiting 1 Sturgian Armed Convoy Trader
2026-01-09 02:46:14.285 -06:00 [INF] PressGang: Grand Empire Horde recruiting 3 Looter
2026-01-09 02:46:15.332 -06:00 [INF] PressGang: Deserters recruiting 1 Nord Peasant
2026-01-09 02:46:15.520 -06:00 [INF] PressGang: Grand Mountain Bandits Horde recruiting 3 Empire Peasant
2026-01-09 02:46:15.701 -06:00 [INF] PressGang: Grand Steppe Bandits Horde recruiting 1 Empire Peasant
2026-01-09 02:46:15.701 -06:00 [INF] PressGang: Looters recruiting 1 Aserai Peasant
2026-01-09 02:46:16.123 -06:00 [INF] MERGING: Steppe Bandits (14) -> Deserters (16) [Naval: False]
2026-01-09 02:46:16.123 -06:00 [INF] Total Merges this battle: 1
2026-01-09 02:46:16.251 -06:00 [INF] PressGang: Deserters recruiting 1 Empire Peasant
2026-01-09 02:46:16.494 -06:00 [INF] Daily Tick: Verifying Syndicate War State...
2026-01-09 02:46:16.494 -06:00 [INF] Checking staggered war declarations for Day Index: 3
2026-01-09 02:46:17.355 -06:00 [INF] PressGang: Deserters recruiting 1 Aserai Peasant
2026-01-09 02:46:17.417 -06:00 [INF] PressGang: Cadfin Blacktooth's Party recruiting 1 Battania Peasant
2026-01-09 02:46:17.541 -06:00 [INF] PressGang: Forest Bandits recruiting 2 Sturgia Peasant
2026-01-09 02:46:18.101 -06:00 [INF] PressGang: Thucasys of the Hand's Party recruiting 1 Looter
2026-01-09 02:46:21.924 -06:00 [INF] MERGING: Mountain Bandits (10) -> Looters (10) [Naval: False]
2026-01-09 02:46:21.925 -06:00 [INF] MERGING: Looters (9) -> Looters (20) [Naval: False]
2026-01-09 02:46:21.925 -06:00 [INF] MERGING: Looters (8) -> Looters (29) [Naval: False]
2026-01-09 02:46:21.926 -06:00 [INF] Total Merges this battle: 3
2026-01-09 02:46:31.571 -06:00 [INF] PressGang: Grand Looters Horde recruiting 1 Imperial Trained Infantryman
2026-01-09 02:46:31.840 -06:00 [INF] PressGang: Steppe Bandits recruiting 1 Aserai Peasant
2026-01-09 02:46:32.055 -06:00 [INF] PressGang: Pelisor of the Wolfskins' Party recruiting 1 Battanian Armed Trader
2026-01-09 02:46:32.154 -06:00 [INF] PressGang: Grand Sturgia Horde recruiting 1 Sturgian Armed Trader
2026-01-09 02:46:32.154 -06:00 [INF] PressGang: Grand Sturgia Horde recruiting 1 Sturgian Caravan Guard
2026-01-09 02:46:32.154 -06:00 [INF] PressGang: Grand Sturgia Horde recruiting 1 Sturgia Peasant
2026-01-09 02:46:32.653 -06:00 [INF] PressGang: Forest Bandits recruiting 1 Nord Peasant
2026-01-09 02:46:32.997 -06:00 [INF] PressGang: Grand Sturgia Horde recruiting 1 Looter
2026-01-09 02:46:33.269 -06:00 [INF] PressGang: Grand Sturgia Horde recruiting 2 Sturgia Peasant
2026-01-09 02:46:33.342 -06:00 [INF] PressGang: Grand Looters Horde recruiting 1 Nord Huntsman
2026-01-09 02:46:33.343 -06:00 [INF] PressGang: Grand Corsairs Horde recruiting 1 Aserai Peasant
2026-01-09 02:46:33.922 -06:00 [INF] PressGang: Forest Bandits recruiting 4 Nord Peasant
2026-01-09 02:46:33.982 -06:00 [INF] PressGang: Grand Looters Horde recruiting 1 Nord Shield Biters
2026-01-09 02:46:33.983 -06:00 [INF] PressGang: Grand Looters Horde recruiting 1 Nord Warfang
2026-01-09 02:46:34.217 -06:00 [INF] PressGang: Grand Sea Raiders Horde recruiting 1 Sturgian Soldier
2026-01-09 02:46:34.690 -06:00 [INF] PressGang: Grand Empire Horde recruiting 1 Imperial Equite
2026-01-09 02:46:34.690 -06:00 [INF] PressGang: Grand Empire Horde recruiting 1 Imperial Crossbowman
2026-01-09 02:46:34.988 -06:00 [INF] PressGang: Mountain Bandits recruiting 1 Empire Peasant
2026-01-09 02:46:35.163 -06:00 [INF] PressGang: Mountain Bandits recruiting 1 Empire Peasant
2026-01-09 02:46:35.280 -06:00 [INF] PressGang: Grand Looters Horde recruiting 1 Nord Peasant
2026-01-09 02:46:35.410 -06:00 [INF] MERGING: Looters (8) -> Grand Forest Bandits Horde (41) [Naval: False]
2026-01-09 02:46:35.410 -06:00 [INF] Total Merges this battle: 1
2026-01-09 02:46:35.456 -06:00 [INF] PressGang: Grand Mountain Bandits Horde recruiting 1 Empire Peasant
2026-01-09 02:46:35.632 -06:00 [INF] PressGang: Grand Steppe Bandits Horde recruiting 1 Empire Peasant
2026-01-09 02:46:36.098 -06:00 [INF] PressGang: Deserters recruiting 1 Empire Peasant
2026-01-09 02:46:36.226 -06:00 [INF] PressGang: Grand Empire Horde recruiting 1 Forest Bandit
2026-01-09 02:46:36.227 -06:00 [INF] PressGang: Grand Empire Horde recruiting 1 Sea Raider Chief
2026-01-09 02:46:36.227 -06:00 [INF] PressGang: Grand Empire Horde recruiting 1 Sea Raider Warrior
2026-01-09 02:46:36.227 -06:00 [INF] PressGang: Grand Empire Horde recruiting 2 Sea Raider
2026-01-09 02:46:36.391 -06:00 [INF] PressGang: Desert Bandits recruiting 1 Aserai Mamluke Soldier
2026-01-09 02:46:36.391 -06:00 [INF] PressGang: Desert Bandits recruiting 1 Aserai Mamluke Regular
2026-01-09 02:46:36.447 -06:00 [INF] PressGang: Phirentos of the Hand's Party recruiting 1 Empire Peasant
2026-01-09 02:46:36.621 -06:00 [INF] Daily Tick: Verifying Syndicate War State...
2026-01-09 02:46:36.621 -06:00 [INF] Checking staggered war declarations for Day Index: 4
2026-01-09 02:46:37.149 -06:00 [INF] PressGang: Deserters recruiting 1 Aserai Peasant
2026-01-09 02:46:37.207 -06:00 [INF] PressGang: Cadfin Blacktooth's Party recruiting 1 Looter
2026-01-09 02:46:37.207 -06:00 [INF] PressGang: Cadfin Blacktooth's Party recruiting 2 Battania Peasant
2026-01-09 02:46:37.207 -06:00 [INF] PressGang: Cadfin Blacktooth's Party recruiting 2 Bushwacker
2026-01-09 02:46:37.928 -06:00 [INF] PressGang: Grand Looters Horde recruiting 1 Imperial Crossbowman
2026-01-09 02:46:37.928 -06:00 [INF] PressGang: Grand Looters Horde recruiting 1 Imperial Archer
2026-01-09 02:46:38.103 -06:00 [INF] PressGang: Looters recruiting 1 Aserai Peasant
2026-01-09 02:46:45.482 -06:00 [INF] MERGING: Looters (5) -> Looters (12) [Naval: False]
2026-01-09 02:46:45.484 -06:00 [INF] Total Merges this battle: 1
2026-01-09 02:46:47.763 -06:00 [INF] MERGING: Desert Bandits (14) -> Deserters (40) [Naval: False]
2026-01-09 02:46:47.763 -06:00 [INF] Total Merges this battle: 1
2026-01-09 02:49:37.181 -06:00 [INF] PressGang: Grand Looters Horde recruiting 1 Imperial Shipmate
2026-01-09 02:49:37.628 -06:00 [INF] PressGang: Looters recruiting 1 Nord Peasant
2026-01-09 02:49:37.790 -06:00 [INF] PressGang: Grand Sturgia Horde recruiting 1 Sturgian Caravan Guard
2026-01-09 02:49:37.854 -06:00 [INF] PressGang: Grand Looters Horde recruiting 1 Sturgian Veteran Convoy Guard
2026-01-09 02:49:37.854 -06:00 [INF] PressGang: Grand Looters Horde recruiting 1 Sturgian Caravan Master
2026-01-09 02:49:38.752 -06:00 [INF] PressGang: Grand Corsairs Horde recruiting 1 Empire Peasant
2026-01-09 02:49:39.052 -06:00 [INF] PressGang: Grand Corsairs Horde recruiting 1 Imperial Trained Infantryman
2026-01-09 02:49:39.052 -06:00 [INF] PressGang: Grand Corsairs Horde recruiting 1 Aserai Peasant
2026-01-09 02:49:39.052 -06:00 [INF] PressGang: Grand Looters Horde recruiting 1 Aserai Peasant
2026-01-09 02:49:39.128 -06:00 [INF] PressGang: Forest Bandits recruiting 1 Imperial Crossbowman
2026-01-09 02:49:39.666 -06:00 [INF] PressGang: Grand Forest Bandits Horde recruiting 2 Nord Peasant
2026-01-09 02:49:39.724 -06:00 [INF] PressGang: Grand Looters Horde recruiting 2 Sturgia Peasant
2026-01-09 02:49:39.724 -06:00 [INF] PressGang: Grand Looters Horde recruiting 1 Nord Axe Warrior
2026-01-09 02:49:40.531 -06:00 [INF] MERGING: Sea Raiders (9) -> Sea Raiders (12) [Naval: True]
2026-01-09 02:49:40.531 -06:00 [INF] Total Merges this battle: 1
2026-01-09 02:49:40.532 -06:00 [INF] PressGang: Grand Empire Horde recruiting 1 Freebooter
2026-01-09 02:49:40.805 -06:00 [INF] PressGang: Mountain Bandits recruiting 1 Empire Peasant
2026-01-09 02:49:41.654 -06:00 [INF] PressGang: Deserters recruiting 1 Aserai Peasant
2026-01-09 02:49:41.773 -06:00 [INF] PressGang: Sea Raiders recruiting 1 Sturgia Peasant
2026-01-09 02:49:41.954 -06:00 [INF] PressGang: Grand Empire Horde recruiting 2 Sea Raider Chief
2026-01-09 02:49:41.954 -06:00 [INF] PressGang: Grand Empire Horde recruiting 1 Sea Raider Warrior
2026-01-09 02:49:41.954 -06:00 [INF] PressGang: Grand Empire Horde recruiting 1 Sea Raider
2026-01-09 02:49:42.256 -06:00 [INF] MERGING: Looters (16) -> Looters (17) [Naval: False]
2026-01-09 02:49:42.257 -06:00 [INF] Total Merges this battle: 1
2026-01-09 02:49:42.624 -06:00 [INF] Daily Tick: Verifying Syndicate War State...
2026-01-09 02:49:42.624 -06:00 [INF] Checking staggered war declarations for Day Index: 5
2026-01-09 02:49:43.049 -06:00 [INF] PressGang: Looters recruiting 2 Nord Peasant
2026-01-09 02:49:43.049 -06:00 [INF] PressGang: Steppe Bandits recruiting 1 Empire Peasant
2026-01-09 02:49:43.633 -06:00 [INF] PressGang: Grand Looters Horde recruiting 1 Imperial Trained Archer
2026-01-09 02:49:43.634 -06:00 [INF] PressGang: Grand Looters Horde recruiting 1 Imperial Equite
2026-01-09 02:49:43.802 -06:00 [INF] PressGang: Looters recruiting 1 Aserai Peasant
2026-01-09 02:49:44.567 -06:00 [INF] PressGang: Ucasios of the Embers' Party recruiting 1 Looter
2026-01-09 02:49:46.099 -06:00 [INF] MERGING: Looters (5) -> Looters (9) [Naval: False]
2026-01-09 02:49:46.099 -06:00 [INF] Total Merges this battle: 1
2026-01-09 02:49:52.305 -06:00 [INF] MERGING: Looters (6) -> Looters (7) [Naval: False]
2026-01-09 02:49:52.306 -06:00 [INF] MERGING: Looters (3) -> Looters (13) [Naval: False]
2026-01-09 02:49:52.307 -06:00 [INF] Total Merges this battle: 2
2026-01-09 02:49:52.952 -06:00 [INF] MERGING: Looters (12) -> Deserters (18) [Naval: False]
2026-01-09 02:49:52.953 -06:00 [INF] Total Merges this battle: 1
2026-01-09 02:49:55.145 -06:00 [INF] MERGING: Sea Raiders (6) -> Sea Raiders (8) [Naval: True]
2026-01-09 02:49:55.146 -06:00 [INF] Total Merges this battle: 1
2026-01-09 02:49:56.892 -06:00 [INF] PressGang: Steppe Bandits recruiting 2 Aserai Peasant
2026-01-09 02:49:57.593 -06:00 [INF] MERGING: Looters (9) -> Looters (10) [Naval: False]
2026-01-09 02:49:57.593 -06:00 [INF] MERGING: Looters (8) -> Looters (19) [Naval: False]
2026-01-09 02:49:57.593 -06:00 [INF] Total Merges this battle: 2
2026-01-09 02:49:58.111 -06:00 [INF] PressGang: Grand Looters Horde recruiting 1 Imperial Shipmate
2026-01-09 02:49:58.112 -06:00 [INF] PressGang: Grand Looters Horde recruiting 1 Imperial Naute
2026-01-09 02:49:58.529 -06:00 [INF] PressGang: Grand Battania Horde recruiting 1 Battanian Caravan Guard
2026-01-09 02:49:58.584 -06:00 [INF] MERGING: Mountain Bandits (16) -> Looters (21) [Naval: False]
2026-01-09 02:49:58.585 -06:00 [INF] MERGING: Looters (10) -> Looters (37) [Naval: False]
2026-01-09 02:49:58.585 -06:00 [INF] MERGING: Looters (5) -> Grand Looters Horde (47) [Naval: False]
2026-01-09 02:49:58.585 -06:00 [INF] Total Merges this battle: 3
2026-01-09 02:49:58.659 -06:00 [INF] PressGang: Grand Looters Horde recruiting 1 Sturgian Veteran Convoy Guard
2026-01-09 02:49:59.636 -06:00 [INF] PressGang: Grand Sturgia Horde recruiting 1 Sturgia Peasant
2026-01-09 02:49:59.695 -06:00 [INF] PressGang: Grand Corsairs Horde recruiting 2 Aserai Peasant
2026-01-09 02:49:59.923 -06:00 [INF] PressGang: Steppe Bandits recruiting 2 Khuzait Peasant
2026-01-09 02:50:00.196 -06:00 [INF] PressGang: Looters recruiting 2 Empire Peasant
2026-01-09 02:50:00.251 -06:00 [INF] PressGang: Grand Corsairs Horde recruiting 2 Empire Peasant
2026-01-09 02:50:00.251 -06:00 [INF] PressGang: Grand Corsairs Horde recruiting 1 Imperial Shipmate
2026-01-09 02:50:00.251 -06:00 [INF] PressGang: Grand Corsairs Horde recruiting 1 Imperial Trained Infantryman
2026-01-09 02:50:00.411 -06:00 [INF] PressGang: Sea Raiders recruiting 2 Nord Peasant
2026-01-09 02:50:00.464 -06:00 [INF] PressGang: Grand Sea Raiders Horde recruiting 1 Sturgia Peasant
2026-01-09 02:50:00.898 -06:00 [INF] PressGang: Grand Empire Horde recruiting 2 Looter
2026-01-09 02:50:00.951 -06:00 [INF] PressGang: Sea Raiders recruiting 1 Vlandian Armed Convoy Trader
2026-01-09 02:50:01.153 -06:00 [INF] PressGang: Desert Bandits recruiting 1 Aserai Mamluke Regular
2026-01-09 02:50:01.186 -06:00 [INF] PressGang: Sea Raiders recruiting 1 Vlandian Armed Convoy Trader
2026-01-09 02:50:01.186 -06:00 [INF] PressGang: Mountain Bandits recruiting 1 Empire Peasant
2026-01-09 02:50:01.433 -06:00 [INF] MERGING: Sea Raiders (16) -> Sea Raiders (19) [Naval: True]
2026-01-09 02:50:01.434 -06:00 [INF] Total Merges this battle: 1
2026-01-09 02:50:02.185 -06:00 [INF] PressGang: Grand Looters Horde recruiting 2 Empire Peasant
2026-01-09 02:50:02.242 -06:00 [INF] PressGang: Grand Empire Horde recruiting 1 Forest Bandit
2026-01-09 02:50:02.242 -06:00 [INF] PressGang: Grand Empire Horde recruiting 2 Sea Raider Warrior
2026-01-09 02:50:02.456 -06:00 [INF] PressGang: Desert Bandits recruiting 1 Aserai Tribal Horseman
2026-01-09 02:50:03.162 -06:00 [INF] PressGang: Cadfin Blacktooth's Party recruiting 1 Battania Peasant
2026-01-09 02:50:03.264 -06:00 [INF] Daily Tick: Verifying Syndicate War State...
2026-01-09 02:50:03.264 -06:00 [INF] Checking staggered war declarations for Day Index: 0
2026-01-09 02:50:04.193 -06:00 [INF] PressGang: Grand Looters Horde recruiting 1 Empire Peasant
2026-01-09 02:50:04.789 -06:00 [INF] PressGang: Sea Raiders recruiting 1 Sturgian Soldier
2026-01-09 02:50:04.894 -06:00 [INF] PressGang: Atilon of the Hand's Party recruiting 1 Looter
2026-01-09 02:50:16.875 -06:00 [INF] PressGang: Looters recruiting 1 Aserai Peasant
2026-01-09 02:50:17.526 -06:00 [INF] MERGING: Looters (11) -> Looters (15) [Naval: False]
2026-01-09 02:50:17.526 -06:00 [INF] Total Merges this battle: 1
2026-01-09 02:50:18.025 -06:00 [INF] PressGang: Steppe Bandits recruiting 1 Aserai Peasant
2026-01-09 02:50:19.301 -06:00 [INF] PressGang: Grand Looters Horde recruiting 1 Imperial Shipmate
2026-01-09 02:50:19.443 -06:00 [INF] PressGang: Looters recruiting 1 Nord Peasant
2026-01-09 02:50:19.800 -06:00 [INF] PressGang: Sea Raiders recruiting 3 Nord Peasant
2026-01-09 02:50:19.800 -06:00 [INF] PressGang: Grand Battania Horde recruiting 1 Veteran Sword Sister
2026-01-09 02:50:19.800 -06:00 [INF] PressGang: Grand Battania Horde recruiting 1 Sisterhood Follower
2026-01-09 02:50:19.800 -06:00 [INF] PressGang: Grand Battania Horde recruiting 1 Battanian Armed Trader
2026-01-09 02:50:19.870 -06:00 [INF] PressGang: Grand Looters Horde recruiting 1 Battanian Convoy Guard
2026-01-09 02:50:19.870 -06:00 [INF] PressGang: Grand Looters Horde recruiting 1 Sturgian Convoy Guard
2026-01-09 02:50:20.941 -06:00 [INF] PressGang: Grand Sturgia Horde recruiting 1 Sturgian Veteran Caravan Guard
2026-01-09 02:50:21.008 -06:00 [INF] PressGang: Grand Looters Horde recruiting 1 Aserai Peasant
2026-01-09 02:50:21.219 -06:00 [INF] PressGang: Steppe Bandits recruiting 1 Khuzait Nomad
2026-01-09 02:50:21.575 -06:00 [INF] PressGang: Grand Corsairs Horde recruiting 1 Empire Peasant
2026-01-09 02:50:21.575 -06:00 [INF] PressGang: Steppe Bandits recruiting 1 Empire Peasant
2026-01-09 02:50:21.719 -06:00 [INF] PressGang: Sea Raiders recruiting 1 Nord Peasant
2026-01-09 02:50:21.863 -06:00 [INF] PressGang: Grand Empire Horde recruiting 1 Empire Peasant
2026-01-09 02:50:22.221 -06:00 [INF] PressGang: Grand Looters Horde recruiting 1 Vlandian Armed Convoy Trader
2026-01-09 02:50:22.503 -06:00 [INF] PressGang: Grand Looters Horde recruiting 1 Vlandian Veteran Convoy Guard
2026-01-09 02:50:22.859 -06:00 [INF] PressGang: Sea Raiders recruiting 1 Vlandian Seasoned Seafarer
2026-01-09 02:50:23.433 -06:00 [INF] PressGang: Sea Raiders recruiting 1 Nord Peasant
2026-01-09 02:50:23.579 -06:00 [INF] PressGang: Grand Empire Horde recruiting 1 Forest Bandit
2026-01-09 02:50:23.579 -06:00 [INF] PressGang: Grand Empire Horde recruiting 1 Sea Raider Warrior
2026-01-09 02:50:23.716 -06:00 [INF] PressGang: Looters recruiting 1 Aserai Peasant
2026-01-09 02:50:23.790 -06:00 [INF] PressGang: Desert Bandits recruiting 1 Aserai Mamluke Soldier
2026-01-09 02:50:23.927 -06:00 [INF] MERGING: Forest Bandits (17) -> Forest Bandits (19) [Naval: False]
2026-01-09 02:50:23.927 -06:00 [INF] Total Merges this battle: 1
2026-01-09 02:50:24.071 -06:00 [INF] PressGang: The Warlord's Party recruiting 1 Sea Raider Warrior
2026-01-09 02:50:24.452 -06:00 [INF] PressGang: Deserters recruiting 1 Aserai Peasant
2026-01-09 02:50:24.495 -06:00 [INF] PressGang: Grand Empire Horde recruiting 1 Battania Peasant
2026-01-09 02:50:24.597 -06:00 [INF] PressGang: Steppe Bandits recruiting 1 Aserai Peasant
2026-01-09 02:50:24.868 -06:00 [INF] Daily Tick: Verifying Syndicate War State...
2026-01-09 02:50:24.868 -06:00 [INF] Checking staggered war declarations for Day Index: 1
2026-01-09 02:50:25.443 -06:00 [INF] PressGang: Grand Looters Horde recruiting 2 Empire Peasant
2026-01-09 02:50:26.339 -06:00 [INF] PressGang: Deserters recruiting 1 Varyag Veteran
2026-01-09 02:50:26.339 -06:00 [INF] PressGang: Deserters recruiting 1 Sturgian Archer
2026-01-09 02:51:14.105 -06:00 [INF] PressGang: Looters recruiting 1 Empire Peasant
2026-01-09 02:51:16.057 -06:00 [INF] PressGang: Grand Corsairs Horde recruiting 1 Aserai Peasant
2026-01-09 02:51:17.179 -06:00 [INF] MERGING: Looters (9) -> Looters (23) [Naval: False]
2026-01-09 02:51:17.180 -06:00 [INF] MERGING: Forest Bandits (3) -> Looters (32) [Naval: False]
2026-01-09 02:51:17.180 -06:00 [INF] Total Merges this battle: 2
2026-01-09 02:51:17.181 -06:00 [INF] PressGang: Grand Looters Horde recruiting 1 Imperial Veteran Archer
2026-01-09 02:51:17.181 -06:00 [INF] PressGang: Grand Looters Horde recruiting 1 Imperial Coast Guard
2026-01-09 02:51:17.693 -06:00 [INF] PressGang: Grand Sturgia Horde recruiting 1 Sturgia Peasant
2026-01-09 02:51:17.694 -06:00 [INF] PressGang: Grand Sturgia Horde recruiting 1 Sturgian Soldier
2026-01-09 02:51:17.694 -06:00 [INF] PressGang: Grand Looters Horde recruiting 2 Sturgian Convoy Guard
2026-01-09 02:51:18.024 -06:00 [INF] MERGING: Sea Raiders (12) -> Sea Raiders (29) [Naval: True]
2026-01-09 02:51:18.024 -06:00 [INF] Total Merges this battle: 1
2026-01-09 02:51:18.412 -06:00 [INF] PressGang: Grand Corsairs Horde recruiting 1 Empire Peasant
2026-01-09 02:51:18.624 -06:00 [INF] PressGang: Grand Corsairs Horde recruiting 1 Aserai Peasant
2026-01-09 02:51:19.123 -06:00 [INF] PressGang: Steppe Bandits recruiting 1 Empire Peasant
2026-01-09 02:51:19.363 -06:00 [INF] PressGang: Grand Empire Horde recruiting 1 Empire Peasant
2026-01-09 02:51:19.670 -06:00 [INF] MERGING: Looters (14) -> Looters (17) [Naval: False]
2026-01-09 02:51:19.671 -06:00 [INF] Total Merges this battle: 1
2026-01-09 02:51:19.717 -06:00 [INF] PressGang: Grand Looters Horde recruiting 1 Vlandian Convoy Guard
2026-01-09 02:51:47.151 -06:00 [INF] PressGang: Grand Looters Horde recruiting 1 Vlandian Veteran Convoy Guard
2026-01-09 02:51:47.151 -06:00 [INF] PressGang: Grand Looters Horde recruiting 1 Vlandian Convoy Guard
2026-01-09 02:51:47.506 -06:00 [INF] PressGang: Looters recruiting 1 Empire Peasant
2026-01-09 02:51:48.307 -06:00 [INF] PressGang: Grand Empire Horde recruiting 1 Nord Youngling
2026-01-09 02:51:48.753 -06:00 [INF] PressGang: The Warlord's Party recruiting 2 Sea Raider
2026-01-09 02:51:49.247 -06:00 [INF] PressGang: Steppe Bandits recruiting 1 Aserai Peasant
2026-01-09 02:51:49.473 -06:00 [INF] PressGang: Sea Raiders recruiting 1 Vlandia Peasant
2026-01-09 02:51:50.031 -06:00 [INF] Daily Tick: Verifying Syndicate War State...
2026-01-09 02:51:50.031 -06:00 [INF] Checking staggered war declarations for Day Index: 2
2026-01-09 02:51:50.172 -06:00 [INF] PressGang: Looters recruiting 1 Khuzait Peasant
2026-01-09 02:51:50.310 -06:00 [INF] PressGang: Corsairs recruiting 1 Imperial Veteran Archer
2026-01-09 02:52:10.183 -06:00 [INF] MERGING: Steppe Bandits (12) -> Looters (19) [Naval: False]
2026-01-09 02:52:10.184 -06:00 [INF] MERGING: Deserters (10) -> Looters (31) [Naval: False]
2026-01-09 02:52:10.184 -06:00 [INF] Total Merges this battle: 2
2026-01-09 02:52:11.887 -06:00 [INF] PressGang: Steppe Bandits recruiting 1 Khuzait Peasant
2026-01-09 02:52:17.564 -06:00 [INF] MERGING: Steppe Bandits (15) -> Looters (20) [Naval: False]
2026-01-09 02:52:17.564 -06:00 [INF] Total Merges this battle: 1
2026-01-09 02:52:18.674 -06:00 [INF] MERGING: Deserters (19) -> Grand Looters Horde (56) [Naval: False]
2026-01-09 02:52:18.675 -06:00 [INF] Total Merges this battle: 1
2026-01-09 02:52:37.160 -06:00 [INF] MERGING: Looters (2) -> Looters (17) [Naval: False]
2026-01-09 02:52:37.160 -06:00 [INF] Total Merges this battle: 1
2026-01-09 02:52:37.401 -06:00 [INF] PressGang: Looters recruiting 1 Nord Peasant
2026-01-09 02:52:37.485 -06:00 [INF] PressGang: Grand Sturgia Horde recruiting 1 Sturgian Caravan Guard
2026-01-09 02:52:37.485 -06:00 [INF] PressGang: Grand Sturgia Horde recruiting 1 Sea Raider Warrior
2026-01-09 02:52:37.485 -06:00 [INF] PressGang: Grand Sturgia Horde recruiting 2 Sea Raider
2026-01-09 02:52:37.486 -06:00 [INF] PressGang: Grand Looters Horde recruiting 1 Sturgian Veteran Convoy Guard
2026-01-09 02:52:38.095 -06:00 [INF] PressGang: Grand Sturgia Horde recruiting 3 Sturgia Peasant
2026-01-09 02:52:38.135 -06:00 [INF] PressGang: Grand Corsairs Horde recruiting 1 Empire Peasant
2026-01-09 02:52:38.501 -06:00 [INF] PressGang: Steppe Bandits recruiting 2 Khuzait Peasant
2026-01-09 02:52:38.619 -06:00 [INF] PressGang: Grand Corsairs Horde recruiting 1 Aserai Peasant
2026-01-09 02:52:39.506 -06:00 [INF] PressGang: Mountain Bandits recruiting 2 Empire Peasant
2026-01-09 02:52:39.749 -06:00 [INF] PressGang: Looters recruiting 1 Empire Peasant
2026-01-09 02:52:40.048 -06:00 [INF] PressGang: Grand Empire Horde recruiting 1 Bushwacker
2026-01-09 02:52:40.151 -06:00 [INF] PressGang: Grand Steppe Bandits Horde recruiting 1 Aserai Peasant
2026-01-09 02:52:40.191 -06:00 [INF] PressGang: Desert Bandits recruiting 1 Koleman
2026-01-09 02:52:40.553 -06:00 [INF] PressGang: Grand Empire Horde recruiting 2 Sea Raider Warrior
2026-01-09 02:52:40.717 -06:00 [INF] PressGang: Desert Bandits recruiting 1 Koleman
2026-01-09 02:52:40.718 -06:00 [INF] PressGang: Desert Bandits recruiting 1 Ghilman
2026-01-09 02:52:40.958 -06:00 [INF] PressGang: The Warlord's Party recruiting 1 Looter
2026-01-09 02:52:41.281 -06:00 [INF] PressGang: Deserters recruiting 1 Aserai Peasant
2026-01-09 02:52:41.446 -06:00 [INF] PressGang: Looters recruiting 1 Khuzait Peasant
2026-01-09 02:52:42.105 -06:00 [INF] PressGang: Steppe Bandits recruiting 1 Aserai Peasant
2026-01-09 02:52:42.263 -06:00 [INF] PressGang: Looters recruiting 1 Khuzait Peasant
2026-01-09 02:52:42.426 -06:00 [INF] PressGang: Grand Empire Horde recruiting 1 Empire Peasant
2026-01-09 02:52:42.428 -06:00 [INF] PressGang: Grand Corsairs Horde recruiting 1 Imperial Veteran Archer
2026-01-09 02:52:42.428 -06:00 [INF] PressGang: Grand Corsairs Horde recruiting 3 Imperial Shipmate
2026-01-09 02:52:42.428 -06:00 [INF] PressGang: Grand Corsairs Horde recruiting 1 Imperial Trained Infantryman
2026-01-09 02:52:42.517 -06:00 [INF] Daily Tick: Verifying Syndicate War State...
2026-01-09 02:52:42.517 -06:00 [INF] Checking staggered war declarations for Day Index: 3
2026-01-09 02:52:42.680 -06:00 [INF] PressGang: Grand Looters Horde recruiting 3 Khuzait Peasant
2026-01-09 02:52:42.719 -06:00 [INF] PressGang: Grand Empire Horde recruiting 1 Looter
2026-01-09 02:52:43.182 -06:00 [INF] MERGING: Desert Bandits (7) -> Desert Bandits (12) [Naval: False]
2026-01-09 02:52:43.182 -06:00 [INF] Total Merges this battle: 1
2026-01-09 02:52:43.224 -06:00 [INF] PressGang: Sea Raiders recruiting 1 Sturgian Horse Raider
2026-01-09 02:52:43.309 -06:00 [INF] PressGang: Looters recruiting 2 Empire Peasant
2026-01-09 02:52:57.311 -06:00 [INF] MERGING: Deserters (16) -> Deserters (17) [Naval: False]
2026-01-09 02:52:57.312 -06:00 [INF] Total Merges this battle: 1
2026-01-09 02:53:10.739 -06:00 [INF] MERGING: Deserters (31) -> Deserters (37) [Naval: False]
2026-01-09 02:53:10.739 -06:00 [INF] Total Merges this battle: 1
2026-01-09 02:53:12.513 -06:00 [INF] MERGING: Grand Looters Horde (27) -> Grand Looters Horde (43) [Naval: False]
2026-01-09 02:53:12.515 -06:00 [INF] Total Merges this battle: 1
2026-01-09 02:53:35.164 -06:00 [INF] PressGang: Steppe Bandits recruiting 1 Empire Peasant
2026-01-09 02:53:35.164 -06:00 [INF] PressGang: Steppe Bandits recruiting 1 Khuzait Peasant
2026-01-09 02:53:35.774 -06:00 [INF] PressGang: Mountain Bandits recruiting 2 Empire Peasant
2026-01-09 02:53:35.855 -06:00 [INF] PressGang: Grand Looters Horde recruiting 1 Nord Convoy Guard
2026-01-09 02:53:35.856 -06:00 [INF] PressGang: Grand Looters Horde recruiting 1 Nord Armed Convoy Trader
2026-01-09 02:53:36.015 -06:00 [INF] PressGang: Looters recruiting 1 Empire Peasant
2026-01-09 02:53:36.266 -06:00 [INF] PressGang: Grand Empire Horde recruiting 1 Forest Bandit
2026-01-09 02:53:36.595 -06:00 [INF] PressGang: Sea Raiders recruiting 1 Nord Peasant
2026-01-09 02:53:36.849 -06:00 [INF] PressGang: Desert Bandits recruiting 1 Aserai Mamluke Soldier
2026-01-09 02:53:36.849 -06:00 [INF] PressGang: Desert Bandits recruiting 1 Ghilman
2026-01-09 02:53:37.083 -06:00 [INF] PressGang: The Warlord's Party recruiting 1 Looter
2026-01-09 02:53:37.083 -06:00 [INF] PressGang: The Warlord's Party recruiting 1 Imperial Infantryman
2026-01-09 02:53:37.531 -06:00 [INF] PressGang: Steppe Bandits recruiting 1 Aserai Peasant
2026-01-09 02:53:37.531 -06:00 [INF] PressGang: Forest Bandits recruiting 1 Nord Peasant
2026-01-09 02:53:37.570 -06:00 [INF] PressGang: Forest Bandits recruiting 1 Sturgian Soldier
2026-01-09 02:53:37.896 -06:00 [INF] PressGang: Grand Looters Horde recruiting 1 Looter
2026-01-09 02:53:38.466 -06:00 [INF] PressGang: Grand Empire Horde recruiting 1 Brigand
2026-01-09 02:53:38.554 -06:00 [INF] Found 1 stuck Syndicate Warlords. Redeploying...
2026-01-09 02:53:38.629 -06:00 [INF] MERGING: Looters (10) -> Looters (15) [Naval: False]
2026-01-09 02:53:38.630 -06:00 [INF] Total Merges this battle: 1
2026-01-09 02:53:38.670 -06:00 [INF] PressGang: Grand Looters Horde recruiting 1 Khuzait Peasant
2026-01-09 02:53:38.872 -06:00 [INF] PressGang: Looters recruiting 1 Empire Peasant
2026-01-09 02:53:39.000 -06:00 [INF] Daily Tick: Verifying Syndicate War State...
2026-01-09 02:53:39.000 -06:00 [INF] Checking staggered war declarations for Day Index: 4
2026-01-09 02:53:39.280 -06:00 [INF] PressGang: Sea Raiders recruiting 1 Sturgian Brigand
2026-01-09 02:53:39.414 -06:00 [INF] Found 1 stuck Syndicate Warlords. Redeploying...
2026-01-09 02:53:39.606 -06:00 [INF] MERGING: Sea Raiders (14) -> Sea Raiders (16) [Naval: True]
2026-01-09 02:53:39.608 -06:00 [INF] Total Merges this battle: 1
2026-01-09 02:53:39.942 -06:00 [INF] PressGang: Phirentos of the Hand's Party recruiting 1 Empire Peasant
2026-01-09 02:53:40.193 -06:00 [INF] Found 1 stuck Syndicate Warlords. Redeploying...
2026-01-09 02:53:40.193 -06:00 [INF] PressGang: Grand Looters Horde recruiting 1 Aserai Peasant
2026-01-09 02:53:40.936 -06:00 [INF] PressGang: Deserters recruiting 1 Nord Peasant
2026-01-09 02:53:41.030 -06:00 [INF] Found 1 stuck Syndicate Warlords. Redeploying...
2026-01-09 02:53:41.885 -06:00 [INF] Found 1 stuck Syndicate Warlords. Redeploying...
2026-01-09 02:53:42.715 -06:00 [INF] Found 1 stuck Syndicate Warlords. Redeploying...
2026-01-09 02:53:43.545 -06:00 [INF] Found 1 stuck Syndicate Warlords. Redeploying...
2026-01-09 02:53:43.928 -06:00 [INF] MERGING: Looters (8) -> Looters (8) [Naval: False]
2026-01-09 02:53:43.929 -06:00 [INF] Total Merges this battle: 1
2026-01-09 02:53:44.370 -06:00 [INF] Found 1 stuck Syndicate Warlords. Redeploying...
2026-01-09 02:55:33.433 -06:00 [INF] Found 1 stuck Syndicate Warlords. Redeploying...
2026-01-09 02:55:34.281 -06:00 [INF] Found 1 stuck Syndicate Warlords. Redeploying...
2026-01-09 02:55:34.799 -06:00 [INF] MERGING: Looters (9) -> Looters (15) [Naval: False]
2026-01-09 02:55:34.799 -06:00 [INF] Total Merges this battle: 1
2026-01-09 02:55:35.116 -06:00 [INF] Found 1 stuck Syndicate Warlords. Redeploying...
2026-01-09 02:55:35.963 -06:00 [INF] Found 1 stuck Syndicate Warlords. Redeploying...
2026-01-09 02:55:36.756 -06:00 [INF] Found 1 stuck Syndicate Warlords. Redeploying...
2026-01-09 02:55:36.756 -06:00 [INF] Redeploying Thavin the Shark to Hideout...
2026-01-09 02:55:36.835 -06:00 [INF] MERGING: Looters (6) -> Looters (7) [Naval: False]
2026-01-09 02:55:36.836 -06:00 [INF] Total Merges this battle: 1
2026-01-09 02:55:37.412 -06:00 [INF] MERGING: Mountain Bandits (15) -> Looters (19) [Naval: False]
2026-01-09 02:55:37.413 -06:00 [INF] MERGING: Looters (11) -> Looters (34) [Naval: False]
2026-01-09 02:55:37.413 -06:00 [INF] Total Merges this battle: 2
2026-01-09 02:55:38.624 -06:00 [INF] MERGING: Steppe Bandits (4) -> Steppe Bandits (20) [Naval: False]
2026-01-09 02:55:38.624 -06:00 [INF] Total Merges this battle: 1
2026-01-09 02:55:39.890 -06:00 [INF] MERGING: Looters (10) -> Looters (13) [Naval: False]
2026-01-09 02:55:39.891 -06:00 [INF] MERGING: Looters (9) -> Looters (23) [Naval: False]
2026-01-09 02:55:39.891 -06:00 [INF] MERGING: Looters (3) -> Looters (32) [Naval: False]
2026-01-09 02:55:39.891 -06:00 [INF] Total Merges this battle: 3
2026-01-09 02:55:41.344 -06:00 [INF] MERGING: Looters (11) -> Deserters (16) [Naval: False]
2026-01-09 02:55:41.344 -06:00 [INF] Total Merges this battle: 1
2026-01-09 02:55:41.345 -06:00 [INF] PressGang: Grand Khuzait Horde recruiting 1 Aserai Mamluke Soldier
2026-01-09 02:55:41.345 -06:00 [INF] PressGang: Grand Khuzait Horde recruiting 1 Aserai Veteran Sailor
2026-01-09 02:55:42.060 -06:00 [INF] PressGang: Grand Sturgia Horde recruiting 1 Sturgia Peasant
2026-01-09 02:55:42.419 -06:00 [INF] PressGang: Grand Khuzait Horde recruiting 1 Aserai Mamluke Cavalry
2026-01-09 02:55:42.419 -06:00 [INF] PressGang: Grand Khuzait Horde recruiting 1 Aserai Recruit (Rank 1)
2026-01-09 02:55:42.419 -06:00 [INF] PressGang: Grand Khuzait Horde recruiting 1 Aserai Mamluke Soldier
2026-01-09 02:55:42.644 -06:00 [INF] PressGang: Grand Corsairs Horde recruiting 1 Empire Peasant
2026-01-09 02:55:43.357 -06:00 [INF] PressGang: Steppe Bandits recruiting 1 Empire Peasant
2026-01-09 02:55:43.991 -06:00 [INF] PressGang: Desert Bandits recruiting 1 Aserai Mamluke Regular
2026-01-09 02:55:44.035 -06:00 [INF] PressGang: Grand Looters Horde recruiting 1 Vlandian Armed Convoy Trader
2026-01-09 02:55:44.035 -06:00 [INF] PressGang: Grand Looters Horde recruiting 1 Nord Convoy Guard
2026-01-09 02:55:44.035 -06:00 [INF] PressGang: Grand Looters Horde recruiting 1 Vlandian Veteran Convoy Guard
2026-01-09 02:55:44.035 -06:00 [INF] PressGang: Grand Looters Horde recruiting 1 Vlandian Convoy Guard
2026-01-09 02:55:44.168 -06:00 [INF] PressGang: Looters recruiting 1 Empire Peasant
2026-01-09 02:55:44.391 -06:00 [INF] PressGang: Grand Sturgia Horde recruiting 2 Sea Raider Warrior
2026-01-09 02:55:44.796 -06:00 [INF] PressGang: Grand Empire Horde recruiting 1 Sea Raider Warrior
2026-01-09 02:55:44.931 -06:00 [INF] PressGang: Desert Bandits recruiting 1 Koleman
2026-01-09 02:55:45.200 -06:00 [INF] PressGang: Grand Empire Horde recruiting 1 Imperial Equite
2026-01-09 02:55:45.200 -06:00 [INF] PressGang: Grand Empire Horde recruiting 1 Imperial Infantryman
2026-01-09 02:55:45.514 -06:00 [INF] PressGang: Steppe Bandits recruiting 1 Empire Peasant
2026-01-09 02:55:46.199 -06:00 [INF] PressGang: Sea Raiders recruiting 1 Nord Peasant
2026-01-09 02:55:46.248 -06:00 [INF] PressGang: Looters recruiting 1 Khuzait Peasant
2026-01-09 02:55:46.378 -06:00 [INF] PressGang: Grand Empire Horde recruiting 1 Brigand
2026-01-09 02:55:46.379 -06:00 [INF] PressGang: Grand Empire Horde recruiting 1 Empire Peasant
2026-01-09 02:55:46.425 -06:00 [INF] PressGang: Grand Corsairs Horde recruiting 1 Imperial Legionary
2026-01-09 02:55:46.919 -06:00 [INF] PressGang: Grand Looters Horde recruiting 1 Nord Warrior
2026-01-09 02:55:46.919 -06:00 [INF] PressGang: Grand Looters Horde recruiting 1 Sprout
2026-01-09 02:55:47.195 -06:00 [INF] Daily Tick: Verifying Syndicate War State...
2026-01-09 02:55:47.195 -06:00 [INF] Checking staggered war declarations for Day Index: 5
2026-01-09 02:55:47.648 -06:00 [INF] PressGang: Looters recruiting 1 Nord Youngling
2026-01-09 02:55:47.735 -06:00 [INF] PressGang: Grand Empire Horde recruiting 1 Empire Peasant
2026-01-09 02:55:47.736 -06:00 [INF] PressGang: Jamair of the Jawwal's Party recruiting 1 Looter
2026-01-09 02:55:48.064 -06:00 [INF] PressGang: Looters recruiting 1 Empire Peasant
2026-01-09 02:55:48.248 -06:00 [INF] MERGING: Looters (19) -> Steppe Bandits (22) [Naval: False]
2026-01-09 02:55:48.249 -06:00 [INF] Total Merges this battle: 1
2026-01-09 02:55:56.318 -06:00 [INF] PressGang: Grand Vakken Horde recruiting 1 Sea Raider Chief
2026-01-09 02:55:59.419 -06:00 [INF] MERGING: Looters (9) -> Looters (14) [Naval: False]
2026-01-09 02:55:59.419 -06:00 [INF] Total Merges this battle: 1
2026-01-09 02:55:59.596 -06:00 [INF] PressGang: Grand Corsairs Horde recruiting 3 Khuzait Veteran Convoy Guard
2026-01-09 02:55:59.596 -06:00 [INF] PressGang: Grand Corsairs Horde recruiting 1 Khuzait Convoy Guard
2026-01-09 02:55:59.596 -06:00 [INF] PressGang: Grand Corsairs Horde recruiting 1 Khuzait Armed Convoy Trader
2026-01-09 02:55:59.818 -06:00 [INF] PressGang: Grand Khuzait Horde recruiting 1 Harami
2026-01-09 02:55:59.819 -06:00 [INF] PressGang: Grand Khuzait Horde recruiting 1 Aserai Footman
2026-01-09 02:56:00.662 -06:00 [INF] PressGang: Grand Vakken Horde recruiting 1 Sturgian Hardened Brigand
2026-01-09 02:56:00.663 -06:00 [INF] PressGang: Grand Vakken Horde recruiting 1 Sturgian Recruit (Rank 1)
2026-01-09 02:56:00.663 -06:00 [INF] PressGang: Grand Vakken Horde recruiting 1 Sturgian Recruit
2026-01-09 02:56:01.727 -06:00 [INF] PressGang: Sea Raiders recruiting 1 Sturgia Peasant
2026-01-09 02:56:01.950 -06:00 [INF] PressGang: Grand Sturgia Horde recruiting 1 Sturgia Peasant
2026-01-09 02:56:01.950 -06:00 [INF] PressGang: Grand Looters Horde recruiting 1 Sturgian Armed Convoy Trader
2026-01-09 02:56:02.350 -06:00 [INF] PressGang: Corsairs recruiting 1 Khuzait Armed Convoy Trader
2026-01-09 02:56:02.568 -06:00 [INF] PressGang: Grand Corsairs Horde recruiting 1 Aserai Peasant
2026-01-09 02:56:02.795 -06:00 [INF] PressGang: Grand Sea Raiders Horde recruiting 1 Nord Peasant
2026-01-09 02:56:03.149 -06:00 [INF] PressGang: Looters recruiting 1 Imperial Recruit
2026-01-09 02:56:03.507 -06:00 [INF] PressGang: Steppe Bandits recruiting 1 Sturgia Peasant
2026-01-09 02:56:03.919 -06:00 [INF] PressGang: Grand Looters Horde recruiting 1 Vlandian Armed Convoy Trader
2026-01-09 02:56:03.919 -06:00 [INF] PressGang: Grand Looters Horde recruiting 1 Nord Armed Convoy Trader
2026-01-09 02:56:03.919 -06:00 [INF] PressGang: Grand Looters Horde recruiting 2 Nord Veteran Convoy Guard
2026-01-09 02:56:04.286 -06:00 [INF] PressGang: Deserters recruiting 1 Battanian Skirmisher
2026-01-09 02:56:04.410 -06:00 [INF] PressGang: Desert Bandits recruiting 1 Aserai Tribal Horseman
2026-01-09 02:56:04.587 -06:00 [INF] PressGang: Sea Raiders recruiting 1 Imperial Trained Infantryman
2026-01-09 02:56:05.617 -06:00 [INF] PressGang: Grand Looters Horde recruiting 1 Imperial Archer
2026-01-09 02:56:05.798 -06:00 [INF] PressGang: Grand Steppe Bandits Horde recruiting 1 Aserai Peasant
2026-01-09 02:56:06.109 -06:00 [INF] PressGang: Grand Corsairs Horde recruiting 1 Imperial Shipmate
2026-01-09 02:56:06.421 -06:00 [INF] PressGang: Grand Looters Horde recruiting 1 Empire Peasant
2026-01-09 02:56:06.999 -06:00 [INF] PressGang: Desert Bandits recruiting 1 Aserai Peasant
2026-01-09 02:56:07.224 -06:00 [INF] Daily Tick: Verifying Syndicate War State...
2026-01-09 02:56:07.224 -06:00 [INF] Checking staggered war declarations for Day Index: 0
2026-01-09 02:56:11.221 -06:00 [INF] MERGING: Looters (5) -> Looters (9) [Naval: False]
2026-01-09 02:56:11.222 -06:00 [INF] MERGING: Looters (5) -> Looters (14) [Naval: False]
2026-01-09 02:56:11.222 -06:00 [INF] Total Merges this battle: 2
2026-01-09 02:56:14.380 -06:00 [INF] MERGING: Looters (10) -> Steppe Bandits (11) [Naval: False]
2026-01-09 02:56:14.382 -06:00 [INF] Total Merges this battle: 1
2026-01-09 02:56:15.143 -06:00 [INF] MERGING: Looters (11) -> Looters (11) [Naval: False]
2026-01-09 02:56:15.145 -06:00 [INF] Total Merges this battle: 1
2026-01-09 02:56:16.307 -06:00 [INF] PressGang: Grand Vakken Horde recruiting 2 Sea Raider Warrior
2026-01-09 02:56:18.524 -06:00 [INF] MERGING: Mountain Bandits (12) -> Looters (15) [Naval: False]
2026-01-09 02:56:18.524 -06:00 [INF] Total Merges this battle: 1
2026-01-09 02:56:19.836 -06:00 [INF] PressGang: Grand Khuzait Horde recruiting 1 Aserai Light Archer
2026-01-09 02:56:19.836 -06:00 [INF] PressGang: Grand Khuzait Horde recruiting 1 Aserai Veteran Faris
2026-01-09 02:56:20.649 -06:00 [INF] PressGang: Grand Vakken Horde recruiting 1 Sturgian Recruit
2026-01-09 02:56:20.649 -06:00 [INF] PressGang: Grand Vakken Horde recruiting 1 Khuzait Archer
2026-01-09 02:56:21.204 -06:00 [INF] PressGang: Grand Khuzait Horde recruiting 1 Aserai Light Archer
2026-01-09 02:56:21.890 -06:00 [INF] PressGang: Grand Sturgia Horde recruiting 1 Sea Raider Warrior
2026-01-09 02:56:21.890 -06:00 [INF] PressGang: Grand Sturgia Horde recruiting 1 Sturgia Peasant
2026-01-09 02:56:22.235 -06:00 [INF] PressGang: Grand Corsairs Horde recruiting 1 Khuzait Convoy Guard
2026-01-09 02:56:22.235 -06:00 [INF] PressGang: Grand Corsairs Horde recruiting 1 Khuzait Armed Convoy Trader
2026-01-09 02:56:22.642 -06:00 [INF] PressGang: Grand Battania Horde recruiting 1 Battanian Fian
2026-01-09 02:56:22.675 -06:00 [INF] PressGang: Grand Sea Raiders Horde recruiting 1 Nord Peasant
2026-01-09 02:56:24.093 -06:00 [INF] PressGang: Grand Empire Horde recruiting 2 Imperial Recruit
2026-01-09 02:56:24.093 -06:00 [INF] PressGang: Grand Empire Horde recruiting 1 Imperial Trained Infantryman
2026-01-09 02:56:24.324 -06:00 [INF] MERGING: Looters (16) -> Looters (23) [Naval: False]
2026-01-09 02:56:24.324 -06:00 [INF] MERGING: Looters (15) -> Looters (39) [Naval: False]
2026-01-09 02:56:24.324 -06:00 [INF] Total Merges this battle: 2
2026-01-09 02:56:24.447 -06:00 [INF] PressGang: Grand Empire Horde recruiting 1 Nord Peasant
2026-01-09 02:56:24.536 -06:00 [INF] PressGang: Desert Bandits recruiting 1 Aserai Mamluke Regular
2026-01-09 02:56:24.536 -06:00 [INF] PressGang: Desert Bandits recruiting 1 Koleman
2026-01-09 02:56:25.865 -06:00 [INF] PressGang: Grand Empire Horde recruiting 1 Imperial Recruit
2026-01-09 02:56:25.996 -06:00 [INF] MERGING: Mountain Bandits (13) -> Deserters (18) [Naval: False]
2026-01-09 02:56:25.997 -06:00 [INF] Total Merges this battle: 1
2026-01-09 02:56:26.133 -06:00 [INF] PressGang: Grand Looters Horde recruiting 1 Empire Peasant
2026-01-09 02:56:26.440 -06:00 [INF] PressGang: Sea Raiders recruiting 1 Sturgian Hardened Brigand
2026-01-09 02:56:26.974 -06:00 [INF] PressGang: Looters recruiting 1 Nord Youngling
2026-01-09 02:56:26.974 -06:00 [INF] PressGang: Looters recruiting 1 Nord Peasant
2026-01-09 02:56:27.061 -06:00 [INF] MERGING: Desert Bandits (19) -> Desert Bandits (20) [Naval: False]
2026-01-09 02:56:27.062 -06:00 [INF] Total Merges this battle: 1
2026-01-09 02:56:27.245 -06:00 [INF] Daily Tick: Verifying Syndicate War State...
2026-01-09 02:56:27.245 -06:00 [INF] Checking staggered war declarations for Day Index: 1
2026-01-09 02:56:27.282 -06:00 [INF] PressGang: Looters recruiting 2 Nord Peasant
2026-01-09 02:56:27.504 -06:00 [INF] PressGang: Haratheos of the Embers' Party recruiting 1 Imperial Recruit
2026-01-09 02:56:27.504 -06:00 [INF] PressGang: Haratheos of the Embers' Party recruiting 1 Imperial Infantryman
2026-01-09 02:56:28.732 -06:00 [INF] PressGang: Steppe Bandits recruiting 1 Khuzait Peasant
2026-01-09 02:56:28.859 -06:00 [INF] PressGang: Deserters recruiting 1 Sturgia Peasant
2026-01-09 02:56:29.070 -06:00 [INF] MERGING: Looters (5) -> Looters (15) [Naval: False]
2026-01-09 02:56:29.071 -06:00 [INF] Total Merges this battle: 1
2026-01-09 02:56:31.357 -06:00 [INF] MERGING: Looters (5) -> Looters (16) [Naval: False]
2026-01-09 02:56:31.358 -06:00 [INF] Total Merges this battle: 1
2026-01-09 02:56:39.733 -06:00 [INF] PressGang: Grand Khuzait Horde recruiting 1 Aserai Footman
2026-01-09 02:56:40.580 -06:00 [INF] PressGang: Grand Vakken Horde recruiting 1 Sturgian Brigand
2026-01-09 02:56:40.580 -06:00 [INF] PressGang: Grand Vakken Horde recruiting 1 Sturgian Soldier
2026-01-09 02:56:41.095 -06:00 [INF] PressGang: Grand Khuzait Horde recruiting 1 Aserai Infantry
2026-01-09 02:56:41.265 -06:00 [INF] PressGang: Grand Looters Horde recruiting 1 Empire Peasant
2026-01-09 02:56:41.436 -06:00 [INF] PressGang: Alakhir of the Forest People's Party recruiting 1 Looter
2026-01-09 02:56:41.967 -06:00 [INF] PressGang: Grand Battania Horde recruiting 1 Battanian Mounted Skirmisher
2026-01-09 02:56:42.101 -06:00 [INF] PressGang: Grand Corsairs Horde recruiting 1 Khuzait Convoy Guard
2026-01-09 02:56:42.324 -06:00 [INF] PressGang: Sea Raiders recruiting 2 Aserai Armed Convoy Trader
2026-01-09 02:56:42.506 -06:00 [INF] PressGang: Grand Battania Horde recruiting 1 Battanian Skirmisher
2026-01-09 02:56:42.638 -06:00 [INF] PressGang: Steppe Bandits recruiting 1 Khuzait Horse Archer
2026-01-09 02:56:43.488 -06:00 [INF] PressGang: Desert Bandits recruiting 1 Aserai Veteran Faris
2026-01-09 02:56:43.523 -06:00 [INF] PressGang: Grand Looters Horde recruiting 3 Vlandian Armed Convoy Trader
2026-01-09 02:56:43.524 -06:00 [INF] PressGang: Grand Looters Horde recruiting 2 Nord Armed Convoy Trader
2026-01-09 02:56:43.524 -06:00 [INF] PressGang: Grand Looters Horde recruiting 2 Vlandian Veteran Convoy Guard
2026-01-09 02:56:43.969 -06:00 [INF] PressGang: Desert Bandits recruiting 1 Aserai Mamluke Cavalry
2026-01-09 02:56:44.147 -06:00 [INF] PressGang: Grand Empire Horde recruiting 1 Sea Raider Chief
2026-01-09 02:56:44.467 -06:00 [INF] PressGang: Grand Empire Horde recruiting 1 Empire Peasant
2026-01-09 02:56:45.189 -06:00 [INF] PressGang: Looters recruiting 1 Empire Peasant
2026-01-09 02:56:46.561 -06:00 [INF] PressGang: Sea Raiders recruiting 1 Empire Peasant
2026-01-09 02:56:46.561 -06:00 [INF] PressGang: Looters recruiting 1 Nord Peasant
2026-01-09 02:56:47.094 -06:00 [INF] PressGang: Haratheos of the Embers' Party recruiting 1 Imperial Recruit
2026-01-09 02:56:47.094 -06:00 [INF] PressGang: Haratheos of the Embers' Party recruiting 1 Imperial Coast Guard
2026-01-09 02:56:47.230 -06:00 [INF] Daily Tick: Verifying Syndicate War State...
2026-01-09 02:56:47.230 -06:00 [INF] Checking staggered war declarations for Day Index: 2
2026-01-09 02:56:47.801 -06:00 [INF] PressGang: Desert Bandits recruiting 1 Aserai Peasant
2026-01-09 02:56:47.980 -06:00 [INF] MERGING: Mountain Bandits (6) -> Looters (16) [Naval: False]
2026-01-09 02:56:47.981 -06:00 [INF] Total Merges this battle: 1
2026-01-09 02:56:48.155 -06:00 [INF] PressGang: Looters recruiting 1 Empire Peasant
2026-01-09 02:56:49.087 -06:00 [INF] PressGang: Deserters recruiting 1 Vlandia Peasant
2026-01-09 02:56:49.976 -06:00 [INF] MERGING: Looters (12) -> Looters (14) [Naval: False]
2026-01-09 02:56:49.977 -06:00 [INF] Total Merges this battle: 1
2026-01-09 02:56:59.567 -06:00 [INF] PressGang: Grand Corsairs Horde recruiting 1 Khuzait Armed Convoy Trader
2026-01-09 02:57:00.324 -06:00 [INF] PressGang: Steppe Bandits recruiting 1 Aserai Peasant
2026-01-09 02:57:00.633 -06:00 [INF] PressGang: Grand Vakken Horde recruiting 1 Sturgian Crewman
2026-01-09 02:57:00.634 -06:00 [INF] PressGang: Grand Vakken Horde recruiting 1 Sturgian Warrior (Rank 1)
2026-01-09 02:57:01.169 -06:00 [INF] PressGang: Grand Khuzait Horde recruiting 1 Khuzait Militia Archer
2026-01-09 02:57:01.487 -06:00 [INF] PressGang: Grand Vakken Horde recruiting 1 Looter
2026-01-09 02:57:01.768 -06:00 [INF] PressGang: Sea Raiders recruiting 1 Nord Peasant
2026-01-09 02:57:01.848 -06:00 [INF] PressGang: Grand Sturgia Horde recruiting 1 Sea Raider
2026-01-09 02:57:01.849 -06:00 [INF] PressGang: Grand Looters Horde recruiting 1 Imperial Veteran Convoy Guard
2026-01-09 02:57:01.849 -06:00 [INF] PressGang: Grand Looters Horde recruiting 1 Imperial Armed Convoy Trader
2026-01-09 02:57:02.941 -06:00 [INF] PressGang: Steppe Bandits recruiting 1 Khuzait Peasant
2026-01-09 02:57:03.348 -06:00 [INF] PressGang: Desert Bandits recruiting 1 Aserai Peasant
2026-01-09 02:57:03.583 -06:00 [INF] PressGang: Grand Looters Horde recruiting 1 Nord Convoy Guard
2026-01-09 02:57:03.584 -06:00 [INF] PressGang: Grand Looters Horde recruiting 2 Vlandian Convoy Guard
2026-01-09 02:57:03.584 -06:00 [INF] PressGang: Grand Looters Horde recruiting 1 Vlandian Veteran Convoy Guard
2026-01-09 02:57:03.899 -06:00 [INF] PressGang: Grand Empire Horde recruiting 1 Looter
2026-01-09 02:57:03.991 -06:00 [INF] PressGang: Desert Bandits recruiting 1 Aserai Faris
2026-01-09 02:57:04.177 -06:00 [INF] PressGang: Grand Empire Horde recruiting 1 Nord Peasant
2026-01-09 02:57:04.267 -06:00 [INF] PressGang: Desert Bandits recruiting 1 Ghulam
2026-01-09 02:57:05.758 -06:00 [INF] PressGang: Grand Looters Horde recruiting 2 Imperial Armed Convoy Trader
2026-01-09 02:57:06.795 -06:00 [INF] PressGang: Looters recruiting 1 Nord Warrior
2026-01-09 02:57:06.966 -06:00 [INF] Found 1 stuck Syndicate Warlords. Redeploying...
2026-01-09 02:57:07.325 -06:00 [INF] Daily Tick: Verifying Syndicate War State...
2026-01-09 02:57:07.325 -06:00 [INF] Checking staggered war declarations for Day Index: 3
2026-01-09 02:57:07.641 -06:00 [INF] PressGang: Desert Bandits recruiting 1 Aserai Peasant
2026-01-09 02:57:07.756 -06:00 [INF] Found 1 stuck Syndicate Warlords. Redeploying...
2026-01-09 02:57:07.958 -06:00 [INF] PressGang: Looters recruiting 3 Empire Peasant
2026-01-09 02:57:08.126 -06:00 [INF] PressGang: Deserters recruiting 1 Sturgia Peasant
2026-01-09 02:57:08.352 -06:00 [INF] PressGang: Looters recruiting 1 Aserai Peasant
2026-01-09 02:57:08.653 -06:00 [INF] Found 1 stuck Syndicate Warlords. Redeploying...
2026-01-09 02:57:08.887 -06:00 [INF] PressGang: Looters recruiting 1 Khuzait Peasant
2026-01-09 02:57:09.454 -06:00 [INF] Found 1 stuck Syndicate Warlords. Redeploying...
2026-01-09 02:57:10.289 -06:00 [INF] Found 1 stuck Syndicate Warlords. Redeploying...
2026-01-09 02:57:11.124 -06:00 [INF] Found 1 stuck Syndicate Warlords. Redeploying...
2026-01-09 02:57:11.968 -06:00 [INF] Found 1 stuck Syndicate Warlords. Redeploying...
2026-01-09 02:57:11.968 -06:00 [INF] Redeploying Thavin the Shark to Hideout...
2026-01-09 02:57:12.284 -06:00 [INF] MERGING: Grand Looters Horde (27) -> Grand Looters Horde (29) [Naval: False]
2026-01-09 02:57:12.284 -06:00 [INF] Total Merges this battle: 1
2026-01-09 02:57:12.810 -06:00 [INF] MERGING: Mountain Bandits (17) -> Deserters (21) [Naval: False]
2026-01-09 02:57:12.810 -06:00 [INF] Total Merges this battle: 1
2026-01-09 02:57:15.687 -06:00 [INF] MERGING: Looters (13) -> Looters (17) [Naval: False]
2026-01-09 02:57:15.688 -06:00 [INF] Total Merges this battle: 1
2026-01-09 02:57:19.675 -06:00 [INF] PressGang: Grand Corsairs Horde recruiting 1 Khuzait Armed Convoy Trader
2026-01-09 02:57:19.900 -06:00 [INF] PressGang: Grand Khuzait Horde recruiting 1 Aserai Bahriyyah
2026-01-09 02:57:20.702 -06:00 [INF] PressGang: Grand Vakken Horde recruiting 1 Varyag Veteran
2026-01-09 02:57:21.010 -06:00 [INF] MERGING: Looters (5) -> Looters (10) [Naval: False]
2026-01-09 02:57:21.011 -06:00 [INF] Total Merges this battle: 1
2026-01-09 02:57:21.232 -06:00 [INF] PressGang: Grand Khuzait Horde recruiting 1 Aserai Mamluke Axeman
2026-01-09 02:57:21.232 -06:00 [INF] PressGang: Grand Khuzait Horde recruiting 1 Khuzait Horseman
2026-01-09 02:57:21.232 -06:00 [INF] PressGang: Grand Khuzait Horde recruiting 1 Khuzait Militia Archer
2026-01-09 02:57:21.232 -06:00 [INF] PressGang: Grand Khuzait Horde recruiting 1 Khuzait Tribal Warrior
2026-01-09 02:57:21.232 -06:00 [INF] PressGang: Grand Khuzait Horde recruiting 3 Khuzait Nomad
2026-01-09 02:57:21.862 -06:00 [INF] PressGang: Grand Sturgia Horde recruiting 3 Sturgia Peasant
2026-01-09 02:57:21.863 -06:00 [INF] PressGang: Grand Looters Horde recruiting 1 Sturgian Convoy Guard
2026-01-09 02:57:22.011 -06:00 [INF] PressGang: Grand Vakken Horde recruiting 1 Looter
2026-01-09 02:57:25.093 -06:00 [INF] PressGang: Looters recruiting 1 Empire Peasant
2026-01-09 02:57:25.138 -06:00 [INF] PressGang: Sea Raiders recruiting 1 Nord Hearthguard
2026-01-09 02:57:25.634 -06:00 [INF] PressGang: Looters recruiting 1 Nord Peasant
2026-01-09 02:57:26.217 -06:00 [INF] PressGang: Sea Raiders recruiting 1 Empire Peasant
2026-01-09 02:57:26.623 -06:00 [INF] PressGang: Looters recruiting 1 Sturgia Peasant
2026-01-09 02:57:26.714 -06:00 [INF] PressGang: Haratheos of the Embers' Party recruiting 1 Imperial Equite
2026-01-09 02:57:26.715 -06:00 [INF] PressGang: Haratheos of the Embers' Party recruiting 1 Imperial Infantryman
2026-01-09 02:57:26.715 -06:00 [INF] PressGang: Haratheos of the Embers' Party recruiting 1 Empire Peasant
2026-01-09 02:57:27.442 -06:00 [INF] Daily Tick: Verifying Syndicate War State...
2026-01-09 02:57:27.442 -06:00 [INF] Checking staggered war declarations for Day Index: 4
2026-01-09 02:57:27.712 -06:00 [INF] PressGang: Grand Looters Horde recruiting 1 Empire Peasant
2026-01-09 02:57:27.712 -06:00 [INF] PressGang: Grand Looters Horde recruiting 1 Vlandian Veteran Convoy Guard
2026-01-09 02:57:27.712 -06:00 [INF] PressGang: Grand Looters Horde recruiting 1 Vlandian Convoy Guard
2026-01-09 02:57:27.758 -06:00 [INF] PressGang: Deserters recruiting 1 Sturgia Peasant
2026-01-09 02:57:27.758 -06:00 [INF] PressGang: Deserters recruiting 1 Imperial Recruit
2026-01-09 02:57:27.856 -06:00 [INF] PressGang: Mountain Bandits recruiting 1 Nord Peasant
2026-01-09 02:57:28.347 -06:00 [INF] PressGang: Deserters recruiting 1 Vlandian Crossbowman
2026-01-09 02:57:28.798 -06:00 [INF] PressGang: Sea Raiders recruiting 2 Empire Peasant
2026-01-09 02:57:29.071 -06:00 [INF] PressGang: Thavin the Shark's Party recruiting 2 Looter
2026-01-09 02:57:36.560 -06:00 [INF] PressGang: Grand Vakken Horde recruiting 1 Looter
2026-01-09 02:57:39.921 -06:00 [INF] PressGang: Grand Khuzait Horde recruiting 1 Aserai Bahriyyah
2026-01-09 02:57:40.727 -06:00 [INF] PressGang: Grand Vakken Horde recruiting 1 Looter
2026-01-09 02:57:41.231 -06:00 [INF] PressGang: Grand Khuzait Horde recruiting 1 Looter
2026-01-09 02:57:41.533 -06:00 [INF] PressGang: Grand Vakken Horde recruiting 1 Looter
2026-01-09 02:57:41.533 -06:00 [INF] PressGang: Grand Vakken Horde recruiting 1 Vlandian Nauta
2026-01-09 02:57:41.533 -06:00 [INF] PressGang: Grand Vakken Horde recruiting 2 Vlandian Light Cavalry
2026-01-09 02:57:41.533 -06:00 [INF] PressGang: Grand Vakken Horde recruiting 1 Vlandian Crossbowman
2026-01-09 02:57:41.851 -06:00 [INF] PressGang: Grand Sturgia Horde recruiting 1 Sturgia Peasant
2026-01-09 02:57:41.852 -06:00 [INF] PressGang: Grand Looters Horde recruiting 1 Imperial Caravan Master
2026-01-09 02:57:42.119 -06:00 [INF] PressGang: Grand Khuzait Horde recruiting 1 Looter
2026-01-09 02:57:42.298 -06:00 [INF] PressGang: Grand Sturgia Horde recruiting 2 Looter
2026-01-09 02:57:42.343 -06:00 [INF] PressGang: Grand Corsairs Horde recruiting 1 Imperial Legionary
2026-01-09 02:57:42.343 -06:00 [INF] PressGang: Grand Corsairs Horde recruiting 1 Imperial Shipmate
2026-01-09 02:57:43.202 -06:00 [INF] PressGang: Desert Bandits recruiting 1 Aserai Peasant
2026-01-09 02:57:43.879 -06:00 [INF] PressGang: Deserters recruiting 1 Aserai Peasant
2026-01-09 02:57:44.879 -06:00 [INF] PressGang: Looters recruiting 1 Empire Peasant
2026-01-09 02:57:45.196 -06:00 [INF] PressGang: Grand Corsairs Horde recruiting 1 Imperial Coast Guard
2026-01-09 02:57:45.516 -06:00 [INF] PressGang: Deserters recruiting 1 Sturgian Soldier
2026-01-09 02:57:45.878 -06:00 [INF] MERGING: Looters (7) -> Looters (8) [Naval: False]
2026-01-09 02:57:45.878 -06:00 [INF] Total Merges this battle: 1
2026-01-09 02:57:46.013 -06:00 [INF] PressGang: Sea Raiders recruiting 1 Empire Peasant
2026-01-09 02:57:46.063 -06:00 [INF] PressGang: Looters recruiting 1 Nord Peasant
2026-01-09 02:57:46.335 -06:00 [INF] PressGang: Looters recruiting 1 Nord Warrior
2026-01-09 02:57:46.560 -06:00 [INF] PressGang: Deserters recruiting 1 Khuzait Peasant
2026-01-09 02:57:47.339 -06:00 [INF] PressGang: Looters recruiting 1 Empire Peasant
2026-01-09 02:57:47.431 -06:00 [INF] PressGang: Grand Looters Horde recruiting 1 Empire Peasant
2026-01-09 02:57:47.431 -06:00 [INF] PressGang: Grand Looters Horde recruiting 1 Vlandian Veteran Convoy Guard
2026-01-09 02:57:47.431 -06:00 [INF] PressGang: Grand Looters Horde recruiting 1 Vlandian Convoy Guard
2026-01-09 02:57:47.431 -06:00 [INF] PressGang: Grand Looters Horde recruiting 1 Vlandian Armed Convoy Trader
2026-01-09 02:57:47.487 -06:00 [INF] Daily Tick: Verifying Syndicate War State...
2026-01-09 02:57:47.487 -06:00 [INF] Checking staggered war declarations for Day Index: 5
2026-01-09 02:57:52.698 -06:00 [INF] MERGING: Looters (10) -> Looters (17) [Naval: False]
2026-01-09 02:57:52.698 -06:00 [INF] Total Merges this battle: 1
2026-01-09 02:57:58.647 -06:00 [INF] MERGING: Desert Bandits (15) -> Desert Bandits (19) [Naval: False]
2026-01-09 02:57:58.648 -06:00 [INF] MERGING: Desert Bandits (11) -> Desert Bandits (34) [Naval: False]
2026-01-09 02:57:58.648 -06:00 [INF] Total Merges this battle: 2
2026-01-09 02:57:59.721 -06:00 [INF] PressGang: Grand Corsairs Horde recruiting 1 Khuzait Veteran Convoy Guard
2026-01-09 02:57:59.812 -06:00 [INF] PressGang: Sea Raiders recruiting 1 Vlandia Peasant
2026-01-09 02:58:00.695 -06:00 [INF] PressGang: Grand Vakken Horde recruiting 1 Sturgian Recruit
2026-01-09 02:58:01.180 -06:00 [INF] PressGang: Grand Khuzait Horde recruiting 2 Khuzait Footman
2026-01-09 02:58:01.181 -06:00 [INF] PressGang: Grand Khuzait Horde recruiting 2 Khuzait Nomad
2026-01-09 02:58:01.490 -06:00 [INF] PressGang: Grand Vakken Horde recruiting 1 Vlandian Levy Crossbowman (Rank 1)
2026-01-09 02:58:01.490 -06:00 [INF] PressGang: Grand Vakken Horde recruiting 1 Vlandian Crossbowman (Rank 1)
2026-01-09 02:58:01.490 -06:00 [INF] PressGang: Grand Vakken Horde recruiting 1 Vlandian Sharpshooter
2026-01-09 02:58:01.490 -06:00 [INF] PressGang: Grand Vakken Horde recruiting 1 Vlandian Billman
2026-01-09 02:58:02.114 -06:00 [INF] PressGang: Grand Corsairs Horde recruiting 1 Khuzait Armed Convoy Trader
2026-01-09 02:58:02.211 -06:00 [INF] PressGang: Looters recruiting 1 Imperial Trained Infantryman
2026-01-09 02:58:02.384 -06:00 [INF] MERGING: Steppe Bandits (6) -> Steppe Bandits (15) [Naval: False]
2026-01-09 02:58:02.384 -06:00 [INF] Total Merges this battle: 1
2026-01-09 02:58:02.930 -06:00 [INF] PressGang: Looters recruiting 1 Nord Axe Warrior
2026-01-09 02:58:04.591 -06:00 [INF] PressGang: Grand Looters Horde recruiting 1 Imperial Crossbowman
2026-01-09 02:58:04.816 -06:00 [INF] PressGang: Sea Raiders recruiting 1 Nord Peasant
2026-01-09 02:58:05.131 -06:00 [INF] PressGang: Grand Looters Horde recruiting 1 Imperial Convoy Guard
2026-01-09 02:58:05.132 -06:00 [INF] PressGang: Grand Looters Horde recruiting 1 Imperial Armed Convoy Trader
2026-01-09 02:58:05.759 -06:00 [INF] PressGang: Sea Raiders recruiting 1 Imperial Crossbowman
2026-01-09 02:58:07.068 -06:00 [INF] PressGang: Grand Looters Horde recruiting 1 Vlandian Convoy Guard
2026-01-09 02:58:07.368 -06:00 [INF] PressGang: Looters recruiting 1 Nord Peasant
2026-01-09 02:58:07.466 -06:00 [INF] Daily Tick: Verifying Syndicate War State...
2026-01-09 02:58:07.467 -06:00 [INF] Checking staggered war declarations for Day Index: 0
2026-01-09 02:58:07.677 -06:00 [INF] PressGang: Deserters recruiting 1 Vlandian Crossbowman
2026-01-09 02:58:07.677 -06:00 [INF] PressGang: Looters recruiting 1 Empire Peasant
2026-01-09 02:58:07.941 -06:00 [INF] PressGang: Steppe Bandits recruiting 3 Aserai Peasant
2026-01-09 02:58:14.120 -06:00 [INF] MERGING: Steppe Bandits (14) -> Looters (27) [Naval: False]
2026-01-09 02:58:14.120 -06:00 [INF] Total Merges this battle: 1
2026-01-09 02:58:14.792 -06:00 [INF] MERGING: Looters (10) -> Looters (11) [Naval: False]
2026-01-09 02:58:14.793 -06:00 [INF] Total Merges this battle: 1
2026-01-09 02:58:15.722 -06:00 [INF] MERGING: Looters (6) -> Looters (9) [Naval: False]
2026-01-09 02:58:15.723 -06:00 [INF] Total Merges this battle: 1
2026-01-09 02:58:17.778 -06:00 [INF] MERGING: Sea Raiders (8) -> Sea Raiders (13) [Naval: True]
2026-01-09 02:58:17.779 -06:00 [INF] Total Merges this battle: 1
2026-01-09 02:58:19.722 -06:00 [INF] PressGang: Grand Corsairs Horde recruiting 1 Khuzait Veteran Convoy Guard
2026-01-09 02:58:20.167 -06:00 [INF] MERGING: Looters (13) -> Looters (15) [Naval: False]
2026-01-09 02:58:20.167 -06:00 [INF] Total Merges this battle: 1
2026-01-09 02:58:21.193 -06:00 [INF] PressGang: Grand Khuzait Horde recruiting 2 Looter
2026-01-09 02:58:21.460 -06:00 [INF] PressGang: Grand Vakken Horde recruiting 1 Vlandian Recruit
2026-01-09 02:58:21.460 -06:00 [INF] PressGang: Grand Vakken Horde recruiting 1 Vlandian Light Cavalry
2026-01-09 02:58:21.460 -06:00 [INF] PressGang: Grand Vakken Horde recruiting 1 Vlandian Knight
2026-01-09 02:58:21.460 -06:00 [INF] PressGang: Grand Vakken Horde recruiting 1 Sea Raider Warrior
2026-01-09 02:58:21.460 -06:00 [INF] PressGang: Grand Vakken Horde recruiting 1 Vlandian Footman
2026-01-09 02:58:21.460 -06:00 [INF] PressGang: Grand Vakken Horde recruiting 1 Vlandian Spearman
2026-01-09 02:58:21.731 -06:00 [INF] PressGang: Sea Raiders recruiting 1 Nord Peasant
2026-01-09 02:58:21.732 -06:00 [INF] PressGang: Mountain Bandits recruiting 1 Nord Peasant
2026-01-09 02:58:21.779 -06:00 [INF] PressGang: Grand Looters Horde recruiting 1 Imperial Armed Convoy Trader
2026-01-09 02:58:22.044 -06:00 [INF] PressGang: Grand Khuzait Horde recruiting 1 Khuzait Noble's Son
2026-01-09 02:58:22.045 -06:00 [INF] PressGang: Grand Khuzait Horde recruiting 1 Khuzait Nomad
2026-01-09 02:58:22.225 -06:00 [INF] PressGang: Grand Sturgia Horde recruiting 2 Looter
2026-01-09 02:58:22.225 -06:00 [INF] PressGang: Grand Sturgia Horde recruiting 1 Sea Raider Chief
2026-01-09 02:58:22.225 -06:00 [INF] PressGang: Grand Sturgia Horde recruiting 1 Sea Raider
2026-01-09 02:58:22.956 -06:00 [INF] PressGang: Steppe Bandits recruiting 1 Sturgia Peasant
2026-01-09 02:58:23.802 -06:00 [INF] PressGang: Desert Bandits recruiting 1 Aserai Peasant
2026-01-09 02:58:24.563 -06:00 [INF] PressGang: Sea Raiders recruiting 1 Nord Freeman Archer
2026-01-09 02:58:24.655 -06:00 [INF] PressGang: Sea Raiders recruiting 1 Nord Peasant
2026-01-09 02:58:24.790 -06:00 [INF] PressGang: Grand Corsairs Horde recruiting 1 Imperial Shipmate
2026-01-09 02:58:24.790 -06:00 [INF] PressGang: Grand Corsairs Horde recruiting 1 Imperial Legionary
2026-01-09 02:58:24.790 -06:00 [INF] PressGang: Grand Corsairs Horde recruiting 1 Imperial Naute
2026-01-09 02:58:24.969 -06:00 [INF] PressGang: Corsairs recruiting 1 Aserai Peasant
2026-01-09 02:58:25.284 -06:00 [INF] PressGang: Looters recruiting 1 Nord Peasant
2026-01-09 02:58:25.825 -06:00 [INF] PressGang: Looters recruiting 1 Nord Warrior
2026-01-09 02:58:26.005 -06:00 [INF] PressGang: Deserters recruiting 1 Aserai Peasant
2026-01-09 02:58:26.185 -06:00 [INF] PressGang: Looters recruiting 1 Empire Peasant
2026-01-09 02:58:26.452 -06:00 [INF] PressGang: Sea Raiders recruiting 1 Imperial Bucellarii
2026-01-09 02:58:27.041 -06:00 [INF] PressGang: Grand Looters Horde recruiting 1 Empire Peasant
2026-01-09 02:58:27.535 -06:00 [INF] Daily Tick: Verifying Syndicate War State...
2026-01-09 02:58:27.535 -06:00 [INF] Checking staggered war declarations for Day Index: 1
2026-01-09 02:58:28.290 -06:00 [INF] PressGang: Sea Raiders recruiting 1 Empire Peasant
2026-01-09 02:58:28.468 -06:00 [INF] PressGang: Looters recruiting 2 Aserai Recruit
2026-01-09 02:58:28.468 -06:00 [INF] PressGang: Looters recruiting 1 Aserai Peasant
2026-01-09 02:58:28.514 -06:00 [INF] PressGang: Looters recruiting 1 Battania Peasant
2026-01-09 02:58:31.735 -06:00 [INF] MERGING: Sea Raiders (1) -> Sea Raiders (18) [Naval: True]
2026-01-09 02:58:31.737 -06:00 [INF] Total Merges this battle: 1
2026-01-09 02:58:33.797 -06:00 [INF] Found 1 stuck Syndicate Warlords. Redeploying...
2026-01-09 02:58:33.797 -06:00 [INF] Redeploying Thera the Exile to Hideout...
2026-01-09 02:58:34.192 -06:00 [INF] MERGING: Looters (15) -> Looters (19) [Naval: False]
2026-01-09 02:58:34.193 -06:00 [INF] MERGING: Steppe Bandits (10) -> Looters (34) [Naval: False]
2026-01-09 02:58:34.194 -06:00 [INF] Total Merges this battle: 2
2026-01-09 02:58:39.790 -06:00 [INF] PressGang: Grand Corsairs Horde recruiting 1 Khuzait Convoy Guard
2026-01-09 02:58:39.967 -06:00 [INF] PressGang: Grand Khuzait Horde recruiting 1 Khuzait Horseman
2026-01-09 02:58:39.967 -06:00 [INF] PressGang: Grand Khuzait Horde recruiting 1 Karakhergit Elder
2026-01-09 02:58:39.967 -06:00 [INF] PressGang: Grand Khuzait Horde recruiting 1 Khuzait Spear Infantry
2026-01-09 02:58:39.967 -06:00 [INF] PressGang: Grand Khuzait Horde recruiting 1 Khuzait Nomad
2026-01-09 02:58:41.473 -06:00 [INF] PressGang: Grand Vakken Horde recruiting 1 Battanian Highborn Youth
2026-01-09 02:58:41.473 -06:00 [INF] PressGang: Grand Vakken Horde recruiting 1 Vlandian Sharpshooter
2026-01-09 02:58:41.473 -06:00 [INF] PressGang: Grand Vakken Horde recruiting 1 Vlandian Footman
2026-01-09 02:58:41.473 -06:00 [INF] PressGang: Grand Vakken Horde recruiting 1 Vlandian Spearman
2026-01-09 02:58:41.734 -06:00 [INF] PressGang: Mountain Bandits recruiting 1 Nord Peasant
2026-01-09 02:58:42.046 -06:00 [INF] PressGang: Grand Khuzait Horde recruiting 1 Khuzait Nomad
2026-01-09 02:58:42.180 -06:00 [INF] PressGang: Grand Sturgia Horde recruiting 1 Looter
2026-01-09 02:58:42.180 -06:00 [INF] PressGang: Grand Sturgia Horde recruiting 1 Sea Raider
2026-01-09 02:58:44.375 -06:00 [INF] PressGang: Grand Looters Horde recruiting 1 Imperial Infantryman
2026-01-09 02:58:44.689 -06:00 [INF] PressGang: Grand Corsairs Horde recruiting 1 Imperial Naute
2026-01-09 02:58:44.873 -06:00 [INF] PressGang: Grand Looters Horde recruiting 1 Imperial Armed Convoy Trader
2026-01-09 02:58:45.815 -06:00 [INF] MERGING: Looters (19) -> Forest Bandits (20) [Naval: False]
2026-01-09 02:58:45.816 -06:00 [INF] MERGING: Looters (14) -> Forest Bandits (39) [Naval: False]
2026-01-09 02:58:45.816 -06:00 [INF] Total Merges this battle: 2
2026-01-09 02:58:46.264 -06:00 [INF] PressGang: Sea Raiders recruiting 1 Imperial Infantryman
2026-01-09 02:58:46.715 -06:00 [INF] PressGang: Mountain Bandits recruiting 1 Nord Peasant
2026-01-09 02:58:46.764 -06:00 [INF] PressGang: Looters recruiting 1 Nord Peasant
2026-01-09 02:58:47.347 -06:00 [INF] PressGang: Sea Raiders recruiting 1 Empire Peasant
2026-01-09 02:58:47.531 -06:00 [INF] Daily Tick: Verifying Syndicate War State...
2026-01-09 02:58:47.531 -06:00 [INF] Checking staggered war declarations for Day Index: 2
2026-01-09 02:58:49.273 -06:00 [INF] PressGang: Phelenos of the Embers' Party recruiting 1 Highwayman
2026-01-09 02:58:52.309 -06:00 [INF] MERGING: Looters (11) -> Looters (16) [Naval: False]
2026-01-09 02:58:52.310 -06:00 [INF] Total Merges this battle: 1
2026-01-09 02:58:52.698 -06:00 [INF] MERGING: Looters (12) -> Looters (15) [Naval: False]
2026-01-09 02:58:52.698 -06:00 [INF] Total Merges this battle: 1
2026-01-09 02:58:59.767 -06:00 [INF] PressGang: Grand Corsairs Horde recruiting 1 Khuzait Armed Convoy Trader
2026-01-09 02:58:59.959 -06:00 [INF] PressGang: Grand Khuzait Horde recruiting 1 Khuzait Tribal Warrior (Rank 1)
2026-01-09 02:59:01.491 -06:00 [INF] MERGING: Steppe Bandits (9) -> Steppe Bandits (16) [Naval: False]
2026-01-09 02:59:01.493 -06:00 [INF] Total Merges this battle: 1
2026-01-09 02:59:01.638 -06:00 [INF] PressGang: Sea Raiders recruiting 1 Nord Peasant
2026-01-09 02:59:01.685 -06:00 [INF] PressGang: Grand Sturgia Horde recruiting 1 Sturgia Peasant
2026-01-09 02:59:01.685 -06:00 [INF] PressGang: Grand Sturgia Horde recruiting 1 Sturgian Heavy Spearman
2026-01-09 02:59:01.685 -06:00 [INF] PressGang: Grand Sturgia Horde recruiting 1 Lake Rat Wrecker 
2026-01-09 02:59:01.968 -06:00 [INF] PressGang: Grand Khuzait Horde recruiting 1 Khuzait Noble's Son
2026-01-09 02:59:01.968 -06:00 [INF] PressGang: Grand Khuzait Horde recruiting 1 Khuzait Archer
2026-01-09 02:59:02.114 -06:00 [INF] PressGang: Grand Sturgia Horde recruiting 1 Looter
2026-01-09 02:59:03.140 -06:00 [INF] PressGang: Grand Aserai Horde recruiting 1 Steppe Bandit
2026-01-09 02:59:03.140 -06:00 [INF] PressGang: Grand Aserai Horde recruiting 1 Looter
2026-01-09 02:59:03.238 -06:00 [INF] PressGang: Grand Sturgia Horde recruiting 1 Sturgian Veteran Shipman
2026-01-09 02:59:03.238 -06:00 [INF] PressGang: Grand Sturgia Horde recruiting 1 Sturgian Heavy Axeman
2026-01-09 02:59:03.238 -06:00 [INF] PressGang: Grand Sturgia Horde recruiting 1 Sturgian Recruit (Rank 1)
2026-01-09 02:59:03.574 -06:00 [INF] PressGang: Desert Bandits recruiting 1 Koleman
2026-01-09 02:59:04.499 -06:00 [INF] PressGang: Grand Corsairs Horde recruiting 1 Imperial Coast Guard
2026-01-09 02:59:05.031 -06:00 [INF] MERGING: Looters (6) -> Looters (15) [Naval: False]
2026-01-09 02:59:05.032 -06:00 [INF] Total Merges this battle: 1
2026-01-09 02:59:05.562 -06:00 [INF] PressGang: Looters recruiting 1 Sturgia Peasant
2026-01-09 02:59:05.998 -06:00 [INF] PressGang: Sea Raiders recruiting 1 Empire Peasant
2026-01-09 02:59:06.542 -06:00 [INF] PressGang: Looters recruiting 1 Nord Peasant
2026-01-09 02:59:06.771 -06:00 [INF] PressGang: Looters recruiting 1 Imperial Infantryman
2026-01-09 02:59:06.771 -06:00 [INF] PressGang: Looters recruiting 1 Imperial Crossbowman
2026-01-09 02:59:07.135 -06:00 [INF] MERGING: Looters (17) -> Forest Bandits (19) [Naval: False]
2026-01-09 02:59:07.135 -06:00 [INF] Total Merges this battle: 1
2026-01-09 02:59:07.585 -06:00 [INF] Daily Tick: Verifying Syndicate War State...
2026-01-09 02:59:07.585 -06:00 [INF] Checking staggered war declarations for Day Index: 3
2026-01-09 02:59:07.588 -06:00 [INF] PressGang: Grand Looters Horde recruiting 1 Empire Peasant
2026-01-09 02:59:07.861 -06:00 [INF] PressGang: Grand Empire Horde recruiting 1 Empire Peasant
2026-01-09 02:59:08.011 -06:00 [INF] Found 1 stuck Syndicate Warlords. Redeploying...
2026-01-09 02:59:08.230 -06:00 [INF] PressGang: Grand Battania Horde recruiting 1 Jawwal Bedouin
2026-01-09 02:59:08.231 -06:00 [INF] PressGang: Grand Battania Horde recruiting 1 Battanian Horseman
2026-01-09 02:59:08.231 -06:00 [INF] PressGang: Grand Battania Horde recruiting 1 Battanian Clan Warrior
2026-01-09 02:59:08.275 -06:00 [INF] PressGang: Udris of the Wolfskins' Party recruiting 1 Looter
2026-01-09 02:59:08.275 -06:00 [INF] PressGang: Udris of the Wolfskins' Party recruiting 1 Jawwal Bedouin
2026-01-09 02:59:08.642 -06:00 [INF] PressGang: Grand Looters Horde recruiting 1 Empire Peasant
2026-01-09 02:59:08.849 -06:00 [INF] Found 1 stuck Syndicate Warlords. Redeploying...
2026-01-09 02:59:08.888 -06:00 [INF] PressGang: Corsairs recruiting 2 Imperial Veteran Archer
2026-01-09 02:59:08.888 -06:00 [INF] PressGang: Corsairs recruiting 1 Imperial Trained Infantryman
2026-01-09 02:59:09.026 -06:00 [INF] PressGang: Deserters recruiting 1 Aserai Mamluke Regular
2026-01-09 02:59:09.340 -06:00 [INF] PressGang: Pelisor of the Wolfskins' Party recruiting 1 Battanian Clan Warrior
2026-01-09 02:59:09.341 -06:00 [INF] PressGang: Pelisor of the Wolfskins' Party recruiting 1 Battanian Volunteer
2026-01-09 02:59:09.666 -06:00 [INF] Found 1 stuck Syndicate Warlords. Redeploying...
2026-01-09 02:59:09.666 -06:00 [INF] Redeploying Vanther the Shark to Hideout...
2026-01-09 02:59:18.616 -06:00 [INF] MERGING: Looters (6) -> Looters (18) [Naval: False]
2026-01-09 02:59:18.616 -06:00 [INF] Total Merges this battle: 1
2026-01-09 02:59:19.889 -06:00 [INF] PressGang: Sea Raiders recruiting 1 Vlandia Peasant
2026-01-09 02:59:19.980 -06:00 [INF] PressGang: Grand Khuzait Horde recruiting 1 Khuzait Darkhan
2026-01-09 02:59:19.980 -06:00 [INF] PressGang: Grand Khuzait Horde recruiting 1 Khuzait Footman
2026-01-09 02:59:19.980 -06:00 [INF] PressGang: Grand Khuzait Horde recruiting 1 Khuzait Spearman
2026-01-09 02:59:19.980 -06:00 [INF] PressGang: Grand Khuzait Horde recruiting 1 Khuzait Hunter
2026-01-09 02:59:21.420 -06:00 [INF] PressGang: Grand Vakken Horde recruiting 1 Vlandian Footman
2026-01-09 02:59:21.512 -06:00 [INF] PressGang: Looters recruiting 1 Aserai Peasant
2026-01-09 02:59:21.692 -06:00 [INF] PressGang: Grand Sturgia Horde recruiting 2 Sturgian Hunter
2026-01-09 02:59:21.692 -06:00 [INF] PressGang: Grand Sturgia Horde recruiting 1 Sturgian Reaver
2026-01-09 02:59:21.692 -06:00 [INF] PressGang: Grand Sturgia Horde recruiting 1 Sturgian Heavy Spearman (Rank 1)
2026-01-09 02:59:21.692 -06:00 [INF] PressGang: Grand Sturgia Horde recruiting 2 Sturgian Spearman (Rank 1)
2026-01-09 02:59:21.963 -06:00 [INF] PressGang: Grand Khuzait Horde recruiting 6 Khuzait Tribal Warrior
2026-01-09 02:59:22.055 -06:00 [INF] PressGang: Looters recruiting 1 Imperial Crossbowman
2026-01-09 02:59:22.055 -06:00 [INF] PressGang: Looters recruiting 1 Imperial Recruit
2026-01-09 02:59:22.283 -06:00 [INF] PressGang: Grand Sturgia Horde recruiting 1 Sturgian Soldier (Rank 1)
2026-01-09 02:59:22.964 -06:00 [INF] PressGang: Desert Bandits recruiting 1 Aserai Peasant
2026-01-09 02:59:23.551 -06:00 [INF] PressGang: Desert Bandits recruiting 1 Aserai Peasant
2026-01-09 02:59:24.400 -06:00 [INF] PressGang: Grand Corsairs Horde recruiting 1 Imperial Coast Guard
2026-01-09 02:59:24.400 -06:00 [INF] PressGang: Grand Corsairs Horde recruiting 1 Imperial Trained Infantryman
2026-01-09 02:59:24.548 -06:00 [INF] PressGang: Grand Looters Horde recruiting 1 Imperial Armed Convoy Trader
2026-01-09 02:59:24.548 -06:00 [INF] PressGang: Grand Corsairs Horde recruiting 1 Aserai Peasant
2026-01-09 02:59:25.493 -06:00 [INF] PressGang: Deserters recruiting 1 Khuzait Peasant
2026-01-09 02:59:25.589 -06:00 [INF] PressGang: Looters recruiting 3 Empire Peasant
2026-01-09 02:59:25.842 -06:00 [INF] PressGang: Sea Raiders recruiting 1 Empire Peasant
2026-01-09 02:59:26.236 -06:00 [INF] PressGang: Looters recruiting 1 Sturgian Soldier
2026-01-09 02:59:26.335 -06:00 [INF] PressGang: Looters recruiting 1 Nord Peasant
2026-01-09 02:59:27.228 -06:00 [INF] Found 1 stuck Syndicate Warlords. Redeploying...
2026-01-09 02:59:27.341 -06:00 [INF] PressGang: Grand Looters Horde recruiting 1 Empire Peasant
2026-01-09 02:59:27.635 -06:00 [INF] Daily Tick: Verifying Syndicate War State...
2026-01-09 02:59:27.635 -06:00 [INF] Checking staggered war declarations for Day Index: 4
2026-01-09 02:59:27.935 -06:00 [INF] PressGang: Deserters recruiting 1 Aserai Tribal Horseman
2026-01-09 02:59:28.060 -06:00 [INF] Found 1 stuck Syndicate Warlords. Redeploying...
2026-01-09 02:59:28.393 -06:00 [INF] MERGING: Looters (14) -> Looters (15) [Naval: False]
2026-01-09 02:59:28.394 -06:00 [INF] Total Merges this battle: 1
2026-01-09 02:59:28.526 -06:00 [INF] PressGang: Grand Empire Horde recruiting 1 Hillman
2026-01-09 02:59:28.526 -06:00 [INF] PressGang: Grand Empire Horde recruiting 1 Looter
2026-01-09 02:59:28.655 -06:00 [INF] PressGang: Grand Looters Horde recruiting 1 Aserai Caravan Guard
2026-01-09 02:59:28.657 -06:00 [INF] PressGang: Grand Looters Horde recruiting 1 Aserai Armed Trader
2026-01-09 02:59:28.657 -06:00 [INF] PressGang: Grand Looters Horde recruiting 1 Aserai Caravan Master
2026-01-09 02:59:28.882 -06:00 [INF] Found 1 stuck Syndicate Warlords. Redeploying...
2026-01-09 02:59:29.309 -06:00 [INF] MERGING: Looters (7) -> Looters (14) [Naval: False]
2026-01-09 02:59:29.309 -06:00 [INF] Total Merges this battle: 1
2026-01-09 02:59:29.709 -06:00 [INF] Found 1 stuck Syndicate Warlords. Redeploying...
2026-01-09 02:59:30.523 -06:00 [INF] Found 1 stuck Syndicate Warlords. Redeploying...
2026-01-09 02:59:31.367 -06:00 [INF] Found 1 stuck Syndicate Warlords. Redeploying...
2026-01-09 02:59:31.493 -06:00 [INF] PressGang: Steppe Bandits recruiting 1 Khuzait Peasant
2026-01-09 02:59:32.212 -06:00 [INF] Found 1 stuck Syndicate Warlords. Redeploying...
2026-01-09 02:59:33.057 -06:00 [INF] Found 1 stuck Syndicate Warlords. Redeploying...
2026-01-09 02:59:33.877 -06:00 [INF] Found 1 stuck Syndicate Warlords. Redeploying...
2026-01-09 02:59:34.705 -06:00 [INF] Found 1 stuck Syndicate Warlords. Redeploying...
2026-01-09 02:59:35.551 -06:00 [INF] Found 1 stuck Syndicate Warlords. Redeploying...
2026-01-09 02:59:36.394 -06:00 [INF] Found 1 stuck Syndicate Warlords. Redeploying...
2026-01-09 02:59:36.605 -06:00 [INF] PressGang: Grand Aserai Horde recruiting 1 Looter
2026-01-09 02:59:37.224 -06:00 [INF] Found 1 stuck Syndicate Warlords. Redeploying...
2026-01-09 02:59:38.030 -06:00 [INF] Found 1 stuck Syndicate Warlords. Redeploying...
2026-01-09 02:59:38.471 -06:00 [INF] MERGING: Looters (16) -> Looters (18) [Naval: False]
2026-01-09 02:59:38.472 -06:00 [INF] MERGING: Looters (15) -> Looters (34) [Naval: False]
2026-01-09 02:59:38.472 -06:00 [INF] Total Merges this battle: 2
2026-01-09 02:59:38.940 -06:00 [INF] Found 1 stuck Syndicate Warlords. Redeploying...
2026-01-09 02:59:38.953 -06:00 [INF] MERGING: Looters (6) -> Looters (14) [Naval: False]
2026-01-09 02:59:38.953 -06:00 [INF] MERGING: Looters (5) -> Looters (20) [Naval: False]
2026-01-09 02:59:38.953 -06:00 [INF] Total Merges this battle: 2
2026-01-09 02:59:39.722 -06:00 [INF] Found 1 stuck Syndicate Warlords. Redeploying...
2026-01-09 02:59:39.936 -06:00 [INF] PressGang: Grand Khuzait Horde recruiting 3 Khuzait Spear Infantry
2026-01-09 02:59:39.936 -06:00 [INF] PressGang: Grand Khuzait Horde recruiting 1 Khuzait Footman
2026-01-09 02:59:39.936 -06:00 [INF] PressGang: Grand Khuzait Horde recruiting 1 Khuzait Spearman
2026-01-09 02:59:39.936 -06:00 [INF] PressGang: Grand Khuzait Horde recruiting 1 Khuzait Torguud
2026-01-09 02:59:39.936 -06:00 [INF] PressGang: Grand Khuzait Horde recruiting 1 Khuzait Qanqli
2026-01-09 02:59:40.553 -06:00 [INF] Found 1 stuck Syndicate Warlords. Redeploying...
2026-01-09 02:59:41.403 -06:00 [INF] Found 1 stuck Syndicate Warlords. Redeploying...
2026-01-09 02:59:41.405 -06:00 [INF] PressGang: Grand Vakken Horde recruiting 1 Vlandian Recruit
2026-01-09 02:59:41.441 -06:00 [INF] PressGang: Looters recruiting 1 Aserai Peasant
2026-01-09 02:59:41.663 -06:00 [INF] PressGang: Grand Sturgia Horde recruiting 1 Sturgian Brigand (Rank 1)
2026-01-09 02:59:41.663 -06:00 [INF] PressGang: Grand Sturgia Horde recruiting 1 Sturgian Warrior
2026-01-09 02:59:41.663 -06:00 [INF] PressGang: Grand Sturgia Horde recruiting 1 Lake Rat Wrecker 
2026-01-09 02:59:41.663 -06:00 [INF] PressGang: Grand Sturgia Horde recruiting 1 Sturgian Horse Raider
2026-01-09 02:59:42.070 -06:00 [INF] PressGang: Grand Sturgia Horde recruiting 1 Sturgia Peasant
2026-01-09 02:59:42.071 -06:00 [INF] PressGang: Grand Sturgia Horde recruiting 1 Sea Raider
2026-01-09 02:59:42.071 -06:00 [INF] PressGang: Grand Sturgia Horde recruiting 2 Sturgian Recruit
2026-01-09 02:59:42.071 -06:00 [INF] PressGang: Grand Sturgia Horde recruiting 1 Sturgian Veteran Bowman
2026-01-09 02:59:42.071 -06:00 [INF] PressGang: Grand Sturgia Horde recruiting 1 Sturgian Crewman
2026-01-09 02:59:42.214 -06:00 [INF] Found 1 stuck Syndicate Warlords. Redeploying...
2026-01-09 02:59:42.256 -06:00 [INF] PressGang: Grand Sturgia Horde recruiting 1 Sturgian Reaver
2026-01-09 02:59:42.256 -06:00 [INF] PressGang: Grand Sturgia Horde recruiting 1 Sturgian Heroic Line Breaker
2026-01-09 02:59:42.256 -06:00 [INF] PressGang: Grand Sturgia Horde recruiting 2 Sturgian Horse Raider
2026-01-09 02:59:42.349 -06:00 [INF] MERGING: Looters (8) -> Deserters (39) [Naval: False]
2026-01-09 02:59:42.350 -06:00 [INF] Total Merges this battle: 1
2026-01-09 02:59:42.898 -06:00 [INF] PressGang: Desert Bandits recruiting 1 Aserai Peasant
2026-01-09 02:59:43.050 -06:00 [INF] Found 1 stuck Syndicate Warlords. Redeploying...
2026-01-09 02:59:43.172 -06:00 [INF] PressGang: Grand Sturgia Horde recruiting 1 Sturgian Archer
2026-01-09 02:59:43.175 -06:00 [INF] PressGang: Grand Sturgia Horde recruiting 1 Sturgian Hardened Brigand (Rank 1)
2026-01-09 02:59:43.217 -06:00 [INF] PressGang: Looters recruiting 2 Nord Peasant
2026-01-09 02:59:43.912 -06:00 [INF] Found 1 stuck Syndicate Warlords. Redeploying...
2026-01-09 02:59:43.912 -06:00 [INF] Redeploying Thavin the Shark to Hideout...
2026-01-09 02:59:44.040 -06:00 [INF] PressGang: Grand Looters Horde recruiting 1 Imperial Infantryman
2026-01-09 02:59:44.275 -06:00 [INF] PressGang: Looters recruiting 1 Empire Peasant
2026-01-09 02:59:45.182 -06:00 [INF] PressGang: Looters recruiting 1 Nord Peasant
2026-01-09 02:59:45.331 -06:00 [INF] PressGang: Deserters recruiting 1 Aserai Peasant
2026-01-09 02:59:45.674 -06:00 [INF] PressGang: Sea Raiders recruiting 1 Imperial Infantryman
2026-01-09 02:59:45.975 -06:00 [INF] PressGang: Grand Looters Horde recruiting 1 Vlandian Veteran Convoy Guard
2026-01-09 02:59:45.975 -06:00 [INF] PressGang: Grand Looters Horde recruiting 1 Vlandian Armed Convoy Trader
2026-01-09 02:59:46.020 -06:00 [INF] PressGang: Grand Looters Horde recruiting 1 Empire Peasant
2026-01-09 02:59:46.122 -06:00 [INF] PressGang: Looters recruiting 1 Nord Peasant
2026-01-09 02:59:46.171 -06:00 [INF] PressGang: Looters recruiting 1 Aserai Peasant
2026-01-09 02:59:46.564 -06:00 [INF] PressGang: Steppe Bandits recruiting 2 Aserai Peasant
2026-01-09 02:59:46.667 -06:00 [INF] PressGang: Looters recruiting 1 Aserai Faris
2026-01-09 02:59:47.218 -06:00 [INF] Found 1 stuck Syndicate Warlords. Redeploying...
2026-01-09 02:59:47.358 -06:00 [INF] PressGang: Grand Khuzait Horde recruiting 1 Khuzait Hunter
2026-01-09 02:59:47.359 -06:00 [INF] PressGang: Grand Khuzait Horde recruiting 1 Looter
2026-01-09 02:59:47.657 -06:00 [INF] Daily Tick: Verifying Syndicate War State...
2026-01-09 02:59:47.658 -06:00 [INF] Checking staggered war declarations for Day Index: 5
2026-01-09 02:59:47.660 -06:00 [INF] PressGang: Grand Looters Horde recruiting 1 Aserai Peasant
2026-01-09 02:59:47.753 -06:00 [INF] MERGING: Mountain Bandits (12) -> Looters (19) [Naval: False]
2026-01-09 02:59:47.754 -06:00 [INF] Total Merges this battle: 1
2026-01-09 02:59:48.061 -06:00 [INF] Found 1 stuck Syndicate Warlords. Redeploying...
2026-01-09 02:59:48.062 -06:00 [INF] PressGang: Looters recruiting 2 Empire Peasant
2026-01-09 02:59:48.199 -06:00 [INF] PressGang: Grand Empire Horde recruiting 1 Looter
2026-01-09 02:59:48.246 -06:00 [INF] PressGang: Corsairs recruiting 1 Imperial Shipmate
2026-01-09 02:59:48.895 -06:00 [INF] Found 1 stuck Syndicate Warlords. Redeploying...
2026-01-09 02:59:48.896 -06:00 [INF] Redeploying The Warlord to Hideout...
2026-01-09 02:59:48.941 -06:00 [INF] PressGang: Deserters recruiting 1 Vlandia Peasant
2026-01-09 02:59:48.941 -06:00 [INF] PressGang: Deserters recruiting 1 Vlandia Peasant
2026-01-09 02:59:51.337 -06:00 [INF] MERGING: Looters (8) -> Looters (13) [Naval: False]
2026-01-09 02:59:51.338 -06:00 [INF] Total Merges this battle: 1
2026-01-09 02:59:53.917 -06:00 [INF] Found 1 stuck Syndicate Warlords. Redeploying...
2026-01-09 02:59:54.745 -06:00 [INF] Found 1 stuck Syndicate Warlords. Redeploying...
2026-01-09 02:59:55.559 -06:00 [INF] Found 1 stuck Syndicate Warlords. Redeploying...
2026-01-09 02:59:56.396 -06:00 [INF] Found 1 stuck Syndicate Warlords. Redeploying...
2026-01-09 02:59:57.229 -06:00 [INF] Found 1 stuck Syndicate Warlords. Redeploying...
2026-01-09 02:59:57.707 -06:00 [INF] MERGING: Forest Bandits (9) -> Forest Bandits (11) [Naval: False]
2026-01-09 02:59:57.708 -06:00 [INF] Total Merges this battle: 1
2026-01-09 02:59:58.058 -06:00 [INF] Found 1 stuck Syndicate Warlords. Redeploying...
2026-01-09 02:59:58.946 -06:00 [INF] Found 1 stuck Syndicate Warlords. Redeploying...
2026-01-09 02:59:59.719 -06:00 [INF] Found 1 stuck Syndicate Warlords. Redeploying...
2026-01-09 03:00:00.001 -06:00 [INF] PressGang: Grand Khuzait Horde recruiting 1 Khuzait Horse Archer
2026-01-09 03:00:00.001 -06:00 [INF] PressGang: Grand Khuzait Horde recruiting 3 Khuzait Spearman
2026-01-09 03:00:00.001 -06:00 [INF] PressGang: Grand Khuzait Horde recruiting 3 Khuzait Nomad
2026-01-09 03:00:00.001 -06:00 [INF] PressGang: Grand Khuzait Horde recruiting 1 Sword Sister
2026-01-09 03:00:00.001 -06:00 [INF] PressGang: Grand Khuzait Horde recruiting 1 Khuzait Tribal Warrior
2026-01-09 03:00:00.583 -06:00 [INF] Found 1 stuck Syndicate Warlords. Redeploying...
2026-01-09 03:00:01.404 -06:00 [INF] Found 1 stuck Syndicate Warlords. Redeploying...
2026-01-09 03:00:01.444 -06:00 [INF] PressGang: Grand Vakken Horde recruiting 1 Battanian Hero
2026-01-09 03:00:01.444 -06:00 [INF] PressGang: Grand Vakken Horde recruiting 1 Vlandian Hardened Crossbowman
2026-01-09 03:00:01.684 -06:00 [INF] PressGang: Grand Sturgia Horde recruiting 1 Sturgian Recruit
2026-01-09 03:00:01.685 -06:00 [INF] PressGang: Grand Sturgia Horde recruiting 1 Sturgian Brigand (Rank 1)
2026-01-09 03:00:01.685 -06:00 [INF] PressGang: Grand Sturgia Horde recruiting 1 Sturgian Warrior (Rank 1)
2026-01-09 03:00:01.685 -06:00 [INF] PressGang: Grand Sturgia Horde recruiting 1 Sturgian Horse Raider
2026-01-09 03:00:02.232 -06:00 [INF] Found 1 stuck Syndicate Warlords. Redeploying...
2026-01-09 03:00:02.232 -06:00 [INF] Redeploying Thera the Exile to Hideout...
2026-01-09 03:00:02.278 -06:00 [INF] PressGang: Grand Sturgia Horde recruiting 1 Sturgian Spearman (Rank 1)
2026-01-09 03:00:04.691 -06:00 [INF] MERGING: Looters (8) -> Looters (14) [Naval: False]
2026-01-09 03:00:04.691 -06:00 [INF] Total Merges this battle: 1
2026-01-09 03:00:05.338 -06:00 [INF] PressGang: Looters recruiting 2 Empire Peasant
2026-01-09 03:00:05.386 -06:00 [INF] PressGang: Grand Looters Horde recruiting 1 Empire Peasant
2026-01-09 03:00:05.537 -06:00 [INF] PressGang: Sea Raiders recruiting 1 Imperial Crossbowman
2026-01-09 03:00:05.788 -06:00 [INF] PressGang: Grand Looters Horde recruiting 1 Vlandian Veteran Convoy Guard
2026-01-09 03:00:05.788 -06:00 [INF] PressGang: Grand Looters Horde recruiting 1 Vlandian Convoy Guard
2026-01-09 03:00:05.788 -06:00 [INF] PressGang: Grand Looters Horde recruiting 1 Vlandian Armed Convoy Trader
2026-01-09 03:00:06.038 -06:00 [INF] MERGING: Looters (13) -> Looters (16) [Naval: False]
2026-01-09 03:00:06.039 -06:00 [INF] Total Merges this battle: 1
2026-01-09 03:00:06.188 -06:00 [INF] PressGang: Looters recruiting 1 Vlandia Peasant
2026-01-09 03:00:06.989 -06:00 [INF] PressGang: Desert Bandits recruiting 1 Aserai Peasant
2026-01-09 03:00:07.443 -06:00 [INF] PressGang: Grand Looters Horde recruiting 1 Aserai Mamluke Regular
2026-01-09 03:00:07.642 -06:00 [INF] Daily Tick: Verifying Syndicate War State...
2026-01-09 03:00:07.642 -06:00 [INF] Checking staggered war declarations for Day Index: 0
2026-01-09 03:00:07.935 -06:00 [INF] PressGang: Looters recruiting 1 Aserai Peasant
2026-01-09 03:00:08.035 -06:00 [INF] PressGang: Corsairs recruiting 1 Imperial Naute
2026-01-09 03:00:09.653 -06:00 [INF] PressGang: Phorys of the Embers' Party recruiting 3 Looter
2026-01-09 03:00:11.897 -06:00 [INF] MERGING: Looters (20) -> Mountain Bandits (22) [Naval: False]
2026-01-09 03:00:11.898 -06:00 [INF] MERGING: Looters (18) -> Grand Mountain Bandits Horde (42) [Naval: False]
2026-01-09 03:00:11.898 -06:00 [INF] MERGING: Mountain Bandits (16) -> Grand Mountain Bandits Horde (60) [Naval: False]
2026-01-09 03:00:11.898 -06:00 [INF] Total Merges this battle: 3
2026-01-09 03:00:13.979 -06:00 [INF] MERGING: Desert Bandits (9) -> Desert Bandits (14) [Naval: False]
2026-01-09 03:00:13.980 -06:00 [INF] Total Merges this battle: 1
2026-01-09 03:00:19.802 -06:00 [INF] PressGang: Grand Corsairs Horde recruiting 1 Khuzait Veteran Convoy Guard
2026-01-09 03:00:19.996 -06:00 [INF] PressGang: Grand Khuzait Horde recruiting 1 Khuzait Spear Infantry
2026-01-09 03:00:19.996 -06:00 [INF] PressGang: Grand Khuzait Horde recruiting 1 Khuzait Spearman
2026-01-09 03:00:20.384 -06:00 [INF] MERGING: Looters (19) -> Deserters (22) [Naval: False]
2026-01-09 03:00:20.386 -06:00 [INF] Total Merges this battle: 1
2026-01-09 03:00:20.587 -06:00 [INF] MERGING: Looters (10) -> Grand Empire Horde (69) [Naval: False]
2026-01-09 03:00:20.587 -06:00 [INF] Total Merges this battle: 1
2026-01-09 03:00:21.653 -06:00 [INF] PressGang: Grand Sturgia Horde recruiting 1 Sturgian Archer
2026-01-09 03:00:21.654 -06:00 [INF] PressGang: Grand Sturgia Horde recruiting 1 Sturgian Warrior
2026-01-09 03:00:21.706 -06:00 [INF] PressGang: Grand Looters Horde recruiting 1 Imperial Convoy Guard
2026-01-09 03:00:22.187 -06:00 [INF] PressGang: Grand Sturgia Horde recruiting 1 Sturgian Heroic Line Breaker
2026-01-09 03:00:22.187 -06:00 [INF] PressGang: Grand Sturgia Horde recruiting 1 Sturgian Horse Raider
2026-01-09 03:00:22.187 -06:00 [INF] PressGang: Grand Sturgia Horde recruiting 1 Sturgian Line Breaker
2026-01-09 03:00:23.318 -06:00 [INF] PressGang: Desert Bandits recruiting 2 Aserai Peasant
2026-01-09 03:00:24.099 -06:00 [INF] PressGang: Grand Corsairs Horde recruiting 1 Imperial Shipmate
2026-01-09 03:00:25.179 -06:00 [INF] PressGang: Grand Looters Horde recruiting 1 Empire Peasant
2026-01-09 03:00:25.280 -06:00 [INF] PressGang: Deserters recruiting 1 Aserai Peasant
2026-01-09 03:00:25.376 -06:00 [INF] PressGang: Sea Raiders recruiting 1 Imperial Bucellarii
2026-01-09 03:00:25.617 -06:00 [INF] PressGang: Grand Looters Horde recruiting 1 Vlandian Veteran Convoy Guard
2026-01-09 03:00:25.617 -06:00 [INF] PressGang: Grand Looters Horde recruiting 1 Imperial Coast Guard
2026-01-09 03:00:25.617 -06:00 [INF] PressGang: Grand Looters Horde recruiting 1 Imperial Trained Infantryman
2026-01-09 03:00:25.669 -06:00 [INF] PressGang: Grand Looters Horde recruiting 1 Empire Peasant
2026-01-09 03:00:25.717 -06:00 [INF] PressGang: Grand Looters Horde recruiting 1 Sturgian Soldier
2026-01-09 03:00:25.963 -06:00 [INF] PressGang: Looters recruiting 1 Imperial Cataphract
2026-01-09 03:00:25.963 -06:00 [INF] PressGang: Looters recruiting 1 Imperial Equite
2026-01-09 03:00:26.252 -06:00 [INF] PressGang: Sea Raiders recruiting 1 Empire Peasant
2026-01-09 03:00:26.892 -06:00 [INF] PressGang: Grand Khuzait Horde recruiting 1 Imperial Archer
2026-01-09 03:00:26.893 -06:00 [INF] PressGang: Grand Khuzait Horde recruiting 1 Imperial Infantryman
2026-01-09 03:00:27.277 -06:00 [INF] PressGang: Grand Looters Horde recruiting 1 Imperial Trained Archer
2026-01-09 03:00:27.277 -06:00 [INF] PressGang: Grand Looters Horde recruiting 1 Empire Peasant
2026-01-09 03:00:27.524 -06:00 [INF] PressGang: Looters recruiting 1 Empire Peasant
2026-01-09 03:00:27.618 -06:00 [INF] PressGang: Looters recruiting 1 Aserai Peasant
2026-01-09 03:00:27.675 -06:00 [INF] Daily Tick: Verifying Syndicate War State...
2026-01-09 03:00:27.675 -06:00 [INF] Checking staggered war declarations for Day Index: 1
2026-01-09 03:00:28.255 -06:00 [INF] PressGang: Sea Raiders recruiting 3 Sturgian Soldier
2026-01-09 03:00:28.312 -06:00 [INF] PressGang: Deserters recruiting 1 Vlandia Peasant
2026-01-09 03:00:28.503 -06:00 [INF] PressGang: Looters recruiting 1 Vlandian Billman
2026-01-09 03:00:29.239 -06:00 [INF] PressGang: Sea Raiders recruiting 1 Sturgian Convoy Guard
2026-01-09 03:00:29.576 -06:00 [INF] PressGang: Thera the Exile's Party recruiting 1 Bedouin Rover
2026-01-09 03:00:29.678 -06:00 [INF] MERGING: Looters (15) -> Looters (22) [Naval: False]
2026-01-09 03:00:29.679 -06:00 [INF] Total Merges this battle: 1
2026-01-09 03:00:31.399 -06:00 [INF] MERGING: Looters (15) -> Thera the Exile's Party (29) [Naval: False]
2026-01-09 03:00:31.400 -06:00 [INF] Total Merges this battle: 1
2026-01-09 03:00:31.634 -06:00 [INF] MERGING: Steppe Bandits (7) -> Looters (12) [Naval: False]
2026-01-09 03:00:31.634 -06:00 [INF] Total Merges this battle: 1
2026-01-09 03:00:37.906 -06:00 [INF] PressGang: Looters recruiting 1 Nord Peasant
2026-01-09 03:00:39.527 -06:00 [INF] MERGING: Looters (12) -> Deserters (20) [Naval: False]
2026-01-09 03:00:39.528 -06:00 [INF] MERGING: Looters (9) -> Deserters (32) [Naval: False]
2026-01-09 03:00:39.528 -06:00 [INF] Total Merges this battle: 2
2026-01-09 03:00:39.923 -06:00 [INF] PressGang: Grand Khuzait Horde recruiting 1 Khuzait Footman
2026-01-09 03:00:39.923 -06:00 [INF] PressGang: Grand Khuzait Horde recruiting 1 Khuzait Spearman
2026-01-09 03:00:39.923 -06:00 [INF] PressGang: Grand Khuzait Horde recruiting 1 Khuzait Nomad
2026-01-09 03:00:39.923 -06:00 [INF] PressGang: Grand Khuzait Horde recruiting 1 Outrider
2026-01-09 03:00:39.923 -06:00 [INF] PressGang: Grand Khuzait Horde recruiting 1 Khuzait Noble's Son
2026-01-09 03:00:39.923 -06:00 [INF] PressGang: Grand Khuzait Horde recruiting 1 Khuzait Tribal Warrior
2026-01-09 03:00:41.576 -06:00 [INF] PressGang: Grand Sturgia Horde recruiting 1 Sturgian Archer
2026-01-09 03:00:41.576 -06:00 [INF] PressGang: Grand Sturgia Horde recruiting 1 Sturgian Warrior
2026-01-09 03:00:41.576 -06:00 [INF] PressGang: Grand Sturgia Horde recruiting 1 Sturgian Heavy Spearman
2026-01-09 03:00:41.975 -06:00 [INF] PressGang: Grand Sturgia Horde recruiting 1 Looter
2026-01-09 03:00:42.121 -06:00 [INF] PressGang: Grand Sturgia Horde recruiting 1 Sturgian Hardened Brigand
2026-01-09 03:00:42.765 -06:00 [INF] PressGang: Desert Bandits recruiting 2 Aserai Peasant
2026-01-09 03:00:43.211 -06:00 [INF] PressGang: Desert Bandits recruiting 1 Aserai Peasant
2026-01-09 03:00:43.905 -06:00 [INF] PressGang: Sea Raiders recruiting 1 Nord Peasant
2026-01-09 03:00:44.004 -06:00 [INF] PressGang: Grand Corsairs Horde recruiting 1 Imperial Shipmate
2026-01-09 03:00:44.203 -06:00 [INF] PressGang: Deserters recruiting 1 Sturgia Peasant
2026-01-09 03:00:44.352 -06:00 [INF] MERGING: Deserters (16) -> Deserters (17) [Naval: False]
2026-01-09 03:00:44.353 -06:00 [INF] Total Merges this battle: 1
2026-01-09 03:00:44.795 -06:00 [INF] PressGang: Looters recruiting 1 Nord Peasant
2026-01-09 03:00:45.190 -06:00 [INF] PressGang: Sea Raiders recruiting 1 Imperial Equite
2026-01-09 03:00:45.388 -06:00 [INF] PressGang: Grand Looters Horde recruiting 1 Imperial Legionary
2026-01-09 03:00:45.389 -06:00 [INF] PressGang: Grand Looters Horde recruiting 2 Imperial Shipmate
2026-01-09 03:00:45.389 -06:00 [INF] PressGang: Grand Looters Horde recruiting 1 Imperial Coast Guard
2026-01-09 03:00:45.632 -06:00 [INF] PressGang: Grand Looters Horde recruiting 1 Sturgian Veteran Convoy Guard
2026-01-09 03:00:45.632 -06:00 [INF] PressGang: Grand Looters Horde recruiting 1 Sturgian Convoy Guard
2026-01-09 03:00:45.784 -06:00 [INF] PressGang: Looters recruiting 1 Imperial Infantryman
2026-01-09 03:00:45.784 -06:00 [INF] PressGang: Looters recruiting 1 Imperial Crossbowman
2026-01-09 03:00:46.226 -06:00 [INF] MERGING: Looters (6) -> Looters (15) [Naval: False]
2026-01-09 03:00:46.227 -06:00 [INF] MERGING: Looters (4) -> Looters (21) [Naval: False]
2026-01-09 03:00:46.228 -06:00 [INF] Total Merges this battle: 2
2026-01-09 03:00:46.675 -06:00 [INF] PressGang: Grand Khuzait Horde recruiting 1 Khuzait Horseman
2026-01-09 03:00:46.676 -06:00 [INF] PressGang: Grand Khuzait Horde recruiting 1 Khuzait Archer
2026-01-09 03:00:46.676 -06:00 [INF] PressGang: Grand Khuzait Horde recruiting 1 Imperial Heavy Horseman
2026-01-09 03:00:46.975 -06:00 [INF] PressGang: Grand Corsairs Horde recruiting 1 Aserai Peasant
2026-01-09 03:00:47.123 -06:00 [INF] PressGang: Grand Looters Horde recruiting 1 Nord Peasant
2026-01-09 03:00:47.280 -06:00 [INF] PressGang: Grand Looters Horde recruiting 1 Empire Peasant
2026-01-09 03:00:47.280 -06:00 [INF] PressGang: Looters recruiting 1 Empire Peasant
2026-01-09 03:00:47.675 -06:00 [INF] Daily Tick: Verifying Syndicate War State...
2026-01-09 03:00:47.675 -06:00 [INF] Checking staggered war declarations for Day Index: 2
2026-01-09 03:00:47.917 -06:00 [INF] PressGang: Looters recruiting 2 Khuzait Peasant
2026-01-09 03:00:47.966 -06:00 [INF] PressGang: Sea Raiders recruiting 1 Sturgian Archer
2026-01-09 03:00:48.125 -06:00 [INF] Found 1 stuck Syndicate Warlords. Redeploying...
2026-01-09 03:00:48.127 -06:00 [INF] PressGang: Corsairs recruiting 3 Imperial Shipmate
2026-01-09 03:00:48.214 -06:00 [INF] PressGang: Looters recruiting 1 Vlandian Recruit
2026-01-09 03:00:48.462 -06:00 [INF] MERGING: Grand Looters Horde (19) -> Grand Looters Horde (38) [Naval: False]
2026-01-09 03:00:48.462 -06:00 [INF] Total Merges this battle: 1
2026-01-09 03:00:48.916 -06:00 [INF] Found 1 stuck Syndicate Warlords. Redeploying...
2026-01-09 03:00:49.308 -06:00 [INF] PressGang: Deserters recruiting 1 Vlandian Crossbowman
2026-01-09 03:00:49.308 -06:00 [INF] PressGang: Deserters recruiting 1 Vlandian Champion
2026-01-09 03:00:49.308 -06:00 [INF] PressGang: Deserters recruiting 1 Vlandian Gallant
2026-01-09 03:00:49.703 -06:00 [INF] PressGang: Deserters recruiting 1 Vlandia Peasant
2026-01-09 03:00:49.764 -06:00 [INF] Found 1 stuck Syndicate Warlords. Redeploying...
2026-01-09 03:00:49.764 -06:00 [INF] Redeploying Vanther the Shark to Hideout...
2026-01-09 03:00:52.294 -06:00 [INF] MERGING: Looters (11) -> Grand Looters Horde (65) [Naval: False]
2026-01-09 03:00:52.295 -06:00 [INF] MERGING: Looters (3) -> Grand Looters Horde (76) [Naval: False]
2026-01-09 03:00:52.295 -06:00 [INF] Total Merges this battle: 2
2026-01-09 03:00:56.688 -06:00 [INF] PressGang: Grand Aserai Horde recruiting 1 Aserai Infantry
2026-01-09 03:00:56.785 -06:00 [INF] PressGang: Grand Vakken Horde recruiting 1 Vlandian Hardened Crossbowman
2026-01-09 03:00:56.785 -06:00 [INF] PressGang: Grand Vakken Horde recruiting 1 Vlandian Crossbowman
2026-01-09 03:00:57.180 -06:00 [INF] MERGING: Forest Bandits (9) -> Forest Bandits (13) [Naval: False]
2026-01-09 03:00:57.180 -06:00 [INF] Total Merges this battle: 1
2026-01-09 03:00:59.913 -06:00 [INF] PressGang: Grand Khuzait Horde recruiting 1 Khuzait Horse Archer
2026-01-09 03:00:59.913 -06:00 [INF] PressGang: Grand Khuzait Horde recruiting 1 Khuzait Footman
2026-01-09 03:00:59.959 -06:00 [INF] PressGang: Grand Looters Horde recruiting 1 Sturgian Veteran Convoy Guard
2026-01-09 03:00:59.960 -06:00 [INF] PressGang: Grand Looters Horde recruiting 3 Sturgian Armed Convoy Trader
2026-01-09 03:01:01.217 -06:00 [INF] MERGING: Deserters (14) -> Deserters (16) [Naval: False]
2026-01-09 03:01:01.218 -06:00 [INF] Total Merges this battle: 1
2026-01-09 03:01:01.500 -06:00 [INF] PressGang: Grand Sturgia Horde recruiting 1 Sea Raider
2026-01-09 03:01:01.500 -06:00 [INF] PressGang: Grand Sturgia Horde recruiting 1 Sturgian Heavy Axeman
2026-01-09 03:01:01.500 -06:00 [INF] PressGang: Grand Sturgia Horde recruiting 1 Sturgian Horse Raider
2026-01-09 03:01:01.639 -06:00 [INF] PressGang: Grand Vakken Horde recruiting 1 Vlandian Footman
2026-01-09 03:01:02.638 -06:00 [INF] MERGING: Desert Bandits (15) -> Desert Bandits (19) [Naval: False]
2026-01-09 03:01:02.638 -06:00 [INF] Total Merges this battle: 1
2026-01-09 03:01:03.682 -06:00 [INF] PressGang: Sea Raiders recruiting 1 Nord Axe Warrior
2026-01-09 03:01:03.780 -06:00 [INF] PressGang: Sea Raiders recruiting 1 Nord Peasant
2026-01-09 03:01:04.060 -06:00 [INF] PressGang: Deserters recruiting 2 Sturgian Soldier
2026-01-09 03:01:04.442 -06:00 [INF] PressGang: Grand Aserai Horde recruiting 1 Aserai Tribesman
2026-01-09 03:01:04.443 -06:00 [INF] PressGang: Grand Aserai Horde recruiting 1 Aserai Recruit
2026-01-09 03:01:05.247 -06:00 [INF] PressGang: Grand Looters Horde recruiting 1 Imperial Veteran Archer
2026-01-09 03:01:05.247 -06:00 [INF] PressGang: Grand Looters Horde recruiting 1 Imperial Shipmate
2026-01-09 03:01:05.294 -06:00 [INF] PressGang: Deserters recruiting 1 Empire Peasant
2026-01-09 03:01:05.436 -06:00 [INF] PressGang: Grand Looters Horde recruiting 1 Sturgian Armed Convoy Trader
2026-01-09 03:01:05.576 -06:00 [INF] PressGang: Looters recruiting 1 Imperial Sergeant Crossbowman
2026-01-09 03:01:06.566 -06:00 [INF] PressGang: Desert Bandits recruiting 1 Aserai Recruit
2026-01-09 03:01:07.045 -06:00 [INF] PressGang: Mountain Bandits recruiting 2 Empire Peasant
2026-01-09 03:01:07.046 -06:00 [INF] PressGang: Looters recruiting 1 Aserai Peasant
2026-01-09 03:01:07.139 -06:00 [INF] PressGang: Grand Empire Horde recruiting 1 Imperial Elite Menavliaton (Rank 1)
2026-01-09 03:01:07.139 -06:00 [INF] PressGang: Grand Empire Horde recruiting 1 Blaze
2026-01-09 03:01:07.139 -06:00 [INF] PressGang: Grand Empire Horde recruiting 2 Corsair Chief
2026-01-09 03:01:07.139 -06:00 [INF] PressGang: Grand Empire Horde recruiting 1 Imperial Trained Archer
2026-01-09 03:01:07.139 -06:00 [INF] PressGang: Grand Empire Horde recruiting 1 Empire Peasant
2026-01-09 03:01:07.469 -06:00 [INF] PressGang: Deserters recruiting 1 Sturgia Peasant
2026-01-09 03:01:07.608 -06:00 [INF] PressGang: Looters recruiting 1 Empire Peasant
2026-01-09 03:01:07.712 -06:00 [INF] Daily Tick: Verifying Syndicate War State...
2026-01-09 03:01:07.712 -06:00 [INF] Checking staggered war declarations for Day Index: 3
2026-01-09 03:01:07.802 -06:00 [INF] PressGang: Looters recruiting 2 Vlandia Peasant
2026-01-09 03:01:07.802 -06:00 [INF] PressGang: Looters recruiting 1 Vlandian Footman
2026-01-09 03:01:07.802 -06:00 [INF] PressGang: Looters recruiting 1 Vlandian Gallant
2026-01-09 03:01:08.226 -06:00 [INF] PressGang: Steppe Bandits recruiting 1 Khuzait Peasant
2026-01-09 03:01:08.366 -06:00 [INF] PressGang: Grand Khuzait Horde recruiting 1 Looter
2026-01-09 03:01:08.366 -06:00 [INF] PressGang: Grand Khuzait Horde recruiting 2 Steppe Bandit
2026-01-09 03:01:08.465 -06:00 [INF] PressGang: Deserters recruiting 1 Khuzait Peasant
2026-01-09 03:01:08.559 -06:00 [INF] PressGang: Forest Bandits recruiting 1 Nord Peasant
2026-01-09 03:01:08.704 -06:00 [INF] PressGang: Ucasios of the Embers' Party recruiting 1 Imperial Vigla Recruit (Rank 1)
2026-01-09 03:01:08.704 -06:00 [INF] PressGang: Ucasios of the Embers' Party recruiting 1 Imperial Archer
2026-01-09 03:01:09.531 -06:00 [INF] PressGang: Haratheos of the Embers' Party recruiting 1 Looter
2026-01-09 03:01:09.919 -06:00 [INF] MERGING: Sea Raiders (13) -> Sea Raiders (21) [Naval: True]
2026-01-09 03:01:09.920 -06:00 [INF] Total Merges this battle: 1
2026-01-09 03:01:19.502 -06:00 [INF] MERGING: Steppe Bandits (14) -> Steppe Bandits (28) [Naval: False]
2026-01-09 03:01:19.502 -06:00 [INF] Total Merges this battle: 1
2026-01-09 03:01:19.682 -06:00 [INF] PressGang: Grand Corsairs Horde recruiting 1 Khuzait Convoy Guard
2026-01-09 03:01:19.859 -06:00 [INF] PressGang: Grand Khuzait Horde recruiting 1 Khuzait Footman
2026-01-09 03:01:19.860 -06:00 [INF] PressGang: Grand Khuzait Horde recruiting 1 Khuzait Horseman (Rank 1)
2026-01-09 03:01:19.860 -06:00 [INF] PressGang: Grand Khuzait Horde recruiting 1 Khuzait Raider
2026-01-09 03:01:19.860 -06:00 [INF] PressGang: Grand Khuzait Horde recruiting 1 Khuzait Hunter
2026-01-09 03:01:19.860 -06:00 [INF] PressGang: Grand Khuzait Horde recruiting 1 Khuzait Heavy Lancer
2026-01-09 03:01:19.905 -06:00 [INF] PressGang: Grand Looters Horde recruiting 1 Sturgian Veteran Convoy Guard
2026-01-09 03:01:19.905 -06:00 [INF] PressGang: Grand Looters Horde recruiting 1 Sturgian Convoy Guard
2026-01-09 03:01:19.905 -06:00 [INF] PressGang: Grand Looters Horde recruiting 2 Sturgian Armed Convoy Trader
2026-01-09 03:01:20.174 -06:00 [INF] MERGING: Looters (16) -> Looters (22) [Naval: False]
2026-01-09 03:01:20.176 -06:00 [INF] MERGING: Looters (12) -> Looters (38) [Naval: False]
2026-01-09 03:01:20.176 -06:00 [INF] Total Merges this battle: 2
2026-01-09 03:01:21.481 -06:00 [INF] PressGang: Grand Sturgia Horde recruiting 1 Sturgian Reaver
2026-01-09 03:01:21.482 -06:00 [INF] PressGang: Grand Sturgia Horde recruiting 1 Sturgian Spearman (Rank 1)
2026-01-09 03:01:21.482 -06:00 [INF] PressGang: Grand Sturgia Horde recruiting 1 Sturgian Hardened Brigand
2026-01-09 03:01:22.109 -06:00 [INF] PressGang: Grand Corsairs Horde recruiting 1 Aserai Peasant
2026-01-09 03:01:23.689 -06:00 [INF] PressGang: Sea Raiders recruiting 1 Nord Peasant
2026-01-09 03:01:24.016 -06:00 [INF] PressGang: Deserters recruiting 1 Sturgian Horse Raider
2026-01-09 03:01:24.205 -06:00 [INF] PressGang: Desert Bandits recruiting 1 Aserai Peasant
2026-01-09 03:01:24.826 -06:00 [INF] PressGang: Corsairs recruiting 1 Aserai Mamluke Regular
2026-01-09 03:01:24.826 -06:00 [INF] PressGang: Corsairs recruiting 1 Aserai Tribal Horseman
2026-01-09 03:01:24.826 -06:00 [INF] PressGang: Corsairs recruiting 1 Aserai Footman
2026-01-09 03:01:25.240 -06:00 [INF] PressGang: Grand Looters Horde recruiting 1 Sturgian Horse Raider
2026-01-09 03:01:26.269 -06:00 [INF] PressGang: Grand Khuzait Horde recruiting 1 Khuzait Marksman
2026-01-09 03:01:26.363 -06:00 [INF] PressGang: Grand Mountain Bandits Horde recruiting 1 Empire Peasant
2026-01-09 03:01:26.411 -06:00 [INF] PressGang: Desert Bandits recruiting 1 Aserai Recruit
2026-01-09 03:01:26.926 -06:00 [INF] PressGang: Grand Empire Horde recruiting 2 Imperial Recruit
2026-01-09 03:01:26.927 -06:00 [INF] PressGang: Grand Empire Horde recruiting 1 Imperial Archer
2026-01-09 03:01:26.927 -06:00 [INF] PressGang: Grand Empire Horde recruiting 1 Empire Peasant
2026-01-09 03:01:26.974 -06:00 [INF] PressGang: Corsairs recruiting 1 Imperial Shipmate
2026-01-09 03:01:27.019 -06:00 [INF] PressGang: Grand Looters Horde recruiting 1 Aserai Armed Trader
2026-01-09 03:01:27.113 -06:00 [INF] PressGang: Looters recruiting 1 Nord Peasant
2026-01-09 03:01:27.723 -06:00 [INF] Daily Tick: Verifying Syndicate War State...
2026-01-09 03:01:27.723 -06:00 [INF] Checking staggered war declarations for Day Index: 4
2026-01-09 03:01:28.232 -06:00 [INF] PressGang: Forest Bandits recruiting 2 Nord Peasant
2026-01-09 03:01:28.321 -06:00 [INF] PressGang: Grand Empire Horde recruiting 1 Aserai Peasant
2026-01-09 03:01:28.321 -06:00 [INF] PressGang: Ucasios of the Embers' Party recruiting 1 Aserai Tribesman (Rank 1)
2026-01-09 03:01:28.321 -06:00 [INF] PressGang: Ucasios of the Embers' Party recruiting 1 Imperial Archer
2026-01-09 03:01:36.720 -06:00 [INF] PressGang: Grand Aserai Horde recruiting 1 Aserai Light Archer
2026-01-09 03:01:38.501 -06:00 [INF] MERGING: Steppe Bandits (19) -> Steppe Bandits (27) [Naval: False]
2026-01-09 03:01:38.502 -06:00 [INF] Total Merges this battle: 1
2026-01-09 03:01:39.900 -06:00 [INF] PressGang: Grand Khuzait Horde recruiting 1 Khuzait Horse Archer
2026-01-09 03:01:39.900 -06:00 [INF] PressGang: Grand Khuzait Horde recruiting 1 Khuzait Footman
2026-01-09 03:01:39.900 -06:00 [INF] PressGang: Grand Khuzait Horde recruiting 2 Khuzait Nomad
2026-01-09 03:01:39.937 -06:00 [INF] PressGang: Grand Looters Horde recruiting 1 Sturgian Convoy Guard
2026-01-09 03:01:39.937 -06:00 [INF] PressGang: Grand Looters Horde recruiting 1 Sturgian Armed Convoy Trader
2026-01-09 03:01:41.297 -06:00 [INF] MERGING: Sea Raiders (8) -> Sea Raiders (10) [Naval: True]
2026-01-09 03:01:41.297 -06:00 [INF] Total Merges this battle: 1
2026-01-09 03:01:41.481 -06:00 [INF] PressGang: Mountain Bandits recruiting 1 Nord Peasant
2026-01-09 03:01:41.481 -06:00 [INF] PressGang: Grand Sturgia Horde recruiting 1 Sturgian Recruit
2026-01-09 03:01:41.481 -06:00 [INF] PressGang: Grand Sturgia Horde recruiting 1 Sturgian Brigand
2026-01-09 03:01:41.481 -06:00 [INF] PressGang: Grand Sturgia Horde recruiting 1 Sturgian Woodsman (Rank 1)
2026-01-09 03:01:41.481 -06:00 [INF] PressGang: Grand Sturgia Horde recruiting 1 Sturgian Heroic Line Breaker
2026-01-09 03:01:43.613 -06:00 [INF] PressGang: Sea Raiders recruiting 1 Nord Peasant
2026-01-09 03:01:43.707 -06:00 [INF] PressGang: Sea Raiders recruiting 2 Nord Peasant
2026-01-09 03:01:43.844 -06:00 [INF] PressGang: Grand Forest Bandits Horde recruiting 1 Empire Peasant
2026-01-09 03:01:44.309 -06:00 [INF] PressGang: Grand Aserai Horde recruiting 1 Aserai Recruit (Rank 1)
2026-01-09 03:01:44.309 -06:00 [INF] PressGang: Grand Aserai Horde recruiting 1 Aserai Tribesman
2026-01-09 03:01:44.496 -06:00 [INF] PressGang: Looters recruiting 1 Nord Peasant
2026-01-09 03:01:45.199 -06:00 [INF] PressGang: Looters recruiting 1 Nord Peasant
2026-01-09 03:01:45.346 -06:00 [INF] PressGang: Desert Bandits recruiting 1 Aserai Peasant
2026-01-09 03:01:45.853 -06:00 [INF] PressGang: Grand Looters Horde recruiting 1 Empire Peasant
2026-01-09 03:01:46.056 -06:00 [INF] PressGang: Grand Empire Horde recruiting 1 Imperial Crossbowman
2026-01-09 03:01:46.109 -06:00 [INF] PressGang: Grand Khuzait Horde recruiting 1 Imperial Trained Infantryman
2026-01-09 03:01:46.209 -06:00 [INF] PressGang: Desert Bandits recruiting 1 Aserai Peasant
2026-01-09 03:01:46.262 -06:00 [INF] PressGang: Grand Looters Horde recruiting 2 Aserai Veteran Caravan Guard
2026-01-09 03:01:46.317 -06:00 [INF] PressGang: Grand Corsairs Horde recruiting 1 Aserai Peasant
2026-01-09 03:01:46.521 -06:00 [INF] PressGang: Grand Steppe Bandits Horde recruiting 1 Empire Peasant
2026-01-09 03:01:46.665 -06:00 [INF] PressGang: Mountain Bandits recruiting 1 Empire Peasant
2026-01-09 03:01:46.767 -06:00 [INF] PressGang: Grand Empire Horde recruiting 1 Imperial Coast Guard
2026-01-09 03:01:46.767 -06:00 [INF] PressGang: Grand Empire Horde recruiting 1 Imperial Recruit
2026-01-09 03:01:46.767 -06:00 [INF] PressGang: Grand Empire Horde recruiting 1 Imperial Archer
2026-01-09 03:01:46.817 -06:00 [INF] PressGang: Grand Looters Horde recruiting 1 Mercenary Maceman
2026-01-09 03:01:46.817 -06:00 [INF] PressGang: Grand Looters Horde recruiting 1 Aserai Veteran Caravan Guard
2026-01-09 03:01:47.121 -06:00 [INF] PressGang: Sea Raiders recruiting 1 Sturgian Hardened Brigand
2026-01-09 03:01:47.387 -06:00 [INF] PressGang: Looters recruiting 1 Vlandia Peasant
2026-01-09 03:01:47.782 -06:00 [INF] Daily Tick: Verifying Syndicate War State...
2026-01-09 03:01:47.782 -06:00 [INF] Checking staggered war declarations for Day Index: 5
2026-01-09 03:01:47.784 -06:00 [INF] PressGang: Thavin the Shark's Party recruiting 1 Aserai Peasant
2026-01-09 03:01:47.825 -06:00 [INF] PressGang: Grand Khuzait Horde recruiting 1 Steppe Bandit
2026-01-09 03:01:47.973 -06:00 [INF] MERGING: Looters (14) -> Looters (21) [Naval: False]
2026-01-09 03:01:47.974 -06:00 [INF] MERGING: Looters (13) -> Looters (35) [Naval: False]
2026-01-09 03:01:47.975 -06:00 [INF] Total Merges this battle: 2
2026-01-09 03:01:48.025 -06:00 [INF] PressGang: Grand Empire Horde recruiting 1 Aserai Peasant
2026-01-09 03:01:48.025 -06:00 [INF] PressGang: Grand Empire Horde recruiting 1 Looter
2026-01-09 03:01:48.324 -06:00 [INF] PressGang: Grand Looters Horde recruiting 1 Empire Peasant
2026-01-09 03:01:48.846 -06:00 [INF] PressGang: Vanther the Shark's Party recruiting 1 Empire Peasant
2026-01-09 03:01:49.878 -06:00 [INF] PressGang: Steppe Bandits recruiting 2 Aserai Peasant
2026-01-09 03:01:56.669 -06:00 [INF] PressGang: Grand Aserai Horde recruiting 1 Aserai Recruit
2026-01-09 03:01:59.829 -06:00 [INF] PressGang: Grand Khuzait Horde recruiting 1 Khuzait Spearman
2026-01-09 03:01:59.830 -06:00 [INF] PressGang: Grand Khuzait Horde recruiting 1 Khuzait Raider
2026-01-09 03:01:59.830 -06:00 [INF] PressGang: Grand Khuzait Horde recruiting 1 Khuzait Heavy Lancer
2026-01-09 03:01:59.885 -06:00 [INF] PressGang: Grand Looters Horde recruiting 1 Sturgian Convoy Guard
2026-01-09 03:02:01.427 -06:00 [INF] PressGang: Grand Sturgia Horde recruiting 1 Sturgian Soldier
2026-01-09 03:02:01.427 -06:00 [INF] PressGang: Grand Sturgia Horde recruiting 1 Nord Warrior (Rank 1)
2026-01-09 03:02:01.427 -06:00 [INF] PressGang: Grand Looters Horde recruiting 1 Imperial Convoy Guard
2026-01-09 03:02:01.565 -06:00 [INF] PressGang: Grand Vakken Horde recruiting 1 Vlandian Footman
2026-01-09 03:02:01.785 -06:00 [INF] PressGang: Grand Sturgia Horde recruiting 1 Sea Raider Warrior
2026-01-09 03:02:01.785 -06:00 [INF] PressGang: Grand Sturgia Horde recruiting 1 Sea Raider
2026-01-09 03:02:02.323 -06:00 [INF] MERGING: Looters (16) -> Deserters (17) [Naval: False]
2026-01-09 03:02:02.325 -06:00 [INF] MERGING: Looters (10) -> Deserters (33) [Naval: False]
2026-01-09 03:02:02.326 -06:00 [INF] Total Merges this battle: 2
2026-01-09 03:02:02.596 -06:00 [INF] PressGang: Grand Aserai Horde recruiting 2 Looter
2026-01-09 03:02:02.690 -06:00 [INF] PressGang: Grand Sturgia Horde recruiting 1 Nord Warfang
2026-01-09 03:02:04.185 -06:00 [INF] PressGang: Grand Aserai Horde recruiting 1 Aserai Mamluke Soldier
2026-01-09 03:02:04.276 -06:00 [INF] PressGang: Deserters recruiting 2 Khuzait Caravan Guard
2026-01-09 03:02:04.588 -06:00 [INF] PressGang: Grand Corsairs Horde recruiting 2 Aserai Light Archer
2026-01-09 03:02:05.176 -06:00 [INF] MERGING: Desert Bandits (6) -> Desert Bandits (25) [Naval: False]
2026-01-09 03:02:05.178 -06:00 [INF] Total Merges this battle: 1
2026-01-09 03:02:05.994 -06:00 [INF] PressGang: Desert Bandits recruiting 1 Aserai Peasant
2026-01-09 03:02:06.396 -06:00 [INF] PressGang: Mountain Bandits recruiting 1 Empire Peasant
2026-01-09 03:02:06.485 -06:00 [INF] PressGang: Grand Empire Horde recruiting 1 Imperial Archer
2026-01-09 03:02:06.485 -06:00 [INF] PressGang: Grand Empire Horde recruiting 1 Elite Mercenary Maceman
2026-01-09 03:02:06.485 -06:00 [INF] PressGang: Grand Empire Horde recruiting 1 Sellsword
2026-01-09 03:02:06.485 -06:00 [INF] PressGang: Grand Empire Horde recruiting 1 Sisterhood Follower
2026-01-09 03:02:06.486 -06:00 [INF] PressGang: Grand Empire Horde recruiting 1 Imperial Veteran Caravan Guard
2026-01-09 03:02:06.980 -06:00 [INF] PressGang: Corsairs recruiting 1 Imperial Trained Infantryman
2026-01-09 03:02:07.533 -06:00 [INF] PressGang: Grand Looters Horde recruiting 1 Sturgian Armed Convoy Trader
2026-01-09 03:02:07.801 -06:00 [INF] Daily Tick: Verifying Syndicate War State...
2026-01-09 03:02:07.801 -06:00 [INF] Checking staggered war declarations for Day Index: 0
2026-01-09 03:02:07.974 -06:00 [INF] PressGang: Grand Looters Horde recruiting 1 Empire Peasant
2026-01-09 03:02:08.334 -06:00 [INF] PressGang: Sea Raiders recruiting 1 Sturgian Druzhinnik
2026-01-09 03:02:08.426 -06:00 [INF] PressGang: Haratheos of the Embers' Party recruiting 1 Aserai Recruit (Rank 1)
2026-01-09 03:02:08.427 -06:00 [INF] PressGang: Haratheos of the Embers' Party recruiting 1 Imperial Menavliaton
2026-01-09 03:02:08.607 -06:00 [INF] PressGang: Grand Looters Horde recruiting 1 Empire Peasant
2026-01-09 03:02:08.652 -06:00 [INF] PressGang: Sea Raiders recruiting 1 Nord Warrior
2026-01-09 03:02:11.843 -06:00 [INF] PressGang: Desert Bandits recruiting 2 Aserai Peasant
2026-01-09 03:02:15.399 -06:00 [INF] MERGING: Looters (7) -> Looters (14) [Naval: False]
2026-01-09 03:02:15.399 -06:00 [INF] MERGING: Looters (4) -> Looters (21) [Naval: False]
2026-01-09 03:02:15.400 -06:00 [INF] Total Merges this battle: 2
2026-01-09 03:02:19.677 -06:00 [INF] PressGang: Grand Khuzait Horde recruiting 1 Khuzait Darkhan
2026-01-09 03:02:19.677 -06:00 [INF] PressGang: Grand Khuzait Horde recruiting 1 Khuzait Archer
2026-01-09 03:02:19.722 -06:00 [INF] PressGang: Grand Looters Horde recruiting 1 Sturgian Convoy Guard
2026-01-09 03:02:21.271 -06:00 [INF] PressGang: Grand Sturgia Horde recruiting 4 Sturgian Warrior
2026-01-09 03:02:21.271 -06:00 [INF] PressGang: Grand Sturgia Horde recruiting 1 Looter
2026-01-09 03:02:21.271 -06:00 [INF] PressGang: Grand Sturgia Horde recruiting 1 Nord Scion
2026-01-09 03:02:21.271 -06:00 [INF] PressGang: Grand Sturgia Horde recruiting 1 Varyag
2026-01-09 03:02:22.429 -06:00 [INF] PressGang: Looters recruiting 1 Empire Peasant
2026-01-09 03:02:22.564 -06:00 [INF] PressGang: Grand Sturgia Horde recruiting 1 Nord Hearthguard
2026-01-09 03:02:22.564 -06:00 [INF] PressGang: Grand Sturgia Horde recruiting 1 Sturgian Warrior
2026-01-09 03:02:23.017 -06:00 [INF] PressGang: Forest Bandits recruiting 1 Nord Peasant
2026-01-09 03:02:23.551 -06:00 [INF] PressGang: Grand Forest Bandits Horde recruiting 1 Empire Peasant
2026-01-09 03:02:24.134 -06:00 [INF] PressGang: Grand Looters Horde recruiting 1 Khuzait Caravan Guard
2026-01-09 03:02:24.404 -06:00 [INF] PressGang: Grand Corsairs Horde recruiting 1 Aserai Footman
2026-01-09 03:02:24.498 -06:00 [INF] PressGang: Sea Raiders recruiting 1 Imperial Infantryman
2026-01-09 03:02:24.726 -06:00 [INF] PressGang: Grand Looters Horde recruiting 1 Empire Peasant
2026-01-09 03:02:24.816 -06:00 [INF] PressGang: Grand Looters Horde recruiting 1 Sturgian Armed Convoy Trader
2026-01-09 03:02:25.366 -06:00 [INF] PressGang: Grand Empire Horde recruiting 2 Empire Peasant
2026-01-09 03:02:25.639 -06:00 [INF] PressGang: Grand Empire Horde recruiting 1 Imperial Infantryman
2026-01-09 03:02:25.779 -06:00 [INF] PressGang: Grand Looters Horde recruiting 1 Aserai Veteran Caravan Guard
2026-01-09 03:02:25.779 -06:00 [INF] PressGang: Grand Looters Horde recruiting 1 Aserai Armed Trader
2026-01-09 03:02:25.779 -06:00 [INF] PressGang: Grand Looters Horde recruiting 1 Imperial Veteran Caravan Guard
2026-01-09 03:02:25.779 -06:00 [INF] PressGang: Grand Looters Horde recruiting 2 Imperial Armed Trader
2026-01-09 03:02:26.055 -06:00 [INF] PressGang: Grand Steppe Bandits Horde recruiting 1 Empire Peasant
2026-01-09 03:02:26.241 -06:00 [INF] PressGang: Grand Empire Horde recruiting 1 Khuzait Caravan Guard
2026-01-09 03:02:26.242 -06:00 [INF] PressGang: Grand Empire Horde recruiting 1 Sisterhood Follower
2026-01-09 03:02:26.242 -06:00 [INF] PressGang: Grand Empire Horde recruiting 1 Imperial Caravan Master
2026-01-09 03:02:26.380 -06:00 [INF] PressGang: Looters recruiting 1 Nord Peasant
2026-01-09 03:02:27.312 -06:00 [INF] PressGang: Looters recruiting 1 Nord Peasant
2026-01-09 03:02:27.359 -06:00 [INF] PressGang: Forest Bandits recruiting 1 Nord Axe Warrior
2026-01-09 03:02:27.683 -06:00 [INF] PressGang: Looters recruiting 1 Nord Freeman Archer
2026-01-09 03:02:27.822 -06:00 [INF] Daily Tick: Verifying Syndicate War State...
2026-01-09 03:02:27.822 -06:00 [INF] Checking staggered war declarations for Day Index: 1
2026-01-09 03:02:27.827 -06:00 [INF] PressGang: Deserters recruiting 1 Vlandia Peasant
2026-01-09 03:02:28.005 -06:00 [INF] PressGang: Sea Raiders recruiting 1 Sturgian Reaver
2026-01-09 03:02:28.005 -06:00 [INF] PressGang: Sea Raiders recruiting 1 Sturgian Brigand
2026-01-09 03:02:28.140 -06:00 [INF] PressGang: Vanther the Shark's Party recruiting 2 Looter
2026-01-09 03:02:28.280 -06:00 [INF] PressGang: Sea Raiders recruiting 1 Nord Warfang
2026-01-09 03:02:29.686 -06:00 [INF] PressGang: Deserters recruiting 1 Sturgia Peasant
2026-01-09 03:02:31.715 -06:00 [INF] MERGING: Looters (13) -> Forest Bandits (20) [Naval: False]
2026-01-09 03:02:31.716 -06:00 [INF] Total Merges this battle: 1
2026-01-09 03:02:34.002 -06:00 [INF] MERGING: Mountain Bandits (10) -> Mountain Bandits (14) [Naval: False]
2026-01-09 03:02:34.003 -06:00 [INF] Total Merges this battle: 1
2026-01-09 03:02:35.857 -06:00 [INF] MERGING: Forest Bandits (8) -> Looters (9) [Naval: False]
2026-01-09 03:02:35.857 -06:00 [INF] MERGING: Looters (7) -> Looters (17) [Naval: False]
2026-01-09 03:02:35.858 -06:00 [INF] Total Merges this battle: 2
2026-01-09 03:02:36.705 -06:00 [INF] PressGang: Grand Aserai Horde recruiting 1 Aserai Recruit
2026-01-09 03:02:36.705 -06:00 [INF] PressGang: Grand Aserai Horde recruiting 2 Aserai Light Archer
2026-01-09 03:02:36.705 -06:00 [INF] PressGang: Grand Aserai Horde recruiting 1 Aserai Footman
2026-01-09 03:02:36.705 -06:00 [INF] PressGang: Grand Aserai Horde recruiting 1 Aserai Tribesman
2026-01-09 03:02:36.705 -06:00 [INF] PressGang: Grand Aserai Horde recruiting 1 Aserai Mamluke Soldier
2026-01-09 03:02:36.705 -06:00 [INF] PressGang: Grand Aserai Horde recruiting 1 Mercenary Maceman
2026-01-09 03:02:36.705 -06:00 [INF] PressGang: Grand Aserai Horde recruiting 1 Aserai Veteran Caravan Guard
2026-01-09 03:02:39.844 -06:00 [INF] PressGang: Looters recruiting 1 Aserai Peasant
2026-01-09 03:02:40.634 -06:00 [INF] MERGING: Looters (12) -> Looters (16) [Naval: False]
2026-01-09 03:02:40.634 -06:00 [INF] Total Merges this battle: 1
2026-01-09 03:02:40.681 -06:00 [INF] PressGang: Looters recruiting 1 Nord Peasant
2026-01-09 03:02:41.257 -06:00 [INF] PressGang: Mountain Bandits recruiting 1 Nord Peasant
2026-01-09 03:02:41.257 -06:00 [INF] PressGang: Grand Sturgia Horde recruiting 2 Sturgian Recruit
2026-01-09 03:02:41.257 -06:00 [INF] PressGang: Grand Sturgia Horde recruiting 1 Looter
2026-01-09 03:02:41.258 -06:00 [INF] PressGang: Grand Sturgia Horde recruiting 1 Sturgian Druzhinnik
2026-01-09 03:02:41.258 -06:00 [INF] PressGang: Grand Sturgia Horde recruiting 1 Sturgian Soldier
2026-01-09 03:02:41.479 -06:00 [INF] MERGING: Looters (6) -> Looters (11) [Naval: False]
2026-01-09 03:02:41.480 -06:00 [INF] MERGING: Looters (6) -> Looters (17) [Naval: False]
2026-01-09 03:02:41.481 -06:00 [INF] Total Merges this battle: 2
2026-01-09 03:02:41.831 -06:00 [INF] MERGING: Looters (8) -> Looters (11) [Naval: False]
2026-01-09 03:02:41.832 -06:00 [INF] Total Merges this battle: 1
2026-01-09 03:02:41.878 -06:00 [INF] PressGang: Grand Corsairs Horde recruiting 1 Aserai Peasant
2026-01-09 03:02:42.401 -06:00 [INF] PressGang: Looters recruiting 1 Empire Peasant
2026-01-09 03:02:42.502 -06:00 [INF] PressGang: Grand Sturgia Horde recruiting 1 Sturgian Soldier
2026-01-09 03:02:42.750 -06:00 [INF] PressGang: Desert Bandits recruiting 1 Aserai Peasant
2026-01-09 03:02:43.202 -06:00 [INF] PressGang: Grand Looters Horde recruiting 1 Imperial Infantryman
2026-01-09 03:02:43.902 -06:00 [INF] PressGang: Grand Aserai Horde recruiting 1 Aserai Infantry
2026-01-09 03:02:44.001 -06:00 [INF] PressGang: Grand Looters Horde recruiting 1 Sellsword
2026-01-09 03:02:44.002 -06:00 [INF] PressGang: Grand Looters Horde recruiting 1 Khuzait Veteran Caravan Guard
2026-01-09 03:02:44.002 -06:00 [INF] PressGang: Grand Looters Horde recruiting 1 Khuzait Armed Trader
2026-01-09 03:02:45.099 -06:00 [INF] PressGang: Mountain Bandits recruiting 1 Nord Peasant
2026-01-09 03:02:45.147 -06:00 [INF] PressGang: Grand Looters Horde recruiting 1 Empire Peasant
2026-01-09 03:02:45.445 -06:00 [INF] PressGang: Desert Bandits recruiting 1 Aserai Peasant
2026-01-09 03:02:45.445 -06:00 [INF] PressGang: Desert Bandits recruiting 1 Aserai Recruit
2026-01-09 03:02:45.445 -06:00 [INF] PressGang: Grand Looters Horde recruiting 1 Aserai Armed Trader
2026-01-09 03:02:45.445 -06:00 [INF] PressGang: Grand Looters Horde recruiting 1 Elite Hired Crossbow
2026-01-09 03:02:45.546 -06:00 [INF] PressGang: Sea Raiders recruiting 1 Vlandian Armed Convoy Trader
2026-01-09 03:02:45.893 -06:00 [INF] PressGang: Grand Empire Horde recruiting 1 Empire Peasant
2026-01-09 03:02:45.893 -06:00 [INF] PressGang: Grand Empire Horde recruiting 1 Imperial Caravan Guard
2026-01-09 03:02:45.893 -06:00 [INF] PressGang: Grand Empire Horde recruiting 2 Looter
2026-01-09 03:02:46.042 -06:00 [INF] PressGang: Sea Raiders recruiting 1 Imperial Crossbowman
2026-01-09 03:02:46.387 -06:00 [INF] PressGang: Corsairs recruiting 1 Aserai Convoy Guard
2026-01-09 03:02:46.986 -06:00 [INF] PressGang: Grand Empire Horde recruiting 1 Looter
2026-01-09 03:02:47.232 -06:00 [INF] PressGang: Grand Looters Horde recruiting 1 Empire Peasant
2026-01-09 03:02:47.232 -06:00 [INF] PressGang: Looters recruiting 1 Nord Axe Warrior
2026-01-09 03:02:47.889 -06:00 [INF] Daily Tick: Verifying Syndicate War State...
2026-01-09 03:02:47.889 -06:00 [INF] Checking staggered war declarations for Day Index: 2
2026-01-09 03:02:47.982 -06:00 [INF] PressGang: Forest Bandits recruiting 1 Nord Peasant
2026-01-09 03:02:48.545 -06:00 [INF] PressGang: Looters recruiting 1 Nord Peasant
2026-01-09 03:02:48.963 -06:00 [INF] PressGang: Deserters recruiting 1 Sturgia Peasant
2026-01-09 03:02:49.455 -06:00 [INF] PressGang: Ucasios of the Embers' Party recruiting 1 Brigand
2026-01-09 03:02:56.751 -06:00 [INF] PressGang: Grand Aserai Horde recruiting 1 Aserai Recruit
2026-01-09 03:02:56.751 -06:00 [INF] PressGang: Grand Aserai Horde recruiting 1 Aserai Archer
2026-01-09 03:02:56.751 -06:00 [INF] PressGang: Grand Aserai Horde recruiting 1 Aserai Infantry
2026-01-09 03:02:56.751 -06:00 [INF] PressGang: Grand Aserai Horde recruiting 1 Aserai Veteran Sailor
2026-01-09 03:02:56.751 -06:00 [INF] PressGang: Grand Aserai Horde recruiting 1 Aserai Caravan Guard
2026-01-09 03:02:59.582 -06:00 [INF] PressGang: Grand Corsairs Horde recruiting 1 Aserai Veteran Convoy Guard
2026-01-09 03:02:59.582 -06:00 [INF] PressGang: Grand Corsairs Horde recruiting 1 Aserai Convoy Guard
2026-01-09 03:03:00.022 -06:00 [INF] PressGang: Grand Looters Horde recruiting 2 Vlandian Armed Convoy Trader
2026-01-09 03:03:01.240 -06:00 [INF] PressGang: Grand Sturgia Horde recruiting 1 Sturgian Warrior
2026-01-09 03:03:01.240 -06:00 [INF] PressGang: Grand Sturgia Horde recruiting 1 Sturgian Heavy Spearman (Rank 1)
2026-01-09 03:03:01.240 -06:00 [INF] PressGang: Grand Sturgia Horde recruiting 1 Sturgian Line Breaker
2026-01-09 03:03:01.240 -06:00 [INF] PressGang: Grand Sturgia Horde recruiting 1 Sea Raider Chief
2026-01-09 03:03:01.240 -06:00 [INF] PressGang: Grand Sturgia Horde recruiting 1 Sea Raider
2026-01-09 03:03:02.716 -06:00 [INF] MERGING: Looters (6) -> Looters (8) [Naval: False]
2026-01-09 03:03:02.716 -06:00 [INF] Total Merges this battle: 1
2026-01-09 03:03:04.241 -06:00 [INF] PressGang: Sea Raiders recruiting 2 Empire Peasant
2026-01-09 03:03:04.242 -06:00 [INF] PressGang: Sea Raiders recruiting 1 Imperial Crossbowman
2026-01-09 03:03:04.439 -06:00 [INF] PressGang: Grand Looters Horde recruiting 1 Imperial Naute
2026-01-09 03:03:04.631 -06:00 [INF] PressGang: Desert Bandits recruiting 1 Aserai Peasant
2026-01-09 03:03:05.596 -06:00 [INF] PressGang: Grand Steppe Bandits Horde recruiting 1 Empire Peasant
2026-01-09 03:03:05.769 -06:00 [INF] PressGang: Grand Empire Horde recruiting 1 Aserai Veteran Faris
2026-01-09 03:03:05.769 -06:00 [INF] PressGang: Grand Empire Horde recruiting 1 Corsair Chief
2026-01-09 03:03:05.769 -06:00 [INF] PressGang: Grand Empire Horde recruiting 1 Imperial Shipmate (Rank 1)
2026-01-09 03:03:05.769 -06:00 [INF] PressGang: Grand Empire Horde recruiting 1 Empire Peasant
2026-01-09 03:03:05.769 -06:00 [INF] PressGang: Grand Empire Horde recruiting 1 Hired Crossbow
2026-01-09 03:03:05.852 -06:00 [INF] PressGang: Grand Looters Horde recruiting 1 Sellsword
2026-01-09 03:03:06.713 -06:00 [INF] PressGang: Forest Bandits recruiting 1 Nord Peasant
2026-01-09 03:03:06.713 -06:00 [INF] PressGang: Sea Raiders recruiting 2 Nord Peasant
2026-01-09 03:03:07.060 -06:00 [INF] PressGang: Grand Looters Horde recruiting 1 Empire Peasant
2026-01-09 03:03:07.061 -06:00 [INF] PressGang: Looters recruiting 1 Nord Warrior
2026-01-09 03:03:07.361 -06:00 [INF] PressGang: Sea Raiders recruiting 1 Sturgian Spearman
2026-01-09 03:03:07.361 -06:00 [INF] PressGang: Sea Raiders recruiting 1 Sturgian Brigand
2026-01-09 03:03:07.687 -06:00 [INF] PressGang: Sea Raiders recruiting 1 Sturgia Peasant
2026-01-09 03:03:07.740 -06:00 [INF] PressGang: Forest Bandits recruiting 1 Nord Peasant
2026-01-09 03:03:07.891 -06:00 [INF] Daily Tick: Verifying Syndicate War State...
2026-01-09 03:03:07.891 -06:00 [INF] Checking staggered war declarations for Day Index: 3
2026-01-09 03:03:08.665 -06:00 [INF] PressGang: Deserters recruiting 1 Sturgian Brigand
2026-01-09 03:03:08.665 -06:00 [INF] PressGang: Deserters recruiting 1 Sturgian Heavy Spearman
2026-01-09 03:03:08.877 -06:00 [INF] MERGING: Looters (9) -> Looters (13) [Naval: False]
2026-01-09 03:03:08.878 -06:00 [INF] Total Merges this battle: 1
2026-01-09 03:03:09.076 -06:00 [INF] MERGING: Sea Raiders (13) -> Sea Raiders (27) [Naval: True]
2026-01-09 03:03:09.077 -06:00 [INF] Total Merges this battle: 1
2026-01-09 03:03:09.079 -06:00 [INF] PressGang: Corsairs recruiting 1 Imperial Shipmate
2026-01-09 03:03:09.858 -06:00 [INF] PressGang: Corsairs recruiting 1 Imperial Trained Infantryman
2026-01-09 03:03:09.858 -06:00 [INF] PressGang: Corsairs recruiting 2 Imperial Naute
2026-01-09 03:03:10.306 -06:00 [INF] PressGang: Sea Raiders recruiting 1 Empire Peasant
2026-01-09 03:03:16.230 -06:00 [INF] MERGING: Looters (15) -> Looters (17) [Naval: False]
2026-01-09 03:03:16.231 -06:00 [INF] Total Merges this battle: 1
2026-01-09 03:03:16.768 -06:00 [INF] PressGang: Grand Aserai Horde recruiting 1 Aserai Archer
2026-01-09 03:03:16.768 -06:00 [INF] PressGang: Grand Aserai Horde recruiting 1 Aserai Caravan Master
2026-01-09 03:03:19.609 -06:00 [INF] PressGang: Grand Corsairs Horde recruiting 1 Aserai Convoy Guard
2026-01-09 03:03:19.888 -06:00 [INF] PressGang: Looters recruiting 1 Aserai Peasant
2026-01-09 03:03:20.028 -06:00 [INF] PressGang: Grand Looters Horde recruiting 1 Vlandian Armed Convoy Trader
2026-01-09 03:03:20.911 -06:00 [INF] PressGang: Looters recruiting 1 Empire Peasant
2026-01-09 03:03:21.236 -06:00 [INF] PressGang: Grand Sturgia Horde recruiting 2 Sturgian Warrior
2026-01-09 03:03:21.236 -06:00 [INF] PressGang: Grand Sturgia Horde recruiting 1 Nord Scion
2026-01-09 03:03:21.236 -06:00 [INF] PressGang: Grand Sturgia Horde recruiting 1 Sea Raider Chief
2026-01-09 03:03:21.557 -06:00 [INF] PressGang: Grand Sturgia Horde recruiting 1 Varyag
2026-01-09 03:03:21.557 -06:00 [INF] PressGang: Grand Sturgia Horde recruiting 1 Sturgian Archer
2026-01-09 03:03:21.557 -06:00 [INF] PressGang: Grand Sturgia Horde recruiting 1 Sturgian Recruit
2026-01-09 03:03:21.700 -06:00 [INF] PressGang: Grand Sturgia Horde recruiting 4 Sturgian Recruit
2026-01-09 03:03:21.700 -06:00 [INF] PressGang: Grand Sturgia Horde recruiting 1 Varyag Veteran
2026-01-09 03:03:21.700 -06:00 [INF] PressGang: Grand Sturgia Horde recruiting 1 Varyag
2026-01-09 03:03:21.700 -06:00 [INF] PressGang: Grand Sturgia Horde recruiting 1 Sturgian Warrior
2026-01-09 03:03:21.839 -06:00 [INF] PressGang: Grand Corsairs Horde recruiting 1 Aserai Peasant
2026-01-09 03:03:22.257 -06:00 [INF] PressGang: Grand Aserai Horde recruiting 1 Looter
2026-01-09 03:03:22.257 -06:00 [INF] PressGang: Grand Aserai Horde recruiting 1 Khuzait Armed Trader
2026-01-09 03:03:22.257 -06:00 [INF] PressGang: Grand Aserai Horde recruiting 1 Corsair Chief
2026-01-09 03:03:22.258 -06:00 [INF] PressGang: Grand Aserai Horde recruiting 2 Aserai Mamluke Soldier
2026-01-09 03:03:22.258 -06:00 [INF] PressGang: Grand Aserai Horde recruiting 1 Aserai Footman
2026-01-09 03:03:22.452 -06:00 [INF] PressGang: Grand Sturgia Horde recruiting 1 Nord War-Proven
2026-01-09 03:03:22.693 -06:00 [INF] PressGang: Desert Bandits recruiting 1 Aserai Recruit
2026-01-09 03:03:24.167 -06:00 [INF] MERGING: Looters (16) -> Vanther the Shark's Party (26) [Naval: False]
2026-01-09 03:03:24.168 -06:00 [INF] Total Merges this battle: 1
2026-01-09 03:03:24.170 -06:00 [INF] PressGang: Sea Raiders recruiting 1 Imperial Infantryman
2026-01-09 03:03:24.306 -06:00 [INF] PressGang: Grand Looters Horde recruiting 1 Vlandian Armed Convoy Trader
2026-01-09 03:03:24.306 -06:00 [INF] PressGang: Grand Looters Horde recruiting 1 Imperial Trained Infantryman
2026-01-09 03:03:24.306 -06:00 [INF] PressGang: Grand Looters Horde recruiting 1 Imperial Naute
2026-01-09 03:03:24.449 -06:00 [INF] PressGang: Grand Looters Horde recruiting 1 Sturgian Veteran Convoy Guard
2026-01-09 03:03:25.004 -06:00 [INF] PressGang: Looters recruiting 2 Empire Peasant
2026-01-09 03:03:25.137 -06:00 [INF] PressGang: Grand Looters Horde recruiting 1 Aserai Caravan Guard
2026-01-09 03:03:25.139 -06:00 [INF] PressGang: Grand Looters Horde recruiting 1 Aserai Armed Trader
2026-01-09 03:03:25.139 -06:00 [INF] PressGang: Grand Looters Horde recruiting 1 Khuzait Caravan Guard
2026-01-09 03:03:25.139 -06:00 [INF] PressGang: Grand Looters Horde recruiting 1 Hired Spear
2026-01-09 03:03:25.139 -06:00 [INF] PressGang: Grand Looters Horde recruiting 1 Khuzait Armed Trader
2026-01-09 03:03:25.484 -06:00 [INF] PressGang: Mountain Bandits recruiting 1 Empire Peasant
2026-01-09 03:03:25.624 -06:00 [INF] PressGang: Grand Empire Horde recruiting 1 Sisterhood Follower
2026-01-09 03:03:25.625 -06:00 [INF] PressGang: Grand Empire Horde recruiting 1 Imperial Veteran Caravan Guard
2026-01-09 03:03:25.625 -06:00 [INF] PressGang: Grand Empire Horde recruiting 1 Imperial Caravan Guard
2026-01-09 03:03:25.775 -06:00 [INF] PressGang: Grand Battania Horde recruiting 1 Battania Peasant
2026-01-09 03:03:26.909 -06:00 [INF] PressGang: Grand Battania Horde recruiting 1 Looter
2026-01-09 03:03:27.154 -06:00 [INF] PressGang: Haratheos of the Embers' Party recruiting 2 Imperial Infantryman
2026-01-09 03:03:27.154 -06:00 [INF] PressGang: Haratheos of the Embers' Party recruiting 1 Brigand
2026-01-09 03:03:27.154 -06:00 [INF] PressGang: Haratheos of the Embers' Party recruiting 1 Bushwacker
2026-01-09 03:03:27.204 -06:00 [INF] PressGang: Vanther the Shark's Party recruiting 1 Empire Peasant
2026-01-09 03:03:27.896 -06:00 [INF] Daily Tick: Verifying Syndicate War State...
2026-01-09 03:03:27.896 -06:00 [INF] Checking staggered war declarations for Day Index: 4
2026-01-09 03:03:28.668 -06:00 [INF] PressGang: Grand Empire Horde recruiting 1 Bushwacker
2026-01-09 03:03:28.719 -06:00 [INF] PressGang: Corsairs recruiting 1 Imperial Legionary
2026-01-09 03:03:28.719 -06:00 [INF] PressGang: Corsairs recruiting 2 Imperial Shipmate
2026-01-09 03:03:29.406 -06:00 [INF] PressGang: Grand Corsairs Horde recruiting 1 Imperial Legionary
2026-01-09 03:03:29.407 -06:00 [INF] PressGang: Grand Corsairs Horde recruiting 1 Imperial Naute
2026-01-09 03:03:29.650 -06:00 [INF] PressGang: Steppe Bandits recruiting 1 Khuzait Peasant
2026-01-09 03:03:30.733 -06:00 [INF] MERGING: Looters (17) -> Looters (18) [Naval: False]
2026-01-09 03:03:30.734 -06:00 [INF] Total Merges this battle: 1
2026-01-09 03:03:34.172 -06:00 [INF] Found 1 stuck Syndicate Warlords. Redeploying...
2026-01-09 03:03:34.970 -06:00 [INF] Found 1 stuck Syndicate Warlords. Redeploying...
2026-01-09 03:03:34.970 -06:00 [INF] Redeploying Cadfin Blacktooth to Hideout...
2026-01-09 03:03:36.803 -06:00 [INF] PressGang: Grand Aserai Horde recruiting 1 Aserai Light Archer
2026-01-09 03:03:36.803 -06:00 [INF] PressGang: Grand Aserai Horde recruiting 2 Aserai Peasant
2026-01-09 03:03:36.804 -06:00 [INF] PressGang: Grand Aserai Horde recruiting 1 Aserai Tribal Horseman
2026-01-09 03:03:39.629 -06:00 [INF] PressGang: Grand Corsairs Horde recruiting 2 Aserai Armed Convoy Trader
2026-01-09 03:03:39.833 -06:00 [INF] PressGang: Grand Looters Horde recruiting 1 Sturgian Armed Convoy Trader
2026-01-09 03:03:40.042 -06:00 [INF] PressGang: Grand Looters Horde recruiting 1 Vlandian Convoy Guard
2026-01-09 03:03:40.043 -06:00 [INF] PressGang: Grand Looters Horde recruiting 1 Vlandian Armed Convoy Trader
2026-01-09 03:03:41.270 -06:00 [INF] PressGang: Grand Sturgia Horde recruiting 1 Varyag
2026-01-09 03:03:41.270 -06:00 [INF] PressGang: Grand Sturgia Horde recruiting 1 Sturgian Soldier
2026-01-09 03:03:41.270 -06:00 [INF] PressGang: Grand Sturgia Horde recruiting 1 Sturgian Brigand (Rank 1)
2026-01-09 03:03:41.270 -06:00 [INF] PressGang: Grand Sturgia Horde recruiting 2 Sturgian Veteran Shipman
2026-01-09 03:03:41.270 -06:00 [INF] PressGang: Grand Sturgia Horde recruiting 1 Sturgian Crewman
2026-01-09 03:03:41.270 -06:00 [INF] PressGang: Grand Sturgia Horde recruiting 1 Sturgian Line Breaker
2026-01-09 03:03:41.370 -06:00 [INF] MERGING: Looters (11) -> Mountain Bandits (23) [Naval: False]
2026-01-09 03:03:41.372 -06:00 [INF] Total Merges this battle: 1
2026-01-09 03:03:41.567 -06:00 [INF] PressGang: Grand Sturgia Horde recruiting 1 Sturgian Woodsman
2026-01-09 03:03:41.567 -06:00 [INF] PressGang: Grand Sturgia Horde recruiting 2 Sturgian Recruit
2026-01-09 03:03:41.720 -06:00 [INF] PressGang: Grand Sturgia Horde recruiting 2 Sturgian Recruit
2026-01-09 03:03:41.720 -06:00 [INF] PressGang: Grand Sturgia Horde recruiting 1 Sturgian Spearman (Rank 1)
2026-01-09 03:03:41.720 -06:00 [INF] PressGang: Grand Sturgia Horde recruiting 3 Sea Raider
2026-01-09 03:03:41.720 -06:00 [INF] PressGang: Grand Sturgia Horde recruiting 1 Sturgian Hardened Brigand
2026-01-09 03:03:41.720 -06:00 [INF] PressGang: Grand Sturgia Horde recruiting 1 Sturgian Horse Raider (Rank 1)
2026-01-09 03:03:41.721 -06:00 [INF] PressGang: Grand Sturgia Horde recruiting 2 Sturgian Reaver
2026-01-09 03:03:41.721 -06:00 [INF] PressGang: Grand Sturgia Horde recruiting 1 Sturgian Woodsman (Rank 1)
2026-01-09 03:03:41.721 -06:00 [INF] PressGang: Grand Sturgia Horde recruiting 1 Sturgian Veteran Shipman
2026-01-09 03:03:41.721 -06:00 [INF] PressGang: Grand Sturgia Horde recruiting 2 Sturgian Crewman
2026-01-09 03:03:42.269 -06:00 [INF] PressGang: Grand Aserai Horde recruiting 1 Looter
2026-01-09 03:03:42.270 -06:00 [INF] PressGang: Grand Aserai Horde recruiting 1 Khuzait Caravan Guard
2026-01-09 03:03:42.270 -06:00 [INF] PressGang: Grand Aserai Horde recruiting 1 Aserai Veteran Faris
2026-01-09 03:03:42.270 -06:00 [INF] PressGang: Grand Aserai Horde recruiting 1 Aserai Veteran Sailor
2026-01-09 03:03:42.270 -06:00 [INF] PressGang: Grand Aserai Horde recruiting 1 Aserai Mamluke Soldier
2026-01-09 03:03:42.371 -06:00 [INF] PressGang: Grand Aserai Horde recruiting 1 Aserai Tribal Horseman
2026-01-09 03:03:42.372 -06:00 [INF] PressGang: Grand Aserai Horde recruiting 1 Aserai Mamluke Regular
2026-01-09 03:03:42.679 -06:00 [INF] PressGang: Desert Bandits recruiting 1 Aserai Peasant
2026-01-09 03:03:43.356 -06:00 [INF] PressGang: Grand Looters Horde recruiting 1 Vlandian Crossbowman
2026-01-09 03:03:43.356 -06:00 [INF] PressGang: Grand Looters Horde recruiting 1 Vlandian Swordsman
2026-01-09 03:03:44.425 -06:00 [INF] PressGang: Looters recruiting 1 Empire Peasant
2026-01-09 03:03:44.794 -06:00 [INF] PressGang: Grand Empire Horde recruiting 1 Looter
2026-01-09 03:03:45.364 -06:00 [INF] PressGang: Mountain Bandits recruiting 1 Empire Peasant
2026-01-09 03:03:46.307 -06:00 [INF] PressGang: Mountain Bandits recruiting 2 Empire Peasant
2026-01-09 03:03:46.986 -06:00 [INF] PressGang: Grand Empire Horde recruiting 1 Brigand
2026-01-09 03:03:47.524 -06:00 [INF] Found 1 stuck Syndicate Warlords. Redeploying...
2026-01-09 03:03:47.560 -06:00 [INF] PressGang: Looters recruiting 1 Nord Peasant
2026-01-09 03:03:47.611 -06:00 [INF] PressGang: Looters recruiting 1 Nord Peasant
2026-01-09 03:03:47.934 -06:00 [INF] Daily Tick: Verifying Syndicate War State...
2026-01-09 03:03:47.934 -06:00 [INF] Checking staggered war declarations for Day Index: 5
2026-01-09 03:03:48.190 -06:00 [INF] PressGang: Looters recruiting 1 Nord Peasant
2026-01-09 03:03:48.351 -06:00 [INF] Found 1 stuck Syndicate Warlords. Redeploying...
2026-01-09 03:03:48.351 -06:00 [INF] Redeploying The Warlord to Hideout...
2026-01-09 03:03:48.356 -06:00 [INF] PressGang: Looters recruiting 2 Nord Peasant
2026-01-09 03:03:48.972 -06:00 [INF] PressGang: Grand Corsairs Horde recruiting 1 Imperial Shipmate
2026-01-09 03:03:49.017 -06:00 [INF] PressGang: Deserters recruiting 1 Battania Peasant
2026-01-09 03:03:49.206 -06:00 [INF] PressGang: Steppe Bandits recruiting 1 Khuzait Peasant
2026-01-09 03:03:49.665 -06:00 [INF] PressGang: Steppe Bandits recruiting 3 Khuzait Peasant
2026-01-09 03:03:49.758 -06:00 [INF] MERGING: Looters (21) -> Looters (33) [Naval: False]
2026-01-09 03:03:49.759 -06:00 [INF] Total Merges this battle: 1
2026-01-09 03:03:52.921 -06:00 [INF] MERGING: Mountain Bandits (15) -> Looters (15) [Naval: False]
2026-01-09 03:03:52.921 -06:00 [INF] Total Merges this battle: 1
2026-01-09 03:03:55.524 -06:00 [INF] MERGING: Looters (7) -> Looters (21) [Naval: False]
2026-01-09 03:03:55.525 -06:00 [INF] MERGING: Looters (6) -> Looters (28) [Naval: False]
2026-01-09 03:03:55.525 -06:00 [INF] Total Merges this battle: 2
2026-01-09 03:03:56.594 -06:00 [INF] MERGING: Deserters (7) -> Deserters (16) [Naval: False]
2026-01-09 03:03:56.595 -06:00 [INF] Total Merges this battle: 1
2026-01-09 03:03:56.871 -06:00 [INF] PressGang: Grand Aserai Horde recruiting 1 Aserai Veteran Caravan Guard
2026-01-09 03:03:56.871 -06:00 [INF] PressGang: Grand Aserai Horde recruiting 1 Aserai Armed Trader
2026-01-09 03:03:57.364 -06:00 [INF] MERGING: Looters (11) -> Looters (18) [Naval: False]
2026-01-09 03:03:57.366 -06:00 [INF] Total Merges this battle: 1
2026-01-09 03:03:59.889 -06:00 [INF] PressGang: Grand Looters Horde recruiting 1 Sturgian Convoy Guard
2026-01-09 03:03:59.978 -06:00 [INF] PressGang: Looters recruiting 1 Aserai Peasant
2026-01-09 03:04:01.052 -06:00 [INF] MERGING: Looters (9) -> Looters (9) [Naval: False]
2026-01-09 03:04:01.052 -06:00 [INF] Total Merges this battle: 1
2026-01-09 03:04:01.320 -06:00 [INF] PressGang: Grand Sturgia Horde recruiting 1 Sturgian Otrok
2026-01-09 03:04:01.320 -06:00 [INF] PressGang: Grand Sturgia Horde recruiting 1 Nord War-Proven
2026-01-09 03:04:01.320 -06:00 [INF] PressGang: Grand Sturgia Horde recruiting 1 Varyag
2026-01-09 03:04:01.320 -06:00 [INF] PressGang: Grand Sturgia Horde recruiting 1 Sturgian Hardened Brigand (Rank 1)
2026-01-09 03:04:01.320 -06:00 [INF] PressGang: Grand Sturgia Horde recruiting 1 Sturgian Reaver
2026-01-09 03:04:01.320 -06:00 [INF] PressGang: Grand Sturgia Horde recruiting 1 Sturgian Woodsman (Rank 1)
2026-01-09 03:04:01.320 -06:00 [INF] PressGang: Grand Sturgia Horde recruiting 1 Sturgian Recruit
2026-01-09 03:04:01.630 -06:00 [INF] PressGang: Grand Sturgia Horde recruiting 1 Varyag Veteran
2026-01-09 03:04:01.630 -06:00 [INF] PressGang: Grand Sturgia Horde recruiting 2 Sturgian Recruit
2026-01-09 03:04:01.770 -06:00 [INF] PressGang: Grand Sturgia Horde recruiting 1 Sea Raider Warrior
2026-01-09 03:04:01.770 -06:00 [INF] PressGang: Grand Sturgia Horde recruiting 1 Sturgian Crewman
2026-01-09 03:04:02.328 -06:00 [INF] PressGang: Grand Aserai Horde recruiting 1 Aserai Mamluke Guard
2026-01-09 03:04:02.328 -06:00 [INF] PressGang: Grand Aserai Horde recruiting 1 Aserai Infantry
2026-01-09 03:04:02.328 -06:00 [INF] PressGang: Grand Aserai Horde recruiting 1 Aserai Footman
2026-01-09 03:04:03.414 -06:00 [INF] PressGang: Grand Looters Horde recruiting 1 Vlandian Recruit
2026-01-09 03:04:04.275 -06:00 [INF] PressGang: Grand Looters Horde recruiting 1 Imperial Shipmate
2026-01-09 03:04:04.769 -06:00 [INF] PressGang: Mountain Bandits recruiting 1 Nord Peasant
2026-01-09 03:04:04.771 -06:00 [INF] PressGang: Grand Empire Horde recruiting 1 Imperial Crossbowman
2026-01-09 03:04:06.499 -06:00 [INF] PressGang: Grand Battania Horde recruiting 2 Looter
2026-01-09 03:04:06.800 -06:00 [INF] PressGang: Grand Empire Horde recruiting 1 Bushwacker
2026-01-09 03:04:07.348 -06:00 [INF] PressGang: Looters recruiting 1 Nord Peasant
2026-01-09 03:04:07.348 -06:00 [INF] PressGang: Steppe Bandits recruiting 1 Empire Peasant
2026-01-09 03:04:07.750 -06:00 [INF] PressGang: Deserters recruiting 1 Sturgian Heavy Axeman
2026-01-09 03:04:07.750 -06:00 [INF] PressGang: Deserters recruiting 1 Sturgian Recruit
2026-01-09 03:04:07.949 -06:00 [INF] Daily Tick: Verifying Syndicate War State...
2026-01-09 03:04:07.949 -06:00 [INF] Checking staggered war declarations for Day Index: 0
2026-01-09 03:04:08.097 -06:00 [INF] PressGang: Grand Corsairs Horde recruiting 1 Imperial Trained Infantryman
2026-01-09 03:04:08.097 -06:00 [INF] PressGang: Grand Corsairs Horde recruiting 1 Imperial Naute
2026-01-09 03:04:08.710 -06:00 [INF] PressGang: Grand Corsairs Horde recruiting 1 Imperial Veteran Archer
2026-01-09 03:04:08.710 -06:00 [INF] PressGang: Grand Corsairs Horde recruiting 2 Imperial Shipmate
2026-01-09 03:04:08.755 -06:00 [INF] MERGING: Mountain Bandits (12) -> Mountain Bandits (27) [Naval: False]
2026-01-09 03:04:08.756 -06:00 [INF] Total Merges this battle: 1
2026-01-09 03:04:19.905 -06:00 [INF] PressGang: Grand Looters Horde recruiting 1 Sturgian Convoy Guard
2026-01-09 03:04:20.084 -06:00 [INF] PressGang: Grand Looters Horde recruiting 1 Vlandian Convoy Guard
2026-01-09 03:04:21.307 -06:00 [INF] PressGang: Grand Sturgia Horde recruiting 1 Sturgian Warrior
2026-01-09 03:04:21.307 -06:00 [INF] PressGang: Grand Sturgia Horde recruiting 1 Sturgian Woodsman
2026-01-09 03:04:21.307 -06:00 [INF] PressGang: Grand Sturgia Horde recruiting 3 Sturgian Otrok
2026-01-09 03:04:21.307 -06:00 [INF] PressGang: Grand Sturgia Horde recruiting 1 Varyag Veteran
2026-01-09 03:04:21.307 -06:00 [INF] PressGang: Grand Sturgia Horde recruiting 1 Sturgian Soldier
2026-01-09 03:04:21.307 -06:00 [INF] PressGang: Grand Sturgia Horde recruiting 1 Sturgian Reaver
2026-01-09 03:04:21.307 -06:00 [INF] PressGang: Grand Sturgia Horde recruiting 1 Sturgian Woodsman (Rank 1)
2026-01-09 03:04:21.307 -06:00 [INF] PressGang: Grand Sturgia Horde recruiting 1 Sturgian Veteran Shipman
2026-01-09 03:04:21.307 -06:00 [INF] PressGang: Grand Sturgia Horde recruiting 1 Sturgian Crewman
2026-01-09 03:04:21.307 -06:00 [INF] PressGang: Grand Sturgia Horde recruiting 1 Sturgian Reaver (Rank 1)
2026-01-09 03:04:21.626 -06:00 [INF] PressGang: Grand Sturgia Horde recruiting 1 Sturgian Woodsman
2026-01-09 03:04:21.626 -06:00 [INF] PressGang: Grand Sturgia Horde recruiting 1 Sturgian Veteran Shipman
2026-01-09 03:04:21.764 -06:00 [INF] PressGang: Grand Sturgia Horde recruiting 1 Varyag Veteran
2026-01-09 03:04:21.764 -06:00 [INF] PressGang: Grand Sturgia Horde recruiting 1 Sturgian Hunter
2026-01-09 03:04:21.764 -06:00 [INF] PressGang: Grand Sturgia Horde recruiting 1 Nord Freeman Archer
2026-01-09 03:04:21.764 -06:00 [INF] PressGang: Grand Sturgia Horde recruiting 1 Sturgian Veteran Bowman
2026-01-09 03:04:21.764 -06:00 [INF] PressGang: Grand Sturgia Horde recruiting 1 Sturgian Reaver
2026-01-09 03:04:22.313 -06:00 [INF] PressGang: Grand Aserai Horde recruiting 1 Aserai Bahriyyah
2026-01-09 03:04:22.313 -06:00 [INF] PressGang: Grand Aserai Horde recruiting 1 Aserai Archer
2026-01-09 03:04:22.313 -06:00 [INF] PressGang: Grand Aserai Horde recruiting 1 Aserai Footman
2026-01-09 03:04:22.915 -06:00 [INF] MERGING: Looters (12) -> Looters (14) [Naval: False]
2026-01-09 03:04:22.917 -06:00 [INF] Total Merges this battle: 1
2026-01-09 03:04:23.102 -06:00 [INF] PressGang: Grand Looters Horde recruiting 1 Imperial Heavy Horseman
2026-01-09 03:04:23.334 -06:00 [INF] PressGang: Grand Looters Horde recruiting 1 Imperial Equite
2026-01-09 03:04:23.334 -06:00 [INF] PressGang: Grand Looters Horde recruiting 1 Vlandian Spearman
2026-01-09 03:04:24.444 -06:00 [INF] PressGang: Looters recruiting 1 Empire Peasant
2026-01-09 03:04:24.627 -06:00 [INF] PressGang: Mountain Bandits recruiting 2 Nord Peasant
2026-01-09 03:04:24.679 -06:00 [INF] PressGang: Grand Empire Horde recruiting 1 Looter
2026-01-09 03:04:24.771 -06:00 [INF] PressGang: Grand Empire Horde recruiting 1 Imperial Trained Archer
2026-01-09 03:04:24.771 -06:00 [INF] PressGang: Grand Empire Horde recruiting 1 Imperial Archer
2026-01-09 03:04:24.771 -06:00 [INF] PressGang: Grand Empire Horde recruiting 1 Triarii
2026-01-09 03:04:24.955 -06:00 [INF] PressGang: Sea Raiders recruiting 1 Vlandian Convoy Guard
2026-01-09 03:04:25.277 -06:00 [INF] PressGang: Deserters recruiting 1 Khuzait Peasant
2026-01-09 03:04:26.250 -06:00 [INF] MERGING: Mountain Bandits (14) -> Looters (29) [Naval: False]
2026-01-09 03:04:26.250 -06:00 [INF] Total Merges this battle: 1
2026-01-09 03:04:26.341 -06:00 [INF] PressGang: Grand Battania Horde recruiting 2 Battania Peasant
2026-01-09 03:04:26.625 -06:00 [INF] PressGang: Grand Empire Horde recruiting 1 Hillman
2026-01-09 03:04:27.756 -06:00 [INF] PressGang: Sea Raiders recruiting 1 Nord Peasant
2026-01-09 03:04:27.851 -06:00 [INF] PressGang: Grand Corsairs Horde recruiting 1 Imperial Coast Guard
2026-01-09 03:04:27.852 -06:00 [INF] PressGang: Grand Corsairs Horde recruiting 1 Imperial Naute
2026-01-09 03:04:27.992 -06:00 [INF] Daily Tick: Verifying Syndicate War State...
2026-01-09 03:04:27.992 -06:00 [INF] Checking staggered war declarations for Day Index: 1
2026-01-09 03:04:28.412 -06:00 [INF] PressGang: Grand Corsairs Horde recruiting 1 Imperial Trained Infantryman
2026-01-09 03:04:28.412 -06:00 [INF] PressGang: Grand Corsairs Horde recruiting 1 Imperial Naute
2026-01-09 03:04:29.251 -06:00 [INF] PressGang: Looters recruiting 4 Nord Peasant
2026-01-09 03:04:29.704 -06:00 [INF] PressGang: Sea Raiders recruiting 2 Imperial Crossbowman
2026-01-09 03:04:31.371 -06:00 [INF] MERGING: Looters (13) -> Looters (14) [Naval: False]
2026-01-09 03:04:31.372 -06:00 [INF] Total Merges this battle: 1
2026-01-09 03:04:36.858 -06:00 [INF] PressGang: Grand Aserai Horde recruiting 1 Aserai Peasant
2026-01-09 03:04:36.858 -06:00 [INF] PressGang: Grand Aserai Horde recruiting 1 Aserai Armed Trader
2026-01-09 03:04:39.401 -06:00 [INF] MERGING: Looters (12) -> Looters (13) [Naval: False]
2026-01-09 03:04:39.403 -06:00 [INF] Total Merges this battle: 1
2026-01-09 03:04:40.002 -06:00 [INF] PressGang: Grand Looters Horde recruiting 1 Sturgia Peasant
2026-01-09 03:04:40.955 -06:00 [INF] MERGING: Looters (6) -> Looters (8) [Naval: False]
2026-01-09 03:04:40.955 -06:00 [INF] Total Merges this battle: 1
2026-01-09 03:04:41.126 -06:00 [INF] PressGang: Grand Sturgia Horde recruiting 1 Sturgian Woodsman
2026-01-09 03:04:41.126 -06:00 [INF] PressGang: Grand Sturgia Horde recruiting 1 Sturgian Veteran Shipman
2026-01-09 03:04:41.126 -06:00 [INF] PressGang: Grand Sturgia Horde recruiting 1 Sturgian Crewman
2026-01-09 03:04:41.126 -06:00 [INF] PressGang: Grand Sturgia Horde recruiting 1 Sturgian Recruit
2026-01-09 03:04:41.576 -06:00 [INF] PressGang: Grand Sturgia Horde recruiting 1 Sturgian Reaver
2026-01-09 03:04:41.576 -06:00 [INF] PressGang: Grand Sturgia Horde recruiting 1 Sturgian Crewman
2026-01-09 03:04:41.576 -06:00 [INF] PressGang: Grand Sturgia Horde recruiting 1 Sturgian Druzhinnik Champion
2026-01-09 03:04:42.080 -06:00 [INF] PressGang: Grand Aserai Horde recruiting 1 Aserai Veteran Infantry
2026-01-09 03:04:42.080 -06:00 [INF] PressGang: Grand Aserai Horde recruiting 1 Aserai Mamluke Axeman
2026-01-09 03:04:42.214 -06:00 [INF] PressGang: Grand Aserai Horde recruiting 1 Imperial Trained Infantryman
2026-01-09 03:04:42.763 -06:00 [INF] PressGang: Looters recruiting 1 Nord Peasant
2026-01-09 03:04:43.084 -06:00 [INF] PressGang: Grand Looters Horde recruiting 1 Vlandian Recruit
2026-01-09 03:04:43.403 -06:00 [INF] PressGang: Grand Corsairs Horde recruiting 1 Empire Peasant
2026-01-09 03:04:44.045 -06:00 [INF] PressGang: Desert Bandits recruiting 1 Aserai Peasant
2026-01-09 03:04:44.184 -06:00 [INF] PressGang: Looters recruiting 1 Empire Peasant
2026-01-09 03:04:44.365 -06:00 [INF] PressGang: Grand Empire Horde recruiting 1 Imperial Trained Archer
2026-01-09 03:04:44.687 -06:00 [INF] PressGang: Sea Raiders recruiting 1 Vlandian Armed Convoy Trader
2026-01-09 03:04:46.241 -06:00 [INF] MERGING: Looters (8) -> Looters (14) [Naval: False]
2026-01-09 03:04:46.242 -06:00 [INF] Total Merges this battle: 1
2026-01-09 03:04:46.775 -06:00 [INF] PressGang: Steppe Bandits recruiting 2 Empire Peasant
2026-01-09 03:04:46.775 -06:00 [INF] PressGang: Steppe Bandits recruiting 1 Aserai Peasant
2026-01-09 03:04:47.526 -06:00 [INF] PressGang: Grand Corsairs Horde recruiting 1 Imperial Veteran Archer
2026-01-09 03:04:47.527 -06:00 [INF] PressGang: Grand Corsairs Horde recruiting 1 Imperial Coast Guard
2026-01-09 03:04:47.527 -06:00 [INF] PressGang: Grand Corsairs Horde recruiting 1 Imperial Trained Infantryman
2026-01-09 03:04:47.981 -06:00 [INF] PressGang: Grand Corsairs Horde recruiting 1 Imperial Coast Guard
2026-01-09 03:04:48.033 -06:00 [INF] Daily Tick: Verifying Syndicate War State...
2026-01-09 03:04:48.033 -06:00 [INF] Checking staggered war declarations for Day Index: 2
2026-01-09 03:04:48.532 -06:00 [INF] PressGang: Looters recruiting 1 Empire Peasant
2026-01-09 03:04:48.732 -06:00 [INF] PressGang: Looters recruiting 2 Nord Peasant
2026-01-09 03:04:49.183 -06:00 [INF] PressGang: Sea Raiders recruiting 1 Imperial Bucellarii
2026-01-09 03:04:49.184 -06:00 [INF] PressGang: Mountain Bandits recruiting 1 Empire Peasant
2026-01-09 03:04:49.584 -06:00 [INF] PressGang: Looters recruiting 1 Battania Peasant
2026-01-09 03:04:50.358 -06:00 [INF] PressGang: Deserters recruiting 1 Empire Peasant
2026-01-09 03:04:50.410 -06:00 [INF] PressGang: Looters recruiting 1 Battania Peasant
2026-01-09 03:04:52.076 -06:00 [INF] MERGING: Mountain Bandits (8) -> Mountain Bandits (21) [Naval: False]
2026-01-09 03:04:52.077 -06:00 [INF] Total Merges this battle: 1
2026-01-09 03:04:52.232 -06:00 [INF] PressGang: Grand Looters Horde recruiting 1 Nord Peasant
2026-01-09 03:04:56.900 -06:00 [INF] PressGang: Grand Aserai Horde recruiting 1 Aserai Peasant
2026-01-09 03:04:56.901 -06:00 [INF] PressGang: Grand Aserai Horde recruiting 1 Aserai Veteran Caravan Guard
2026-01-09 03:04:59.554 -06:00 [INF] PressGang: Grand Corsairs Horde recruiting 1 Aserai Convoy Guard
2026-01-09 03:04:59.967 -06:00 [INF] PressGang: Grand Looters Horde recruiting 1 Vlandian Veteran Convoy Guard
2026-01-09 03:04:59.967 -06:00 [INF] PressGang: Grand Looters Horde recruiting 1 Imperial Armed Convoy Trader
2026-01-09 03:05:01.041 -06:00 [INF] PressGang: Looters recruiting 1 Nord Peasant
2026-01-09 03:05:01.093 -06:00 [INF] PressGang: Grand Sturgia Horde recruiting 1 Sturgian Warrior
2026-01-09 03:05:01.093 -06:00 [INF] PressGang: Grand Sturgia Horde recruiting 1 Sturgian Reaver
2026-01-09 03:05:01.093 -06:00 [INF] PressGang: Grand Sturgia Horde recruiting 1 Sturgian Woodsman (Rank 1)
2026-01-09 03:05:01.093 -06:00 [INF] PressGang: Grand Sturgia Horde recruiting 1 Sturgian Veteran Shipman
2026-01-09 03:05:01.093 -06:00 [INF] PressGang: Grand Sturgia Horde recruiting 1 Sturgian Hunter
2026-01-09 03:05:01.401 -06:00 [INF] PressGang: Grand Sturgia Horde recruiting 1 Sturgian Recruit
2026-01-09 03:05:01.449 -06:00 [INF] MERGING: Looters (9) -> Looters (9) [Naval: False]
2026-01-09 03:05:01.450 -06:00 [INF] Total Merges this battle: 1
2026-01-09 03:05:01.500 -06:00 [INF] PressGang: Grand Sturgia Horde recruiting 1 Varyag
2026-01-09 03:05:02.014 -06:00 [INF] MERGING: Steppe Bandits (8) -> Steppe Bandits (21) [Naval: False]
2026-01-09 03:05:02.014 -06:00 [INF] Total Merges this battle: 1
2026-01-09 03:05:03.521 -06:00 [INF] PressGang: Sea Raiders recruiting 1 Nord Peasant
2026-01-09 03:05:03.521 -06:00 [INF] PressGang: Grand Corsairs Horde recruiting 1 Aserai Tribesman
2026-01-09 03:05:03.731 -06:00 [INF] PressGang: Grand Looters Horde recruiting 1 Imperial Armed Convoy Trader
2026-01-09 03:05:04.308 -06:00 [INF] PressGang: Grand Empire Horde recruiting 1 Vlandian Light Cavalry
2026-01-09 03:05:05.516 -06:00 [INF] PressGang: Sea Raiders recruiting 1 Nord Peasant
2026-01-09 03:05:05.979 -06:00 [INF] PressGang: Grand Empire Horde recruiting 1 Khuzait Peasant
2026-01-09 03:05:06.432 -06:00 [INF] PressGang: Steppe Bandits recruiting 1 Aserai Peasant
2026-01-09 03:05:06.886 -06:00 [INF] PressGang: Deserters recruiting 1 Sturgian Soldier
2026-01-09 03:05:07.545 -06:00 [INF] PressGang: Steppe Bandits recruiting 1 Khuzait Peasant
2026-01-09 03:05:07.652 -06:00 [INF] PressGang: Grand Corsairs Horde recruiting 1 Imperial Shipmate
2026-01-09 03:05:08.062 -06:00 [INF] Daily Tick: Verifying Syndicate War State...
2026-01-09 03:05:08.062 -06:00 [INF] Checking staggered war declarations for Day Index: 3
2026-01-09 03:05:08.409 -06:00 [INF] PressGang: Steppe Bandits recruiting 1 Khuzait Peasant
2026-01-09 03:05:08.469 -06:00 [INF] PressGang: Deserters recruiting 1 Aserai Mamluke Regular
2026-01-09 03:05:09.028 -06:00 [INF] PressGang: Looters recruiting 1 Battania Peasant
2026-01-09 03:05:09.996 -06:00 [INF] PressGang: Deserters recruiting 2 Vlandia Peasant
2026-01-09 03:05:10.752 -06:00 [INF] MERGING: Steppe Bandits (18) -> Steppe Bandits (37) [Naval: False]
2026-01-09 03:05:10.753 -06:00 [INF] MERGING: Looters (17) -> Grand Steppe Bandits Horde (55) [Naval: False]
2026-01-09 03:05:10.753 -06:00 [INF] Total Merges this battle: 2
2026-01-09 03:05:12.074 -06:00 [INF] MERGING: Sea Raiders (9) -> Sea Raiders (16) [Naval: True]
2026-01-09 03:05:12.075 -06:00 [INF] Total Merges this battle: 1
2026-01-09 03:05:14.280 -06:00 [INF] Found 1 stuck Syndicate Warlords. Redeploying...
2026-01-09 03:05:15.127 -06:00 [INF] Found 1 stuck Syndicate Warlords. Redeploying...
2026-01-09 03:05:15.127 -06:00 [INF] Redeploying Cadfin Blacktooth to Seaside Hideout...
2026-01-09 03:05:19.802 -06:00 [INF] PressGang: Grand Looters Horde recruiting 1 Sturgian Veteran Convoy Guard
2026-01-09 03:05:19.999 -06:00 [INF] PressGang: Grand Looters Horde recruiting 2 Vlandian Armed Convoy Trader
2026-01-09 03:05:19.999 -06:00 [INF] PressGang: Grand Looters Horde recruiting 1 Sturgia Peasant
2026-01-09 03:05:19.999 -06:00 [INF] PressGang: Grand Looters Horde recruiting 1 Imperial Convoy Guard
2026-01-09 03:05:20.185 -06:00 [INF] PressGang: Forest Bandits recruiting 1 Nord Peasant
2026-01-09 03:05:20.706 -06:00 [INF] PressGang: Grand Steppe Bandits Horde recruiting 1 Khuzait Peasant
2026-01-09 03:05:21.087 -06:00 [INF] PressGang: Grand Sturgia Horde recruiting 1 Sturgian Militia Archer
2026-01-09 03:05:21.087 -06:00 [INF] PressGang: Grand Sturgia Horde recruiting 1 Sturgian Crewman
2026-01-09 03:05:21.087 -06:00 [INF] PressGang: Grand Sturgia Horde recruiting 1 Sturgian Spearman
2026-01-09 03:05:21.087 -06:00 [INF] PressGang: Grand Sturgia Horde recruiting 1 Sturgian Hardened Brigand (Rank 1)
2026-01-09 03:05:21.370 -06:00 [INF] PressGang: Grand Sturgia Horde recruiting 2 Sturgian Recruit
2026-01-09 03:05:21.465 -06:00 [INF] PressGang: Grand Sturgia Horde recruiting 1 Sturgian Reaver
2026-01-09 03:05:21.465 -06:00 [INF] PressGang: Grand Sturgia Horde recruiting 1 Sturgian Veteran Shipman
2026-01-09 03:05:21.987 -06:00 [INF] MERGING: Looters (9) -> Steppe Bandits (24) [Naval: False]
2026-01-09 03:05:21.988 -06:00 [INF] Total Merges this battle: 1
2026-01-09 03:05:21.989 -06:00 [INF] PressGang: Grand Aserai Horde recruiting 1 Aserai Archer
2026-01-09 03:05:21.989 -06:00 [INF] PressGang: Grand Aserai Horde recruiting 1 Aserai Mamluke Soldier
2026-01-09 03:05:22.082 -06:00 [INF] PressGang: Grand Aserai Horde recruiting 1 Aserai Mamluke Soldier
2026-01-09 03:05:22.083 -06:00 [INF] PressGang: Grand Aserai Horde recruiting 1 Aserai Recruit
2026-01-09 03:05:22.083 -06:00 [INF] PressGang: Grand Aserai Horde recruiting 1 Aserai Archer
2026-01-09 03:05:22.770 -06:00 [INF] PressGang: Sea Raiders recruiting 1 Nord Peasant
2026-01-09 03:05:23.479 -06:00 [INF] PressGang: Grand Corsairs Horde recruiting 1 Aserai Peasant
2026-01-09 03:05:23.568 -06:00 [INF] MERGING: Desert Bandits (16) -> Desert Bandits (21) [Naval: False]
2026-01-09 03:05:23.569 -06:00 [INF] Total Merges this battle: 1
2026-01-09 03:05:24.170 -06:00 [INF] PressGang: Grand Empire Horde recruiting 1 Brigand
2026-01-09 03:05:25.173 -06:00 [INF] PressGang: Mountain Bandits recruiting 1 Battania Peasant
2026-01-09 03:05:25.710 -06:00 [INF] MERGING: Looters (6) -> Looters (14) [Naval: False]
2026-01-09 03:05:25.712 -06:00 [INF] Total Merges this battle: 1
2026-01-09 03:05:25.812 -06:00 [INF] PressGang: Grand Empire Horde recruiting 1 Freebooter
2026-01-09 03:05:26.009 -06:00 [INF] MERGING: Looters (19) -> Forest Bandits (25) [Naval: False]
2026-01-09 03:05:26.009 -06:00 [INF] MERGING: Looters (17) -> Grand Forest Bandits Horde (44) [Naval: False]
2026-01-09 03:05:26.010 -06:00 [INF] MERGING: Looters (14) -> Grand Forest Bandits Horde (61) [Naval: False]
2026-01-09 03:05:26.010 -06:00 [INF] Total Merges this battle: 3
2026-01-09 03:05:26.361 -06:00 [INF] PressGang: Wahan of the Beni Zilal's Party recruiting 1 Looter
2026-01-09 03:05:26.658 -06:00 [INF] PressGang: Deserters recruiting 3 Sturgian Soldier
2026-01-09 03:05:26.857 -06:00 [INF] PressGang: Looters recruiting 1 Nord Peasant
2026-01-09 03:05:26.858 -06:00 [INF] PressGang: Grand Corsairs Horde recruiting 1 Imperial Legionary
2026-01-09 03:05:26.858 -06:00 [INF] PressGang: Grand Corsairs Horde recruiting 1 Imperial Naute
2026-01-09 03:05:27.259 -06:00 [INF] PressGang: Steppe Bandits recruiting 2 Khuzait Peasant
2026-01-09 03:05:28.055 -06:00 [INF] Daily Tick: Verifying Syndicate War State...
2026-01-09 03:05:28.055 -06:00 [INF] Checking staggered war declarations for Day Index: 4
2026-01-09 03:05:28.056 -06:00 [INF] PressGang: Steppe Bandits recruiting 1 Khuzait Peasant
2026-01-09 03:05:28.104 -06:00 [INF] PressGang: Deserters recruiting 1 Aserai Mamluke Soldier
2026-01-09 03:05:28.104 -06:00 [INF] PressGang: Deserters recruiting 1 Aserai Faris
2026-01-09 03:05:28.650 -06:00 [INF] PressGang: Looters recruiting 1 Nord Peasant
2026-01-09 03:05:28.750 -06:00 [INF] PressGang: Deserters recruiting 1 Empire Peasant
2026-01-09 03:05:29.060 -06:00 [INF] PressGang: Steppe Bandits recruiting 1 Aserai Peasant
2026-01-09 03:05:29.963 -06:00 [INF] PressGang: Arlech of the Wolfskins' Party recruiting 2 Looter
2026-01-09 03:05:30.561 -06:00 [INF] PressGang: Grand Forest Bandits Horde recruiting 1 Empire Peasant
2026-01-09 03:05:39.839 -06:00 [INF] PressGang: Grand Looters Horde recruiting 1 Sturgian Armed Convoy Trader
2026-01-09 03:05:40.036 -06:00 [INF] PressGang: Grand Looters Horde recruiting 1 Imperial Armed Convoy Trader
2026-01-09 03:05:41.068 -06:00 [INF] PressGang: Grand Sturgia Horde recruiting 1 Sea Raider Warrior
2026-01-09 03:05:41.069 -06:00 [INF] PressGang: Grand Sturgia Horde recruiting 1 Sturgian Veteran Shipman
2026-01-09 03:05:41.069 -06:00 [INF] PressGang: Grand Sturgia Horde recruiting 1 Sturgian Recruit
2026-01-09 03:05:41.069 -06:00 [INF] PressGang: Grand Sturgia Horde recruiting 1 Sturgian Heroic Line Breaker
2026-01-09 03:05:41.069 -06:00 [INF] PressGang: Grand Sturgia Horde recruiting 1 Sturgian Spearman
2026-01-09 03:05:42.062 -06:00 [INF] PressGang: Grand Aserai Horde recruiting 1 Aserai Mamluke Axeman
2026-01-09 03:05:42.062 -06:00 [INF] PressGang: Grand Aserai Horde recruiting 1 Aserai Archer
2026-01-09 03:05:42.062 -06:00 [INF] PressGang: Grand Aserai Horde recruiting 1 Aserai Light Archer
2026-01-09 03:05:42.062 -06:00 [INF] PressGang: Grand Aserai Horde recruiting 1 Aserai Tribesman
2026-01-09 03:05:43.582 -06:00 [INF] PressGang: Grand Looters Horde recruiting 1 Imperial Armed Convoy Trader
2026-01-09 03:05:44.241 -06:00 [INF] PressGang: Ghulassen of the Beni Zilal's Party recruiting 1 Imperial Coast Guard
2026-01-09 03:05:44.243 -06:00 [INF] PressGang: Grand Corsairs Horde recruiting 1 Aserai Peasant
2026-01-09 03:05:44.540 -06:00 [INF] MERGING: Looters (11) -> Looters (15) [Naval: False]
2026-01-09 03:05:44.542 -06:00 [INF] MERGING: Looters (6) -> Looters (26) [Naval: False]
2026-01-09 03:05:44.542 -06:00 [INF] Total Merges this battle: 2
2026-01-09 03:05:44.938 -06:00 [INF] MERGING: Looters (11) -> Looters (16) [Naval: False]
2026-01-09 03:05:44.939 -06:00 [INF] MERGING: Looters (8) -> Looters (27) [Naval: False]
2026-01-09 03:05:44.939 -06:00 [INF] Total Merges this battle: 2
2026-01-09 03:05:45.787 -06:00 [INF] PressGang: Sea Raiders recruiting 1 Sturgia Peasant
2026-01-09 03:05:46.085 -06:00 [INF] PressGang: Looters recruiting 1 Imperial Infantryman
2026-01-09 03:05:46.085 -06:00 [INF] PressGang: Looters recruiting 1 Empire Peasant
2026-01-09 03:05:46.183 -06:00 [INF] PressGang: Grand Aserai Horde recruiting 1 Looter
2026-01-09 03:05:46.183 -06:00 [INF] PressGang: Grand Aserai Horde recruiting 1 Imperial Infantryman
2026-01-09 03:05:46.183 -06:00 [INF] PressGang: Grand Aserai Horde recruiting 1 Imperial Recruit
2026-01-09 03:05:46.533 -06:00 [INF] PressGang: Deserters recruiting 1 Sturgian Archer
2026-01-09 03:05:46.682 -06:00 [INF] PressGang: Looters recruiting 1 Nord Peasant
2026-01-09 03:05:47.128 -06:00 [INF] PressGang: Steppe Bandits recruiting 1 Khuzait Peasant
2026-01-09 03:05:47.613 -06:00 [INF] PressGang: Desert Bandits recruiting 1 Aserai Mamluke Soldier
2026-01-09 03:05:47.672 -06:00 [INF] Found 1 stuck Syndicate Warlords. Redeploying...
2026-01-09 03:05:48.105 -06:00 [INF] Daily Tick: Verifying Syndicate War State...
2026-01-09 03:05:48.106 -06:00 [INF] Checking staggered war declarations for Day Index: 5
2026-01-09 03:05:48.108 -06:00 [INF] PressGang: Sea Raiders recruiting 1 Imperial Crossbowman
2026-01-09 03:05:48.503 -06:00 [INF] Found 1 stuck Syndicate Warlords. Redeploying...
2026-01-09 03:05:48.503 -06:00 [INF] Redeploying The Warlord to Hideout...
2026-01-09 03:05:48.838 -06:00 [INF] PressGang: Deserters recruiting 1 Vlandian Voulgier
2026-01-09 03:05:48.838 -06:00 [INF] PressGang: Deserters recruiting 1 Imperial Vigla Recruit
2026-01-09 03:05:49.375 -06:00 [INF] PressGang: Looters recruiting 1 Empire Peasant
2026-01-09 03:05:57.024 -06:00 [INF] PressGang: Grand Aserai Horde recruiting 1 Sisterhood Follower
2026-01-09 03:05:57.025 -06:00 [INF] PressGang: Grand Aserai Horde recruiting 1 Looter
2026-01-09 03:05:59.716 -06:00 [INF] PressGang: Grand Corsairs Horde recruiting 1 Aserai Veteran Convoy Guard
2026-01-09 03:06:01.132 -06:00 [INF] PressGang: Grand Sturgia Horde recruiting 1 Sturgian Veteran Shipman
2026-01-09 03:06:01.132 -06:00 [INF] PressGang: Grand Sturgia Horde recruiting 1 Sturgian Brigand
2026-01-09 03:06:01.554 -06:00 [INF] PressGang: Grand Sturgia Horde recruiting 1 Sturgian Reaver
2026-01-09 03:06:01.554 -06:00 [INF] PressGang: Grand Sturgia Horde recruiting 1 Varyag Veteran
2026-01-09 03:06:01.554 -06:00 [INF] PressGang: Grand Sturgia Horde recruiting 1 Sturgian Brigand
2026-01-09 03:06:01.597 -06:00 [INF] MERGING: Deserters (16) -> Deserters (16) [Naval: False]
2026-01-09 03:06:01.598 -06:00 [INF] Total Merges this battle: 1
2026-01-09 03:06:02.112 -06:00 [INF] PressGang: Grand Aserai Horde recruiting 1 Aserai Archer
2026-01-09 03:06:02.112 -06:00 [INF] PressGang: Grand Aserai Horde recruiting 1 Aserai Light Archer
2026-01-09 03:06:02.904 -06:00 [INF] MERGING: Looters (10) -> Deserters (48) [Naval: False]
2026-01-09 03:06:02.904 -06:00 [INF] MERGING: Looters (6) -> Grand Looters Horde (58) [Naval: False]
2026-01-09 03:06:02.905 -06:00 [INF] Total Merges this battle: 2
2026-01-09 03:06:02.907 -06:00 [INF] PressGang: Grand Looters Horde recruiting 1 Vlandian Footman
2026-01-09 03:06:03.616 -06:00 [INF] PressGang: Grand Looters Horde recruiting 1 Imperial Convoy Guard
2026-01-09 03:06:03.841 -06:00 [INF] PressGang: Looters recruiting 1 Empire Peasant
2026-01-09 03:06:04.418 -06:00 [INF] PressGang: Looters recruiting 1 Aserai Peasant
2026-01-09 03:06:04.998 -06:00 [INF] PressGang: Grand Aserai Horde recruiting 1 Looter
2026-01-09 03:06:05.000 -06:00 [INF] PressGang: Grand Looters Horde recruiting 1 Sturgia Peasant
2026-01-09 03:06:05.175 -06:00 [INF] PressGang: Grand Empire Horde recruiting 1 Empire Peasant
2026-01-09 03:06:05.573 -06:00 [INF] PressGang: Grand Empire Horde recruiting 1 Sellsword
2026-01-09 03:06:05.573 -06:00 [INF] PressGang: Grand Empire Horde recruiting 1 Imperial Armed Trader
2026-01-09 03:06:05.973 -06:00 [INF] PressGang: Looters recruiting 1 Imperial Infantryman
2026-01-09 03:06:06.027 -06:00 [INF] PressGang: Steppe Bandits recruiting 1 Khuzait Peasant
2026-01-09 03:06:06.106 -06:00 [INF] PressGang: Grand Aserai Horde recruiting 1 Imperial Coast Guard
2026-01-09 03:06:06.462 -06:00 [INF] PressGang: Looters recruiting 1 Empire Peasant
2026-01-09 03:06:06.510 -06:00 [INF] PressGang: Sea Raiders recruiting 1 Nord Peasant
2026-01-09 03:06:06.710 -06:00 [INF] PressGang: Deserters recruiting 1 Sturgia Peasant
2026-01-09 03:06:06.957 -06:00 [INF] PressGang: Steppe Bandits recruiting 1 Khuzait Peasant
2026-01-09 03:06:07.305 -06:00 [INF] PressGang: Looters recruiting 1 Empire Peasant
2026-01-09 03:06:07.556 -06:00 [INF] PressGang: Looters recruiting 1 Nord Peasant
2026-01-09 03:06:07.596 -06:00 [INF] PressGang: Steppe Bandits recruiting 1 Khuzait Peasant
2026-01-09 03:06:07.645 -06:00 [INF] PressGang: Deserters recruiting 1 Aserai Mamluke Regular
2026-01-09 03:06:07.748 -06:00 [INF] MERGING: Steppe Bandits (16) -> Looters (17) [Naval: False]
2026-01-09 03:06:07.748 -06:00 [INF] MERGING: Steppe Bandits (8) -> Looters (33) [Naval: False]
2026-01-09 03:06:07.748 -06:00 [INF] Total Merges this battle: 2
2026-01-09 03:06:07.944 -06:00 [INF] PressGang: Grand Looters Horde recruiting 1 Nord Peasant
2026-01-09 03:06:08.087 -06:00 [INF] PressGang: Steppe Bandits recruiting 3 Khuzait Peasant
2026-01-09 03:06:08.138 -06:00 [INF] Daily Tick: Verifying Syndicate War State...
2026-01-09 03:06:08.139 -06:00 [INF] Checking staggered war declarations for Day Index: 0
2026-01-09 03:06:08.424 -06:00 [INF] PressGang: Steppe Bandits recruiting 2 Aserai Peasant
2026-01-09 03:06:08.534 -06:00 [INF] PressGang: Grand Looters Horde recruiting 1 Vlandian Gallant
2026-01-09 03:06:08.724 -06:00 [INF] PressGang: Grand Looters Horde recruiting 1 Empire Peasant
2026-01-09 03:06:08.985 -06:00 [INF] PressGang: Looters recruiting 2 Vlandia Peasant
2026-01-09 03:06:09.326 -06:00 [INF] MERGING: Looters (7) -> Looters (13) [Naval: False]
2026-01-09 03:06:09.326 -06:00 [INF] Total Merges this battle: 1
2026-01-09 03:06:09.424 -06:00 [INF] PressGang: Steppe Bandits recruiting 1 Aserai Peasant
2026-01-09 03:06:09.521 -06:00 [INF] PressGang: Deserters recruiting 2 Aserai Peasant
2026-01-09 03:06:09.667 -06:00 [INF] MERGING: Looters (13) -> Deserters (40) [Naval: False]
2026-01-09 03:06:09.668 -06:00 [INF] Total Merges this battle: 1
2026-01-09 03:06:14.371 -06:00 [INF] Found 1 stuck Syndicate Warlords. Redeploying...
2026-01-09 03:06:15.225 -06:00 [INF] Found 1 stuck Syndicate Warlords. Redeploying...
2026-01-09 03:06:16.060 -06:00 [INF] Found 1 stuck Syndicate Warlords. Redeploying...
2026-01-09 03:06:16.903 -06:00 [INF] Found 1 stuck Syndicate Warlords. Redeploying...
2026-01-09 03:06:16.997 -06:00 [INF] PressGang: Grand Aserai Horde recruiting 1 Aserai Archer
2026-01-09 03:06:16.998 -06:00 [INF] PressGang: Grand Aserai Horde recruiting 1 Looter
2026-01-09 03:06:17.695 -06:00 [INF] Found 1 stuck Syndicate Warlords. Redeploying...
2026-01-09 03:06:18.530 -06:00 [INF] Found 1 stuck Syndicate Warlords. Redeploying...
2026-01-09 03:06:19.473 -06:00 [INF] Found 1 stuck Syndicate Warlords. Redeploying...
2026-01-09 03:06:20.269 -06:00 [INF] Found 1 stuck Syndicate Warlords. Redeploying...
2026-01-09 03:06:21.087 -06:00 [INF] Found 1 stuck Syndicate Warlords. Redeploying...
2026-01-09 03:06:21.089 -06:00 [INF] PressGang: Grand Sturgia Horde recruiting 1 Varyag
2026-01-09 03:06:21.090 -06:00 [INF] PressGang: Grand Sturgia Horde recruiting 1 Sturgian Woodsman (Rank 1)
2026-01-09 03:06:21.090 -06:00 [INF] PressGang: Grand Sturgia Horde recruiting 1 Sturgian Druzhinnik Champion
2026-01-09 03:06:21.090 -06:00 [INF] PressGang: Grand Sturgia Horde recruiting 1 Sturgian Line Breaker
2026-01-09 03:06:21.416 -06:00 [INF] MERGING: Looters (18) -> Steppe Bandits (30) [Naval: False]
2026-01-09 03:06:21.417 -06:00 [INF] MERGING: Looters (11) -> Grand Steppe Bandits Horde (48) [Naval: False]
2026-01-09 03:06:21.418 -06:00 [INF] Total Merges this battle: 2
2026-01-09 03:06:21.909 -06:00 [INF] Found 1 stuck Syndicate Warlords. Redeploying...
2026-01-09 03:06:21.909 -06:00 [INF] Redeploying Cadfin Blacktooth to Hideout...
2026-01-09 03:06:22.045 -06:00 [INF] PressGang: Grand Aserai Horde recruiting 1 Aserai Veteran Sailor
2026-01-09 03:06:22.045 -06:00 [INF] PressGang: Grand Aserai Horde recruiting 1 Aserai Mamluke Regular
2026-01-09 03:06:23.008 -06:00 [INF] PressGang: Grand Corsairs Horde recruiting 1 Empire Peasant
2026-01-09 03:06:23.255 -06:00 [INF] PressGang: Sea Raiders recruiting 1 Nord Peasant
2026-01-09 03:06:23.302 -06:00 [INF] PressGang: Grand Corsairs Horde recruiting 1 Aserai Infantry
2026-01-09 03:06:23.302 -06:00 [INF] PressGang: Grand Corsairs Horde recruiting 1 Aserai Tribal Horseman
2026-01-09 03:06:23.447 -06:00 [INF] PressGang: Grand Looters Horde recruiting 1 Imperial Veteran Convoy Guard
2026-01-09 03:06:24.365 -06:00 [INF] PressGang: Grand Looters Horde recruiting 1 Aserai Peasant
2026-01-09 03:06:24.603 -06:00 [INF] PressGang: Looters recruiting 1 Empire Peasant
2026-01-09 03:06:25.822 -06:00 [INF] PressGang: Looters recruiting 1 Imperial Heavy Horseman
2026-01-09 03:06:25.822 -06:00 [INF] PressGang: Looters recruiting 1 Empire Peasant
2026-01-09 03:06:25.823 -06:00 [INF] PressGang: Steppe Bandits recruiting 1 Aserai Peasant
2026-01-09 03:06:26.456 -06:00 [INF] PressGang: Deserters recruiting 1 Sturgia Peasant
2026-01-09 03:06:26.938 -06:00 [INF] MERGING: Looters (8) -> Looters (15) [Naval: False]
2026-01-09 03:06:26.938 -06:00 [INF] Total Merges this battle: 1
2026-01-09 03:06:27.087 -06:00 [INF] PressGang: Looters recruiting 1 Empire Peasant
2026-01-09 03:06:27.734 -06:00 [INF] Found 1 stuck Syndicate Warlords. Redeploying...
2026-01-09 03:06:27.773 -06:00 [INF] PressGang: Looters recruiting 1 Nord Peasant
2026-01-09 03:06:28.130 -06:00 [INF] PressGang: Steppe Bandits recruiting 3 Aserai Peasant
2026-01-09 03:06:28.182 -06:00 [INF] Daily Tick: Verifying Syndicate War State...
2026-01-09 03:06:28.182 -06:00 [INF] Checking staggered war declarations for Day Index: 1
2026-01-09 03:06:28.231 -06:00 [INF] PressGang: Grand Looters Horde recruiting 1 Imperial Vigla Recruit
2026-01-09 03:06:28.231 -06:00 [INF] PressGang: Grand Looters Horde recruiting 1 Vlandian Sharpshooter
2026-01-09 03:06:28.587 -06:00 [INF] Found 1 stuck Syndicate Warlords. Redeploying...
2026-01-09 03:06:28.685 -06:00 [INF] PressGang: Mountain Bandits recruiting 1 Empire Peasant
2026-01-09 03:06:29.289 -06:00 [INF] PressGang: Lakhem of the Beni Zilal's Party recruiting 2 Looter
2026-01-09 03:06:29.289 -06:00 [INF] PressGang: Lakhem of the Beni Zilal's Party recruiting 1 Aserai Tribesman
2026-01-09 03:06:29.289 -06:00 [INF] PressGang: Lakhem of the Beni Zilal's Party recruiting 1 Aserai Recruit
2026-01-09 03:06:29.399 -06:00 [INF] Found 1 stuck Syndicate Warlords. Redeploying...
2026-01-09 03:06:29.399 -06:00 [INF] Redeploying Thavin the Shark to Hideout...
2026-01-09 03:06:30.705 -06:00 [INF] PressGang: Cadfin Blacktooth's Party recruiting 1 Looter
2026-01-09 03:06:33.377 -06:00 [INF] MERGING: Desert Bandits (13) -> Desert Bandits (21) [Naval: False]
2026-01-09 03:06:33.379 -06:00 [INF] Total Merges this battle: 1
2026-01-09 03:06:35.974 -06:00 [INF] MERGING: Mountain Bandits (10) -> Mountain Bandits (17) [Naval: False]
2026-01-09 03:06:35.974 -06:00 [INF] Total Merges this battle: 1
2026-01-09 03:06:37.035 -06:00 [INF] MERGING: Looters (16) -> Looters (23) [Naval: False]
2026-01-09 03:06:37.036 -06:00 [INF] Total Merges this battle: 1
2026-01-09 03:06:37.423 -06:00 [INF] MERGING: Looters (13) -> Looters (15) [Naval: False]
2026-01-09 03:06:37.423 -06:00 [INF] Total Merges this battle: 1
2026-01-09 03:06:38.055 -06:00 [INF] MERGING: Looters (16) -> Looters (16) [Naval: False]
2026-01-09 03:06:38.056 -06:00 [INF] MERGING: Mountain Bandits (15) -> Looters (32) [Naval: False]
2026-01-09 03:06:38.056 -06:00 [INF] Total Merges this battle: 2
2026-01-09 03:06:39.781 -06:00 [INF] PressGang: Grand Corsairs Horde recruiting 1 Aserai Armed Convoy Trader
2026-01-09 03:06:39.781 -06:00 [INF] PressGang: Grand Corsairs Horde recruiting 1 Imperial Shipmate
2026-01-09 03:06:39.781 -06:00 [INF] PressGang: Grand Corsairs Horde recruiting 1 Imperial Coast Guard
2026-01-09 03:06:41.133 -06:00 [INF] PressGang: Grand Sturgia Horde recruiting 1 Sturgian Woodsman
2026-01-09 03:06:41.133 -06:00 [INF] PressGang: Grand Sturgia Horde recruiting 1 Sturgian Otrok
2026-01-09 03:06:41.133 -06:00 [INF] PressGang: Grand Sturgia Horde recruiting 1 Sturgian Veteran Shipman
2026-01-09 03:06:41.552 -06:00 [INF] PressGang: Grand Sturgia Horde recruiting 1 Sea Raider Chief
2026-01-09 03:06:41.552 -06:00 [INF] PressGang: Grand Sturgia Horde recruiting 1 Sturgian Otrok
2026-01-09 03:06:41.552 -06:00 [INF] PressGang: Grand Sturgia Horde recruiting 2 Looter
2026-01-09 03:06:42.080 -06:00 [INF] PressGang: Grand Aserai Horde recruiting 1 Aserai Mamluke Soldier
2026-01-09 03:06:42.080 -06:00 [INF] PressGang: Grand Aserai Horde recruiting 1 Aserai Mamluke Cavalry
2026-01-09 03:06:42.080 -06:00 [INF] PressGang: Grand Aserai Horde recruiting 1 Aserai Light Archer
2026-01-09 03:06:42.080 -06:00 [INF] PressGang: Grand Aserai Horde recruiting 1 Aserai Footman
2026-01-09 03:06:43.438 -06:00 [INF] PressGang: Grand Looters Horde recruiting 1 Imperial Armed Convoy Trader
2026-01-09 03:06:43.964 -06:00 [INF] PressGang: Grand Empire Horde recruiting 1 Highwayman
2026-01-09 03:06:44.054 -06:00 [INF] PressGang: Grand Aserai Horde recruiting 1 Imperial Trained Infantryman
2026-01-09 03:06:44.586 -06:00 [INF] PressGang: Looters recruiting 1 Empire Peasant
2026-01-09 03:06:45.687 -06:00 [INF] PressGang: Steppe Bandits recruiting 1 Khuzait Peasant
2026-01-09 03:06:45.734 -06:00 [INF] PressGang: Grand Aserai Horde recruiting 1 Imperial Trained Infantryman
2026-01-09 03:06:47.951 -06:00 [INF] PressGang: Grand Looters Horde recruiting 1 Vlandian Gallant
2026-01-09 03:06:47.951 -06:00 [INF] PressGang: Grand Looters Horde recruiting 1 Vlandian Champion
2026-01-09 03:06:48.123 -06:00 [INF] PressGang: Grand Looters Horde recruiting 2 Empire Peasant
2026-01-09 03:06:48.171 -06:00 [INF] Daily Tick: Verifying Syndicate War State...
2026-01-09 03:06:48.171 -06:00 [INF] Checking staggered war declarations for Day Index: 2
2026-01-09 03:06:48.608 -06:00 [INF] Found 1 stuck Syndicate Warlords. Redeploying...
2026-01-09 03:06:48.691 -06:00 [INF] PressGang: Mountain Bandits recruiting 1 Battania Peasant
2026-01-09 03:06:48.691 -06:00 [INF] PressGang: Steppe Bandits recruiting 1 Aserai Peasant
2026-01-09 03:06:48.821 -06:00 [INF] PressGang: Looters recruiting 1 Sturgia Peasant
2026-01-09 03:06:49.131 -06:00 [INF] PressGang: Looters recruiting 1 Empire Peasant
2026-01-09 03:06:49.306 -06:00 [INF] PressGang: Phelenos of the Embers' Party recruiting 1 Freebooter
2026-01-09 03:06:49.306 -06:00 [INF] PressGang: Phelenos of the Embers' Party recruiting 1 Bushwacker
2026-01-09 03:06:49.444 -06:00 [INF] Found 1 stuck Syndicate Warlords. Redeploying...
2026-01-09 03:06:50.056 -06:00 [INF] PressGang: Grand Steppe Bandits Horde recruiting 1 Empire Peasant
2026-01-09 03:06:50.287 -06:00 [INF] Found 1 stuck Syndicate Warlords. Redeploying...
2026-01-09 03:06:51.126 -06:00 [INF] Found 1 stuck Syndicate Warlords. Redeploying...
2026-01-09 03:06:51.126 -06:00 [INF] Redeploying Vanther the Shark to Hideout...
2026-01-09 03:06:55.005 -06:00 [INF] MERGING: Sea Raiders (13) -> Sea Raiders (19) [Naval: True]
2026-01-09 03:06:55.007 -06:00 [INF] Total Merges this battle: 1
2026-01-09 03:06:59.797 -06:00 [INF] PressGang: Grand Corsairs Horde recruiting 1 Imperial Shipmate
2026-01-09 03:06:59.798 -06:00 [INF] PressGang: Grand Corsairs Horde recruiting 1 Imperial Trained Infantryman
2026-01-09 03:06:59.987 -06:00 [INF] PressGang: Grand Looters Horde recruiting 1 Sturgian Convoy Guard
2026-01-09 03:07:01.181 -06:00 [INF] PressGang: Grand Sturgia Horde recruiting 1 Varyag
2026-01-09 03:07:01.181 -06:00 [INF] PressGang: Grand Sturgia Horde recruiting 1 Sturgian Crewman
2026-01-09 03:07:01.181 -06:00 [INF] PressGang: Grand Sturgia Horde recruiting 1 Sturgian Recruit
2026-01-09 03:07:01.181 -06:00 [INF] PressGang: Grand Sturgia Horde recruiting 1 Sturgian Brigand
2026-01-09 03:07:01.181 -06:00 [INF] PressGang: Grand Sturgia Horde recruiting 2 Varyag Veteran
2026-01-09 03:07:01.181 -06:00 [INF] PressGang: Grand Sturgia Horde recruiting 1 Sturgian Hunter
2026-01-09 03:07:01.566 -06:00 [INF] PressGang: Grand Sturgia Horde recruiting 1 Sturgian Warrior
2026-01-09 03:07:01.566 -06:00 [INF] PressGang: Grand Sturgia Horde recruiting 3 Sturgian Otrok
2026-01-09 03:07:01.566 -06:00 [INF] PressGang: Grand Sturgia Horde recruiting 1 Varyag
2026-01-09 03:07:02.110 -06:00 [INF] PressGang: Grand Aserai Horde recruiting 1 Aserai Faris
2026-01-09 03:07:03.451 -06:00 [INF] PressGang: Grand Looters Horde recruiting 1 Imperial Armed Convoy Trader
2026-01-09 03:07:03.750 -06:00 [INF] MERGING: Corsairs (27) -> Corsairs (42) [Naval: True]
2026-01-09 03:07:03.750 -06:00 [INF] Total Merges this battle: 1
2026-01-09 03:07:03.893 -06:00 [INF] PressGang: Grand Empire Horde recruiting 2 Brigand
2026-01-09 03:07:03.893 -06:00 [INF] PressGang: Grand Empire Horde recruiting 2 Hillman
2026-01-09 03:07:03.981 -06:00 [INF] MERGING: Mountain Bandits (19) -> Mountain Bandits (24) [Naval: False]
2026-01-09 03:07:03.982 -06:00 [INF] Total Merges this battle: 1
2026-01-09 03:07:04.485 -06:00 [INF] PressGang: Looters recruiting 1 Empire Peasant
2026-01-09 03:07:05.935 -06:00 [INF] MERGING: Forest Bandits (10) -> Forest Bandits (25) [Naval: False]
2026-01-09 03:07:05.937 -06:00 [INF] Total Merges this battle: 1
2026-01-09 03:07:07.270 -06:00 [INF] PressGang: Steppe Bandits recruiting 1 Khuzait Lancer
2026-01-09 03:07:07.535 -06:00 [INF] PressGang: Steppe Bandits recruiting 2 Aserai Peasant
2026-01-09 03:07:08.207 -06:00 [INF] Daily Tick: Verifying Syndicate War State...
2026-01-09 03:07:08.207 -06:00 [INF] Checking staggered war declarations for Day Index: 3
2026-01-09 03:07:08.379 -06:00 [INF] PressGang: Mountain Bandits recruiting 1 Battania Peasant
2026-01-09 03:07:08.561 -06:00 [INF] PressGang: Grand Aserai Horde recruiting 1 Looter
2026-01-09 03:07:09.605 -06:00 [INF] PressGang: Grand Steppe Bandits Horde recruiting 1 Empire Peasant
2026-01-09 03:07:10.005 -06:00 [INF] PressGang: Grand Mountain Bandits Horde recruiting 1 Imperial Sergeant Crossbowman
2026-01-09 03:07:10.225 -06:00 [INF] MERGING: Looters (12) -> Mountain Bandits (25) [Naval: False]
2026-01-09 03:07:10.227 -06:00 [INF] MERGING: Looters (12) -> Mountain Bandits (37) [Naval: False]
2026-01-09 03:07:10.227 -06:00 [INF] MERGING: Mountain Bandits (9) -> Grand Mountain Bandits Horde (49) [Naval: False]
2026-01-09 03:07:10.227 -06:00 [INF] Total Merges this battle: 3
2026-01-09 03:07:10.302 -06:00 [INF] PressGang: Byram of the Lake Rats' Party recruiting 1 Sturgian Crewman
2026-01-09 03:07:10.302 -06:00 [INF] PressGang: Byram of the Lake Rats' Party recruiting 1 Sturgian Recruit
2026-01-09 03:07:13.772 -06:00 [INF] MERGING: Steppe Bandits (10) -> Steppe Bandits (21) [Naval: False]
2026-01-09 03:07:13.773 -06:00 [INF] Total Merges this battle: 1
2026-01-09 03:07:18.713 -06:00 [INF] MERGING: Mountain Bandits (13) -> Mountain Bandits (28) [Naval: False]
2026-01-09 03:07:18.713 -06:00 [INF] Total Merges this battle: 1
2026-01-09 03:07:19.803 -06:00 [INF] PressGang: Grand Corsairs Horde recruiting 1 Imperial Trained Infantryman
2026-01-09 03:07:20.355 -06:00 [INF] PressGang: Grand Corsairs Horde recruiting 2 Sturgian Veteran Convoy Guard
2026-01-09 03:07:20.356 -06:00 [INF] PressGang: Grand Corsairs Horde recruiting 2 Sturgian Convoy Guard
2026-01-09 03:07:20.476 -06:00 [INF] MERGING: Looters (2) -> Looters (11) [Naval: False]
2026-01-09 03:07:20.477 -06:00 [INF] Total Merges this battle: 1
2026-01-09 03:07:21.129 -06:00 [INF] PressGang: Grand Sturgia Horde recruiting 1 Sturgian Warrior
2026-01-09 03:07:21.130 -06:00 [INF] PressGang: Grand Sturgia Horde recruiting 1 Sturgian Recruit
2026-01-09 03:07:21.130 -06:00 [INF] PressGang: Grand Sturgia Horde recruiting 1 Sturgian Hunter
2026-01-09 03:07:21.130 -06:00 [INF] PressGang: Grand Sturgia Horde recruiting 1 Nord Veteran Convoy Guard
2026-01-09 03:07:21.130 -06:00 [INF] PressGang: Grand Sturgia Horde recruiting 1 Sturgian Spearman
2026-01-09 03:07:21.537 -06:00 [INF] PressGang: Grand Sturgia Horde recruiting 1 Sturgian Recruit
2026-01-09 03:07:22.618 -06:00 [INF] MERGING: Looters (13) -> Looters (39) [Naval: False]
2026-01-09 03:07:22.618 -06:00 [INF] Total Merges this battle: 1
2026-01-09 03:07:23.211 -06:00 [INF] PressGang: Sea Raiders recruiting 1 Nord Peasant
2026-01-09 03:07:23.393 -06:00 [INF] PressGang: Grand Looters Horde recruiting 1 Imperial Armed Convoy Trader
2026-01-09 03:07:25.767 -06:00 [INF] PressGang: Looters recruiting 1 Empire Peasant
2026-01-09 03:07:26.355 -06:00 [INF] PressGang: Looters recruiting 1 Vlandia Peasant
2026-01-09 03:07:26.489 -06:00 [INF] PressGang: Looters recruiting 1 Empire Peasant
2026-01-09 03:07:26.717 -06:00 [INF] PressGang: Grand Empire Horde recruiting 2 Empire Peasant
2026-01-09 03:07:26.897 -06:00 [INF] PressGang: Grand Sturgia Horde recruiting 1 Sturgian Recruit
2026-01-09 03:07:27.074 -06:00 [INF] PressGang: Steppe Bandits recruiting 1 Khuzait Peasant
2026-01-09 03:07:27.075 -06:00 [INF] PressGang: Steppe Bandits recruiting 1 Khuzait Raider
2026-01-09 03:07:27.918 -06:00 [INF] PressGang: Grand Corsairs Horde recruiting 1 Empire Peasant
2026-01-09 03:07:28.050 -06:00 [INF] PressGang: Grand Mountain Bandits Horde recruiting 1 Battania Peasant
2026-01-09 03:07:28.232 -06:00 [INF] Daily Tick: Verifying Syndicate War State...
2026-01-09 03:07:28.233 -06:00 [INF] Checking staggered war declarations for Day Index: 4
2026-01-09 03:07:28.448 -06:00 [INF] PressGang: Looters recruiting 1 Nord Peasant
2026-01-09 03:07:28.844 -06:00 [INF] PressGang: Forest Bandits recruiting 1 Nord Youngling
2026-01-09 03:07:29.113 -06:00 [INF] MERGING: Looters (10) -> Looters (11) [Naval: False]
2026-01-09 03:07:29.113 -06:00 [INF] Total Merges this battle: 1
2026-01-09 03:07:29.167 -06:00 [INF] PressGang: Steppe Bandits recruiting 2 Khuzait Peasant
2026-01-09 03:07:29.832 -06:00 [INF] PressGang: Grand Sturgia Horde recruiting 1 Khuzait Convoy Guard
2026-01-09 03:07:29.833 -06:00 [INF] PressGang: Corsairs recruiting 2 Imperial Coast Guard
2026-01-09 03:07:29.833 -06:00 [INF] PressGang: Corsairs recruiting 1 Imperial Trained Infantryman
2026-01-09 03:07:29.920 -06:00 [INF] PressGang: Vanther the Shark's Party recruiting 2 Varyag
2026-01-09 03:07:30.190 -06:00 [INF] PressGang: Sea Raiders recruiting 1 Nord Axe Warrior
2026-01-09 03:07:30.338 -06:00 [INF] PressGang: Phirentos of the Hand's Party recruiting 1 Looter
2026-01-09 03:07:34.504 -06:00 [INF] Found 1 stuck Syndicate Warlords. Redeploying...
2026-01-09 03:07:35.353 -06:00 [INF] Found 1 stuck Syndicate Warlords. Redeploying...
2026-01-09 03:07:35.353 -06:00 [INF] Redeploying Cadfin Blacktooth to Hideout...
2026-01-09 03:07:37.218 -06:00 [INF] PressGang: Grand Aserai Horde recruiting 1 Looter
2026-01-09 03:07:37.411 -06:00 [INF] MERGING: Looters (11) -> Looters (22) [Naval: False]
2026-01-09 03:07:37.412 -06:00 [INF] MERGING: Looters (8) -> Looters (33) [Naval: False]
2026-01-09 03:07:37.413 -06:00 [INF] Total Merges this battle: 2
2026-01-09 03:07:39.850 -06:00 [INF] PressGang: Grand Corsairs Horde recruiting 1 Aserai Armed Convoy Trader
2026-01-09 03:07:39.851 -06:00 [INF] PressGang: Grand Corsairs Horde recruiting 1 Imperial Shipmate
2026-01-09 03:07:39.999 -06:00 [INF] PressGang: Grand Looters Horde recruiting 1 Imperial Veteran Convoy Guard
2026-01-09 03:07:39.999 -06:00 [INF] PressGang: Grand Looters Horde recruiting 1 Imperial Convoy Guard
2026-01-09 03:07:40.395 -06:00 [INF] PressGang: Grand Corsairs Horde recruiting 1 Sturgian Veteran Convoy Guard
2026-01-09 03:07:40.396 -06:00 [INF] PressGang: Grand Corsairs Horde recruiting 1 Sturgian Convoy Guard
2026-01-09 03:07:40.396 -06:00 [INF] PressGang: Grand Corsairs Horde recruiting 1 Sturgian Armed Convoy Trader
2026-01-09 03:07:41.142 -06:00 [INF] PressGang: Grand Sturgia Horde recruiting 1 Sturgian Warrior
2026-01-09 03:07:41.142 -06:00 [INF] PressGang: Grand Sturgia Horde recruiting 1 Sturgian Recruit
2026-01-09 03:07:41.142 -06:00 [INF] PressGang: Grand Sturgia Horde recruiting 1 Khuzait Convoy Guard
2026-01-09 03:07:41.142 -06:00 [INF] PressGang: Grand Sturgia Horde recruiting 1 Khuzait Raider
2026-01-09 03:07:43.334 -06:00 [INF] PressGang: Grand Looters Horde recruiting 1 Imperial Veteran Convoy Guard
2026-01-09 03:07:43.731 -06:00 [INF] PressGang: Grand Empire Horde recruiting 1 Hillman
2026-01-09 03:07:43.957 -06:00 [INF] PressGang: Grand Steppe Bandits Horde recruiting 1 Empire Peasant
2026-01-09 03:07:44.093 -06:00 [INF] PressGang: Grand Looters Horde recruiting 1 Aserai Peasant
2026-01-09 03:07:44.499 -06:00 [INF] PressGang: Grand Aserai Horde recruiting 1 Nomad Bandit
2026-01-09 03:07:44.499 -06:00 [INF] PressGang: Grand Aserai Horde recruiting 1 Bedouin Rover
2026-01-09 03:07:45.311 -06:00 [INF] PressGang: Deserters recruiting 1 Imperial Crossbowman
2026-01-09 03:07:45.311 -06:00 [INF] PressGang: Deserters recruiting 2 Imperial Bucellarii
2026-01-09 03:07:45.312 -06:00 [INF] PressGang: Grand Aserai Horde recruiting 1 Aserai Peasant
2026-01-09 03:07:46.584 -06:00 [INF] PressGang: Grand Empire Horde recruiting 4 Empire Peasant
2026-01-09 03:07:46.585 -06:00 [INF] PressGang: Grand Empire Horde recruiting 2 Looter
2026-01-09 03:07:46.769 -06:00 [INF] PressGang: Grand Sturgia Horde recruiting 1 Nord Freeman Archer (Rank 1)
2026-01-09 03:07:46.769 -06:00 [INF] PressGang: Grand Sturgia Horde recruiting 1 Nord Shield Biters
2026-01-09 03:07:47.210 -06:00 [INF] PressGang: Sea Raiders recruiting 1 Empire Peasant
2026-01-09 03:07:47.388 -06:00 [INF] PressGang: Grand Looters Horde recruiting 2 Empire Peasant
2026-01-09 03:07:47.745 -06:00 [INF] PressGang: Grand Corsairs Horde recruiting 1 Empire Peasant
2026-01-09 03:07:47.890 -06:00 [INF] PressGang: Grand Mountain Bandits Horde recruiting 1 Battania Peasant
2026-01-09 03:07:48.189 -06:00 [INF] PressGang: Looters recruiting 1 Nord Peasant
2026-01-09 03:07:48.281 -06:00 [INF] Daily Tick: Verifying Syndicate War State...
2026-01-09 03:07:48.281 -06:00 [INF] Checking staggered war declarations for Day Index: 5
2026-01-09 03:07:48.368 -06:00 [INF] PressGang: Grand Empire Horde recruiting 1 Forest Bandit
2026-01-09 03:07:48.683 -06:00 [INF] PressGang: Grand Empire Horde recruiting 1 Imperial Infantryman
2026-01-09 03:07:48.683 -06:00 [INF] PressGang: Grand Empire Horde recruiting 1 Imperial Equite
2026-01-09 03:07:49.292 -06:00 [INF] PressGang: Grand Mountain Bandits Horde recruiting 1 Imperial Infantryman
2026-01-09 03:07:49.529 -06:00 [INF] PressGang: Grand Sturgia Horde recruiting 1 Sturgian Heavy Spearman
2026-01-09 03:07:49.529 -06:00 [INF] PressGang: Grand Sturgia Horde recruiting 1 Imperial Heavy Horseman
2026-01-09 03:07:49.563 -06:00 [INF] PressGang: Deserters recruiting 1 Sturgian Soldier
2026-01-09 03:07:50.317 -06:00 [INF] PressGang: Mountain Bandits recruiting 2 Empire Peasant
2026-01-09 03:07:50.501 -06:00 [INF] PressGang: Sea Raiders recruiting 1 Sturgia Peasant
2026-01-09 03:07:54.221 -06:00 [INF] MERGING: Looters (6) -> Looters (12) [Naval: False]
2026-01-09 03:07:54.222 -06:00 [INF] Total Merges this battle: 1
2026-01-09 03:07:55.397 -06:00 [INF] MERGING: Looters (13) -> Desert Bandits (16) [Naval: False]
2026-01-09 03:07:55.399 -06:00 [INF] Total Merges this battle: 1
2026-01-09 03:07:57.707 -06:00 [INF] MERGING: Looters (17) -> Deserters (19) [Naval: False]
2026-01-09 03:07:57.708 -06:00 [INF] Total Merges this battle: 1
2026-01-09 03:07:59.982 -06:00 [INF] PressGang: Grand Looters Horde recruiting 1 Imperial Veteran Convoy Guard
2026-01-09 03:07:59.982 -06:00 [INF] PressGang: Grand Looters Horde recruiting 1 Imperial Convoy Guard
2026-01-09 03:07:59.982 -06:00 [INF] PressGang: Grand Looters Horde recruiting 1 Imperial Armed Convoy Trader
2026-01-09 03:08:00.347 -06:00 [INF] PressGang: Grand Corsairs Horde recruiting 1 Sturgian Convoy Guard
2026-01-09 03:08:00.347 -06:00 [INF] PressGang: Grand Corsairs Horde recruiting 2 Sturgian Armed Convoy Trader
2026-01-09 03:08:00.347 -06:00 [INF] PressGang: Grand Corsairs Horde recruiting 1 Sturgian Caravan Master
2026-01-09 03:08:01.122 -06:00 [INF] PressGang: Grand Sturgia Horde recruiting 2 Sturgian Warrior
2026-01-09 03:08:01.122 -06:00 [INF] PressGang: Grand Sturgia Horde recruiting 1 Sturgian Brigand (Rank 1)
2026-01-09 03:08:01.122 -06:00 [INF] PressGang: Grand Sturgia Horde recruiting 1 Looter
2026-01-09 03:08:01.531 -06:00 [INF] PressGang: Grand Sturgia Horde recruiting 1 Sturgian Recruit
2026-01-09 03:08:01.531 -06:00 [INF] PressGang: Grand Sturgia Horde recruiting 1 Sturgian Otrok
2026-01-09 03:08:01.531 -06:00 [INF] PressGang: Grand Sturgia Horde recruiting 1 Looter
2026-01-09 03:08:01.531 -06:00 [INF] PressGang: Grand Sturgia Horde recruiting 1 Battanian Scout
2026-01-09 03:08:01.531 -06:00 [INF] PressGang: Grand Sturgia Horde recruiting 1 Nord Sky-Gods Chosen
2026-01-09 03:08:01.531 -06:00 [INF] PressGang: Grand Sturgia Horde recruiting 1 Nord Youngling
2026-01-09 03:08:01.531 -06:00 [INF] PressGang: Grand Sturgia Horde recruiting 1 Nord Warrior
2026-01-09 03:08:01.531 -06:00 [INF] PressGang: Grand Sturgia Horde recruiting 1 Nord Huntsman (Rank 1)
2026-01-09 03:08:01.531 -06:00 [INF] PressGang: Grand Sturgia Horde recruiting 1 Nord Marksman
2026-01-09 03:08:01.531 -06:00 [INF] PressGang: Grand Sturgia Horde recruiting 1 Sturgian Armed Trader
2026-01-09 03:08:01.987 -06:00 [INF] PressGang: Grand Aserai Horde recruiting 1 Aserai Veteran Infantry
2026-01-09 03:08:02.577 -06:00 [INF] PressGang: Looters recruiting 1 Nord Peasant
2026-01-09 03:08:03.272 -06:00 [INF] PressGang: Grand Looters Horde recruiting 1 Imperial Convoy Guard
2026-01-09 03:08:04.012 -06:00 [INF] PressGang: Grand Looters Horde recruiting 1 Aserai Peasant
2026-01-09 03:08:04.238 -06:00 [INF] PressGang: Looters recruiting 2 Empire Peasant
2026-01-09 03:08:06.431 -06:00 [INF] PressGang: Grand Mountain Bandits Horde recruiting 1 Empire Peasant
2026-01-09 03:08:06.476 -06:00 [INF] PressGang: Grand Empire Horde recruiting 2 Looter
2026-01-09 03:08:06.647 -06:00 [INF] PressGang: Grand Sturgia Horde recruiting 1 Nord Youngling (Rank 1)
2026-01-09 03:08:06.648 -06:00 [INF] PressGang: Grand Sturgia Horde recruiting 1 Sturgian Caravan Guard
2026-01-09 03:08:07.722 -06:00 [INF] PressGang: Grand Mountain Bandits Horde recruiting 1 Battania Peasant
2026-01-09 03:08:08.038 -06:00 [INF] PressGang: Looters recruiting 1 Nord Peasant
2026-01-09 03:08:08.178 -06:00 [INF] PressGang: Grand Empire Horde recruiting 2 Empire Peasant
2026-01-09 03:08:08.221 -06:00 [INF] PressGang: The Warlord's Party recruiting 2 Looter
2026-01-09 03:08:08.321 -06:00 [INF] Daily Tick: Verifying Syndicate War State...
2026-01-09 03:08:08.321 -06:00 [INF] Checking staggered war declarations for Day Index: 0
2026-01-09 03:08:08.323 -06:00 [INF] PressGang: Looters recruiting 1 Sturgia Peasant
2026-01-09 03:08:08.742 -06:00 [INF] Found 1 stuck Syndicate Warlords. Redeploying...
2026-01-09 03:08:09.248 -06:00 [INF] PressGang: Grand Sturgia Horde recruiting 1 Imperial Recruit
2026-01-09 03:08:09.248 -06:00 [INF] PressGang: Grand Sturgia Horde recruiting 2 Sea Raider Warrior
2026-01-09 03:08:09.248 -06:00 [INF] PressGang: Grand Sturgia Horde recruiting 3 Sea Raider
2026-01-09 03:08:09.578 -06:00 [INF] Found 1 stuck Syndicate Warlords. Redeploying...
2026-01-09 03:08:10.070 -06:00 [INF] PressGang: Grand Looters Horde recruiting 1 Sturgia Peasant
2026-01-09 03:08:10.113 -06:00 [INF] PressGang: Deserters recruiting 1 Imperial Vigla Recruit
2026-01-09 03:08:10.115 -06:00 [INF] PressGang: Deserters recruiting 1 Imperial Infantryman
2026-01-09 03:08:10.161 -06:00 [INF] PressGang: Deserters recruiting 1 Imperial Vigla Recruit
2026-01-09 03:08:10.398 -06:00 [INF] Found 1 stuck Syndicate Warlords. Redeploying...
2026-01-09 03:08:11.222 -06:00 [INF] Found 1 stuck Syndicate Warlords. Redeploying...
2026-01-09 03:08:11.720 -06:00 [INF] MERGING: Looters (4) -> Looters (23) [Naval: False]
2026-01-09 03:08:11.721 -06:00 [INF] MERGING: Looters (3) -> Looters (27) [Naval: False]
2026-01-09 03:08:11.721 -06:00 [INF] Total Merges this battle: 2
2026-01-09 03:08:12.046 -06:00 [INF] Found 1 stuck Syndicate Warlords. Redeploying...
2026-01-09 03:08:12.046 -06:00 [INF] Redeploying Vanther the Shark to Hideout...
2026-01-09 03:08:12.391 -06:00 [INF] PressGang: Desert Bandits recruiting 1 Aserai Recruit
2026-01-09 03:08:12.393 -06:00 [INF] PressGang: Desert Bandits recruiting 1 Aserai Peasant
2026-01-09 03:08:13.331 -06:00 [INF] MERGING: Looters (16) -> Looters (20) [Naval: False]
2026-01-09 03:08:13.332 -06:00 [INF] Total Merges this battle: 1
2026-01-09 03:08:17.222 -06:00 [INF] PressGang: Grand Aserai Horde recruiting 1 Looter
2026-01-09 03:08:19.890 -06:00 [INF] MERGING: Grand Looters Horde (30) -> Grand Looters Horde (35) [Naval: False]
2026-01-09 03:08:19.892 -06:00 [INF] Total Merges this battle: 1
2026-01-09 03:08:20.021 -06:00 [INF] PressGang: Grand Looters Horde recruiting 1 Imperial Convoy Guard
2026-01-09 03:08:20.021 -06:00 [INF] PressGang: Grand Looters Horde recruiting 1 Imperial Armed Convoy Trader
2026-01-09 03:08:20.378 -06:00 [INF] PressGang: Grand Corsairs Horde recruiting 2 Sturgian Convoy Guard
2026-01-09 03:08:20.378 -06:00 [INF] PressGang: Grand Corsairs Horde recruiting 1 Sturgian Armed Convoy Trader
2026-01-09 03:08:21.496 -06:00 [INF] PressGang: Grand Sturgia Horde recruiting 1 Looter
2026-01-09 03:08:21.496 -06:00 [INF] PressGang: Grand Sturgia Horde recruiting 1 Sturgian Brigand
2026-01-09 03:08:21.496 -06:00 [INF] PressGang: Grand Sturgia Horde recruiting 1 Nord Freeman Archer (Rank 1)
2026-01-09 03:08:21.496 -06:00 [INF] PressGang: Grand Sturgia Horde recruiting 1 Sisterhood Follower
2026-01-09 03:08:22.703 -06:00 [INF] PressGang: Grand Looters Horde recruiting 1 Vlandian Spearman
2026-01-09 03:08:22.703 -06:00 [INF] PressGang: Grand Looters Horde recruiting 1 Imperial Convoy Guard
2026-01-09 03:08:22.703 -06:00 [INF] PressGang: Grand Looters Horde recruiting 1 Imperial Armed Convoy Trader
2026-01-09 03:08:24.428 -06:00 [INF] PressGang: Grand Aserai Horde recruiting 1 Looter
2026-01-09 03:08:24.978 -06:00 [INF] PressGang: Steppe Bandits recruiting 1 Khuzait Raider
2026-01-09 03:08:26.085 -06:00 [INF] PressGang: Looters recruiting 1 Vlandia Peasant
2026-01-09 03:08:26.440 -06:00 [INF] PressGang: Grand Empire Horde recruiting 1 Looter
2026-01-09 03:08:26.440 -06:00 [INF] PressGang: Grand Empire Horde recruiting 1 Bushwacker
2026-01-09 03:08:26.591 -06:00 [INF] PressGang: Grand Sturgia Horde recruiting 1 Sturgian Otrok
2026-01-09 03:08:27.307 -06:00 [INF] PressGang: Looters recruiting 1 Empire Peasant
2026-01-09 03:08:27.608 -06:00 [INF] PressGang: Grand Mountain Bandits Horde recruiting 1 Battania Peasant
2026-01-09 03:08:28.019 -06:00 [INF] PressGang: Grand Empire Horde recruiting 1 Empire Peasant
2026-01-09 03:08:28.325 -06:00 [INF] Daily Tick: Verifying Syndicate War State...
2026-01-09 03:08:28.325 -06:00 [INF] Checking staggered war declarations for Day Index: 1
2026-01-09 03:08:28.989 -06:00 [INF] PressGang: Grand Sturgia Horde recruiting 1 Imperial Trained Infantryman
2026-01-09 03:08:29.039 -06:00 [INF] PressGang: Deserters recruiting 1 Sturgian Archer
2026-01-09 03:08:29.241 -06:00 [INF] PressGang: Sea Raiders recruiting 2 Nord Warrior
2026-01-09 03:08:29.794 -06:00 [INF] PressGang: Deserters recruiting 1 Imperial Recruit
2026-01-09 03:08:31.853 -06:00 [INF] MERGING: Looters (11) -> Looters (12) [Naval: False]
2026-01-09 03:08:31.854 -06:00 [INF] Total Merges this battle: 1
2026-01-09 03:08:35.550 -06:00 [INF] MERGING: Looters (21) -> Looters (22) [Naval: False]
2026-01-09 03:08:35.551 -06:00 [INF] Total Merges this battle: 1
2026-01-09 03:08:38.183 -06:00 [INF] MERGING: Looters (17) -> Mountain Bandits (24) [Naval: False]
2026-01-09 03:08:38.184 -06:00 [INF] MERGING: Mountain Bandits (9) -> Grand Mountain Bandits Horde (41) [Naval: False]
2026-01-09 03:08:38.184 -06:00 [INF] Total Merges this battle: 2
2026-01-09 03:08:38.821 -06:00 [INF] MERGING: Looters (8) -> Looters (19) [Naval: False]
2026-01-09 03:08:38.822 -06:00 [INF] Total Merges this battle: 1
2026-01-09 03:08:40.483 -06:00 [INF] PressGang: Grand Corsairs Horde recruiting 3 Sturgian Armed Convoy Trader
2026-01-09 03:08:41.241 -06:00 [INF] PressGang: Grand Sturgia Horde recruiting 1 Looter
2026-01-09 03:08:41.574 -06:00 [INF] PressGang: Grand Sturgia Horde recruiting 1 Sturgian Druzhinnik
2026-01-09 03:08:41.574 -06:00 [INF] PressGang: Grand Sturgia Horde recruiting 1 Sturgian Woodsman (Rank 1)
2026-01-09 03:08:41.574 -06:00 [INF] PressGang: Grand Sturgia Horde recruiting 1 Sturgian Militia Archer
2026-01-09 03:08:41.574 -06:00 [INF] PressGang: Grand Sturgia Horde recruiting 1 Nord Sky-Gods Chosen
2026-01-09 03:08:41.574 -06:00 [INF] PressGang: Grand Sturgia Horde recruiting 1 Nord Marksman
2026-01-09 03:08:42.778 -06:00 [INF] PressGang: Grand Looters Horde recruiting 1 Imperial Convoy Guard
2026-01-09 03:08:42.778 -06:00 [INF] PressGang: Grand Looters Horde recruiting 1 Imperial Armed Convoy Trader
2026-01-09 03:08:42.984 -06:00 [INF] PressGang: Grand Aserai Horde recruiting 1 Aserai Veteran Caravan Guard
2026-01-09 03:08:44.049 -06:00 [INF] PressGang: Grand Looters Horde recruiting 2 Aserai Peasant
2026-01-09 03:08:46.428 -06:00 [INF] PressGang: Grand Empire Horde recruiting 1 Looter
2026-01-09 03:08:46.751 -06:00 [INF] PressGang: Looters recruiting 2 Vlandia Peasant
2026-01-09 03:08:47.292 -06:00 [INF] PressGang: Looters recruiting 1 Empire Peasant
2026-01-09 03:08:47.977 -06:00 [INF] Found 1 stuck Syndicate Warlords. Redeploying...
2026-01-09 03:08:48.147 -06:00 [INF] PressGang: Forest Bandits recruiting 1 Nord Peasant
2026-01-09 03:08:48.378 -06:00 [INF] Daily Tick: Verifying Syndicate War State...
2026-01-09 03:08:48.378 -06:00 [INF] Checking staggered war declarations for Day Index: 2
2026-01-09 03:08:48.418 -06:00 [INF] PressGang: Steppe Bandits recruiting 1 Khuzait Peasant
2026-01-09 03:08:48.688 -06:00 [INF] PressGang: Grand Mountain Bandits Horde recruiting 1 Imperial Crossbowman
2026-01-09 03:08:48.791 -06:00 [INF] Found 1 stuck Syndicate Warlords. Redeploying...
2026-01-09 03:08:48.867 -06:00 [INF] PressGang: Grand Sturgia Horde recruiting 1 Varyag
2026-01-09 03:08:48.867 -06:00 [INF] PressGang: Grand Sturgia Horde recruiting 1 Sea Raider
2026-01-09 03:08:48.868 -06:00 [INF] PressGang: Deserters recruiting 1 Sturgian Archer
2026-01-09 03:08:49.367 -06:00 [INF] PressGang: Looters recruiting 1 Nord Peasant
2026-01-09 03:08:49.367 -06:00 [INF] PressGang: Mountain Bandits recruiting 2 Empire Peasant
2026-01-09 03:08:49.548 -06:00 [INF] PressGang: Grand Looters Horde recruiting 1 Sturgia Peasant
2026-01-09 03:08:49.590 -06:00 [INF] PressGang: Deserters recruiting 2 Imperial Crossbowman
2026-01-09 03:08:49.591 -06:00 [INF] PressGang: Deserters recruiting 1 Imperial Recruit
2026-01-09 03:08:49.652 -06:00 [INF] Found 1 stuck Syndicate Warlords. Redeploying...
2026-01-09 03:08:49.652 -06:00 [INF] Redeploying Thavin the Shark to Hideout...
2026-01-09 03:08:50.516 -06:00 [INF] PressGang: Looters recruiting 1 Empire Peasant
2026-01-09 03:08:51.029 -06:00 [INF] MERGING: Looters (16) -> Looters (18) [Naval: False]
2026-01-09 03:08:51.030 -06:00 [INF] MERGING: Looters (12) -> Looters (34) [Naval: False]
2026-01-09 03:08:51.031 -06:00 [INF] Total Merges this battle: 2
2026-01-09 03:08:52.531 -06:00 [INF] PressGang: Desert Bandits recruiting 1 Aserai Peasant
2026-01-09 03:08:55.952 -06:00 [INF] MERGING: Looters (14) -> Looters (16) [Naval: False]
2026-01-09 03:08:55.953 -06:00 [INF] Total Merges this battle: 1
2026-01-09 03:08:59.110 -06:00 [INF] MERGING: Looters (6) -> Looters (8) [Naval: False]
2026-01-09 03:08:59.110 -06:00 [INF] Total Merges this battle: 1
2026-01-09 03:08:59.701 -06:00 [INF] MERGING: Looters (18) -> Desert Bandits (20) [Naval: False]
2026-01-09 03:08:59.702 -06:00 [INF] Total Merges this battle: 1
2026-01-09 03:09:00.160 -06:00 [INF] PressGang: Grand Looters Horde recruiting 2 Imperial Armed Convoy Trader
2026-01-09 03:09:00.472 -06:00 [INF] PressGang: Forest Bandits recruiting 1 Nord Peasant
2026-01-09 03:09:00.503 -06:00 [INF] PressGang: Grand Corsairs Horde recruiting 1 Sturgian Convoy Guard
2026-01-09 03:09:00.503 -06:00 [INF] PressGang: Grand Corsairs Horde recruiting 1 Sturgian Armed Convoy Trader
2026-01-09 03:09:01.200 -06:00 [INF] PressGang: Grand Sturgia Horde recruiting 1 Sturgian Woodsman
2026-01-09 03:09:01.587 -06:00 [INF] PressGang: Grand Sturgia Horde recruiting 1 Sturgian Recruit
2026-01-09 03:09:01.587 -06:00 [INF] PressGang: Grand Sturgia Horde recruiting 1 Sturgian Woodsman (Rank 1)
2026-01-09 03:09:01.587 -06:00 [INF] PressGang: Grand Sturgia Horde recruiting 1 Nord Spear Warrior
2026-01-09 03:09:01.587 -06:00 [INF] PressGang: Grand Sturgia Horde recruiting 1 Nord Freeman Archer
2026-01-09 03:09:01.587 -06:00 [INF] PressGang: Grand Sturgia Horde recruiting 1 Nord Youngling
2026-01-09 03:09:01.587 -06:00 [INF] PressGang: Grand Sturgia Horde recruiting 1 Nord Huntsman
2026-01-09 03:09:02.071 -06:00 [INF] PressGang: Grand Aserai Horde recruiting 1 Aserai Footman
2026-01-09 03:09:02.744 -06:00 [INF] PressGang: Grand Looters Horde recruiting 1 Imperial Veteran Convoy Guard
2026-01-09 03:09:02.928 -06:00 [INF] PressGang: Grand Aserai Horde recruiting 1 Aserai Veteran Caravan Guard
2026-01-09 03:09:04.009 -06:00 [INF] PressGang: Grand Looters Horde recruiting 2 Aserai Peasant
2026-01-09 03:09:04.775 -06:00 [INF] PressGang: Sea Raiders recruiting 1 Sturgian Druzhinnik
2026-01-09 03:09:05.137 -06:00 [INF] PressGang: Looters recruiting 1 Empire Peasant
2026-01-09 03:09:06.268 -06:00 [INF] PressGang: Grand Mountain Bandits Horde recruiting 1 Empire Peasant
2026-01-09 03:09:06.495 -06:00 [INF] PressGang: Grand Sturgia Horde recruiting 1 Arboreal
2026-01-09 03:09:07.673 -06:00 [INF] PressGang: Grand Looters Horde recruiting 1 Imperial Recruit
2026-01-09 03:09:07.900 -06:00 [INF] PressGang: Looters recruiting 1 Sturgia Peasant
2026-01-09 03:09:07.900 -06:00 [INF] PressGang: Forest Bandits recruiting 1 Nord Youngling
2026-01-09 03:09:07.999 -06:00 [INF] Found 1 stuck Syndicate Warlords. Redeploying...
2026-01-09 03:09:08.126 -06:00 [INF] PressGang: Steppe Bandits recruiting 1 Khuzait Peasant
2026-01-09 03:09:08.410 -06:00 [INF] Daily Tick: Verifying Syndicate War State...
2026-01-09 03:09:08.411 -06:00 [INF] Checking staggered war declarations for Day Index: 3
2026-01-09 03:09:08.550 -06:00 [INF] PressGang: Grand Sturgia Horde recruiting 1 Hired Spear
2026-01-09 03:09:08.550 -06:00 [INF] PressGang: Grand Sturgia Horde recruiting 1 Imperial Caravan Guard
2026-01-09 03:09:08.680 -06:00 [INF] MERGING: Desert Bandits (13) -> Looters (18) [Naval: False]
2026-01-09 03:09:08.681 -06:00 [INF] Total Merges this battle: 1
2026-01-09 03:09:08.826 -06:00 [INF] Found 1 stuck Syndicate Warlords. Redeploying...
2026-01-09 03:09:09.006 -06:00 [INF] MERGING: Sea Raiders (18) -> Sea Raiders (27) [Naval: True]
2026-01-09 03:09:09.007 -06:00 [INF] MERGING: Sea Raiders (12) -> Grand Sea Raiders Horde (45) [Naval: True]
2026-01-09 03:09:09.007 -06:00 [INF] Total Merges this battle: 2
2026-01-09 03:09:09.288 -06:00 [INF] PressGang: Deserters recruiting 1 Imperial Recruit
2026-01-09 03:09:09.335 -06:00 [INF] PressGang: Grand Empire Horde recruiting 4 Khuzait Peasant
2026-01-09 03:09:09.436 -06:00 [INF] PressGang: Sea Raiders recruiting 1 Sturgia Peasant
2026-01-09 03:09:09.487 -06:00 [INF] MERGING: Looters (10) -> Looters (14) [Naval: False]
2026-01-09 03:09:09.488 -06:00 [INF] Total Merges this battle: 1
2026-01-09 03:09:09.649 -06:00 [INF] Found 1 stuck Syndicate Warlords. Redeploying...
2026-01-09 03:09:09.649 -06:00 [INF] Redeploying Thavin the Shark to Hideout...
2026-01-09 03:09:09.794 -06:00 [INF] PressGang: Desert Bandits recruiting 1 Aserai Recruit
2026-01-09 03:09:10.202 -06:00 [INF] PressGang: Grand Aserai Horde recruiting 1 Aserai Peasant
2026-01-09 03:09:10.518 -06:00 [INF] PressGang: Looters recruiting 1 Empire Peasant
2026-01-09 03:09:10.707 -06:00 [INF] PressGang: Lakhem of the Beni Zilal's Party recruiting 1 Bedouin Rover
2026-01-09 03:09:17.335 -06:00 [INF] PressGang: Grand Aserai Horde recruiting 2 Bushwacker
2026-01-09 03:09:20.090 -06:00 [INF] PressGang: Grand Looters Horde recruiting 1 Imperial Convoy Guard
2026-01-09 03:09:20.450 -06:00 [INF] PressGang: Grand Corsairs Horde recruiting 1 Sturgian Convoy Guard
2026-01-09 03:09:20.909 -06:00 [INF] MERGING: Looters (12) -> Looters (14) [Naval: False]
2026-01-09 03:09:20.910 -06:00 [INF] Total Merges this battle: 1
2026-01-09 03:09:21.163 -06:00 [INF] PressGang: Grand Sturgia Horde recruiting 1 Sturgian Otrok
2026-01-09 03:09:21.519 -06:00 [INF] PressGang: Grand Sturgia Horde recruiting 1 Looter
2026-01-09 03:09:21.520 -06:00 [INF] PressGang: Grand Sturgia Horde recruiting 1 Nord Freeman Archer
2026-01-09 03:09:21.520 -06:00 [INF] PressGang: Grand Sturgia Horde recruiting 2 Nord Youngling
2026-01-09 03:09:21.520 -06:00 [INF] PressGang: Grand Sturgia Horde recruiting 1 Sturgian Soldier
2026-01-09 03:09:21.921 -06:00 [INF] PressGang: Grand Aserai Horde recruiting 1 Forest Bandit
2026-01-09 03:09:22.667 -06:00 [INF] PressGang: Grand Looters Horde recruiting 1 Imperial Convoy Guard
2026-01-09 03:09:22.667 -06:00 [INF] PressGang: Grand Looters Horde recruiting 1 Imperial Armed Convoy Trader
2026-01-09 03:09:22.667 -06:00 [INF] PressGang: Grand Looters Horde recruiting 1 Vlandian Veteran Convoy Guard
2026-01-09 03:09:22.667 -06:00 [INF] PressGang: Grand Looters Horde recruiting 1 Vlandian Convoy Guard
2026-01-09 03:09:22.667 -06:00 [INF] PressGang: Grand Looters Horde recruiting 3 Vlandian Armed Convoy Trader
2026-01-09 03:09:22.867 -06:00 [INF] PressGang: Grand Aserai Horde recruiting 1 Aserai Caravan Guard
2026-01-09 03:09:24.276 -06:00 [INF] PressGang: Grand Aserai Horde recruiting 1 Harami
2026-01-09 03:09:24.276 -06:00 [INF] PressGang: Grand Aserai Horde recruiting 1 Looter
2026-01-09 03:09:24.528 -06:00 [INF] MERGING: Looters (7) -> Looters (15) [Naval: False]
2026-01-09 03:09:24.529 -06:00 [INF] Total Merges this battle: 1
2026-01-09 03:09:24.687 -06:00 [INF] PressGang: Grand Empire Horde recruiting 2 Empire Peasant
2026-01-09 03:09:24.779 -06:00 [INF] PressGang: Steppe Bandits recruiting 1 Khuzait Horseman
2026-01-09 03:09:24.982 -06:00 [INF] PressGang: Looters recruiting 1 Empire Peasant
2026-01-09 03:09:25.136 -06:00 [INF] PressGang: Sea Raiders recruiting 1 Nord Peasant
2026-01-09 03:09:26.333 -06:00 [INF] PressGang: Grand Sturgia Horde recruiting 1 Nord Huscarl
2026-01-09 03:09:27.506 -06:00 [INF] PressGang: Grand Empire Horde recruiting 1 Imperial Caravan Guard
2026-01-09 03:09:28.277 -06:00 [INF] PressGang: Grand Sturgia Horde recruiting 3 Brigand
2026-01-09 03:09:28.326 -06:00 [INF] PressGang: Deserters recruiting 1 Sturgian Soldier
2026-01-09 03:09:28.430 -06:00 [INF] Daily Tick: Verifying Syndicate War State...
2026-01-09 03:09:28.430 -06:00 [INF] Checking staggered war declarations for Day Index: 4
2026-01-09 03:09:28.996 -06:00 [INF] PressGang: Grand Empire Horde recruiting 4 Khuzait Peasant
2026-01-09 03:09:29.514 -06:00 [INF] PressGang: Corsairs recruiting 1 Imperial Veteran Convoy Guard
2026-01-09 03:09:29.515 -06:00 [INF] PressGang: Corsairs recruiting 1 Imperial Convoy Guard
2026-01-09 03:09:29.515 -06:00 [INF] PressGang: Corsairs recruiting 1 Imperial Armed Convoy Trader
2026-01-09 03:09:30.075 -06:00 [INF] PressGang: Looters recruiting 1 Empire Peasant
2026-01-09 03:09:31.445 -06:00 [INF] MERGING: Forest Bandits (8) -> Forest Bandits (38) [Naval: False]
2026-01-09 03:09:31.445 -06:00 [INF] Total Merges this battle: 1
2026-01-09 03:09:32.681 -06:00 [INF] MERGING: Looters (10) -> Looters (18) [Naval: False]
2026-01-09 03:09:32.682 -06:00 [INF] Total Merges this battle: 1
2026-01-09 03:09:33.684 -06:00 [INF] MERGING: Desert Bandits (13) -> Desert Bandits (20) [Naval: False]
2026-01-09 03:09:33.685 -06:00 [INF] Total Merges this battle: 1
2026-01-09 03:09:33.791 -06:00 [INF] MERGING: Looters (18) -> Mountain Bandits (20) [Naval: False]
2026-01-09 03:09:33.792 -06:00 [INF] MERGING: Mountain Bandits (17) -> Mountain Bandits (38) [Naval: False]
2026-01-09 03:09:33.792 -06:00 [INF] Total Merges this battle: 2
2026-01-09 03:09:39.278 -06:00 [INF] MERGING: Sea Raiders (12) -> Sea Raiders (19) [Naval: True]
2026-01-09 03:09:39.279 -06:00 [INF] Total Merges this battle: 1
2026-01-09 03:09:40.403 -06:00 [INF] PressGang: Forest Bandits recruiting 1 Nord Peasant
2026-01-09 03:09:40.452 -06:00 [INF] PressGang: Grand Corsairs Horde recruiting 1 Sturgian Convoy Guard
2026-01-09 03:09:41.153 -06:00 [INF] PressGang: Grand Sturgia Horde recruiting 1 Sturgian Woodsman (Rank 1)
2026-01-09 03:09:41.153 -06:00 [INF] PressGang: Grand Sturgia Horde recruiting 1 Looter
2026-01-09 03:09:41.153 -06:00 [INF] PressGang: Grand Sturgia Horde recruiting 1 Sea Raider Warrior
2026-01-09 03:09:41.153 -06:00 [INF] PressGang: Grand Sturgia Horde recruiting 3 Sea Raider
2026-01-09 03:09:41.503 -06:00 [INF] PressGang: Grand Sturgia Horde recruiting 1 Nord Freeman Archer
2026-01-09 03:09:41.711 -06:00 [INF] PressGang: Looters recruiting 1 Vlandia Peasant
2026-01-09 03:09:42.618 -06:00 [INF] PressGang: Grand Looters Horde recruiting 1 Imperial Veteran Convoy Guard
2026-01-09 03:09:42.618 -06:00 [INF] PressGang: Grand Looters Horde recruiting 1 Vlandian Convoy Guard
2026-01-09 03:09:42.618 -06:00 [INF] PressGang: Grand Looters Horde recruiting 1 Vlandian Armed Convoy Trader
2026-01-09 03:09:44.222 -06:00 [INF] PressGang: Grand Aserai Horde recruiting 1 Looter
2026-01-09 03:09:44.602 -06:00 [INF] PressGang: Grand Empire Horde recruiting 1 Empire Peasant
2026-01-09 03:09:44.919 -06:00 [INF] PressGang: Grand Aserai Horde recruiting 1 Aserai Recruit (Rank 1)
2026-01-09 03:09:44.920 -06:00 [INF] PressGang: Grand Aserai Horde recruiting 2 Aserai Mamluke Guard
2026-01-09 03:09:44.920 -06:00 [INF] PressGang: Grand Aserai Horde recruiting 2 Aserai Recruit
2026-01-09 03:09:45.041 -06:00 [INF] PressGang: Sea Raiders recruiting 3 Nord Peasant
2026-01-09 03:09:45.658 -06:00 [INF] MERGING: Mountain Bandits (5) -> Looters (13) [Naval: False]
2026-01-09 03:09:45.658 -06:00 [INF] Total Merges this battle: 1
2026-01-09 03:09:45.815 -06:00 [INF] PressGang: Sea Raiders recruiting 1 Sturgia Peasant
2026-01-09 03:09:46.015 -06:00 [INF] PressGang: Grand Empire Horde recruiting 2 Hillman
2026-01-09 03:09:46.828 -06:00 [INF] PressGang: Grand Corsairs Horde recruiting 1 Imperial Veteran Convoy Guard
2026-01-09 03:09:46.829 -06:00 [INF] PressGang: Grand Corsairs Horde recruiting 1 Imperial Armed Convoy Trader
2026-01-09 03:09:47.422 -06:00 [INF] PressGang: Grand Forest Bandits Horde recruiting 1 Nord Peasant
2026-01-09 03:09:47.606 -06:00 [INF] MERGING: Looters (9) -> Looters (20) [Naval: False]
2026-01-09 03:09:47.608 -06:00 [INF] Total Merges this battle: 1
2026-01-09 03:09:48.038 -06:00 [INF] Found 1 stuck Syndicate Warlords. Redeploying...
2026-01-09 03:09:48.038 -06:00 [INF] Redeploying The Warlord to Hideout...
2026-01-09 03:09:48.040 -06:00 [INF] PressGang: Grand Sturgia Horde recruiting 1 Hillman
2026-01-09 03:09:48.162 -06:00 [INF] PressGang: Looters recruiting 1 Empire Peasant
2026-01-09 03:09:48.440 -06:00 [INF] Daily Tick: Verifying Syndicate War State...
2026-01-09 03:09:48.440 -06:00 [INF] Checking staggered war declarations for Day Index: 5
2026-01-09 03:09:48.442 -06:00 [INF] PressGang: Looters recruiting 1 Empire Peasant
2026-01-09 03:09:48.484 -06:00 [INF] PressGang: Looters recruiting 1 Nord Peasant
2026-01-09 03:09:48.619 -06:00 [INF] PressGang: Grand Looters Horde recruiting 2 Sturgia Peasant
2026-01-09 03:09:49.170 -06:00 [INF] PressGang: Grand Corsairs Horde recruiting 2 Imperial Armed Convoy Trader
2026-01-09 03:09:49.309 -06:00 [INF] PressGang: Looters recruiting 1 Nord Peasant
2026-01-09 03:09:49.400 -06:00 [INF] PressGang: Grand Aserai Horde recruiting 1 Veteran Sword Sister
2026-01-09 03:09:49.401 -06:00 [INF] PressGang: Grand Aserai Horde recruiting 1 Sellsword
2026-01-09 03:09:49.676 -06:00 [INF] PressGang: Looters recruiting 1 Empire Peasant
2026-01-09 03:09:49.861 -06:00 [INF] PressGang: Grand Aserai Horde recruiting 1 Bedouin Rover
2026-01-09 03:09:49.861 -06:00 [INF] PressGang: Corsairs recruiting 1 Imperial Shipmate
2026-01-09 03:09:49.861 -06:00 [INF] PressGang: Corsairs recruiting 2 Imperial Coast Guard
2026-01-09 03:09:49.861 -06:00 [INF] PressGang: Corsairs recruiting 1 Imperial Naute
2026-01-09 03:09:54.722 -06:00 [INF] Found 1 stuck Syndicate Warlords. Redeploying...
2026-01-09 03:09:55.550 -06:00 [INF] Found 1 stuck Syndicate Warlords. Redeploying...
2026-01-09 03:09:56.387 -06:00 [INF] Found 1 stuck Syndicate Warlords. Redeploying...
2026-01-09 03:09:57.194 -06:00 [INF] Found 1 stuck Syndicate Warlords. Redeploying...
2026-01-09 03:09:58.053 -06:00 [INF] Found 1 stuck Syndicate Warlords. Redeploying...
2026-01-09 03:09:58.865 -06:00 [INF] Found 1 stuck Syndicate Warlords. Redeploying...
2026-01-09 03:09:59.790 -06:00 [INF] Found 1 stuck Syndicate Warlords. Redeploying...
2026-01-09 03:10:00.269 -06:00 [INF] MERGING: Forest Bandits (23) -> Forest Bandits (24) [Naval: False]
2026-01-09 03:10:00.270 -06:00 [INF] MERGING: Looters (14) -> Grand Forest Bandits Horde (47) [Naval: False]
2026-01-09 03:10:00.270 -06:00 [INF] Total Merges this battle: 2
2026-01-09 03:10:00.416 -06:00 [INF] PressGang: Grand Corsairs Horde recruiting 1 Sturgian Armed Convoy Trader
2026-01-09 03:10:00.416 -06:00 [INF] PressGang: Grand Corsairs Horde recruiting 1 Vlandian Recruit (Rank 1)
2026-01-09 03:10:00.416 -06:00 [INF] PressGang: Grand Corsairs Horde recruiting 1 Vlandian Recruit
2026-01-09 03:10:00.578 -06:00 [INF] Found 1 stuck Syndicate Warlords. Redeploying...
2026-01-09 03:10:00.578 -06:00 [INF] Redeploying Thera the Exile to Hideout...
2026-01-09 03:10:01.160 -06:00 [INF] PressGang: Grand Sturgia Horde recruiting 1 Sea Raider Warrior
2026-01-09 03:10:01.160 -06:00 [INF] PressGang: Grand Sturgia Horde recruiting 1 Sea Raider
2026-01-09 03:10:01.507 -06:00 [INF] PressGang: Grand Sturgia Horde recruiting 1 Sea Raider Chief
2026-01-09 03:10:01.507 -06:00 [INF] PressGang: Grand Sturgia Horde recruiting 1 Looter
2026-01-09 03:10:01.651 -06:00 [INF] PressGang: Looters recruiting 1 Vlandia Peasant
2026-01-09 03:10:02.594 -06:00 [INF] PressGang: Grand Looters Horde recruiting 1 Imperial Veteran Convoy Guard
2026-01-09 03:10:02.594 -06:00 [INF] PressGang: Grand Looters Horde recruiting 1 Imperial Convoy Guard
2026-01-09 03:10:02.594 -06:00 [INF] PressGang: Grand Looters Horde recruiting 1 Imperial Caravan Master
2026-01-09 03:10:02.797 -06:00 [INF] PressGang: Grand Corsairs Horde recruiting 1 Empire Peasant
2026-01-09 03:10:02.999 -06:00 [INF] PressGang: Grand Corsairs Horde recruiting 1 Empire Peasant
2026-01-09 03:10:03.857 -06:00 [INF] PressGang: Corsairs recruiting 1 Vlandian Squire
2026-01-09 03:10:04.514 -06:00 [INF] PressGang: Grand Empire Horde recruiting 1 Empire Peasant
2026-01-09 03:10:04.766 -06:00 [INF] PressGang: Looters recruiting 1 Empire Peasant
2026-01-09 03:10:04.817 -06:00 [INF] PressGang: Grand Aserai Horde recruiting 1 Aserai Recruit (Rank 1)
2026-01-09 03:10:04.818 -06:00 [INF] PressGang: Grand Aserai Horde recruiting 1 Aserai Mamluke Axeman
2026-01-09 03:10:04.818 -06:00 [INF] PressGang: Grand Aserai Horde recruiting 1 Aserai Mamluke Soldier
2026-01-09 03:10:04.818 -06:00 [INF] PressGang: Grand Aserai Horde recruiting 2 Aserai Recruit
2026-01-09 03:10:04.818 -06:00 [INF] PressGang: Grand Aserai Horde recruiting 1 Aserai Tribal Horseman
2026-01-09 03:10:04.818 -06:00 [INF] PressGang: Grand Aserai Horde recruiting 1 Bedouin Rover
2026-01-09 03:10:05.121 -06:00 [INF] PressGang: Sea Raiders recruiting 1 Nord Peasant
2026-01-09 03:10:05.121 -06:00 [INF] PressGang: Sea Raiders recruiting 1 Nord Warrior
2026-01-09 03:10:05.121 -06:00 [INF] PressGang: Sea Raiders recruiting 1 Nord Warfang
2026-01-09 03:10:07.073 -06:00 [INF] PressGang: Corsairs recruiting 1 Vlandian Levy Crossbowman
2026-01-09 03:10:07.073 -06:00 [INF] PressGang: Corsairs recruiting 1 Vlandian Recruit
2026-01-09 03:10:07.443 -06:00 [INF] PressGang: Looters recruiting 2 Aserai Peasant
2026-01-09 03:10:07.915 -06:00 [INF] PressGang: Grand Sea Raiders Horde recruiting 1 Nord Peasant
2026-01-09 03:10:08.020 -06:00 [INF] PressGang: Deserters recruiting 1 Khuzait Peasant
2026-01-09 03:10:08.179 -06:00 [INF] MERGING: Looters (16) -> Looters (16) [Naval: False]
2026-01-09 03:10:08.180 -06:00 [INF] Total Merges this battle: 1
2026-01-09 03:10:08.288 -06:00 [INF] PressGang: Grand Looters Horde recruiting 1 Sturgia Peasant
2026-01-09 03:10:08.502 -06:00 [INF] Daily Tick: Verifying Syndicate War State...
2026-01-09 03:10:08.502 -06:00 [INF] Checking staggered war declarations for Day Index: 0
2026-01-09 03:10:08.868 -06:00 [INF] PressGang: Grand Corsairs Horde recruiting 1 Imperial Veteran Convoy Guard
2026-01-09 03:10:08.868 -06:00 [INF] PressGang: Grand Corsairs Horde recruiting 2 Imperial Armed Convoy Trader
2026-01-09 03:10:09.447 -06:00 [INF] PressGang: Grand Aserai Horde recruiting 1 Bedouin Rover
2026-01-09 03:10:09.447 -06:00 [INF] PressGang: Grand Aserai Horde recruiting 1 Aserai Peasant
2026-01-09 03:10:09.770 -06:00 [INF] PressGang: Thavin the Shark's Party recruiting 2 Imperial Crossbowman
2026-01-09 03:10:10.330 -06:00 [INF] MERGING: Looters (10) -> Looters (18) [Naval: False]
2026-01-09 03:10:10.330 -06:00 [INF] Total Merges this battle: 1
2026-01-09 03:10:15.888 -06:00 [INF] MERGING: Desert Bandits (15) -> Desert Bandits (16) [Naval: False]
2026-01-09 03:10:15.889 -06:00 [INF] Total Merges this battle: 1
2026-01-09 03:10:20.430 -06:00 [INF] PressGang: Grand Corsairs Horde recruiting 1 Vlandian Footman
2026-01-09 03:10:20.430 -06:00 [INF] PressGang: Grand Corsairs Horde recruiting 1 Vlandian Gallant
2026-01-09 03:10:20.430 -06:00 [INF] PressGang: Grand Corsairs Horde recruiting 1 Vlandian Recruit
2026-01-09 03:10:21.522 -06:00 [INF] PressGang: Grand Sturgia Horde recruiting 1 Sturgian Veteran Shipman
2026-01-09 03:10:21.522 -06:00 [INF] PressGang: Grand Sturgia Horde recruiting 2 Nord Freeman Archer
2026-01-09 03:10:22.556 -06:00 [INF] PressGang: Grand Looters Horde recruiting 1 Vlandian Convoy Guard
2026-01-09 03:10:22.966 -06:00 [INF] PressGang: Grand Corsairs Horde recruiting 1 Aserai Peasant
2026-01-09 03:10:23.784 -06:00 [INF] PressGang: Grand Corsairs Horde recruiting 1 Vlandian Levy Crossbowman
2026-01-09 03:10:23.784 -06:00 [INF] PressGang: Grand Corsairs Horde recruiting 1 Vlandian Footman
2026-01-09 03:10:23.784 -06:00 [INF] PressGang: Grand Corsairs Horde recruiting 1 Vlandian Recruit
2026-01-09 03:10:24.079 -06:00 [INF] PressGang: Grand Aserai Horde recruiting 1 Nomad Bandit
2026-01-09 03:10:24.736 -06:00 [INF] PressGang: Grand Aserai Horde recruiting 1 Aserai Recruit (Rank 1)
2026-01-09 03:10:24.736 -06:00 [INF] PressGang: Grand Aserai Horde recruiting 1 Aserai Veteran Sailor
2026-01-09 03:10:24.736 -06:00 [INF] PressGang: Grand Aserai Horde recruiting 1 Aserai Mamluke Soldier
2026-01-09 03:10:24.736 -06:00 [INF] PressGang: Grand Aserai Horde recruiting 1 Aserai Infantry
2026-01-09 03:10:24.888 -06:00 [INF] PressGang: Desert Bandits recruiting 1 Aserai Peasant
2026-01-09 03:10:25.040 -06:00 [INF] PressGang: Sea Raiders recruiting 1 Nord Hearthguard
2026-01-09 03:10:25.760 -06:00 [INF] PressGang: Grand Empire Horde recruiting 2 Hillman
2026-01-09 03:10:25.760 -06:00 [INF] PressGang: Grand Empire Horde recruiting 1 Empire Peasant
2026-01-09 03:10:25.760 -06:00 [INF] PressGang: Grand Empire Horde recruiting 1 Imperial Caravan Guard
2026-01-09 03:10:25.760 -06:00 [INF] PressGang: Grand Empire Horde recruiting 1 Imperial Armed Trader
2026-01-09 03:10:26.940 -06:00 [INF] PressGang: Grand Empire Horde recruiting 1 Imperial Armed Trader
2026-01-09 03:10:27.552 -06:00 [INF] PressGang: Grand Sturgia Horde recruiting 1 Sea Raider Chief
2026-01-09 03:10:27.552 -06:00 [INF] PressGang: Grand Sturgia Horde recruiting 1 Sea Raider Warrior
2026-01-09 03:10:27.806 -06:00 [INF] PressGang: Deserters recruiting 1 Khuzait Peasant
2026-01-09 03:10:28.542 -06:00 [INF] Daily Tick: Verifying Syndicate War State...
2026-01-09 03:10:28.542 -06:00 [INF] Checking staggered war declarations for Day Index: 1
2026-01-09 03:10:28.795 -06:00 [INF] MERGING: Looters (15) -> Deserters (17) [Naval: False]
2026-01-09 03:10:28.795 -06:00 [INF] Total Merges this battle: 1
2026-01-09 03:10:29.410 -06:00 [INF] PressGang: Thavin the Shark's Party recruiting 1 Imperial Crossbowman
2026-01-09 03:10:29.410 -06:00 [INF] PressGang: Thavin the Shark's Party recruiting 1 Empire Peasant
2026-01-09 03:10:29.781 -06:00 [INF] MERGING: Looters (16) -> Thavin the Shark's Party (31) [Naval: False]
2026-01-09 03:10:29.782 -06:00 [INF] Total Merges this battle: 1
2026-01-09 03:10:29.916 -06:00 [INF] PressGang: Looters recruiting 1 Battania Peasant
2026-01-09 03:10:30.171 -06:00 [INF] PressGang: The Warlord's Party recruiting 1 Sea Raider Warrior
2026-01-09 03:10:40.452 -06:00 [INF] PressGang: Grand Corsairs Horde recruiting 1 Vlandian Light Cavalry
2026-01-09 03:10:40.452 -06:00 [INF] PressGang: Grand Corsairs Horde recruiting 1 Vlandian Recruit
2026-01-09 03:10:41.120 -06:00 [INF] PressGang: Grand Sturgia Horde recruiting 1 Sturgian Brigand
2026-01-09 03:10:41.120 -06:00 [INF] PressGang: Grand Sturgia Horde recruiting 1 Looter
2026-01-09 03:10:41.120 -06:00 [INF] PressGang: Grand Sturgia Horde recruiting 1 Sea Raider
2026-01-09 03:10:41.477 -06:00 [INF] PressGang: Grand Sturgia Horde recruiting 1 Sturgian Soldier
2026-01-09 03:10:44.315 -06:00 [INF] PressGang: Grand Empire Horde recruiting 1 Empire Peasant
2026-01-09 03:10:44.551 -06:00 [INF] PressGang: Looters recruiting 1 Imperial Crossbowman
2026-01-09 03:10:44.596 -06:00 [INF] PressGang: Grand Aserai Horde recruiting 1 Sword Sister
2026-01-09 03:10:44.596 -06:00 [INF] PressGang: Grand Aserai Horde recruiting 1 Aserai Faris
2026-01-09 03:10:44.596 -06:00 [INF] PressGang: Grand Aserai Horde recruiting 2 Aserai Mamluke Guard
2026-01-09 03:10:44.596 -06:00 [INF] PressGang: Grand Aserai Horde recruiting 1 Aserai Mamluke Soldier
2026-01-09 03:10:44.596 -06:00 [INF] PressGang: Grand Aserai Horde recruiting 2 Aserai Recruit
2026-01-09 03:10:44.596 -06:00 [INF] PressGang: Grand Aserai Horde recruiting 1 Aserai Peasant
2026-01-09 03:10:45.584 -06:00 [INF] PressGang: Grand Empire Horde recruiting 1 Empire Peasant
2026-01-09 03:10:46.280 -06:00 [INF] PressGang: Grand Corsairs Horde recruiting 1 Imperial Veteran Convoy Guard
2026-01-09 03:10:46.280 -06:00 [INF] PressGang: Grand Corsairs Horde recruiting 1 Imperial Armed Convoy Trader
2026-01-09 03:10:46.692 -06:00 [INF] PressGang: Grand Empire Horde recruiting 1 Imperial Caravan Guard
2026-01-09 03:10:46.692 -06:00 [INF] PressGang: Grand Corsairs Horde recruiting 1 Vlandian Recruit
2026-01-09 03:10:46.787 -06:00 [INF] PressGang: Steppe Bandits recruiting 2 Khuzait Peasant
2026-01-09 03:10:46.788 -06:00 [INF] PressGang: Grand Looters Horde recruiting 1 Nord Peasant
2026-01-09 03:10:47.702 -06:00 [INF] PressGang: Looters recruiting 1 Empire Peasant
2026-01-09 03:10:48.583 -06:00 [INF] Daily Tick: Verifying Syndicate War State...
2026-01-09 03:10:48.584 -06:00 [INF] Checking staggered war declarations for Day Index: 2
2026-01-09 03:10:48.811 -06:00 [INF] PressGang: Grand Aserai Horde recruiting 1 Aserai Mamluke Soldier
2026-01-09 03:10:49.267 -06:00 [INF] MERGING: Looters (16) -> Looters (18) [Naval: False]
2026-01-09 03:10:49.267 -06:00 [INF] Total Merges this battle: 1
2026-01-09 03:10:49.718 -06:00 [INF] PressGang: Atilon of the Hand's Party recruiting 2 Looter
2026-01-09 03:10:49.765 -06:00 [INF] PressGang: The Warlord's Party recruiting 1 Sea Raider Warrior
2026-01-09 03:10:49.945 -06:00 [INF] PressGang: Thera the Exile's Party recruiting 4 Looter
2026-01-09 03:10:49.945 -06:00 [INF] PressGang: Looters recruiting 1 Empire Peasant
2026-01-09 03:10:56.268 -06:00 [INF] MERGING: Steppe Bandits (5) -> Steppe Bandits (15) [Naval: False]
2026-01-09 03:10:56.268 -06:00 [INF] Total Merges this battle: 1
2026-01-09 03:10:57.283 -06:00 [INF] MERGING: Desert Bandits (14) -> Desert Bandits (20) [Naval: False]
2026-01-09 03:10:57.283 -06:00 [INF] Total Merges this battle: 1
2026-01-09 03:11:00.421 -06:00 [INF] PressGang: Grand Corsairs Horde recruiting 1 Vlandian Levy Crossbowman
2026-01-09 03:11:00.421 -06:00 [INF] PressGang: Grand Corsairs Horde recruiting 1 Sturgian Veteran Convoy Guard
2026-01-09 03:11:01.369 -06:00 [INF] MERGING: Mountain Bandits (13) -> Mountain Bandits (17) [Naval: False]
2026-01-09 03:11:01.369 -06:00 [INF] Total Merges this battle: 1
2026-01-09 03:11:01.414 -06:00 [INF] PressGang: Grand Sturgia Horde recruiting 1 Sturgian Recruit
2026-01-09 03:11:02.415 -06:00 [INF] PressGang: Steppe Bandits recruiting 1 Khuzait Nomad
2026-01-09 03:11:03.330 -06:00 [INF] PressGang: Desert Bandits recruiting 1 Aserai Peasant
2026-01-09 03:11:03.881 -06:00 [INF] PressGang: Grand Aserai Horde recruiting 2 Looter
2026-01-09 03:11:04.516 -06:00 [INF] PressGang: Grand Aserai Horde recruiting 1 Nomad Bandit
2026-01-09 03:11:04.517 -06:00 [INF] PressGang: Grand Aserai Horde recruiting 1 Bedouin Rover
2026-01-09 03:11:05.423 -06:00 [INF] PressGang: Grand Empire Horde recruiting 1 Brigand
2026-01-09 03:11:05.424 -06:00 [INF] PressGang: Grand Empire Horde recruiting 1 Hillman
2026-01-09 03:11:06.112 -06:00 [INF] PressGang: Grand Corsairs Horde recruiting 1 Imperial Convoy Guard
2026-01-09 03:11:06.251 -06:00 [INF] PressGang: Steppe Bandits recruiting 1 Khuzait Peasant
2026-01-09 03:11:06.541 -06:00 [INF] PressGang: Grand Empire Horde recruiting 2 Empire Peasant
2026-01-09 03:11:06.617 -06:00 [INF] PressGang: Grand Looters Horde recruiting 1 Nord Peasant
2026-01-09 03:11:07.037 -06:00 [INF] PressGang: Looters recruiting 1 Aserai Peasant
2026-01-09 03:11:07.452 -06:00 [INF] PressGang: Looters recruiting 1 Empire Peasant
2026-01-09 03:11:08.012 -06:00 [INF] PressGang: Grand Corsairs Horde recruiting 2 Imperial Armed Convoy Trader
2026-01-09 03:11:08.106 -06:00 [INF] PressGang: Looters recruiting 1 Nord Peasant
2026-01-09 03:11:08.338 -06:00 [INF] PressGang: Looters recruiting 1 Empire Peasant
2026-01-09 03:11:08.480 -06:00 [INF] PressGang: Grand Aserai Horde recruiting 1 Aserai Mamluke Soldier
2026-01-09 03:11:08.480 -06:00 [INF] PressGang: Grand Aserai Horde recruiting 3 Aserai Recruit
2026-01-09 03:11:08.621 -06:00 [INF] Daily Tick: Verifying Syndicate War State...
2026-01-09 03:11:08.621 -06:00 [INF] Checking staggered war declarations for Day Index: 3
2026-01-09 03:11:09.334 -06:00 [INF] PressGang: Grand Empire Horde recruiting 3 Looter
2026-01-09 03:11:09.334 -06:00 [INF] PressGang: Grand Empire Horde recruiting 1 Imperial Trained Archer
2026-01-09 03:11:09.609 -06:00 [INF] PressGang: Sea Raiders recruiting 2 Nord Peasant
2026-01-09 03:11:09.609 -06:00 [INF] PressGang: Looters recruiting 1 Empire Peasant
2026-01-09 03:11:09.706 -06:00 [INF] PressGang: Deserters recruiting 1 Sturgian Spearman
2026-01-09 03:11:10.205 -06:00 [INF] MERGING: Sea Raiders (14) -> Sea Raiders (20) [Naval: True]
2026-01-09 03:11:10.206 -06:00 [INF] Total Merges this battle: 1
2026-01-09 03:11:10.719 -06:00 [INF] PressGang: Sea Raiders recruiting 1 Empire Peasant
2026-01-09 03:11:10.892 -06:00 [INF] PressGang: Looters recruiting 1 Nord Peasant
2026-01-09 03:11:12.755 -06:00 [INF] PressGang: Steppe Bandits recruiting 1 Khuzait Peasant
2026-01-09 03:11:14.968 -06:00 [INF] MERGING: Steppe Bandits (20) -> Looters (20) [Naval: False]
2026-01-09 03:11:14.969 -06:00 [INF] MERGING: Steppe Bandits (15) -> Looters (40) [Naval: False]
2026-01-09 03:11:14.970 -06:00 [INF] Total Merges this battle: 2
2026-01-09 03:11:18.486 -06:00 [INF] MERGING: Looters (10) -> Looters (14) [Naval: False]
2026-01-09 03:11:18.486 -06:00 [INF] MERGING: Looters (8) -> Looters (24) [Naval: False]
2026-01-09 03:11:18.487 -06:00 [INF] Total Merges this battle: 2
2026-01-09 03:11:19.559 -06:00 [INF] MERGING: Mountain Bandits (14) -> Looters (19) [Naval: False]
2026-01-09 03:11:19.560 -06:00 [INF] MERGING: Looters (10) -> Looters (33) [Naval: False]
2026-01-09 03:11:19.561 -06:00 [INF] Total Merges this battle: 2
2026-01-09 03:11:20.454 -06:00 [INF] PressGang: Grand Corsairs Horde recruiting 1 Vlandian Squire
2026-01-09 03:11:20.454 -06:00 [INF] PressGang: Grand Corsairs Horde recruiting 2 Sturgian Veteran Convoy Guard
2026-01-09 03:11:22.429 -06:00 [INF] PressGang: Grand Looters Horde recruiting 1 Vlandian Convoy Guard
2026-01-09 03:11:22.429 -06:00 [INF] PressGang: Grand Looters Horde recruiting 1 Vlandian Armed Convoy Trader
2026-01-09 03:11:23.849 -06:00 [INF] PressGang: Grand Aserai Horde recruiting 1 Looter
2026-01-09 03:11:24.419 -06:00 [INF] PressGang: Grand Aserai Horde recruiting 1 Aserai Peasant
2026-01-09 03:11:24.519 -06:00 [INF] PressGang: Mountain Bandits recruiting 2 Battania Peasant
2026-01-09 03:11:25.354 -06:00 [INF] PressGang: Grand Empire Horde recruiting 1 Imperial Caravan Guard
2026-01-09 03:11:25.459 -06:00 [INF] PressGang: Grand Sturgia Horde recruiting 1 Sturgian Archer
2026-01-09 03:11:25.459 -06:00 [INF] PressGang: Grand Sturgia Horde recruiting 1 Sturgian Recruit
2026-01-09 03:11:26.347 -06:00 [INF] PressGang: Grand Empire Horde recruiting 1 Imperial Veteran Caravan Guard
2026-01-09 03:11:26.347 -06:00 [INF] PressGang: Grand Empire Horde recruiting 1 Imperial Caravan Guard
2026-01-09 03:11:26.348 -06:00 [INF] PressGang: Grand Corsairs Horde recruiting 1 Vlandian Knight
2026-01-09 03:11:26.710 -06:00 [INF] MERGING: Sea Raiders (9) -> Sea Raiders (21) [Naval: True]
2026-01-09 03:11:26.710 -06:00 [INF] Total Merges this battle: 1
2026-01-09 03:11:27.751 -06:00 [INF] PressGang: Vanther the Shark's Party recruiting 2 Aserai Peasant
2026-01-09 03:11:28.071 -06:00 [INF] PressGang: Grand Looters Horde recruiting 3 Empire Peasant
2026-01-09 03:11:28.171 -06:00 [INF] PressGang: Grand Aserai Horde recruiting 2 Aserai Mamluke Soldier
2026-01-09 03:11:28.171 -06:00 [INF] PressGang: Grand Aserai Horde recruiting 1 Aserai Mamluke Guard
2026-01-09 03:11:28.171 -06:00 [INF] PressGang: Grand Aserai Horde recruiting 1 Aserai Tribal Horseman
2026-01-09 03:11:28.171 -06:00 [INF] PressGang: Grand Aserai Horde recruiting 1 Aserai Recruit
2026-01-09 03:11:28.695 -06:00 [INF] Daily Tick: Verifying Syndicate War State...
2026-01-09 03:11:28.695 -06:00 [INF] Checking staggered war declarations for Day Index: 4
2026-01-09 03:11:28.903 -06:00 [INF] MERGING: Looters (15) -> Looters (15) [Naval: False]
2026-01-09 03:11:28.903 -06:00 [INF] Total Merges this battle: 1
2026-01-09 03:11:28.957 -06:00 [INF] PressGang: The Warlord's Party recruiting 3 Looter
2026-01-09 03:11:29.059 -06:00 [INF] PressGang: Deserters recruiting 1 Sturgian Caravan Guard
2026-01-09 03:11:29.059 -06:00 [INF] PressGang: Deserters recruiting 1 Sturgian Armed Trader
2026-01-09 03:11:29.270 -06:00 [INF] PressGang: Grand Looters Horde recruiting 1 Sturgian Spearman
2026-01-09 03:11:29.854 -06:00 [INF] PressGang: Deserters recruiting 1 Hired Spear
2026-01-09 03:11:30.172 -06:00 [INF] PressGang: Thucasys of the Hand's Party recruiting 1 Hillman
2026-01-09 03:11:30.339 -06:00 [INF] PressGang: Looters recruiting 1 Nord Freeman Archer
2026-01-09 03:11:30.439 -06:00 [INF] PressGang: Grand Looters Horde recruiting 3 Khuzait Peasant
2026-01-09 03:11:30.439 -06:00 [INF] PressGang: Sea Raiders recruiting 2 Sturgia Peasant
2026-01-09 03:11:30.864 -06:00 [INF] PressGang: Looters recruiting 1 Nord Peasant
2026-01-09 03:11:32.532 -06:00 [INF] PressGang: Desert Bandits recruiting 1 Aserai Peasant
2026-01-09 03:11:33.869 -06:00 [INF] MERGING: Looters (4) -> Looters (5) [Naval: False]
2026-01-09 03:11:33.870 -06:00 [INF] Total Merges this battle: 1
2026-01-09 03:11:34.188 -06:00 [INF] MERGING: Mountain Bandits (12) -> Looters (16) [Naval: False]
2026-01-09 03:11:34.189 -06:00 [INF] Total Merges this battle: 1
2026-01-09 03:11:35.946 -06:00 [INF] MERGING: Deserters (9) -> Looters (13) [Naval: False]
2026-01-09 03:11:35.946 -06:00 [INF] Total Merges this battle: 1
2026-01-09 03:11:40.389 -06:00 [INF] PressGang: Grand Corsairs Horde recruiting 2 Sturgian Convoy Guard
2026-01-09 03:11:40.389 -06:00 [INF] PressGang: Grand Corsairs Horde recruiting 1 Sturgian Armed Convoy Trader
2026-01-09 03:11:40.389 -06:00 [INF] PressGang: Grand Corsairs Horde recruiting 1 Sturgian Veteran Convoy Guard
2026-01-09 03:11:41.025 -06:00 [INF] PressGang: Grand Sturgia Horde recruiting 1 Sturgian Veteran Shipman
2026-01-09 03:11:41.026 -06:00 [INF] PressGang: Grand Sturgia Horde recruiting 1 Sea Raider
2026-01-09 03:11:41.378 -06:00 [INF] PressGang: Grand Sturgia Horde recruiting 1 Looter
2026-01-09 03:11:42.307 -06:00 [INF] PressGang: Steppe Bandits recruiting 1 Khuzait Peasant
2026-01-09 03:11:42.399 -06:00 [INF] PressGang: Grand Looters Horde recruiting 1 Vlandian Convoy Guard
2026-01-09 03:11:44.464 -06:00 [INF] PressGang: Mountain Bandits recruiting 1 Battania Peasant
2026-01-09 03:11:45.301 -06:00 [INF] PressGang: Looters recruiting 1 Imperial Infantryman
2026-01-09 03:11:45.346 -06:00 [INF] PressGang: Grand Sturgia Horde recruiting 1 Sturgia Peasant
2026-01-09 03:11:47.017 -06:00 [INF] PressGang: Looters recruiting 1 Empire Peasant
2026-01-09 03:11:47.831 -06:00 [INF] PressGang: Looters recruiting 1 Khuzait Peasant
2026-01-09 03:11:47.987 -06:00 [INF] PressGang: Grand Aserai Horde recruiting 1 Aserai Mamluke Soldier
2026-01-09 03:11:47.987 -06:00 [INF] PressGang: Grand Aserai Horde recruiting 1 Aserai Veteran Faris
2026-01-09 03:11:47.987 -06:00 [INF] PressGang: Grand Aserai Horde recruiting 1 Aserai Mamluke Axeman
2026-01-09 03:11:48.090 -06:00 [INF] PressGang: Looters recruiting 1 Imperial Infantryman
2026-01-09 03:11:48.090 -06:00 [INF] PressGang: Looters recruiting 1 Imperial Crossbowman
2026-01-09 03:11:48.140 -06:00 [INF] PressGang: Corsairs recruiting 1 Aserai Peasant
2026-01-09 03:11:48.702 -06:00 [INF] Daily Tick: Verifying Syndicate War State...
2026-01-09 03:11:48.702 -06:00 [INF] Checking staggered war declarations for Day Index: 5
2026-01-09 03:11:48.960 -06:00 [INF] PressGang: Sea Raiders recruiting 1 Nord Peasant
2026-01-09 03:11:49.060 -06:00 [INF] PressGang: Grand Looters Horde recruiting 1 Sturgian Spearman
2026-01-09 03:11:49.061 -06:00 [INF] PressGang: Grand Looters Horde recruiting 1 Sturgian Horse Raider
2026-01-09 03:11:49.266 -06:00 [INF] PressGang: Desert Bandits recruiting 1 Aserai Peasant
2026-01-09 03:11:49.828 -06:00 [INF] PressGang: Thucasys of the Hand's Party recruiting 1 Empire Peasant
2026-01-09 03:11:50.695 -06:00 [INF] PressGang: Deserters recruiting 1 Puppeteer
2026-01-09 03:11:50.695 -06:00 [INF] PressGang: Deserters recruiting 1 Imperial Recruit (Rank 1)
2026-01-09 03:11:50.695 -06:00 [INF] PressGang: Deserters recruiting 1 Imperial Trained Archer
2026-01-09 03:12:00.491 -06:00 [INF] PressGang: Grand Corsairs Horde recruiting 1 Sturgian Convoy Guard
2026-01-09 03:12:00.491 -06:00 [INF] PressGang: Grand Corsairs Horde recruiting 1 Sturgian Armed Convoy Trader
2026-01-09 03:12:01.140 -06:00 [INF] PressGang: Grand Sturgia Horde recruiting 1 Khuzait Veteran Convoy Guard
2026-01-09 03:12:03.307 -06:00 [INF] PressGang: Desert Bandits recruiting 1 Aserai Peasant
2026-01-09 03:12:04.502 -06:00 [INF] PressGang: Mountain Bandits recruiting 1 Battania Peasant
2026-01-09 03:12:05.231 -06:00 [INF] PressGang: Grand Empire Horde recruiting 1 Hillman
2026-01-09 03:12:05.232 -06:00 [INF] PressGang: Grand Empire Horde recruiting 1 Sisterhood Follower
2026-01-09 03:12:05.335 -06:00 [INF] PressGang: Grand Sturgia Horde recruiting 1 Sturgia Peasant
2026-01-09 03:12:06.010 -06:00 [INF] MERGING: Looters (17) -> Looters (24) [Naval: False]
2026-01-09 03:12:06.010 -06:00 [INF] Total Merges this battle: 1
2026-01-09 03:12:06.219 -06:00 [INF] PressGang: Grand Empire Horde recruiting 1 Imperial Veteran Caravan Guard
2026-01-09 03:12:06.219 -06:00 [INF] PressGang: Grand Empire Horde recruiting 1 Imperial Caravan Guard
2026-01-09 03:12:06.643 -06:00 [INF] PressGang: Looters recruiting 1 Nord Peasant
2026-01-09 03:12:07.730 -06:00 [INF] PressGang: Grand Looters Horde recruiting 1 Empire Peasant
2026-01-09 03:12:07.939 -06:00 [INF] PressGang: Corsairs recruiting 1 Aserai Peasant
2026-01-09 03:12:08.762 -06:00 [INF] Daily Tick: Verifying Syndicate War State...
2026-01-09 03:12:08.762 -06:00 [INF] Checking staggered war declarations for Day Index: 0
2026-01-09 03:12:08.766 -06:00 [INF] PressGang: Sea Raiders recruiting 1 Nord Youngling
2026-01-09 03:12:09.334 -06:00 [INF] PressGang: Deserters recruiting 1 Nord Peasant
2026-01-09 03:12:09.433 -06:00 [INF] PressGang: Sea Raiders recruiting 1 Imperial Sergeant Crossbowman
2026-01-09 03:12:09.586 -06:00 [INF] PressGang: Thucasys of the Hand's Party recruiting 2 Hillman
2026-01-09 03:12:09.636 -06:00 [INF] PressGang: Sea Raiders recruiting 1 Empire Peasant
2026-01-09 03:12:09.946 -06:00 [INF] PressGang: Corsairs recruiting 1 Imperial Trained Infantryman
2026-01-09 03:12:10.304 -06:00 [INF] PressGang: Grand Looters Horde recruiting 1 Imperial Recruit (Rank 1)
2026-01-09 03:12:10.304 -06:00 [INF] PressGang: Grand Looters Horde recruiting 1 Imperial Trained Archer
2026-01-09 03:12:10.304 -06:00 [INF] PressGang: Grand Looters Horde recruiting 1 Imperial Archer
2026-01-09 03:12:10.352 -06:00 [INF] PressGang: Byram of the Lake Rats' Party recruiting 1 Sturgian Soldier
2026-01-09 03:12:10.709 -06:00 [INF] PressGang: Sea Raiders recruiting 2 Vlandia Peasant
2026-01-09 03:12:12.449 -06:00 [INF] MERGING: Looters (9) -> Looters (20) [Naval: False]
2026-01-09 03:12:12.451 -06:00 [INF] Total Merges this battle: 1
2026-01-09 03:12:17.609 -06:00 [INF] MERGING: Looters (5) -> Looters (14) [Naval: False]
2026-01-09 03:12:17.609 -06:00 [INF] MERGING: Looters (5) -> Looters (19) [Naval: False]
2026-01-09 03:12:17.609 -06:00 [INF] Total Merges this battle: 2
2026-01-09 03:12:19.456 -06:00 [INF] MERGING: Steppe Bandits (6) -> Steppe Bandits (13) [Naval: False]
2026-01-09 03:12:19.457 -06:00 [INF] Total Merges this battle: 1
2026-01-09 03:12:20.512 -06:00 [INF] PressGang: Grand Corsairs Horde recruiting 2 Sturgian Convoy Guard
2026-01-09 03:12:20.512 -06:00 [INF] PressGang: Grand Corsairs Horde recruiting 2 Sturgian Armed Convoy Trader
2026-01-09 03:12:20.712 -06:00 [INF] MERGING: Looters (13) -> Forest Bandits (22) [Naval: False]
2026-01-09 03:12:20.712 -06:00 [INF] MERGING: Looters (11) -> Forest Bandits (35) [Naval: False]
2026-01-09 03:12:20.714 -06:00 [INF] Total Merges this battle: 2
2026-01-09 03:12:22.230 -06:00 [INF] PressGang: Grand Looters Horde recruiting 1 Imperial Trained Infantryman
2026-01-09 03:12:22.424 -06:00 [INF] PressGang: Grand Looters Horde recruiting 2 Sturgian Veteran Convoy Guard
2026-01-09 03:12:22.424 -06:00 [INF] PressGang: Grand Looters Horde recruiting 1 Sturgian Convoy Guard
2026-01-09 03:12:23.197 -06:00 [INF] PressGang: Desert Bandits recruiting 1 Aserai Peasant
2026-01-09 03:12:25.093 -06:00 [INF] PressGang: Grand Empire Horde recruiting 1 Hillman
2026-01-09 03:12:25.093 -06:00 [INF] PressGang: Grand Empire Horde recruiting 1 Imperial Veteran Caravan Guard
2026-01-09 03:12:25.093 -06:00 [INF] PressGang: Grand Empire Horde recruiting 1 Empire Peasant
2026-01-09 03:12:25.140 -06:00 [INF] MERGING: Deserters (23) -> Grand Looters Horde (55) [Naval: False]
2026-01-09 03:12:25.140 -06:00 [INF] Total Merges this battle: 1
2026-01-09 03:12:25.190 -06:00 [INF] PressGang: Grand Sturgia Horde recruiting 1 Sturgian Hunter
2026-01-09 03:12:26.049 -06:00 [INF] PressGang: Grand Empire Horde recruiting 1 Hired Spear
2026-01-09 03:12:26.049 -06:00 [INF] PressGang: Grand Empire Horde recruiting 2 Hillman
2026-01-09 03:12:26.814 -06:00 [INF] PressGang: Looters recruiting 1 Empire Peasant
2026-01-09 03:12:26.956 -06:00 [INF] MERGING: Looters (16) -> Looters (16) [Naval: False]
2026-01-09 03:12:26.956 -06:00 [INF] Total Merges this battle: 1
2026-01-09 03:12:27.053 -06:00 [INF] PressGang: Corsairs recruiting 1 Imperial Shipmate
2026-01-09 03:12:27.621 -06:00 [INF] PressGang: Grand Aserai Horde recruiting 2 Aserai Mamluke Axeman
2026-01-09 03:12:27.621 -06:00 [INF] PressGang: Grand Aserai Horde recruiting 2 Aserai Recruit
2026-01-09 03:12:28.352 -06:00 [INF] PressGang: Grand Empire Horde recruiting 1 Looter
2026-01-09 03:12:28.352 -06:00 [INF] PressGang: Grand Empire Horde recruiting 1 Sea Raider
2026-01-09 03:12:28.436 -06:00 [INF] PressGang: Looters recruiting 1 Aserai Peasant
2026-01-09 03:12:28.534 -06:00 [INF] PressGang: Grand Looters Horde recruiting 1 Sturgian Heavy Spearman
2026-01-09 03:12:28.778 -06:00 [INF] Daily Tick: Verifying Syndicate War State...
2026-01-09 03:12:28.778 -06:00 [INF] Checking staggered war declarations for Day Index: 1
2026-01-09 03:12:29.106 -06:00 [INF] PressGang: Sea Raiders recruiting 1 Imperial Infantryman
2026-01-09 03:12:29.250 -06:00 [INF] PressGang: Thucasys of the Hand's Party recruiting 1 Highwayman
2026-01-09 03:12:29.250 -06:00 [INF] PressGang: Thucasys of the Hand's Party recruiting 1 Brigand
2026-01-09 03:12:29.250 -06:00 [INF] PressGang: Thucasys of the Hand's Party recruiting 1 Hillman
2026-01-09 03:12:29.393 -06:00 [INF] PressGang: Sea Raiders recruiting 1 Vlandian Cavalry
2026-01-09 03:12:29.393 -06:00 [INF] PressGang: Sea Raiders recruiting 1 Vlandian Champion
2026-01-09 03:12:29.442 -06:00 [INF] PressGang: Grand Looters Horde recruiting 1 Khuzait Peasant
2026-01-09 03:12:29.442 -06:00 [INF] PressGang: Grand Looters Horde recruiting 1 Khuzait Horse Archer
2026-01-09 03:12:29.877 -06:00 [INF] PressGang: Grand Looters Horde recruiting 1 Imperial Veteran Archer
2026-01-09 03:12:29.924 -06:00 [INF] PressGang: Grand Sturgia Horde recruiting 1 Sturgia Peasant
2026-01-09 03:12:29.925 -06:00 [INF] PressGang: Grand Sturgia Horde recruiting 1 Sturgian Woodsman
2026-01-09 03:12:34.849 -06:00 [INF] MERGING: Looters (16) -> Steppe Bandits (16) [Naval: False]
2026-01-09 03:12:34.849 -06:00 [INF] Total Merges this battle: 1
2026-01-09 03:12:35.015 -06:00 [INF] Found 2 stuck Syndicate Warlords. Redeploying...
2026-01-09 03:12:35.803 -06:00 [INF] MERGING: Looters (13) -> Looters (18) [Naval: False]
2026-01-09 03:12:35.803 -06:00 [INF] Total Merges this battle: 1
2026-01-09 03:12:35.866 -06:00 [INF] Found 2 stuck Syndicate Warlords. Redeploying...
2026-01-09 03:12:35.866 -06:00 [INF] Redeploying Cadfin Blacktooth to Hideout...
2026-01-09 03:12:36.664 -06:00 [INF] Found 1 stuck Syndicate Warlords. Redeploying...
2026-01-09 03:12:37.531 -06:00 [INF] Found 1 stuck Syndicate Warlords. Redeploying...
2026-01-09 03:12:38.122 -06:00 [INF] MERGING: Sea Raiders (17) -> Sea Raiders (27) [Naval: True]
2026-01-09 03:12:38.123 -06:00 [INF] Total Merges this battle: 1
2026-01-09 03:12:38.349 -06:00 [INF] Found 1 stuck Syndicate Warlords. Redeploying...
2026-01-09 03:12:38.349 -06:00 [INF] Redeploying Thera the Exile to Hideout...
2026-01-09 03:12:40.611 -06:00 [INF] PressGang: Grand Corsairs Horde recruiting 1 Sturgian Convoy Guard
2026-01-09 03:12:40.612 -06:00 [INF] PressGang: Grand Corsairs Horde recruiting 1 Sturgian Armed Convoy Trader
2026-01-09 03:12:40.612 -06:00 [INF] PressGang: Grand Corsairs Horde recruiting 1 Vlandian Squire
2026-01-09 03:12:41.122 -06:00 [INF] PressGang: Grand Sturgia Horde recruiting 1 Varyag
2026-01-09 03:12:41.122 -06:00 [INF] PressGang: Grand Sturgia Horde recruiting 1 Sea Raider
2026-01-09 03:12:42.392 -06:00 [INF] PressGang: Grand Looters Horde recruiting 2 Sturgian Veteran Convoy Guard
2026-01-09 03:12:42.392 -06:00 [INF] PressGang: Grand Looters Horde recruiting 1 Sturgian Convoy Guard
2026-01-09 03:12:42.392 -06:00 [INF] PressGang: Grand Looters Horde recruiting 1 Sturgian Armed Convoy Trader
2026-01-09 03:12:43.202 -06:00 [INF] PressGang: Desert Bandits recruiting 1 Aserai Peasant
2026-01-09 03:12:44.428 -06:00 [INF] PressGang: Mountain Bandits recruiting 2 Battania Peasant
2026-01-09 03:12:45.194 -06:00 [INF] PressGang: Grand Sturgia Horde recruiting 1 Sturgian Recruit
2026-01-09 03:12:46.043 -06:00 [INF] PressGang: Grand Empire Horde recruiting 1 Hillman
2026-01-09 03:12:46.981 -06:00 [INF] PressGang: Grand Corsairs Horde recruiting 1 Imperial Shipmate
2026-01-09 03:12:47.215 -06:00 [INF] PressGang: Vanther the Shark's Party recruiting 1 Looter
2026-01-09 03:12:47.262 -06:00 [INF] PressGang: Looters recruiting 3 Nord Peasant
2026-01-09 03:12:47.500 -06:00 [INF] PressGang: Looters recruiting 1 Nord Peasant
2026-01-09 03:12:47.542 -06:00 [INF] PressGang: Grand Aserai Horde recruiting 1 Aserai Mamluke Soldier
2026-01-09 03:12:47.543 -06:00 [INF] PressGang: Grand Aserai Horde recruiting 1 Aserai Mamluke Axeman
2026-01-09 03:12:47.543 -06:00 [INF] PressGang: Grand Aserai Horde recruiting 1 Aserai Peasant
2026-01-09 03:12:48.769 -06:00 [INF] PressGang: Phirentos of the Hand's Party recruiting 1 Brigand
2026-01-09 03:12:48.770 -06:00 [INF] PressGang: Phirentos of the Hand's Party recruiting 1 Hillman
2026-01-09 03:12:48.867 -06:00 [INF] Daily Tick: Verifying Syndicate War State...
2026-01-09 03:12:48.867 -06:00 [INF] Checking staggered war declarations for Day Index: 2
2026-01-09 03:12:48.873 -06:00 [INF] PressGang: Deserters recruiting 1 Nord Peasant
2026-01-09 03:12:49.094 -06:00 [INF] PressGang: Grand Empire Horde recruiting 1 Hillman
2026-01-09 03:12:49.232 -06:00 [INF] PressGang: Looters recruiting 1 Nord Youngling
2026-01-09 03:12:49.232 -06:00 [INF] PressGang: Sea Raiders recruiting 1 Vlandian Gallant
2026-01-09 03:12:49.375 -06:00 [INF] PressGang: Corsairs recruiting 1 Imperial Naute
2026-01-09 03:12:49.647 -06:00 [INF] PressGang: Grand Looters Horde recruiting 1 Highwayman
2026-01-09 03:12:49.648 -06:00 [INF] PressGang: Grand Looters Horde recruiting 1 Imperial Archer
2026-01-09 03:12:49.648 -06:00 [INF] PressGang: Grand Sturgia Horde recruiting 1 Sturgia Peasant
2026-01-09 03:12:49.648 -06:00 [INF] PressGang: Grand Sturgia Horde recruiting 1 Khuzait Raider
2026-01-09 03:12:49.837 -06:00 [INF] PressGang: Deserters recruiting 2 Vlandia Peasant
2026-01-09 03:12:50.208 -06:00 [INF] PressGang: Steppe Bandits recruiting 1 Aserai Peasant
2026-01-09 03:12:50.298 -06:00 [INF] PressGang: Looters recruiting 1 Empire Peasant
2026-01-09 03:12:50.483 -06:00 [INF] PressGang: Deserters recruiting 1 Khuzait Heavy Lancer
2026-01-09 03:12:50.483 -06:00 [INF] PressGang: Deserters recruiting 1 Khuzait Horseman
2026-01-09 03:13:01.299 -06:00 [INF] MERGING: Looters (8) -> Looters (16) [Naval: False]
2026-01-09 03:13:01.300 -06:00 [INF] Total Merges this battle: 1
2026-01-09 03:13:02.272 -06:00 [INF] PressGang: Grand Looters Horde recruiting 1 Imperial Recruit
2026-01-09 03:13:02.449 -06:00 [INF] PressGang: Grand Looters Horde recruiting 1 Sturgian Veteran Convoy Guard
2026-01-09 03:13:03.811 -06:00 [INF] PressGang: Grand Aserai Horde recruiting 1 Aserai Peasant
2026-01-09 03:13:05.040 -06:00 [INF] MERGING: Looters (13) -> Steppe Bandits (15) [Naval: False]
2026-01-09 03:13:05.041 -06:00 [INF] Total Merges this battle: 1
2026-01-09 03:13:05.180 -06:00 [INF] PressGang: Grand Sturgia Horde recruiting 1 Khuzait Hunter
2026-01-09 03:13:05.997 -06:00 [INF] PressGang: Grand Empire Horde recruiting 1 Mercenary Maceman
2026-01-09 03:13:05.997 -06:00 [INF] PressGang: Grand Empire Horde recruiting 1 Imperial Veteran Caravan Guard
2026-01-09 03:13:05.997 -06:00 [INF] PressGang: Grand Empire Horde recruiting 1 Hillman
2026-01-09 03:13:05.997 -06:00 [INF] PressGang: Grand Empire Horde recruiting 1 Highwayman
2026-01-09 03:13:05.997 -06:00 [INF] PressGang: Grand Empire Horde recruiting 1 Imperial Crossbowman
2026-01-09 03:13:05.997 -06:00 [INF] PressGang: Grand Empire Horde recruiting 1 Imperial Recruit
2026-01-09 03:13:06.957 -06:00 [INF] PressGang: Grand Corsairs Horde recruiting 1 Imperial Shipmate
2026-01-09 03:13:06.957 -06:00 [INF] PressGang: Grand Corsairs Horde recruiting 1 Imperial Trained Infantryman
2026-01-09 03:13:07.188 -06:00 [INF] PressGang: Vanther the Shark's Party recruiting 1 Looter
2026-01-09 03:13:07.508 -06:00 [INF] MERGING: Deserters (16) -> Looters (19) [Naval: False]
2026-01-09 03:13:07.509 -06:00 [INF] Total Merges this battle: 1
2026-01-09 03:13:08.113 -06:00 [INF] PressGang: Grand Empire Horde recruiting 1 Looter
2026-01-09 03:13:08.209 -06:00 [INF] PressGang: Looters recruiting 1 Aserai Peasant
2026-01-09 03:13:08.875 -06:00 [INF] Daily Tick: Verifying Syndicate War State...
2026-01-09 03:13:08.875 -06:00 [INF] Checking staggered war declarations for Day Index: 3
2026-01-09 03:13:08.917 -06:00 [INF] PressGang: Grand Empire Horde recruiting 2 Looter
2026-01-09 03:13:09.479 -06:00 [INF] PressGang: Grand Sturgia Horde recruiting 1 Looter
2026-01-09 03:13:10.173 -06:00 [INF] PressGang: Deserters recruiting 2 Khuzait Heavy Horse Archer
2026-01-09 03:13:10.356 -06:00 [INF] PressGang: Looters recruiting 1 Nord Peasant
2026-01-09 03:13:10.539 -06:00 [INF] PressGang: Looters recruiting 1 Battania Peasant
2026-01-09 03:13:11.000 -06:00 [INF] PressGang: Sea Raiders recruiting 1 Nord Peasant
2026-01-09 03:13:17.759 -06:00 [INF] MERGING: Looters (12) -> Mountain Bandits (20) [Naval: False]
2026-01-09 03:13:17.759 -06:00 [INF] MERGING: Looters (5) -> Mountain Bandits (32) [Naval: False]
2026-01-09 03:13:17.759 -06:00 [INF] Total Merges this battle: 2
2026-01-09 03:13:19.490 -06:00 [INF] MERGING: Desert Bandits (7) -> Looters (11) [Naval: False]
2026-01-09 03:13:19.491 -06:00 [INF] Total Merges this battle: 1
2026-01-09 03:13:21.261 -06:00 [INF] PressGang: Grand Sturgia Horde recruiting 1 Sea Raider Warrior
2026-01-09 03:13:21.261 -06:00 [INF] PressGang: Grand Sturgia Horde recruiting 2 Sturgia Peasant
2026-01-09 03:13:22.350 -06:00 [INF] PressGang: Grand Looters Horde recruiting 1 Khuzait Kheshig
2026-01-09 03:13:22.350 -06:00 [INF] PressGang: Grand Looters Horde recruiting 1 Imperial Recruit
2026-01-09 03:13:22.488 -06:00 [INF] PressGang: Grand Looters Horde recruiting 1 Sturgian Convoy Guard
2026-01-09 03:13:23.687 -06:00 [INF] MERGING: Sea Raiders (6) -> Sea Raiders (10) [Naval: True]
2026-01-09 03:13:23.688 -06:00 [INF] Total Merges this battle: 1
2026-01-09 03:13:23.827 -06:00 [INF] PressGang: Grand Aserai Horde recruiting 1 Looter
2026-01-09 03:13:24.431 -06:00 [INF] PressGang: Mountain Bandits recruiting 1 Battania Peasant
2026-01-09 03:13:25.184 -06:00 [INF] PressGang: Grand Sturgia Horde recruiting 1 Sturgian Woodsman
2026-01-09 03:13:26.020 -06:00 [INF] PressGang: Grand Empire Horde recruiting 1 Brigand
2026-01-09 03:13:26.020 -06:00 [INF] PressGang: Grand Empire Horde recruiting 1 Hillman
2026-01-09 03:13:26.020 -06:00 [INF] PressGang: Grand Empire Horde recruiting 1 Imperial Recruit
2026-01-09 03:13:26.336 -06:00 [INF] PressGang: Mountain Bandits recruiting 3 Empire Peasant
2026-01-09 03:13:26.614 -06:00 [INF] PressGang: Looters recruiting 1 Empire Peasant
2026-01-09 03:13:26.989 -06:00 [INF] PressGang: Vanther the Shark's Party recruiting 1 Looter
2026-01-09 03:13:27.268 -06:00 [INF] PressGang: Grand Aserai Horde recruiting 1 Aserai Mamluke Soldier
2026-01-09 03:13:27.268 -06:00 [INF] PressGang: Grand Aserai Horde recruiting 1 Aserai Peasant
2026-01-09 03:13:27.359 -06:00 [INF] PressGang: Looters recruiting 1 Aserai Peasant
2026-01-09 03:13:27.872 -06:00 [INF] PressGang: Grand Empire Horde recruiting 2 Looter
2026-01-09 03:13:28.894 -06:00 [INF] PressGang: Corsairs recruiting 1 Imperial Naute
2026-01-09 03:13:28.949 -06:00 [INF] Daily Tick: Verifying Syndicate War State...
2026-01-09 03:13:28.949 -06:00 [INF] Checking staggered war declarations for Day Index: 4
2026-01-09 03:13:29.125 -06:00 [INF] PressGang: Grand Looters Horde recruiting 1 Imperial Archer
2026-01-09 03:13:29.125 -06:00 [INF] PressGang: Grand Looters Horde recruiting 1 Veteran Sword Sister
2026-01-09 03:13:29.125 -06:00 [INF] PressGang: Grand Looters Horde recruiting 2 Imperial Recruit
2026-01-09 03:13:29.684 -06:00 [INF] PressGang: Grand Sea Raiders Horde recruiting 3 Empire Peasant
2026-01-09 03:13:29.781 -06:00 [INF] PressGang: Deserters recruiting 1 Khuzait Lancer
2026-01-09 03:13:30.063 -06:00 [INF] PressGang: Steppe Bandits recruiting 1 Khuzait Peasant
2026-01-09 03:13:30.961 -06:00 [INF] PressGang: Looters recruiting 1 Khuzait Lancer
2026-01-09 03:13:33.552 -06:00 [INF] MERGING: Looters (12) -> Looters (13) [Naval: False]
2026-01-09 03:13:33.553 -06:00 [INF] MERGING: Looters (5) -> Looters (25) [Naval: False]
2026-01-09 03:13:33.553 -06:00 [INF] Total Merges this battle: 2
2026-01-09 03:13:35.062 -06:00 [INF] MERGING: Looters (15) -> Looters (17) [Naval: False]
2026-01-09 03:13:35.064 -06:00 [INF] Total Merges this battle: 1
2026-01-09 03:13:39.309 -06:00 [INF] MERGING: Looters (11) -> Looters (14) [Naval: False]
2026-01-09 03:13:39.309 -06:00 [INF] Total Merges this battle: 1
2026-01-09 03:13:40.702 -06:00 [INF] PressGang: Grand Corsairs Horde recruiting 1 Sturgian Armed Convoy Trader
2026-01-09 03:13:41.253 -06:00 [INF] PressGang: Grand Sturgia Horde recruiting 1 Sturgian Horse Raider
2026-01-09 03:13:41.253 -06:00 [INF] PressGang: Grand Sturgia Horde recruiting 1 Sturgia Peasant
2026-01-09 03:13:41.525 -06:00 [INF] PressGang: Grand Sturgia Horde recruiting 2 Sturgian Otrok
2026-01-09 03:13:41.525 -06:00 [INF] PressGang: Grand Sturgia Horde recruiting 1 Sturgian Spearman
2026-01-09 03:13:41.525 -06:00 [INF] PressGang: Grand Sturgia Horde recruiting 1 Sturgian Recruit
2026-01-09 03:13:42.298 -06:00 [INF] PressGang: Grand Looters Horde recruiting 2 Imperial Infantryman
2026-01-09 03:13:43.472 -06:00 [INF] PressGang: Grand Corsairs Horde recruiting 1 Vlandian Recruit
2026-01-09 03:13:45.324 -06:00 [INF] MERGING: Looters (6) -> Looters (9) [Naval: False]
2026-01-09 03:13:45.324 -06:00 [INF] Total Merges this battle: 1
2026-01-09 03:13:45.792 -06:00 [INF] PressGang: Grand Empire Horde recruiting 1 Imperial Veteran Caravan Guard
2026-01-09 03:13:45.792 -06:00 [INF] PressGang: Grand Empire Horde recruiting 2 Imperial Caravan Guard
2026-01-09 03:13:45.792 -06:00 [INF] PressGang: Grand Empire Horde recruiting 1 Hillman
2026-01-09 03:13:45.792 -06:00 [INF] PressGang: Grand Empire Horde recruiting 1 Highwayman
2026-01-09 03:13:45.792 -06:00 [INF] PressGang: Grand Empire Horde recruiting 1 Imperial Trained Infantryman
2026-01-09 03:13:46.894 -06:00 [INF] PressGang: Grand Empire Horde recruiting 1 Looter
2026-01-09 03:13:46.895 -06:00 [INF] PressGang: Grand Empire Horde recruiting 1 Forest Bandit
2026-01-09 03:13:46.895 -06:00 [INF] PressGang: Grand Empire Horde recruiting 1 Freebooter
2026-01-09 03:13:46.895 -06:00 [INF] PressGang: Grand Empire Horde recruiting 2 Bushwacker
2026-01-09 03:13:48.298 -06:00 [INF] PressGang: Deserters recruiting 1 Nord Peasant
2026-01-09 03:13:48.599 -06:00 [INF] PressGang: Looters recruiting 1 Empire Peasant
2026-01-09 03:13:50.620 -06:00 [INF] PressGang: Grand Looters Horde recruiting 1 Imperial Infantryman
2026-01-09 03:13:50.620 -06:00 [INF] PressGang: Grand Looters Horde recruiting 1 Imperial Trained Archer
2026-01-09 03:13:50.620 -06:00 [INF] PressGang: Grand Looters Horde recruiting 1 Imperial Archer
2026-01-09 03:13:50.620 -06:00 [INF] PressGang: Grand Looters Horde recruiting 1 Hired Pike
2026-01-09 03:13:50.620 -06:00 [INF] PressGang: Grand Looters Horde recruiting 3 Imperial Recruit
2026-01-09 03:13:50.620 -06:00 [INF] PressGang: Grand Sturgia Horde recruiting 1 Sturgia Peasant
2026-01-09 03:13:50.671 -06:00 [INF] Daily Tick: Verifying Syndicate War State...
2026-01-09 03:13:50.671 -06:00 [INF] Checking staggered war declarations for Day Index: 5
2026-01-09 03:13:51.231 -06:00 [INF] PressGang: Deserters recruiting 1 Khuzait Kheshig
2026-01-09 03:13:51.983 -06:00 [INF] PressGang: Steppe Bandits recruiting 1 Sturgia Peasant
2026-01-09 03:13:53.080 -06:00 [INF] MERGING: Looters (8) -> Looters (9) [Naval: False]
2026-01-09 03:13:53.081 -06:00 [INF] Total Merges this battle: 1
2026-01-09 03:13:57.621 -06:00 [INF] MERGING: Looters (15) -> Looters (17) [Naval: False]
2026-01-09 03:13:57.621 -06:00 [INF] Total Merges this battle: 1
2026-01-09 03:14:03.252 -06:00 [INF] PressGang: Grand Sturgia Horde recruiting 1 Looter
2026-01-09 03:14:03.252 -06:00 [INF] PressGang: Grand Sturgia Horde recruiting 1 Sturgian Woodsman
2026-01-09 03:14:03.252 -06:00 [INF] PressGang: Grand Sturgia Horde recruiting 2 Sturgian Otrok
2026-01-09 03:14:03.252 -06:00 [INF] PressGang: Grand Sturgia Horde recruiting 1 Sturgian Hunter
2026-01-09 03:14:03.252 -06:00 [INF] PressGang: Grand Sturgia Horde recruiting 2 Sturgian Recruit
2026-01-09 03:14:03.252 -06:00 [INF] PressGang: Grand Sturgia Horde recruiting 1 Battanian Wood Runner
2026-01-09 03:14:03.252 -06:00 [INF] PressGang: Grand Sturgia Horde recruiting 1 Karakhergit Nomad
2026-01-09 03:14:03.978 -06:00 [INF] PressGang: Grand Looters Horde recruiting 1 Imperial Trained Archer
2026-01-09 03:14:03.978 -06:00 [INF] PressGang: Grand Looters Horde recruiting 1 Imperial Archer
2026-01-09 03:14:03.978 -06:00 [INF] PressGang: Grand Looters Horde recruiting 1 Imperial Recruit
2026-01-09 03:14:05.374 -06:00 [INF] PressGang: Grand Aserai Horde recruiting 4 Aserai Mamluke Axeman
2026-01-09 03:14:05.375 -06:00 [INF] PressGang: Grand Aserai Horde recruiting 2 Aserai Mamluke Soldier
2026-01-09 03:14:05.989 -06:00 [INF] PressGang: Mountain Bandits recruiting 1 Battania Peasant
2026-01-09 03:14:06.097 -06:00 [INF] PressGang: Sea Raiders recruiting 2 Nord Peasant
2026-01-09 03:14:06.605 -06:00 [INF] PressGang: Grand Empire Horde recruiting 2 Imperial Equite
2026-01-09 03:14:06.709 -06:00 [INF] PressGang: Grand Sturgia Horde recruiting 1 Bushwacker
2026-01-09 03:14:07.491 -06:00 [INF] PressGang: Grand Empire Horde recruiting 1 Brigand
2026-01-09 03:14:07.491 -06:00 [INF] PressGang: Grand Empire Horde recruiting 2 Hillman
2026-01-09 03:14:07.491 -06:00 [INF] PressGang: Grand Empire Horde recruiting 2 Imperial Archer
2026-01-09 03:14:07.491 -06:00 [INF] PressGang: Grand Empire Horde recruiting 1 Imperial Infantryman
2026-01-09 03:14:07.491 -06:00 [INF] PressGang: Grand Empire Horde recruiting 1 Imperial Recruit
2026-01-09 03:14:07.848 -06:00 [INF] PressGang: Mountain Bandits recruiting 1 Empire Peasant
2026-01-09 03:14:08.094 -06:00 [INF] PressGang: Looters recruiting 1 Empire Peasant
2026-01-09 03:14:08.533 -06:00 [INF] PressGang: Grand Empire Horde recruiting 1 Bushwacker
2026-01-09 03:14:08.726 -06:00 [INF] PressGang: Looters recruiting 1 Nord Peasant
2026-01-09 03:14:08.873 -06:00 [INF] PressGang: Looters recruiting 1 Aserai Peasant
2026-01-09 03:14:09.362 -06:00 [INF] PressGang: Grand Empire Horde recruiting 2 Nord Peasant
2026-01-09 03:14:09.470 -06:00 [INF] PressGang: Sea Raiders recruiting 1 Nord Peasant
2026-01-09 03:14:09.704 -06:00 [INF] PressGang: Desert Bandits recruiting 1 Aserai Peasant
2026-01-09 03:14:10.297 -06:00 [INF] PressGang: Corsairs recruiting 1 Imperial Shipmate
2026-01-09 03:14:10.479 -06:00 [INF] PressGang: Grand Looters Horde recruiting 1 Imperial Infantryman
2026-01-09 03:14:10.480 -06:00 [INF] PressGang: Grand Looters Horde recruiting 2 Imperial Archer
2026-01-09 03:14:10.530 -06:00 [INF] PressGang: Grand Sturgia Horde recruiting 1 Looter
2026-01-09 03:14:10.531 -06:00 [INF] PressGang: Grand Sturgia Horde recruiting 1 Karakhergit Rider
2026-01-09 03:14:10.725 -06:00 [INF] Daily Tick: Verifying Syndicate War State...
2026-01-09 03:14:10.725 -06:00 [INF] Checking staggered war declarations for Day Index: 0
2026-01-09 03:14:11.449 -06:00 [INF] PressGang: Morynon of the Hand's Party recruiting 1 Looter
2026-01-09 03:14:11.690 -06:00 [INF] PressGang: Steppe Bandits recruiting 1 Aserai Peasant
2026-01-09 03:14:11.741 -06:00 [INF] PressGang: Steppe Bandits recruiting 1 Sturgia Peasant
2026-01-09 03:14:12.281 -06:00 [INF] PressGang: Looters recruiting 1 Aserai Peasant
2026-01-09 03:14:12.821 -06:00 [INF] PressGang: Looters recruiting 1 Empire Peasant
2026-01-09 03:14:13.310 -06:00 [INF] MERGING: Deserters (17) -> Looters (18) [Naval: False]
2026-01-09 03:14:13.311 -06:00 [INF] Total Merges this battle: 1
2026-01-09 03:14:16.954 -06:00 [INF] Found 2 stuck Syndicate Warlords. Redeploying...
2026-01-09 03:14:17.390 -06:00 [INF] MERGING: Looters (10) -> Looters (12) [Naval: False]
2026-01-09 03:14:17.390 -06:00 [INF] Total Merges this battle: 1
2026-01-09 03:14:17.795 -06:00 [INF] Found 2 stuck Syndicate Warlords. Redeploying...
2026-01-09 03:14:17.795 -06:00 [INF] Redeploying Thera the Exile to Hideout...
2026-01-09 03:14:18.615 -06:00 [INF] Found 1 stuck Syndicate Warlords. Redeploying...
2026-01-09 03:14:19.091 -06:00 [INF] MERGING: Looters (12) -> Looters (16) [Naval: False]
2026-01-09 03:14:19.092 -06:00 [INF] Total Merges this battle: 1
2026-01-09 03:14:19.438 -06:00 [INF] Found 1 stuck Syndicate Warlords. Redeploying...
2026-01-09 03:14:20.290 -06:00 [INF] Found 1 stuck Syndicate Warlords. Redeploying...
2026-01-09 03:14:20.817 -06:00 [INF] MERGING: Looters (3) -> Looters (4) [Naval: False]
2026-01-09 03:14:20.817 -06:00 [INF] Total Merges this battle: 1
2026-01-09 03:14:21.124 -06:00 [INF] Found 1 stuck Syndicate Warlords. Redeploying...
2026-01-09 03:14:22.034 -06:00 [INF] Found 1 stuck Syndicate Warlords. Redeploying...
2026-01-09 03:14:22.473 -06:00 [INF] PressGang: Grand Corsairs Horde recruiting 1 Sturgian Armed Convoy Trader
2026-01-09 03:14:22.824 -06:00 [INF] Found 1 stuck Syndicate Warlords. Redeploying...
2026-01-09 03:14:22.956 -06:00 [INF] PressGang: Grand Sturgia Horde recruiting 1 Sturgian Recruit
2026-01-09 03:14:23.288 -06:00 [INF] PressGang: Grand Sturgia Horde recruiting 1 Khuzait Marksman
2026-01-09 03:14:23.289 -06:00 [INF] PressGang: Grand Sturgia Horde recruiting 3 Karakhergit Elder
2026-01-09 03:14:23.289 -06:00 [INF] PressGang: Grand Sturgia Horde recruiting 1 Sword Sister
2026-01-09 03:14:23.681 -06:00 [INF] Found 1 stuck Syndicate Warlords. Redeploying...
2026-01-09 03:14:23.681 -06:00 [INF] Redeploying Cadfin Blacktooth to Hideout...
2026-01-09 03:14:24.765 -06:00 [INF] MERGING: Sea Raiders (38) -> Sea Raiders (39) [Naval: True]
2026-01-09 03:14:24.765 -06:00 [INF] Total Merges this battle: 1
2026-01-09 03:14:25.143 -06:00 [INF] PressGang: Grand Corsairs Horde recruiting 1 Imperial Convoy Guard
2026-01-09 03:14:25.144 -06:00 [INF] PressGang: Grand Corsairs Horde recruiting 1 Imperial Armed Convoy Trader
2026-01-09 03:14:25.386 -06:00 [INF] PressGang: Grand Aserai Horde recruiting 1 Aserai Mamluke Guard
2026-01-09 03:14:25.387 -06:00 [INF] PressGang: Grand Aserai Horde recruiting 3 Aserai Mamluke Soldier
2026-01-09 03:14:25.672 -06:00 [INF] PressGang: Grand Empire Horde recruiting 1 Imperial Trained Archer
2026-01-09 03:14:25.673 -06:00 [INF] PressGang: Grand Empire Horde recruiting 1 Imperial Archer
2026-01-09 03:14:25.673 -06:00 [INF] PressGang: Grand Empire Horde recruiting 1 Imperial Infantryman
2026-01-09 03:14:25.967 -06:00 [INF] PressGang: Mountain Bandits recruiting 2 Battania Peasant
2026-01-09 03:14:26.555 -06:00 [INF] PressGang: Grand Empire Horde recruiting 1 Imperial Recruit (Rank 1)
2026-01-09 03:14:26.556 -06:00 [INF] PressGang: Grand Empire Horde recruiting 1 Imperial Trained Infantryman
2026-01-09 03:14:26.556 -06:00 [INF] PressGang: Grand Empire Horde recruiting 1 Imperial Infantryman
2026-01-09 03:14:26.648 -06:00 [INF] PressGang: Grand Sturgia Horde recruiting 1 Battanian Volunteer
2026-01-09 03:14:27.399 -06:00 [INF] PressGang: Grand Empire Horde recruiting 2 Hillman
2026-01-09 03:14:27.399 -06:00 [INF] PressGang: Grand Empire Horde recruiting 1 Imperial Recruit
2026-01-09 03:14:27.399 -06:00 [INF] PressGang: Grand Empire Horde recruiting 1 Imperial Armed Trader
2026-01-09 03:14:27.452 -06:00 [INF] PressGang: Grand Corsairs Horde recruiting 1 Imperial Convoy Guard
2026-01-09 03:14:27.895 -06:00 [INF] PressGang: Looters recruiting 1 Empire Peasant
2026-01-09 03:14:29.224 -06:00 [INF] PressGang: Grand Empire Horde recruiting 1 Nord Peasant
2026-01-09 03:14:29.227 -06:00 [INF] PressGang: Grand Empire Horde recruiting 1 Sea Raider Warrior
2026-01-09 03:14:29.227 -06:00 [INF] PressGang: Grand Empire Horde recruiting 1 Nord Warfang
2026-01-09 03:14:29.867 -06:00 [INF] PressGang: Grand Looters Horde recruiting 1 Imperial Veteran Archer
2026-01-09 03:14:29.868 -06:00 [INF] PressGang: Grand Looters Horde recruiting 1 Imperial Shipmate
2026-01-09 03:14:29.868 -06:00 [INF] PressGang: Grand Looters Horde recruiting 1 Imperial Naute
2026-01-09 03:14:29.868 -06:00 [INF] PressGang: Grand Looters Horde recruiting 1 Empire Peasant
2026-01-09 03:14:29.967 -06:00 [INF] PressGang: Looters recruiting 1 Nord Warrior
2026-01-09 03:14:30.326 -06:00 [INF] PressGang: Grand Looters Horde recruiting 2 Imperial Infantryman
2026-01-09 03:14:30.326 -06:00 [INF] PressGang: Grand Looters Horde recruiting 1 Imperial Heavy Horseman
2026-01-09 03:14:30.762 -06:00 [INF] Daily Tick: Verifying Syndicate War State...
2026-01-09 03:14:30.762 -06:00 [INF] Checking staggered war declarations for Day Index: 1
2026-01-09 03:14:30.853 -06:00 [INF] PressGang: Deserters recruiting 1 Khuzait Horse Archer
2026-01-09 03:14:30.906 -06:00 [INF] MERGING: Sea Raiders (15) -> Sea Raiders (20) [Naval: True]
2026-01-09 03:14:30.907 -06:00 [INF] Total Merges this battle: 1
2026-01-09 03:14:31.102 -06:00 [INF] PressGang: Steppe Bandits recruiting 1 Khuzait Peasant
2026-01-09 03:14:31.202 -06:00 [INF] PressGang: Morynon of the Hand's Party recruiting 1 Looter
2026-01-09 03:14:32.012 -06:00 [INF] PressGang: Deserters recruiting 1 Sturgian Hunter
2026-01-09 03:14:32.012 -06:00 [INF] PressGang: Deserters recruiting 1 Sturgian Recruit
2026-01-09 03:14:32.012 -06:00 [INF] PressGang: Deserters recruiting 1 Sturgian Warrior
2026-01-09 03:14:32.393 -06:00 [INF] PressGang: Looters recruiting 1 Empire Peasant
2026-01-09 03:14:32.493 -06:00 [INF] PressGang: Wahan of the Beni Zilal's Party recruiting 2 Bedouin Rover
2026-01-09 03:14:32.941 -06:00 [INF] PressGang: Atilon of the Hand's Party recruiting 2 Hillman
2026-01-09 03:14:36.991 -06:00 [INF] Found 1 stuck Syndicate Warlords. Redeploying...
2026-01-09 03:14:37.837 -06:00 [INF] Found 1 stuck Syndicate Warlords. Redeploying...
2026-01-09 03:14:38.659 -06:00 [INF] Found 1 stuck Syndicate Warlords. Redeploying...
2026-01-09 03:14:39.497 -06:00 [INF] Found 1 stuck Syndicate Warlords. Redeploying...
2026-01-09 03:14:39.875 -06:00 [INF] MERGING: Looters (17) -> Looters (22) [Naval: False]
2026-01-09 03:14:39.876 -06:00 [INF] MERGING: Looters (16) -> Looters (39) [Naval: False]
2026-01-09 03:14:39.876 -06:00 [INF] MERGING: Looters (8) -> Looters (55) [Naval: False]
2026-01-09 03:14:39.876 -06:00 [INF] Total Merges this battle: 3
2026-01-09 03:14:40.319 -06:00 [INF] Found 1 stuck Syndicate Warlords. Redeploying...
2026-01-09 03:14:41.148 -06:00 [INF] Found 1 stuck Syndicate Warlords. Redeploying...
2026-01-09 03:14:42.063 -06:00 [INF] Found 1 stuck Syndicate Warlords. Redeploying...
2026-01-09 03:14:42.888 -06:00 [INF] Found 1 stuck Syndicate Warlords. Redeploying...
2026-01-09 03:14:42.953 -06:00 [INF] PressGang: Grand Sturgia Horde recruiting 1 Karakhergit Elder
2026-01-09 03:14:43.242 -06:00 [INF] PressGang: Grand Sturgia Horde recruiting 1 Sturgia Peasant
2026-01-09 03:14:43.242 -06:00 [INF] PressGang: Grand Sturgia Horde recruiting 2 Karakhergit Elder
2026-01-09 03:14:43.680 -06:00 [INF] Found 1 stuck Syndicate Warlords. Redeploying...
2026-01-09 03:14:43.967 -06:00 [INF] PressGang: Grand Looters Horde recruiting 1 Imperial Infantryman
2026-01-09 03:14:43.967 -06:00 [INF] PressGang: Grand Looters Horde recruiting 1 Imperial Recruit
2026-01-09 03:14:44.557 -06:00 [INF] Found 1 stuck Syndicate Warlords. Redeploying...
2026-01-09 03:14:44.558 -06:00 [INF] Redeploying Cadfin Blacktooth to Hideout...
2026-01-09 03:14:44.693 -06:00 [INF] MERGING: Looters (14) -> Deserters (27) [Naval: False]
2026-01-09 03:14:44.694 -06:00 [INF] Total Merges this battle: 1
2026-01-09 03:14:45.391 -06:00 [INF] PressGang: Grand Aserai Horde recruiting 1 Vlandian Cavalry
2026-01-09 03:14:45.393 -06:00 [INF] PressGang: Grand Aserai Horde recruiting 1 Imperial Coast Guard
2026-01-09 03:14:45.393 -06:00 [INF] PressGang: Grand Aserai Horde recruiting 1 Aserai Recruit
2026-01-09 03:14:45.630 -06:00 [INF] PressGang: Grand Empire Horde recruiting 2 Imperial Infantryman
2026-01-09 03:14:45.928 -06:00 [INF] PressGang: Mountain Bandits recruiting 1 Imperial Infantryman
2026-01-09 03:14:46.523 -06:00 [INF] PressGang: Grand Empire Horde recruiting 1 Imperial Caravan Guard
2026-01-09 03:14:46.523 -06:00 [INF] PressGang: Grand Empire Horde recruiting 2 Imperial Veteran Archer
2026-01-09 03:14:46.523 -06:00 [INF] PressGang: Grand Empire Horde recruiting 2 Imperial Infantryman
2026-01-09 03:14:46.572 -06:00 [INF] PressGang: Looters recruiting 1 Imperial Infantryman
2026-01-09 03:14:46.572 -06:00 [INF] PressGang: Grand Sturgia Horde recruiting 1 Khuzait Archer
2026-01-09 03:14:47.262 -06:00 [INF] MERGING: Looters (10) -> Looters (14) [Naval: False]
2026-01-09 03:14:47.264 -06:00 [INF] Total Merges this battle: 1
2026-01-09 03:14:48.305 -06:00 [INF] PressGang: Grand Empire Horde recruiting 1 Bushwacker
2026-01-09 03:14:48.552 -06:00 [INF] PressGang: Grand Aserai Horde recruiting 1 Sword Sister
2026-01-09 03:14:48.552 -06:00 [INF] PressGang: Grand Aserai Horde recruiting 1 Aserai Mamluke Soldier
2026-01-09 03:14:48.552 -06:00 [INF] PressGang: Grand Aserai Horde recruiting 1 Outrider
2026-01-09 03:14:48.553 -06:00 [INF] PressGang: Grand Aserai Horde recruiting 1 Aserai Mamluke Regular
2026-01-09 03:14:48.998 -06:00 [INF] MERGING: Looters (13) -> Looters (15) [Naval: False]
2026-01-09 03:14:49.000 -06:00 [INF] MERGING: Looters (11) -> Looters (28) [Naval: False]
2026-01-09 03:14:49.000 -06:00 [INF] Total Merges this battle: 2
2026-01-09 03:14:49.051 -06:00 [INF] PressGang: Grand Empire Horde recruiting 1 Nord Peasant
2026-01-09 03:14:49.051 -06:00 [INF] PressGang: Grand Empire Horde recruiting 3 Sea Raider
2026-01-09 03:14:49.743 -06:00 [INF] PressGang: Looters recruiting 2 Aserai Peasant
2026-01-09 03:14:49.943 -06:00 [INF] MERGING: Sea Raiders (28) -> Sea Raiders (39) [Naval: True]
2026-01-09 03:14:49.943 -06:00 [INF] Total Merges this battle: 1
2026-01-09 03:14:49.991 -06:00 [INF] PressGang: Grand Looters Horde recruiting 1 Imperial Trained Archer
2026-01-09 03:14:49.991 -06:00 [INF] PressGang: Grand Looters Horde recruiting 2 Imperial Recruit
2026-01-09 03:14:50.040 -06:00 [INF] PressGang: Grand Sturgia Horde recruiting 1 Looter
2026-01-09 03:14:50.040 -06:00 [INF] PressGang: Grand Sturgia Horde recruiting 1 Sturgian Heavy Spearman
2026-01-09 03:14:50.040 -06:00 [INF] PressGang: Grand Sturgia Horde recruiting 1 Sturgian Heavy Axeman
2026-01-09 03:14:50.040 -06:00 [INF] PressGang: Grand Sturgia Horde recruiting 1 Sturgian Warrior
2026-01-09 03:14:50.040 -06:00 [INF] PressGang: Grand Sturgia Horde recruiting 1 Sturgian Recruit
2026-01-09 03:14:50.041 -06:00 [INF] PressGang: Grand Corsairs Horde recruiting 1 Aserai Peasant
2026-01-09 03:14:50.399 -06:00 [INF] Found 1 stuck Syndicate Warlords. Redeploying...
2026-01-09 03:14:50.486 -06:00 [INF] PressGang: Deserters recruiting 1 Khuzait Heavy Lancer
2026-01-09 03:14:50.735 -06:00 [INF] PressGang: Steppe Bandits recruiting 2 Khuzait Peasant
2026-01-09 03:14:50.783 -06:00 [INF] PressGang: Morynon of the Hand's Party recruiting 1 Looter
2026-01-09 03:14:50.839 -06:00 [INF] Daily Tick: Verifying Syndicate War State...
2026-01-09 03:14:50.839 -06:00 [INF] Checking staggered war declarations for Day Index: 2
2026-01-09 03:14:50.982 -06:00 [INF] PressGang: Forest Bandits recruiting 1 Nord Peasant
2026-01-09 03:14:50.982 -06:00 [INF] PressGang: Steppe Bandits recruiting 1 Aserai Peasant
2026-01-09 03:14:50.982 -06:00 [INF] PressGang: Steppe Bandits recruiting 1 Empire Peasant
2026-01-09 03:14:51.237 -06:00 [INF] Found 1 stuck Syndicate Warlords. Redeploying...
2026-01-09 03:14:51.479 -06:00 [INF] PressGang: Deserters recruiting 1 Sturgian Warrior
2026-01-09 03:14:51.774 -06:00 [INF] PressGang: Looters recruiting 1 Empire Peasant
2026-01-09 03:14:51.972 -06:00 [INF] PressGang: Grand Aserai Horde recruiting 1 Aserai Mamluke Axeman
2026-01-09 03:14:51.972 -06:00 [INF] PressGang: Grand Aserai Horde recruiting 1 Nomad Bandit
2026-01-09 03:14:52.085 -06:00 [INF] Found 1 stuck Syndicate Warlords. Redeploying...
2026-01-09 03:14:52.318 -06:00 [INF] PressGang: Grand Looters Horde recruiting 4 Imperial Armed Convoy Trader
2026-01-09 03:14:52.609 -06:00 [INF] PressGang: Looters recruiting 1 Imperial Crossbowman
2026-01-09 03:14:52.923 -06:00 [INF] Found 1 stuck Syndicate Warlords. Redeploying...
2026-01-09 03:14:53.765 -06:00 [INF] Found 1 stuck Syndicate Warlords. Redeploying...
2026-01-09 03:14:54.557 -06:00 [INF] Found 1 stuck Syndicate Warlords. Redeploying...
2026-01-09 03:14:55.389 -06:00 [INF] Found 1 stuck Syndicate Warlords. Redeploying...
2026-01-09 03:14:55.389 -06:00 [INF] Redeploying Thavin the Shark to Hideout...
2026-01-09 03:14:55.480 -06:00 [INF] MERGING: Looters (12) -> Deserters (21) [Naval: False]
2026-01-09 03:14:55.481 -06:00 [INF] Total Merges this battle: 1
2026-01-09 03:15:02.530 -06:00 [INF] PressGang: Grand Corsairs Horde recruiting 1 Sturgian Convoy Guard
2026-01-09 03:15:02.530 -06:00 [INF] PressGang: Grand Corsairs Horde recruiting 1 Sturgian Armed Convoy Trader
2026-01-09 03:15:02.967 -06:00 [INF] PressGang: Grand Sturgia Horde recruiting 1 Khuzait Kheshig
2026-01-09 03:15:02.967 -06:00 [INF] PressGang: Grand Sturgia Horde recruiting 1 Karakhergit Elder
2026-01-09 03:15:04.597 -06:00 [INF] PressGang: Grand Looters Horde recruiting 1 Sturgia Peasant
2026-01-09 03:15:05.330 -06:00 [INF] PressGang: Grand Aserai Horde recruiting 1 Aserai Mamluke Guard
2026-01-09 03:15:05.330 -06:00 [INF] PressGang: Grand Aserai Horde recruiting 1 Aserai Mamluke Soldier
2026-01-09 03:15:05.526 -06:00 [INF] MERGING: Deserters (11) -> Deserters (16) [Naval: False]
2026-01-09 03:15:05.526 -06:00 [INF] Total Merges this battle: 1
2026-01-09 03:15:05.623 -06:00 [INF] PressGang: Grand Empire Horde recruiting 1 Imperial Infantryman
2026-01-09 03:15:05.875 -06:00 [INF] PressGang: Mountain Bandits recruiting 2 Battania Peasant
2026-01-09 03:15:05.875 -06:00 [INF] PressGang: Mountain Bandits recruiting 1 Imperial Trained Infantryman
2026-01-09 03:15:07.276 -06:00 [INF] PressGang: Grand Empire Horde recruiting 1 Imperial Caravan Guard
2026-01-09 03:15:07.276 -06:00 [INF] PressGang: Grand Empire Horde recruiting 2 Imperial Recruit
2026-01-09 03:15:07.276 -06:00 [INF] PressGang: Grand Empire Horde recruiting 1 Hillman
2026-01-09 03:15:08.369 -06:00 [INF] PressGang: Grand Aserai Horde recruiting 1 Veteran Sword Sister
2026-01-09 03:15:08.369 -06:00 [INF] PressGang: Grand Aserai Horde recruiting 1 Outrider
2026-01-09 03:15:08.369 -06:00 [INF] PressGang: Grand Aserai Horde recruiting 2 Aserai Mamluke Regular
2026-01-09 03:15:08.369 -06:00 [INF] PressGang: Grand Aserai Horde recruiting 1 Aserai Footman
2026-01-09 03:15:08.897 -06:00 [INF] PressGang: Grand Empire Horde recruiting 1 Sea Raider
2026-01-09 03:15:09.833 -06:00 [INF] PressGang: Grand Sturgia Horde recruiting 1 Sturgian Spearman
2026-01-09 03:15:09.833 -06:00 [INF] PressGang: Grand Sturgia Horde recruiting 1 Sturgian Warrior
2026-01-09 03:15:09.833 -06:00 [INF] PressGang: Grand Sturgia Horde recruiting 1 Sturgian Recruit
2026-01-09 03:15:09.833 -06:00 [INF] PressGang: Grand Corsairs Horde recruiting 1 Aserai Peasant
2026-01-09 03:15:09.939 -06:00 [INF] PressGang: Looters recruiting 1 Sturgia Peasant
2026-01-09 03:15:10.295 -06:00 [INF] PressGang: Corsairs recruiting 1 Imperial Coast Guard
2026-01-09 03:15:10.295 -06:00 [INF] PressGang: Corsairs recruiting 1 Imperial Naute
2026-01-09 03:15:10.458 -06:00 [INF] PressGang: Looters recruiting 1 Battanian Skirmisher
2026-01-09 03:15:10.651 -06:00 [INF] PressGang: Steppe Bandits recruiting 1 Aserai Peasant
2026-01-09 03:15:10.651 -06:00 [INF] PressGang: Steppe Bandits recruiting 2 Empire Peasant
2026-01-09 03:15:10.864 -06:00 [INF] Daily Tick: Verifying Syndicate War State...
2026-01-09 03:15:10.865 -06:00 [INF] Checking staggered war declarations for Day Index: 3
2026-01-09 03:15:10.868 -06:00 [INF] PressGang: Looters recruiting 1 Nord Peasant
2026-01-09 03:15:11.590 -06:00 [INF] PressGang: Grand Aserai Horde recruiting 1 Aserai Mamluke Soldier
2026-01-09 03:15:11.590 -06:00 [INF] PressGang: Grand Aserai Horde recruiting 1 Aserai Tribal Horseman
2026-01-09 03:15:11.854 -06:00 [INF] PressGang: Atilon of the Hand's Party recruiting 2 Empire Peasant
2026-01-09 03:15:12.129 -06:00 [INF] PressGang: Looters recruiting 1 Imperial Crossbowman
2026-01-09 03:15:12.169 -06:00 [INF] MERGING: Desert Bandits (12) -> Looters (20) [Naval: False]
2026-01-09 03:15:12.170 -06:00 [INF] Total Merges this battle: 1
2026-01-09 03:15:13.062 -06:00 [INF] PressGang: Thavin the Shark's Party recruiting 1 Looter
2026-01-09 03:15:15.637 -06:00 [INF] MERGING: Forest Bandits (13) -> Looters (17) [Naval: False]
2026-01-09 03:15:15.638 -06:00 [INF] Total Merges this battle: 1
2026-01-09 03:15:18.111 -06:00 [INF] MERGING: Sea Raiders (19) -> Grand Sea Raiders Horde (58) [Naval: True]
2026-01-09 03:15:18.111 -06:00 [INF] Total Merges this battle: 1
2026-01-09 03:15:23.303 -06:00 [INF] PressGang: Grand Sturgia Horde recruiting 1 Khuzait Hunter
2026-01-09 03:15:23.304 -06:00 [INF] PressGang: Grand Sturgia Horde recruiting 1 Karakhergit Elder
2026-01-09 03:15:23.304 -06:00 [INF] PressGang: Grand Sturgia Horde recruiting 1 Sturgian Heroic Line Breaker
2026-01-09 03:15:23.304 -06:00 [INF] PressGang: Grand Sturgia Horde recruiting 1 Sturgian Recruit
2026-01-09 03:15:23.304 -06:00 [INF] PressGang: Grand Sturgia Horde recruiting 1 Sturgian Line Breaker
2026-01-09 03:15:23.304 -06:00 [INF] PressGang: Grand Sturgia Horde recruiting 2 Sturgian Soldier
2026-01-09 03:15:23.304 -06:00 [INF] PressGang: Grand Sturgia Horde recruiting 1 Sturgian Warrior
2026-01-09 03:15:23.304 -06:00 [INF] PressGang: Grand Sturgia Horde recruiting 1 Looter
2026-01-09 03:15:23.852 -06:00 [INF] MERGING: Looters (14) -> Looters (23) [Naval: False]
2026-01-09 03:15:23.854 -06:00 [INF] Total Merges this battle: 1
2026-01-09 03:15:24.001 -06:00 [INF] PressGang: Grand Looters Horde recruiting 1 Imperial Trained Archer
2026-01-09 03:15:25.052 -06:00 [INF] MERGING: Mountain Bandits (11) -> Mountain Bandits (15) [Naval: False]
2026-01-09 03:15:25.052 -06:00 [INF] Total Merges this battle: 1
2026-01-09 03:15:25.154 -06:00 [INF] PressGang: Grand Corsairs Horde recruiting 1 Imperial Veteran Convoy Guard
2026-01-09 03:15:25.599 -06:00 [INF] PressGang: Grand Empire Horde recruiting 1 Imperial Veteran Infantryman
2026-01-09 03:15:25.599 -06:00 [INF] PressGang: Grand Empire Horde recruiting 1 Imperial Trained Archer
2026-01-09 03:15:26.459 -06:00 [INF] PressGang: Grand Empire Horde recruiting 1 Sisterhood Follower
2026-01-09 03:15:26.460 -06:00 [INF] PressGang: Grand Empire Horde recruiting 1 Imperial Veteran Caravan Guard
2026-01-09 03:15:26.460 -06:00 [INF] PressGang: Grand Empire Horde recruiting 2 Imperial Veteran Archer
2026-01-09 03:15:26.460 -06:00 [INF] PressGang: Grand Empire Horde recruiting 1 Imperial Recruit (Rank 1)
2026-01-09 03:15:26.460 -06:00 [INF] PressGang: Grand Empire Horde recruiting 1 Imperial Trained Archer
2026-01-09 03:15:26.460 -06:00 [INF] PressGang: Grand Empire Horde recruiting 2 Imperial Infantryman
2026-01-09 03:15:26.510 -06:00 [INF] PressGang: Grand Sturgia Horde recruiting 1 Battanian Volunteer
2026-01-09 03:15:26.510 -06:00 [INF] PressGang: Grand Sturgia Horde recruiting 1 Sturgian Warrior
2026-01-09 03:15:26.510 -06:00 [INF] PressGang: Grand Sturgia Horde recruiting 2 Sturgian Recruit
2026-01-09 03:15:27.221 -06:00 [INF] PressGang: Grand Empire Horde recruiting 1 Imperial Caravan Guard
2026-01-09 03:15:27.221 -06:00 [INF] PressGang: Grand Empire Horde recruiting 1 Brigand
2026-01-09 03:15:27.221 -06:00 [INF] PressGang: Grand Empire Horde recruiting 1 Imperial Veteran Archer
2026-01-09 03:15:27.221 -06:00 [INF] PressGang: Grand Empire Horde recruiting 1 Hillman
2026-01-09 03:15:27.270 -06:00 [INF] PressGang: Grand Corsairs Horde recruiting 1 Imperial Convoy Guard
2026-01-09 03:15:27.623 -06:00 [INF] PressGang: Grand Sea Raiders Horde recruiting 1 Nord Warrior
2026-01-09 03:15:28.448 -06:00 [INF] PressGang: Looters recruiting 1 Nord Peasant
2026-01-09 03:15:28.704 -06:00 [INF] PressGang: Grand Empire Horde recruiting 3 Sea Raider
2026-01-09 03:15:29.161 -06:00 [INF] PressGang: Grand Looters Horde recruiting 2 Imperial Coast Guard
2026-01-09 03:15:29.263 -06:00 [INF] PressGang: Sea Raiders recruiting 1 Vlandian Crossbowman
2026-01-09 03:15:29.365 -06:00 [INF] PressGang: Corsairs recruiting 1 Imperial Naute
2026-01-09 03:15:29.365 -06:00 [INF] PressGang: Corsairs recruiting 1 Empire Peasant
2026-01-09 03:15:29.564 -06:00 [INF] PressGang: Grand Looters Horde recruiting 1 Imperial Crossbowman
2026-01-09 03:15:29.615 -06:00 [INF] PressGang: Grand Sturgia Horde recruiting 1 Sturgian Otrok
2026-01-09 03:15:29.616 -06:00 [INF] PressGang: Grand Corsairs Horde recruiting 1 Aserai Peasant
2026-01-09 03:15:30.023 -06:00 [INF] PressGang: Deserters recruiting 3 Khuzait Peasant
2026-01-09 03:15:30.023 -06:00 [INF] PressGang: Corsairs recruiting 1 Imperial Shipmate
2026-01-09 03:15:30.907 -06:00 [INF] Daily Tick: Verifying Syndicate War State...
2026-01-09 03:15:30.907 -06:00 [INF] Checking staggered war declarations for Day Index: 4
2026-01-09 03:15:31.272 -06:00 [INF] PressGang: Grand Aserai Horde recruiting 1 Imperial Trained Infantryman
2026-01-09 03:15:31.272 -06:00 [INF] PressGang: Grand Aserai Horde recruiting 1 Aserai Recruit
2026-01-09 03:15:31.272 -06:00 [INF] PressGang: Grand Aserai Horde recruiting 1 Bedouin Rover
2026-01-09 03:15:31.272 -06:00 [INF] PressGang: Grand Aserai Horde recruiting 2 Aserai Peasant
2026-01-09 03:15:31.481 -06:00 [INF] PressGang: Grand Empire Horde recruiting 1 Imperial Recruit
2026-01-09 03:15:32.309 -06:00 [INF] PressGang: Steppe Bandits recruiting 1 Aserai Peasant
2026-01-09 03:15:33.011 -06:00 [INF] PressGang: Deserters recruiting 1 Sturgian Soldier
2026-01-09 03:15:43.284 -06:00 [INF] PressGang: Grand Sturgia Horde recruiting 1 Karakhergit Rider
2026-01-09 03:15:43.284 -06:00 [INF] PressGang: Grand Sturgia Horde recruiting 1 Sturgian Recruit (Rank 1)
2026-01-09 03:15:43.284 -06:00 [INF] PressGang: Grand Sturgia Horde recruiting 4 Sturgian Soldier
2026-01-09 03:15:43.972 -06:00 [INF] PressGang: Grand Looters Horde recruiting 1 Imperial Recruit
2026-01-09 03:15:45.108 -06:00 [INF] PressGang: Grand Corsairs Horde recruiting 1 Imperial Veteran Convoy Guard
2026-01-09 03:15:45.108 -06:00 [INF] PressGang: Grand Corsairs Horde recruiting 2 Imperial Convoy Guard
2026-01-09 03:15:45.108 -06:00 [INF] PressGang: Grand Corsairs Horde recruiting 1 Imperial Armed Convoy Trader
2026-01-09 03:15:45.304 -06:00 [INF] PressGang: Grand Aserai Horde recruiting 1 Aserai Mamluke Soldier
2026-01-09 03:15:45.551 -06:00 [INF] PressGang: Grand Empire Horde recruiting 1 Imperial Trained Infantryman
2026-01-09 03:15:46.357 -06:00 [INF] PressGang: Grand Empire Horde recruiting 1 Imperial Trained Archer
2026-01-09 03:15:46.358 -06:00 [INF] PressGang: Grand Empire Horde recruiting 2 Imperial Trained Infantryman
2026-01-09 03:15:46.358 -06:00 [INF] PressGang: Grand Empire Horde recruiting 1 Imperial Infantryman
2026-01-09 03:15:46.358 -06:00 [INF] PressGang: Grand Empire Horde recruiting 1 Imperial Recruit
2026-01-09 03:15:46.358 -06:00 [INF] PressGang: Grand Empire Horde recruiting 1 Imperial Veteran Infantryman
2026-01-09 03:15:46.446 -06:00 [INF] PressGang: Grand Sturgia Horde recruiting 1 Khuzait Horseman
2026-01-09 03:15:46.446 -06:00 [INF] PressGang: Grand Sturgia Horde recruiting 1 Karakhergit Elder
2026-01-09 03:15:46.446 -06:00 [INF] PressGang: Grand Sturgia Horde recruiting 1 Sturgian Recruit
2026-01-09 03:15:47.141 -06:00 [INF] PressGang: Grand Empire Horde recruiting 1 Brigand
2026-01-09 03:15:47.142 -06:00 [INF] PressGang: Grand Empire Horde recruiting 1 Imperial Archer
2026-01-09 03:15:47.142 -06:00 [INF] PressGang: Grand Empire Horde recruiting 1 Imperial Trained Infantryman
2026-01-09 03:15:47.142 -06:00 [INF] PressGang: Grand Empire Horde recruiting 1 Highwayman
2026-01-09 03:15:47.142 -06:00 [INF] PressGang: Grand Empire Horde recruiting 2 Hillman
2026-01-09 03:15:47.142 -06:00 [INF] PressGang: Grand Corsairs Horde recruiting 1 Imperial Veteran Convoy Guard
2026-01-09 03:15:47.541 -06:00 [INF] PressGang: Grand Sea Raiders Horde recruiting 1 Nord Warrior
2026-01-09 03:15:47.941 -06:00 [INF] PressGang: Grand Empire Horde recruiting 1 Freebooter
2026-01-09 03:15:47.941 -06:00 [INF] PressGang: Grand Empire Horde recruiting 2 Bushwacker
2026-01-09 03:15:48.091 -06:00 [INF] PressGang: Grand Aserai Horde recruiting 1 Aserai Bahriyyah
2026-01-09 03:15:48.091 -06:00 [INF] PressGang: Grand Aserai Horde recruiting 1 Aserai Mamluke Soldier
2026-01-09 03:15:48.091 -06:00 [INF] PressGang: Grand Aserai Horde recruiting 1 Aserai Mamluke Cavalry
2026-01-09 03:15:48.091 -06:00 [INF] PressGang: Grand Aserai Horde recruiting 1 Aserai Footman
2026-01-09 03:15:48.091 -06:00 [INF] PressGang: Grand Aserai Horde recruiting 2 Aserai Mamluke Axeman
2026-01-09 03:15:48.091 -06:00 [INF] PressGang: Grand Aserai Horde recruiting 1 Aserai Recruit
2026-01-09 03:15:48.906 -06:00 [INF] PressGang: Deserters recruiting 1 Empire Peasant
2026-01-09 03:15:48.958 -06:00 [INF] PressGang: Grand Looters Horde recruiting 1 Imperial Shipmate
2026-01-09 03:15:48.958 -06:00 [INF] PressGang: Grand Looters Horde recruiting 1 Imperial Coast Guard
2026-01-09 03:15:48.958 -06:00 [INF] PressGang: Grand Looters Horde recruiting 1 Imperial Naute
2026-01-09 03:15:49.108 -06:00 [INF] PressGang: Looters recruiting 2 Aserai Peasant
2026-01-09 03:15:49.509 -06:00 [INF] PressGang: Looters recruiting 1 Sturgia Peasant
2026-01-09 03:15:49.810 -06:00 [INF] PressGang: Corsairs recruiting 1 Imperial Trained Infantryman
2026-01-09 03:15:49.908 -06:00 [INF] PressGang: Steppe Bandits recruiting 1 Aserai Peasant
2026-01-09 03:15:50.107 -06:00 [INF] PressGang: Forest Bandits recruiting 3 Nord Peasant
2026-01-09 03:15:50.606 -06:00 [INF] PressGang: Deserters recruiting 1 Sturgian Warrior
2026-01-09 03:15:50.962 -06:00 [INF] Daily Tick: Verifying Syndicate War State...
2026-01-09 03:15:50.962 -06:00 [INF] Checking staggered war declarations for Day Index: 5
2026-01-09 03:15:51.009 -06:00 [INF] PressGang: Grand Aserai Horde recruiting 1 Aserai Mamluke Axeman
2026-01-09 03:15:51.009 -06:00 [INF] PressGang: Grand Aserai Horde recruiting 1 Aserai Mamluke Soldier
2026-01-09 03:15:51.009 -06:00 [INF] PressGang: Grand Aserai Horde recruiting 1 Aserai Mamluke Guard
2026-01-09 03:15:51.009 -06:00 [INF] PressGang: Grand Aserai Horde recruiting 1 Looter
2026-01-09 03:15:51.009 -06:00 [INF] PressGang: Grand Aserai Horde recruiting 1 Aserai Veteran Sailor
2026-01-09 03:15:51.960 -06:00 [INF] PressGang: Steppe Bandits recruiting 1 Aserai Peasant
2026-01-09 03:15:52.260 -06:00 [INF] PressGang: Thavin the Shark's Party recruiting 1 Battanian Horseman
2026-01-09 03:15:52.260 -06:00 [INF] PressGang: Thavin the Shark's Party recruiting 1 Battanian Oathsworn
2026-01-09 03:15:52.260 -06:00 [INF] PressGang: Thavin the Shark's Party recruiting 1 Battanian Volunteer
2026-01-09 03:15:52.558 -06:00 [INF] MERGING: Mountain Bandits (12) -> Mountain Bandits (20) [Naval: False]
2026-01-09 03:15:52.558 -06:00 [INF] Total Merges this battle: 1
2026-01-09 03:15:52.560 -06:00 [INF] PressGang: Deserters recruiting 1 Sturgian Hardened Brigand
2026-01-09 03:15:56.892 -06:00 [INF] MERGING: Grand Looters Horde (34) -> Grand Looters Horde (39) [Naval: False]
2026-01-09 03:15:56.892 -06:00 [INF] Total Merges this battle: 1
2026-01-09 03:16:02.054 -06:00 [INF] PressGang: Mountain Bandits recruiting 1 Empire Peasant
2026-01-09 03:16:02.574 -06:00 [INF] PressGang: Grand Corsairs Horde recruiting 1 Vlandian Recruit
2026-01-09 03:16:02.574 -06:00 [INF] PressGang: Grand Corsairs Horde recruiting 1 Imperial Elite Cataphract
2026-01-09 03:16:02.574 -06:00 [INF] PressGang: Grand Corsairs Horde recruiting 1 Imperial Shipmate
2026-01-09 03:16:02.574 -06:00 [INF] PressGang: Grand Corsairs Horde recruiting 1 Vlandian Levy Crossbowman
2026-01-09 03:16:03.027 -06:00 [INF] PressGang: Grand Sturgia Horde recruiting 1 Khuzait Khan's Guard
2026-01-09 03:16:03.279 -06:00 [INF] PressGang: Grand Sturgia Horde recruiting 2 Sturgian Soldier
2026-01-09 03:16:03.287 -06:00 [INF] PressGang: Grand Sturgia Horde recruiting 1 Sturgian Warrior
2026-01-09 03:16:03.287 -06:00 [INF] PressGang: Grand Sturgia Horde recruiting 1 Looter
2026-01-09 03:16:03.976 -06:00 [INF] PressGang: Grand Looters Horde recruiting 1 Imperial Infantryman
2026-01-09 03:16:03.976 -06:00 [INF] PressGang: Grand Looters Horde recruiting 1 Imperial Recruit
2026-01-09 03:16:04.572 -06:00 [INF] MERGING: Looters (12) -> Looters (18) [Naval: False]
2026-01-09 03:16:04.573 -06:00 [INF] MERGING: Looters (12) -> Looters (30) [Naval: False]
2026-01-09 03:16:04.574 -06:00 [INF] MERGING: Looters (12) -> Looters (42) [Naval: False]
2026-01-09 03:16:04.574 -06:00 [INF] Total Merges this battle: 3
2026-01-09 03:16:05.276 -06:00 [INF] PressGang: Grand Aserai Horde recruiting 1 Aserai Mamluke Soldier
2026-01-09 03:16:05.276 -06:00 [INF] PressGang: Grand Aserai Horde recruiting 1 Bedouin Rover
2026-01-09 03:16:05.481 -06:00 [INF] PressGang: Grand Empire Horde recruiting 1 Imperial Infantryman
2026-01-09 03:16:06.297 -06:00 [INF] PressGang: Grand Empire Horde recruiting 2 Imperial Infantryman
2026-01-09 03:16:06.297 -06:00 [INF] PressGang: Grand Empire Horde recruiting 1 Imperial Heavy Horseman
2026-01-09 03:16:06.410 -06:00 [INF] PressGang: Grand Sturgia Horde recruiting 1 Khuzait Qanqli
2026-01-09 03:16:07.057 -06:00 [INF] PressGang: Grand Empire Horde recruiting 2 Imperial Archer
2026-01-09 03:16:07.058 -06:00 [INF] PressGang: Grand Empire Horde recruiting 3 Imperial Infantryman
2026-01-09 03:16:07.058 -06:00 [INF] PressGang: Grand Empire Horde recruiting 3 Looter
2026-01-09 03:16:07.058 -06:00 [INF] PressGang: Grand Empire Horde recruiting 1 Imperial Veteran Archer
2026-01-09 03:16:07.058 -06:00 [INF] PressGang: Grand Empire Horde recruiting 3 Imperial Recruit
2026-01-09 03:16:07.413 -06:00 [INF] PressGang: Grand Sea Raiders Horde recruiting 1 Nord Peasant
2026-01-09 03:16:07.821 -06:00 [INF] PressGang: Grand Empire Horde recruiting 1 Looter
2026-01-09 03:16:07.973 -06:00 [INF] PressGang: Grand Aserai Horde recruiting 1 Aserai Mamluke Soldier
2026-01-09 03:16:07.973 -06:00 [INF] PressGang: Grand Aserai Horde recruiting 2 Aserai Infantry
2026-01-09 03:16:07.974 -06:00 [INF] PressGang: Grand Aserai Horde recruiting 1 Aserai Tribesman
2026-01-09 03:16:07.974 -06:00 [INF] PressGang: Grand Aserai Horde recruiting 1 Aserai Mamluke Axeman
2026-01-09 03:16:07.974 -06:00 [INF] PressGang: Grand Aserai Horde recruiting 1 Aserai Recruit
2026-01-09 03:16:07.974 -06:00 [INF] PressGang: Grand Aserai Horde recruiting 2 Harami
2026-01-09 03:16:07.974 -06:00 [INF] PressGang: Grand Aserai Horde recruiting 1 Nomad Bandit
2026-01-09 03:16:08.174 -06:00 [INF] PressGang: Looters recruiting 1 Nord Peasant
2026-01-09 03:16:08.377 -06:00 [INF] MERGING: Desert Bandits (16) -> Deserters (21) [Naval: False]
2026-01-09 03:16:08.377 -06:00 [INF] Total Merges this battle: 1
2026-01-09 03:16:08.788 -06:00 [INF] PressGang: Deserters recruiting 1 Empire Peasant
2026-01-09 03:16:08.841 -06:00 [INF] PressGang: Grand Looters Horde recruiting 1 Imperial Trained Infantryman
2026-01-09 03:16:09.209 -06:00 [INF] PressGang: Grand Sturgia Horde recruiting 1 Sturgian Otrok
2026-01-09 03:16:09.209 -06:00 [INF] PressGang: Grand Corsairs Horde recruiting 1 Aserai Peasant
2026-01-09 03:16:09.210 -06:00 [INF] PressGang: Grand Corsairs Horde recruiting 1 Vlandian Recruit
2026-01-09 03:16:09.607 -06:00 [INF] PressGang: Corsairs recruiting 1 Imperial Veteran Archer
2026-01-09 03:16:09.866 -06:00 [INF] PressGang: Sea Raiders recruiting 1 Nord Peasant
2026-01-09 03:16:10.268 -06:00 [INF] PressGang: Looters recruiting 1 Aserai Peasant
2026-01-09 03:16:10.523 -06:00 [INF] PressGang: Deserters recruiting 1 Aserai Peasant
2026-01-09 03:16:10.583 -06:00 [INF] Found 1 stuck Syndicate Warlords. Redeploying...
2026-01-09 03:16:10.672 -06:00 [INF] PressGang: Grand Aserai Horde recruiting 1 Aserai Footman
2026-01-09 03:16:10.673 -06:00 [INF] PressGang: Grand Aserai Horde recruiting 1 Looter
2026-01-09 03:16:10.928 -06:00 [INF] PressGang: Grand Looters Horde recruiting 2 Imperial Armed Convoy Trader
2026-01-09 03:16:10.981 -06:00 [INF] Daily Tick: Verifying Syndicate War State...
2026-01-09 03:16:10.981 -06:00 [INF] Checking staggered war declarations for Day Index: 0
2026-01-09 03:16:11.131 -06:00 [INF] PressGang: Looters recruiting 2 Sturgia Peasant
2026-01-09 03:16:11.389 -06:00 [INF] Found 1 stuck Syndicate Warlords. Redeploying...
2026-01-09 03:16:11.389 -06:00 [INF] Redeploying Thavin the Shark to Hideout...
2026-01-09 03:16:12.089 -06:00 [INF] PressGang: Deserters recruiting 1 Imperial Recruit
2026-01-09 03:16:12.143 -06:00 [INF] PressGang: Deserters recruiting 1 Sturgian Hardened Brigand
2026-01-09 03:16:12.644 -06:00 [INF] PressGang: Grand Aserai Horde recruiting 1 Harami
2026-01-09 03:16:12.644 -06:00 [INF] PressGang: Grand Aserai Horde recruiting 1 Aserai Footman
2026-01-09 03:16:16.554 -06:00 [INF] MERGING: Looters (11) -> Looters (14) [Naval: False]
2026-01-09 03:16:16.554 -06:00 [INF] Total Merges this battle: 1
2026-01-09 03:16:16.607 -06:00 [INF] MERGING: Desert Bandits (16) -> Desert Bandits (19) [Naval: False]
2026-01-09 03:16:16.608 -06:00 [INF] Total Merges this battle: 1
2026-01-09 03:16:22.608 -06:00 [INF] PressGang: Grand Corsairs Horde recruiting 1 Vlandian Recruit
2026-01-09 03:16:22.609 -06:00 [INF] PressGang: Grand Corsairs Horde recruiting 1 Vlandian Levy Crossbowman
2026-01-09 03:16:23.315 -06:00 [INF] PressGang: Grand Sturgia Horde recruiting 1 Battanian Skirmisher
2026-01-09 03:16:23.315 -06:00 [INF] PressGang: Grand Sturgia Horde recruiting 1 Karakhergit Rider
2026-01-09 03:16:23.315 -06:00 [INF] PressGang: Grand Sturgia Horde recruiting 1 Chosen Wolf
2026-01-09 03:16:23.315 -06:00 [INF] PressGang: Grand Sturgia Horde recruiting 1 Sturgian Warrior
2026-01-09 03:16:25.068 -06:00 [INF] PressGang: Grand Corsairs Horde recruiting 1 Imperial Veteran Convoy Guard
2026-01-09 03:16:25.508 -06:00 [INF] PressGang: Grand Empire Horde recruiting 1 Imperial Trained Infantryman
2026-01-09 03:16:25.508 -06:00 [INF] PressGang: Grand Empire Horde recruiting 1 Empire Peasant
2026-01-09 03:16:26.301 -06:00 [INF] PressGang: Grand Empire Horde recruiting 1 Imperial Archer
2026-01-09 03:16:26.301 -06:00 [INF] PressGang: Grand Empire Horde recruiting 1 Imperial Heavy Horseman
2026-01-09 03:16:26.399 -06:00 [INF] PressGang: Grand Sturgia Horde recruiting 2 Sturgian Recruit
2026-01-09 03:16:27.044 -06:00 [INF] PressGang: Grand Empire Horde recruiting 1 Imperial Infantryman
2026-01-09 03:16:27.044 -06:00 [INF] PressGang: Grand Empire Horde recruiting 3 Looter
2026-01-09 03:16:27.044 -06:00 [INF] PressGang: Grand Empire Horde recruiting 1 Imperial Veteran Archer
2026-01-09 03:16:27.044 -06:00 [INF] PressGang: Grand Empire Horde recruiting 4 Imperial Recruit
2026-01-09 03:16:27.931 -06:00 [INF] PressGang: Looters recruiting 1 Nord Peasant
2026-01-09 03:16:27.931 -06:00 [INF] PressGang: Grand Aserai Horde recruiting 1 Aserai Tribal Horseman
2026-01-09 03:16:27.931 -06:00 [INF] PressGang: Grand Aserai Horde recruiting 1 Aserai Light Archer
2026-01-09 03:16:27.931 -06:00 [INF] PressGang: Grand Aserai Horde recruiting 1 Aserai Tribesman
2026-01-09 03:16:27.931 -06:00 [INF] PressGang: Grand Aserai Horde recruiting 1 Aserai Recruit
2026-01-09 03:16:27.931 -06:00 [INF] PressGang: Grand Aserai Horde recruiting 1 Nomad Bandit
2026-01-09 03:16:27.931 -06:00 [INF] PressGang: Grand Aserai Horde recruiting 1 Bedouin Rover
2026-01-09 03:16:28.373 -06:00 [INF] PressGang: Grand Empire Horde recruiting 1 Sea Raider Chief
2026-01-09 03:16:28.373 -06:00 [INF] PressGang: Grand Empire Horde recruiting 1 Nord Warrior
2026-01-09 03:16:28.718 -06:00 [INF] PressGang: Deserters recruiting 1 Empire Peasant
2026-01-09 03:16:29.019 -06:00 [INF] PressGang: Grand Looters Horde recruiting 3 Aserai Peasant
2026-01-09 03:16:29.161 -06:00 [INF] PressGang: Grand Corsairs Horde recruiting 1 Imperial Coast Guard
2026-01-09 03:16:29.161 -06:00 [INF] PressGang: Grand Corsairs Horde recruiting 1 Vlandian Recruit
2026-01-09 03:16:29.504 -06:00 [INF] PressGang: Grand Corsairs Horde recruiting 1 Imperial Shipmate
2026-01-09 03:16:29.504 -06:00 [INF] PressGang: Grand Corsairs Horde recruiting 1 Imperial Trained Infantryman
2026-01-09 03:16:29.504 -06:00 [INF] PressGang: Grand Corsairs Horde recruiting 1 Imperial Naute
2026-01-09 03:16:29.555 -06:00 [INF] MERGING: Steppe Bandits (8) -> Steppe Bandits (19) [Naval: False]
2026-01-09 03:16:29.556 -06:00 [INF] Total Merges this battle: 1
2026-01-09 03:16:30.493 -06:00 [INF] PressGang: Grand Aserai Horde recruiting 1 Imperial Vigla Recruit (Rank 1)
2026-01-09 03:16:30.493 -06:00 [INF] PressGang: Grand Aserai Horde recruiting 1 Aserai Veteran Faris
2026-01-09 03:16:30.737 -06:00 [INF] PressGang: Grand Looters Horde recruiting 2 Imperial Convoy Guard
2026-01-09 03:16:30.737 -06:00 [INF] PressGang: Grand Looters Horde recruiting 1 Imperial Armed Convoy Trader
2026-01-09 03:16:30.737 -06:00 [INF] PressGang: Grand Looters Horde recruiting 1 Vlandian Convoy Guard
2026-01-09 03:16:31.038 -06:00 [INF] Daily Tick: Verifying Syndicate War State...
2026-01-09 03:16:31.038 -06:00 [INF] Checking staggered war declarations for Day Index: 1
2026-01-09 03:16:31.278 -06:00 [INF] PressGang: Steppe Bandits recruiting 1 Aserai Peasant
2026-01-09 03:16:31.327 -06:00 [INF] PressGang: Cadfin Blacktooth's Party recruiting 1 Freebooter
2026-01-09 03:16:31.327 -06:00 [INF] PressGang: Looters recruiting 2 Empire Peasant
2026-01-09 03:16:31.968 -06:00 [INF] PressGang: Looters recruiting 1 Khuzait Peasant
2026-01-09 03:16:32.284 -06:00 [INF] PressGang: Grand Aserai Horde recruiting 1 Bedouin Rover
2026-01-09 03:16:32.284 -06:00 [INF] PressGang: Grand Aserai Horde recruiting 1 Aserai Tribesman
2026-01-09 03:16:32.466 -06:00 [INF] PressGang: Deserters recruiting 1 Imperial Equite
2026-01-09 03:16:32.811 -06:00 [INF] MERGING: Looters (18) -> Looters (18) [Naval: False]
2026-01-09 03:16:32.812 -06:00 [INF] Total Merges this battle: 1
2026-01-09 03:16:37.276 -06:00 [INF] Found 1 stuck Syndicate Warlords. Redeploying...
2026-01-09 03:16:37.315 -06:00 [INF] MERGING: Forest Bandits (10) -> Looters (17) [Naval: False]
2026-01-09 03:16:37.317 -06:00 [INF] MERGING: Looters (9) -> Looters (27) [Naval: False]
2026-01-09 03:16:37.317 -06:00 [INF] Total Merges this battle: 2
2026-01-09 03:16:38.131 -06:00 [INF] Found 1 stuck Syndicate Warlords. Redeploying...
2026-01-09 03:16:38.131 -06:00 [INF] Redeploying Thera the Exile to Hideout...
2026-01-09 03:16:39.862 -06:00 [INF] MERGING: Looters (20) -> Deserters (24) [Naval: False]
2026-01-09 03:16:39.863 -06:00 [INF] MERGING: Looters (17) -> Grand Looters Horde (44) [Naval: False]
2026-01-09 03:16:39.863 -06:00 [INF] Total Merges this battle: 2
2026-01-09 03:16:42.641 -06:00 [INF] PressGang: Grand Corsairs Horde recruiting 1 Vlandian Levy Crossbowman (Rank 1)
2026-01-09 03:16:42.641 -06:00 [INF] PressGang: Grand Corsairs Horde recruiting 1 Vlandian Levy Crossbowman
2026-01-09 03:16:43.085 -06:00 [INF] PressGang: Grand Sturgia Horde recruiting 3 Sturgian Otrok
2026-01-09 03:16:43.085 -06:00 [INF] PressGang: Grand Sturgia Horde recruiting 2 Sturgian Warrior
2026-01-09 03:16:43.086 -06:00 [INF] PressGang: Grand Sturgia Horde recruiting 2 Sturgian Recruit
2026-01-09 03:16:43.382 -06:00 [INF] PressGang: Grand Sturgia Horde recruiting 1 Battanian Militia Spearman
2026-01-09 03:16:43.382 -06:00 [INF] PressGang: Grand Sturgia Horde recruiting 1 Sturgian Heroic Line Breaker
2026-01-09 03:16:43.382 -06:00 [INF] PressGang: Grand Sturgia Horde recruiting 3 Sturgian Recruit
2026-01-09 03:16:43.382 -06:00 [INF] PressGang: Grand Sturgia Horde recruiting 1 Sturgian Recruit (Rank 1)
2026-01-09 03:16:43.382 -06:00 [INF] PressGang: Grand Sturgia Horde recruiting 1 Sturgian Woodsman
2026-01-09 03:16:43.382 -06:00 [INF] PressGang: Grand Sturgia Horde recruiting 1 Sturgian Warrior
2026-01-09 03:16:43.528 -06:00 [INF] MERGING: Deserters (20) -> Deserters (28) [Naval: False]
2026-01-09 03:16:43.528 -06:00 [INF] MERGING: Deserters (18) -> Grand Looters Horde (48) [Naval: False]
2026-01-09 03:16:43.528 -06:00 [INF] Total Merges this battle: 2
2026-01-09 03:16:44.071 -06:00 [INF] PressGang: Grand Looters Horde recruiting 1 Imperial Infantryman
2026-01-09 03:16:45.155 -06:00 [INF] PressGang: Grand Corsairs Horde recruiting 1 Imperial Veteran Convoy Guard
2026-01-09 03:16:45.156 -06:00 [INF] PressGang: Grand Corsairs Horde recruiting 1 Imperial Convoy Guard
2026-01-09 03:16:45.313 -06:00 [INF] PressGang: Grand Aserai Horde recruiting 1 Nomad Bandit
2026-01-09 03:16:45.561 -06:00 [INF] PressGang: Grand Empire Horde recruiting 1 Imperial Crossbowman
2026-01-09 03:16:45.859 -06:00 [INF] MERGING: Looters (5) -> Looters (8) [Naval: False]
2026-01-09 03:16:45.859 -06:00 [INF] Total Merges this battle: 1
2026-01-09 03:16:46.311 -06:00 [INF] PressGang: Steppe Bandits recruiting 1 Khuzait Raider
2026-01-09 03:16:46.312 -06:00 [INF] PressGang: Steppe Bandits recruiting 1 Khuzait Horseman
2026-01-09 03:16:46.312 -06:00 [INF] PressGang: Grand Empire Horde recruiting 1 Imperial Recruit
2026-01-09 03:16:46.357 -06:00 [INF] PressGang: Looters recruiting 2 Empire Peasant
2026-01-09 03:16:46.408 -06:00 [INF] PressGang: Grand Sturgia Horde recruiting 1 Karakhergit Elder
2026-01-09 03:16:47.058 -06:00 [INF] PressGang: Grand Empire Horde recruiting 1 Imperial Trained Archer
2026-01-09 03:16:47.754 -06:00 [INF] PressGang: Grand Empire Horde recruiting 1 Imperial Trained Archer
2026-01-09 03:16:47.754 -06:00 [INF] PressGang: Grand Empire Horde recruiting 1 Bushwacker
2026-01-09 03:16:47.904 -06:00 [INF] PressGang: Grand Aserai Horde recruiting 2 Aserai Mamluke Soldier
2026-01-09 03:16:47.904 -06:00 [INF] PressGang: Grand Aserai Horde recruiting 1 Aserai Infantry
2026-01-09 03:16:47.904 -06:00 [INF] PressGang: Grand Aserai Horde recruiting 1 Aserai Tribesman
2026-01-09 03:16:47.904 -06:00 [INF] PressGang: Grand Aserai Horde recruiting 3 Aserai Recruit
2026-01-09 03:16:47.904 -06:00 [INF] PressGang: Grand Aserai Horde recruiting 2 Aserai Mamluke Guard
2026-01-09 03:16:47.904 -06:00 [INF] PressGang: Grand Aserai Horde recruiting 1 Aserai Mamluke Axeman
2026-01-09 03:16:48.303 -06:00 [INF] PressGang: Grand Empire Horde recruiting 1 Nord Marksman
2026-01-09 03:16:48.647 -06:00 [INF] PressGang: Grand Looters Horde recruiting 1 Imperial Naute
2026-01-09 03:16:48.647 -06:00 [INF] PressGang: Grand Looters Horde recruiting 1 Empire Peasant
2026-01-09 03:16:49.048 -06:00 [INF] PressGang: Grand Sturgia Horde recruiting 4 Sturgian Recruit
2026-01-09 03:16:49.049 -06:00 [INF] PressGang: Grand Sturgia Horde recruiting 1 Sturgian Hardened Brigand
2026-01-09 03:16:49.049 -06:00 [INF] PressGang: Grand Corsairs Horde recruiting 1 Battanian Hero
2026-01-09 03:16:49.398 -06:00 [INF] PressGang: Grand Corsairs Horde recruiting 1 Imperial Legionary
2026-01-09 03:16:49.492 -06:00 [INF] PressGang: Looters recruiting 1 Nord Peasant
2026-01-09 03:16:49.637 -06:00 [INF] PressGang: Sea Raiders recruiting 1 Nord Peasant
2026-01-09 03:16:50.380 -06:00 [INF] PressGang: Grand Aserai Horde recruiting 1 Aserai Mamluke Soldier
2026-01-09 03:16:50.380 -06:00 [INF] PressGang: Grand Aserai Horde recruiting 2 Looter
2026-01-09 03:16:50.527 -06:00 [INF] PressGang: Grand Looters Horde recruiting 2 Imperial Convoy Guard
2026-01-09 03:16:50.527 -06:00 [INF] PressGang: Grand Looters Horde recruiting 1 Imperial Armed Convoy Trader
2026-01-09 03:16:50.527 -06:00 [INF] PressGang: Grand Looters Horde recruiting 1 Vlandian Convoy Guard
2026-01-09 03:16:50.527 -06:00 [INF] PressGang: Grand Looters Horde recruiting 1 Vlandian Armed Convoy Trader
2026-01-09 03:16:51.020 -06:00 [INF] PressGang: Sea Raiders recruiting 1 Nord Peasant
2026-01-09 03:16:51.020 -06:00 [INF] PressGang: Steppe Bandits recruiting 1 Aserai Peasant
2026-01-09 03:16:51.075 -06:00 [INF] Daily Tick: Verifying Syndicate War State...
2026-01-09 03:16:51.075 -06:00 [INF] Checking staggered war declarations for Day Index: 2
2026-01-09 03:16:51.077 -06:00 [INF] PressGang: Cadfin Blacktooth's Party recruiting 1 Forest Bandit
2026-01-09 03:16:51.077 -06:00 [INF] PressGang: Cadfin Blacktooth's Party recruiting 1 Looter
2026-01-09 03:16:51.759 -06:00 [INF] PressGang: Looters recruiting 1 Khuzait Peasant
2026-01-09 03:16:51.957 -06:00 [INF] PressGang: Grand Aserai Horde recruiting 1 Bedouin Rover
2026-01-09 03:16:51.957 -06:00 [INF] PressGang: Grand Aserai Horde recruiting 1 Aserai Mamluke Soldier
2026-01-09 03:16:52.312 -06:00 [INF] MERGING: Sea Raiders (10) -> Sea Raiders (12) [Naval: True]
2026-01-09 03:16:52.312 -06:00 [INF] Total Merges this battle: 1
2026-01-09 03:16:52.546 -06:00 [INF] PressGang: Looters recruiting 1 Empire Peasant
2026-01-09 03:16:57.958 -06:00 [INF] MERGING: Looters (13) -> Looters (16) [Naval: False]
2026-01-09 03:16:57.958 -06:00 [INF] Total Merges this battle: 1
2026-01-09 03:17:34.585 -06:00 [INF] MERGING: Looters (9) -> Looters (15) [Naval: False]
2026-01-09 03:17:34.585 -06:00 [INF] Total Merges this battle: 1
2026-01-09 03:17:35.628 -06:00 [INF] PressGang: Grand Sturgia Horde recruiting 1 Sturgian Otrok
2026-01-09 03:17:35.628 -06:00 [INF] PressGang: Grand Sturgia Horde recruiting 1 Sturgian Brigand
2026-01-09 03:17:35.628 -06:00 [INF] PressGang: Grand Sturgia Horde recruiting 1 Sturgian Recruit
2026-01-09 03:17:35.877 -06:00 [INF] PressGang: Grand Sturgia Horde recruiting 1 Battanian Wood Runner
2026-01-09 03:17:35.877 -06:00 [INF] PressGang: Grand Sturgia Horde recruiting 1 Sturgian Recruit
2026-01-09 03:17:35.877 -06:00 [INF] PressGang: Grand Sturgia Horde recruiting 2 Looter
2026-01-09 03:17:35.877 -06:00 [INF] PressGang: Grand Sturgia Horde recruiting 1 Sturgia Peasant
2026-01-09 03:17:35.877 -06:00 [INF] PressGang: Grand Sturgia Horde recruiting 2 Sturgian Recruit (Rank 1)
2026-01-09 03:17:35.877 -06:00 [INF] PressGang: Grand Sturgia Horde recruiting 1 Sturgian Woodsman
2026-01-09 03:17:36.614 -06:00 [INF] PressGang: Grand Looters Horde recruiting 1 Imperial Infantryman
2026-01-09 03:17:37.660 -06:00 [INF] PressGang: Grand Corsairs Horde recruiting 1 Imperial Armed Convoy Trader
2026-01-09 03:17:38.806 -06:00 [INF] PressGang: Grand Empire Horde recruiting 1 Imperial Recruit
2026-01-09 03:17:38.807 -06:00 [INF] PressGang: Grand Empire Horde recruiting 1 Imperial Vigla Recruit
2026-01-09 03:17:38.807 -06:00 [INF] PressGang: Grand Empire Horde recruiting 1 Imperial Coast Guard
2026-01-09 03:17:38.807 -06:00 [INF] PressGang: Grand Empire Horde recruiting 1 Imperial Equite
2026-01-09 03:17:39.555 -06:00 [INF] PressGang: Grand Empire Horde recruiting 1 Imperial Infantryman
2026-01-09 03:17:39.556 -06:00 [INF] PressGang: Grand Empire Horde recruiting 2 Looter
2026-01-09 03:17:39.556 -06:00 [INF] PressGang: Grand Empire Horde recruiting 1 Imperial Recruit (Rank 1)
2026-01-09 03:17:39.556 -06:00 [INF] PressGang: Grand Empire Horde recruiting 1 Imperial Recruit
2026-01-09 03:17:40.205 -06:00 [INF] PressGang: Grand Empire Horde recruiting 1 Sea Raider Chief
2026-01-09 03:17:40.353 -06:00 [INF] PressGang: Grand Aserai Horde recruiting 2 Aserai Mamluke Soldier
2026-01-09 03:17:40.353 -06:00 [INF] PressGang: Grand Aserai Horde recruiting 3 Aserai Recruit
2026-01-09 03:17:40.353 -06:00 [INF] PressGang: Grand Aserai Horde recruiting 1 Bedouin Rover
2026-01-09 03:17:40.502 -06:00 [INF] PressGang: Grand Looters Horde recruiting 1 Nord Peasant
2026-01-09 03:17:40.693 -06:00 [INF] PressGang: Grand Empire Horde recruiting 1 Nord Axe Warrior
2026-01-09 03:17:41.243 -06:00 [INF] PressGang: Grand Looters Horde recruiting 1 Aserai Peasant
2026-01-09 03:17:41.342 -06:00 [INF] PressGang: Grand Sturgia Horde recruiting 1 Sturgian Woodsman
2026-01-09 03:17:41.342 -06:00 [INF] PressGang: Grand Sturgia Horde recruiting 2 Sturgian Recruit
2026-01-09 03:17:41.342 -06:00 [INF] PressGang: Grand Sturgia Horde recruiting 1 Sturgian Spearman
2026-01-09 03:17:41.392 -06:00 [INF] PressGang: Grand Corsairs Horde recruiting 1 Vlandian Recruit
2026-01-09 03:17:41.392 -06:00 [INF] PressGang: Grand Corsairs Horde recruiting 1 Vlandian Armed Convoy Trader
2026-01-09 03:17:41.687 -06:00 [INF] PressGang: Grand Corsairs Horde recruiting 1 Imperial Trained Infantryman
2026-01-09 03:17:42.731 -06:00 [INF] PressGang: Grand Looters Horde recruiting 2 Imperial Veteran Convoy Guard
2026-01-09 03:17:42.731 -06:00 [INF] PressGang: Grand Looters Horde recruiting 1 Imperial Convoy Guard
2026-01-09 03:17:42.731 -06:00 [INF] PressGang: Grand Looters Horde recruiting 2 Imperial Armed Convoy Trader
2026-01-09 03:17:42.731 -06:00 [INF] PressGang: Grand Looters Horde recruiting 3 Vlandian Convoy Guard
2026-01-09 03:17:42.731 -06:00 [INF] PressGang: Grand Looters Horde recruiting 3 Vlandian Armed Convoy Trader
2026-01-09 03:17:42.731 -06:00 [INF] PressGang: Grand Looters Horde recruiting 1 Vlandian Caravan Master
2026-01-09 03:17:42.942 -06:00 [INF] PressGang: Sea Raiders recruiting 1 Nord Peasant
2026-01-09 03:17:43.298 -06:00 [INF] PressGang: Sea Raiders recruiting 1 Nord Peasant
2026-01-09 03:17:43.298 -06:00 [INF] PressGang: Cadfin Blacktooth's Party recruiting 1 Sea Raider Warrior
2026-01-09 03:17:43.362 -06:00 [INF] PressGang: Deserters recruiting 1 Aserai Peasant
2026-01-09 03:17:43.713 -06:00 [INF] Daily Tick: Verifying Syndicate War State...
2026-01-09 03:17:43.713 -06:00 [INF] Checking staggered war declarations for Day Index: 3
2026-01-09 03:17:44.140 -06:00 [INF] PressGang: Grand Aserai Horde recruiting 1 Aserai Light Archer
2026-01-09 03:17:44.140 -06:00 [INF] PressGang: Sea Raiders recruiting 1 Sturgia Peasant
2026-01-09 03:17:44.344 -06:00 [INF] PressGang: Sea Raiders recruiting 1 Vlandian Light Cavalry
2026-01-09 03:17:44.344 -06:00 [INF] PressGang: Sea Raiders recruiting 1 Vlandian Gallant
2026-01-09 03:18:58.419 -06:00 [INF] MERGING: Looters (9) -> Forest Bandits (18) [Naval: False]
2026-01-09 03:18:58.421 -06:00 [INF] Total Merges this battle: 1
2026-01-09 03:18:59.019 -06:00 [INF] PressGang: Grand Corsairs Horde recruiting 1 Vlandian Knight
2026-01-09 03:18:59.019 -06:00 [INF] PressGang: Grand Corsairs Horde recruiting 1 Vlandian Convoy Guard
2026-01-09 03:18:59.019 -06:00 [INF] PressGang: Grand Corsairs Horde recruiting 1 Vlandian Armed Convoy Trader
2026-01-09 03:18:59.019 -06:00 [INF] PressGang: Grand Corsairs Horde recruiting 1 Vlandian Caravan Master
2026-01-09 03:18:59.447 -06:00 [INF] PressGang: Grand Sturgia Horde recruiting 2 Sturgia Peasant
2026-01-09 03:18:59.736 -06:00 [INF] PressGang: Grand Sturgia Horde recruiting 1 Karakhergit Elder
2026-01-09 03:18:59.736 -06:00 [INF] PressGang: Grand Sturgia Horde recruiting 1 Looter
2026-01-09 03:18:59.736 -06:00 [INF] PressGang: Grand Sturgia Horde recruiting 1 Sturgian Soldier
2026-01-09 03:18:59.736 -06:00 [INF] PressGang: Grand Sturgia Horde recruiting 1 Sturgian Armed Trader
2026-01-09 03:19:00.589 -06:00 [INF] PressGang: Forest Bandits recruiting 2 Battania Peasant
2026-01-09 03:19:01.603 -06:00 [INF] PressGang: Grand Aserai Horde recruiting 1 Nomad Bandit
2026-01-09 03:19:01.857 -06:00 [INF] PressGang: Grand Empire Horde recruiting 1 Imperial Infantryman
2026-01-09 03:19:02.609 -06:00 [INF] PressGang: Grand Empire Horde recruiting 1 Imperial Archer
2026-01-09 03:19:02.610 -06:00 [INF] PressGang: Grand Empire Horde recruiting 1 Imperial Heavy Horseman
2026-01-09 03:19:02.663 -06:00 [INF] PressGang: Grand Sturgia Horde recruiting 1 Khuzait Horseman
2026-01-09 03:19:02.663 -06:00 [INF] PressGang: Grand Sturgia Horde recruiting 2 Sturgian Brigand
2026-01-09 03:19:02.663 -06:00 [INF] PressGang: Grand Sturgia Horde recruiting 1 Sturgian Recruit (Rank 1)
2026-01-09 03:19:02.663 -06:00 [INF] PressGang: Grand Sturgia Horde recruiting 1 Sturgian Soldier
2026-01-09 03:19:03.251 -06:00 [INF] PressGang: Grand Empire Horde recruiting 1 Looter
2026-01-09 03:19:03.251 -06:00 [INF] PressGang: Grand Empire Horde recruiting 1 Imperial Trained Infantryman
2026-01-09 03:19:03.308 -06:00 [INF] PressGang: Grand Corsairs Horde recruiting 1 Imperial Convoy Guard
2026-01-09 03:19:03.904 -06:00 [INF] PressGang: Grand Empire Horde recruiting 1 Freebooter
2026-01-09 03:19:04.287 -06:00 [INF] MERGING: Looters (6) -> Looters (8) [Naval: False]
2026-01-09 03:19:04.288 -06:00 [INF] Total Merges this battle: 1
2026-01-09 03:19:04.398 -06:00 [INF] PressGang: Grand Empire Horde recruiting 1 Sea Raider Chief
2026-01-09 03:19:04.398 -06:00 [INF] PressGang: Grand Empire Horde recruiting 1 Nord Warfang
2026-01-09 03:19:04.398 -06:00 [INF] PressGang: Grand Empire Horde recruiting 2 Nord Marksman
2026-01-09 03:19:04.398 -06:00 [INF] PressGang: Grand Empire Horde recruiting 1 Nord Peasant
2026-01-09 03:19:04.683 -06:00 [INF] PressGang: Grand Looters Horde recruiting 1 Sturgia Peasant
2026-01-09 03:19:04.837 -06:00 [INF] PressGang: Desert Bandits recruiting 2 Aserai Peasant
2026-01-09 03:19:05.054 -06:00 [INF] PressGang: Grand Looters Horde recruiting 1 Imperial Trained Archer
2026-01-09 03:19:05.054 -06:00 [INF] PressGang: Grand Looters Horde recruiting 1 Imperial Recruit
2026-01-09 03:19:05.055 -06:00 [INF] PressGang: Grand Sturgia Horde recruiting 1 Sturgian Warrior
2026-01-09 03:19:05.600 -06:00 [INF] PressGang: Sea Raiders recruiting 1 Nord Youngling
2026-01-09 03:19:05.600 -06:00 [INF] PressGang: Sea Raiders recruiting 1 Nord Peasant
2026-01-09 03:19:05.601 -06:00 [INF] PressGang: Steppe Bandits recruiting 1 Sturgia Peasant
2026-01-09 03:19:06.254 -06:00 [INF] PressGang: Grand Aserai Horde recruiting 1 Harami
2026-01-09 03:19:06.420 -06:00 [INF] PressGang: Grand Looters Horde recruiting 2 Imperial Armed Convoy Trader
2026-01-09 03:19:06.420 -06:00 [INF] PressGang: Grand Looters Horde recruiting 2 Vlandian Veteran Convoy Guard
2026-01-09 03:19:06.420 -06:00 [INF] PressGang: Grand Looters Horde recruiting 1 Vlandian Convoy Guard
2026-01-09 03:19:06.745 -06:00 [INF] MERGING: Looters (14) -> Deserters (17) [Naval: False]
2026-01-09 03:19:06.746 -06:00 [INF] Total Merges this battle: 1
2026-01-09 03:19:06.913 -06:00 [INF] PressGang: Deserters recruiting 2 Aserai Peasant
2026-01-09 03:19:07.127 -06:00 [INF] MERGING: Sea Raiders (20) -> Sea Raiders (22) [Naval: True]
2026-01-09 03:19:07.127 -06:00 [INF] Total Merges this battle: 1
2026-01-09 03:19:07.509 -06:00 [INF] PressGang: Looters recruiting 1 Nord Peasant
2026-01-09 03:19:07.619 -06:00 [INF] Daily Tick: Verifying Syndicate War State...
2026-01-09 03:19:07.619 -06:00 [INF] Checking staggered war declarations for Day Index: 4
2026-01-09 03:19:07.729 -06:00 [INF] PressGang: Deserters recruiting 1 Imperial Infantryman
2026-01-09 03:19:07.729 -06:00 [INF] PressGang: Deserters recruiting 1 Imperial Crossbowman
2026-01-09 03:19:08.879 -06:00 [INF] PressGang: Looters recruiting 1 Vlandia Peasant
2026-01-09 03:19:11.482 -06:00 [INF] MERGING: Looters (23) -> Deserters (39) [Naval: False]
2026-01-09 03:19:11.482 -06:00 [INF] MERGING: Forest Bandits (11) -> Grand Looters Horde (62) [Naval: False]
2026-01-09 03:19:11.482 -06:00 [INF] Total Merges this battle: 2
2026-01-09 03:19:11.984 -06:00 [INF] MERGING: Looters (17) -> Desert Bandits (35) [Naval: False]
2026-01-09 03:19:11.985 -06:00 [INF] Total Merges this battle: 1
2026-01-09 03:19:13.269 -06:00 [INF] MERGING: Deserters (17) -> Looters (17) [Naval: False]
2026-01-09 03:19:13.270 -06:00 [INF] Total Merges this battle: 1
2026-01-09 03:19:13.840 -06:00 [INF] Found 1 stuck Syndicate Warlords. Redeploying...
2026-01-09 03:19:14.109 -06:00 [INF] MERGING: Looters (4) -> Looters (22) [Naval: False]
2026-01-09 03:19:14.110 -06:00 [INF] Total Merges this battle: 1
2026-01-09 03:19:14.691 -06:00 [INF] Found 1 stuck Syndicate Warlords. Redeploying...
2026-01-09 03:19:15.427 -06:00 [INF] MERGING: Forest Bandits (10) -> Mountain Bandits (24) [Naval: False]
2026-01-09 03:19:15.429 -06:00 [INF] Total Merges this battle: 1
2026-01-09 03:19:15.550 -06:00 [INF] Found 1 stuck Syndicate Warlords. Redeploying...
2026-01-09 03:19:16.385 -06:00 [INF] Found 1 stuck Syndicate Warlords. Redeploying...
2026-01-09 03:19:17.176 -06:00 [INF] Found 1 stuck Syndicate Warlords. Redeploying...
2026-01-09 03:19:17.961 -06:00 [INF] MERGING: Deserters (14) -> Steppe Bandits (18) [Naval: False]
2026-01-09 03:19:17.961 -06:00 [INF] MERGING: Steppe Bandits (8) -> Steppe Bandits (32) [Naval: False]
2026-01-09 03:19:17.961 -06:00 [INF] Total Merges this battle: 2
2026-01-09 03:19:18.029 -06:00 [INF] Found 1 stuck Syndicate Warlords. Redeploying...
2026-01-09 03:19:18.299 -06:00 [INF] MERGING: Looters (9) -> Looters (9) [Naval: False]
2026-01-09 03:19:18.299 -06:00 [INF] MERGING: Looters (8) -> Looters (18) [Naval: False]
2026-01-09 03:19:18.300 -06:00 [INF] Total Merges this battle: 2
2026-01-09 03:19:18.642 -06:00 [INF] MERGING: Looters (7) -> Looters (14) [Naval: False]
2026-01-09 03:19:18.642 -06:00 [INF] Total Merges this battle: 1
2026-01-09 03:19:18.965 -06:00 [INF] Found 1 stuck Syndicate Warlords. Redeploying...
2026-01-09 03:19:18.965 -06:00 [INF] Redeploying Thera the Exile to Hideout...
2026-01-09 03:19:18.985 -06:00 [INF] PressGang: Grand Corsairs Horde recruiting 1 Battanian Raider
2026-01-09 03:19:18.985 -06:00 [INF] PressGang: Grand Corsairs Horde recruiting 1 Vlandian Levy Crossbowman (Rank 1)
2026-01-09 03:19:18.985 -06:00 [INF] PressGang: Grand Corsairs Horde recruiting 1 Vlandian Hardened Crossbowman
2026-01-09 03:19:18.985 -06:00 [INF] PressGang: Grand Corsairs Horde recruiting 1 Vlandian Crossbowman
2026-01-09 03:19:18.985 -06:00 [INF] PressGang: Grand Corsairs Horde recruiting 1 Vlandian Armed Convoy Trader
2026-01-09 03:19:19.416 -06:00 [INF] PressGang: Grand Sturgia Horde recruiting 1 Sturgian Warrior
2026-01-09 03:19:19.654 -06:00 [INF] PressGang: Grand Sturgia Horde recruiting 1 Khuzait Archer
2026-01-09 03:19:19.654 -06:00 [INF] PressGang: Grand Sturgia Horde recruiting 1 Battanian Volunteer
2026-01-09 03:19:19.654 -06:00 [INF] PressGang: Grand Sturgia Horde recruiting 1 Sturgian Soldier (Rank 1)
2026-01-09 03:19:19.654 -06:00 [INF] PressGang: Grand Sturgia Horde recruiting 2 Sturgian Recruit
2026-01-09 03:19:19.654 -06:00 [INF] PressGang: Grand Sturgia Horde recruiting 1 Sea Raider Chief
2026-01-09 03:19:19.654 -06:00 [INF] PressGang: Grand Sturgia Horde recruiting 1 Sturgian Caravan Guard
2026-01-09 03:19:19.654 -06:00 [INF] PressGang: Grand Sturgia Horde recruiting 1 Sturgian Armed Trader
2026-01-09 03:19:19.777 -06:00 [INF] MERGING: Looters (6) -> Looters (10) [Naval: False]
2026-01-09 03:19:19.777 -06:00 [INF] Total Merges this battle: 1
2026-01-09 03:19:20.067 -06:00 [INF] MERGING: Desert Bandits (11) -> Looters (19) [Naval: False]
2026-01-09 03:19:20.067 -06:00 [INF] MERGING: Desert Bandits (10) -> Looters (30) [Naval: False]
2026-01-09 03:19:20.068 -06:00 [INF] MERGING: Looters (9) -> Looters (40) [Naval: False]
2026-01-09 03:19:20.069 -06:00 [INF] Total Merges this battle: 3
2026-01-09 03:19:20.546 -06:00 [INF] PressGang: Forest Bandits recruiting 1 Battanian Volunteer
2026-01-09 03:19:20.546 -06:00 [INF] PressGang: Forest Bandits recruiting 1 Battania Peasant
2026-01-09 03:19:21.523 -06:00 [INF] PressGang: Grand Aserai Horde recruiting 1 Looter
2026-01-09 03:19:22.505 -06:00 [INF] PressGang: Grand Empire Horde recruiting 1 Imperial Infantryman
2026-01-09 03:19:22.505 -06:00 [INF] PressGang: Grand Empire Horde recruiting 1 Imperial Recruit
2026-01-09 03:19:22.571 -06:00 [INF] PressGang: Grand Sturgia Horde recruiting 1 Karakhergit Elder
2026-01-09 03:19:22.571 -06:00 [INF] PressGang: Grand Sturgia Horde recruiting 1 Sturgian Hardened Brigand
2026-01-09 03:19:22.571 -06:00 [INF] PressGang: Grand Sturgia Horde recruiting 1 Sturgian Woodsman
2026-01-09 03:19:23.201 -06:00 [INF] PressGang: Grand Empire Horde recruiting 1 Imperial Infantryman
2026-01-09 03:19:23.201 -06:00 [INF] PressGang: Grand Empire Horde recruiting 1 Imperial Recruit (Rank 1)
2026-01-09 03:19:23.201 -06:00 [INF] PressGang: Grand Empire Horde recruiting 1 Imperial Trained Infantryman
2026-01-09 03:19:23.201 -06:00 [INF] PressGang: Grand Empire Horde recruiting 1 Imperial Recruit
2026-01-09 03:19:23.818 -06:00 [INF] PressGang: Grand Desert Bandits Horde recruiting 1 Aserai Peasant
2026-01-09 03:19:24.132 -06:00 [INF] PressGang: Grand Aserai Horde recruiting 3 Aserai Mamluke Soldier
2026-01-09 03:19:24.132 -06:00 [INF] PressGang: Grand Aserai Horde recruiting 2 Aserai Mamluke Axeman
2026-01-09 03:19:24.132 -06:00 [INF] PressGang: Grand Aserai Horde recruiting 1 Aserai Mamluke Regular
2026-01-09 03:19:24.525 -06:00 [INF] PressGang: Grand Empire Horde recruiting 1 Nord Marksman
2026-01-09 03:19:24.840 -06:00 [INF] PressGang: Grand Looters Horde recruiting 1 Imperial Shipmate
2026-01-09 03:19:24.840 -06:00 [INF] PressGang: Grand Looters Horde recruiting 1 Imperial Coast Guard
2026-01-09 03:19:25.251 -06:00 [INF] PressGang: Grand Sturgia Horde recruiting 1 Sturgian Brigand
2026-01-09 03:19:25.251 -06:00 [INF] PressGang: Grand Sturgia Horde recruiting 1 Sea Raider Warrior
2026-01-09 03:19:25.251 -06:00 [INF] PressGang: Grand Sturgia Horde recruiting 1 Sea Raider
2026-01-09 03:19:25.921 -06:00 [INF] PressGang: Steppe Bandits recruiting 2 Sturgia Peasant
2026-01-09 03:19:25.999 -06:00 [INF] PressGang: Steppe Bandits recruiting 2 Sturgia Peasant
2026-01-09 03:19:26.634 -06:00 [INF] PressGang: Grand Aserai Horde recruiting 1 Aserai Recruit (Rank 1)
2026-01-09 03:19:26.798 -06:00 [INF] PressGang: Grand Looters Horde recruiting 2 Imperial Veteran Convoy Guard
2026-01-09 03:19:26.798 -06:00 [INF] PressGang: Grand Looters Horde recruiting 1 Vlandian Veteran Convoy Guard
2026-01-09 03:19:26.798 -06:00 [INF] PressGang: Grand Looters Horde recruiting 2 Vlandian Armed Convoy Trader
2026-01-09 03:19:27.366 -06:00 [INF] PressGang: Sea Raiders recruiting 1 Nord Peasant
2026-01-09 03:19:27.366 -06:00 [INF] PressGang: Cadfin Blacktooth's Party recruiting 1 Sea Raider Chief
2026-01-09 03:19:27.366 -06:00 [INF] PressGang: Cadfin Blacktooth's Party recruiting 1 Sea Raider
2026-01-09 03:19:27.366 -06:00 [INF] PressGang: Cadfin Blacktooth's Party recruiting 1 Looter
2026-01-09 03:19:28.160 -06:00 [INF] PressGang: Grand Aserai Horde recruiting 1 Aserai Recruit
2026-01-09 03:19:28.241 -06:00 [INF] PressGang: Grand Looters Horde recruiting 1 Sturgia Peasant
2026-01-09 03:19:28.393 -06:00 [INF] PressGang: Steppe Bandits recruiting 3 Empire Peasant
2026-01-09 03:19:28.470 -06:00 [INF] PressGang: Steppe Bandits recruiting 1 Imperial Vigla Recruit (Rank 1)
2026-01-09 03:19:28.470 -06:00 [INF] PressGang: Steppe Bandits recruiting 1 Imperial Recruit (Rank 1)
2026-01-09 03:19:28.470 -06:00 [INF] PressGang: Steppe Bandits recruiting 1 Imperial Militia Archer
2026-01-09 03:19:28.470 -06:00 [INF] PressGang: Steppe Bandits recruiting 1 Imperial Crossbowman
2026-01-09 03:19:28.470 -06:00 [INF] PressGang: Steppe Bandits recruiting 2 Imperial Trained Archer
2026-01-09 03:19:28.470 -06:00 [INF] PressGang: Steppe Bandits recruiting 1 Imperial Veteran Infantryman
2026-01-09 03:19:28.706 -06:00 [INF] Daily Tick: Verifying Syndicate War State...
2026-01-09 03:19:28.706 -06:00 [INF] Checking staggered war declarations for Day Index: 5
2026-01-09 03:19:28.862 -06:00 [INF] MERGING: Looters (11) -> Looters (12) [Naval: False]
2026-01-09 03:19:28.863 -06:00 [INF] Total Merges this battle: 1
2026-01-09 03:19:28.865 -06:00 [INF] PressGang: Sea Raiders recruiting 1 Sturgian Heavy Spearman
2026-01-09 03:19:28.941 -06:00 [INF] PressGang: Grand Empire Horde recruiting 2 Looter
2026-01-09 03:19:31.311 -06:00 [INF] PressGang: Phirentos of the Hand's Party recruiting 1 Hillman
2026-01-09 03:19:57.421 -06:00 [INF] PressGang: Steppe Bandits recruiting 1 Khuzait Peasant
2026-01-09 03:19:57.497 -06:00 [INF] PressGang: Grand Corsairs Horde recruiting 1 Vlandian Recruit
2026-01-09 03:19:57.497 -06:00 [INF] PressGang: Grand Corsairs Horde recruiting 2 Vlandian Convoy Guard
2026-01-09 03:19:57.497 -06:00 [INF] PressGang: Grand Corsairs Horde recruiting 1 Vlandian Armed Convoy Trader
2026-01-09 03:19:57.862 -06:00 [INF] PressGang: Grand Sturgia Horde recruiting 1 Looter
2026-01-09 03:19:57.862 -06:00 [INF] PressGang: Grand Sturgia Horde recruiting 1 Sturgia Peasant
2026-01-09 03:19:57.862 -06:00 [INF] PressGang: Grand Sturgia Horde recruiting 1 Sturgian Otrok
2026-01-09 03:19:58.156 -06:00 [INF] PressGang: Grand Sturgia Horde recruiting 1 Sturgian Woodsman
2026-01-09 03:19:58.156 -06:00 [INF] PressGang: Grand Sturgia Horde recruiting 2 Sturgian Warrior
2026-01-09 03:19:58.156 -06:00 [INF] PressGang: Grand Sturgia Horde recruiting 1 Sword Sister
2026-01-09 03:19:58.844 -06:00 [INF] PressGang: Grand Looters Horde recruiting 1 Imperial Infantryman
2026-01-09 03:19:59.659 -06:00 [INF] PressGang: Steppe Bandits recruiting 1 Khuzait Peasant
2026-01-09 03:19:59.995 -06:00 [INF] PressGang: Grand Aserai Horde recruiting 1 Aserai Recruit
2026-01-09 03:20:01.031 -06:00 [INF] PressGang: Grand Empire Horde recruiting 1 Imperial Infantryman
2026-01-09 03:20:01.031 -06:00 [INF] PressGang: Grand Empire Horde recruiting 1 Imperial Recruit
2026-01-09 03:20:01.105 -06:00 [INF] PressGang: Grand Sturgia Horde recruiting 1 Sturgian Otrok
2026-01-09 03:20:01.661 -06:00 [INF] PressGang: Grand Empire Horde recruiting 1 Imperial Archer
2026-01-09 03:20:01.661 -06:00 [INF] PressGang: Grand Empire Horde recruiting 1 Imperial Veteran Archer
2026-01-09 03:20:01.661 -06:00 [INF] PressGang: Grand Empire Horde recruiting 2 Imperial Recruit
2026-01-09 03:20:02.257 -06:00 [INF] PressGang: Grand Desert Bandits Horde recruiting 1 Aserai Peasant
2026-01-09 03:20:02.453 -06:00 [INF] PressGang: Grand Aserai Horde recruiting 2 Aserai Mamluke Soldier
2026-01-09 03:20:02.453 -06:00 [INF] PressGang: Grand Aserai Horde recruiting 1 Aserai Light Archer
2026-01-09 03:20:02.454 -06:00 [INF] PressGang: Grand Aserai Horde recruiting 1 Aserai Footman
2026-01-09 03:20:02.454 -06:00 [INF] PressGang: Grand Aserai Horde recruiting 1 Aserai Recruit
2026-01-09 03:20:02.454 -06:00 [INF] PressGang: Grand Aserai Horde recruiting 1 Looter
2026-01-09 03:20:02.454 -06:00 [INF] PressGang: Grand Aserai Horde recruiting 1 Aserai Mamluke Axeman
2026-01-09 03:20:02.454 -06:00 [INF] PressGang: Grand Aserai Horde recruiting 2 Aserai Infantry
2026-01-09 03:20:02.587 -06:00 [INF] MERGING: Looters (4) -> Looters (5) [Naval: False]
2026-01-09 03:20:02.588 -06:00 [INF] Total Merges this battle: 1
2026-01-09 03:20:02.991 -06:00 [INF] PressGang: Grand Looters Horde recruiting 1 Sturgia Peasant
2026-01-09 03:20:03.342 -06:00 [INF] MERGING: Looters (12) -> Mountain Bandits (17) [Naval: False]
2026-01-09 03:20:03.342 -06:00 [INF] Total Merges this battle: 1
2026-01-09 03:20:03.397 -06:00 [INF] PressGang: Grand Sturgia Horde recruiting 1 Sturgian Warrior
2026-01-09 03:20:03.398 -06:00 [INF] PressGang: Grand Sturgia Horde recruiting 1 Khuzait Lancer
2026-01-09 03:20:03.398 -06:00 [INF] PressGang: Grand Sturgia Horde recruiting 1 Sea Raider Warrior
2026-01-09 03:20:03.398 -06:00 [INF] PressGang: Grand Sturgia Horde recruiting 1 Sea Raider
2026-01-09 03:20:03.667 -06:00 [INF] PressGang: Grand Corsairs Horde recruiting 1 Imperial Veteran Archer
2026-01-09 03:20:04.077 -06:00 [INF] PressGang: Grand Looters Horde recruiting 1 Aserai Peasant
2026-01-09 03:20:04.484 -06:00 [INF] PressGang: Grand Aserai Horde recruiting 1 Nomad Bandit
2026-01-09 03:20:04.621 -06:00 [INF] PressGang: Grand Looters Horde recruiting 1 Imperial Convoy Guard
2026-01-09 03:20:04.621 -06:00 [INF] PressGang: Grand Looters Horde recruiting 1 Imperial Armed Convoy Trader
2026-01-09 03:20:04.825 -06:00 [INF] PressGang: Corsairs recruiting 1 Aserai Peasant
2026-01-09 03:20:05.596 -06:00 [INF] PressGang: Grand Aserai Horde recruiting 1 Aserai Infantry
2026-01-09 03:20:05.596 -06:00 [INF] PressGang: Grand Aserai Horde recruiting 1 Aserai Tribal Horseman
2026-01-09 03:20:05.596 -06:00 [INF] PressGang: Grand Aserai Horde recruiting 1 Aserai Tribesman
2026-01-09 03:20:05.809 -06:00 [INF] PressGang: Sea Raiders recruiting 1 Sturgia Peasant
2026-01-09 03:20:06.377 -06:00 [INF] Daily Tick: Verifying Syndicate War State...
2026-01-09 03:20:06.377 -06:00 [INF] Checking staggered war declarations for Day Index: 0
2026-01-09 03:20:06.657 -06:00 [INF] PressGang: Looters recruiting 1 Vlandia Peasant
2026-01-09 03:20:08.066 -06:00 [INF] PressGang: Phirentos of the Hand's Party recruiting 3 Hillman
2026-01-09 03:20:08.138 -06:00 [INF] PressGang: Grand Looters Horde recruiting 1 Empire Peasant
2026-01-09 03:20:08.281 -06:00 [INF] PressGang: Deserters recruiting 1 Aserai Faris
2026-01-09 03:20:08.705 -06:00 [INF] PressGang: Looters recruiting 1 Sturgia Peasant
2026-01-09 03:20:09.784 -06:00 [INF] MERGING: Looters (5) -> Looters (12) [Naval: False]
2026-01-09 03:20:09.785 -06:00 [INF] Total Merges this battle: 1
2026-01-09 03:20:45.764 -06:00 [INF] MERGING: Deserters (14) -> Deserters (16) [Naval: False]
2026-01-09 03:20:45.764 -06:00 [INF] Total Merges this battle: 1
2026-01-09 03:20:49.232 -06:00 [INF] PressGang: Grand Corsairs Horde recruiting 1 Vlandian Veteran Convoy Guard
2026-01-09 03:21:11.912 -06:00 [INF] PressGang: Grand Sturgia Horde recruiting 2 Sturgia Peasant
2026-01-09 03:21:11.912 -06:00 [INF] PressGang: Grand Sturgia Horde recruiting 1 Sturgian Recruit
2026-01-09 03:21:12.181 -06:00 [INF] PressGang: Grand Sturgia Horde recruiting 1 Battanian Wood Runner
2026-01-09 03:21:12.181 -06:00 [INF] PressGang: Grand Sturgia Horde recruiting 1 Sturgian Brigand
2026-01-09 03:21:12.181 -06:00 [INF] PressGang: Grand Sturgia Horde recruiting 1 Looter
2026-01-09 03:21:12.181 -06:00 [INF] PressGang: Grand Sturgia Horde recruiting 1 Sisterhood Follower
2026-01-09 03:21:12.587 -06:00 [INF] MERGING: Looters (5) -> Looters (8) [Naval: False]
2026-01-09 03:21:12.588 -06:00 [INF] Total Merges this battle: 1
2026-01-09 03:21:13.996 -06:00 [INF] PressGang: Grand Aserai Horde recruiting 1 Bedouin Rover
2026-01-09 03:21:13.996 -06:00 [INF] PressGang: Grand Aserai Horde recruiting 1 Harami
2026-01-09 03:21:13.996 -06:00 [INF] PressGang: Grand Aserai Horde recruiting 1 Aserai Peasant
2026-01-09 03:21:14.200 -06:00 [INF] PressGang: Grand Empire Horde recruiting 1 Empire Peasant
2026-01-09 03:21:15.075 -06:00 [INF] PressGang: Grand Empire Horde recruiting 1 Imperial Trained Archer
2026-01-09 03:21:15.076 -06:00 [INF] PressGang: Grand Empire Horde recruiting 1 Imperial Trained Infantryman
2026-01-09 03:21:15.076 -06:00 [INF] PressGang: Grand Empire Horde recruiting 1 Imperial Archer
2026-01-09 03:21:15.076 -06:00 [INF] PressGang: Grand Sturgia Horde recruiting 1 Sturgian Recruit
2026-01-09 03:21:15.076 -06:00 [INF] PressGang: Grand Sturgia Horde recruiting 1 Sturgian Heavy Axeman
2026-01-09 03:21:15.837 -06:00 [INF] PressGang: Grand Empire Horde recruiting 1 Looter
2026-01-09 03:21:16.118 -06:00 [INF] PressGang: Grand Sea Raiders Horde recruiting 1 Nord Peasant
2026-01-09 03:21:16.629 -06:00 [INF] PressGang: Grand Aserai Horde recruiting 2 Aserai Recruit
2026-01-09 03:21:16.629 -06:00 [INF] PressGang: Grand Aserai Horde recruiting 1 Aserai Youth (Rank 1)
2026-01-09 03:21:17.302 -06:00 [INF] PressGang: Looters recruiting 1 Nord Youngling
2026-01-09 03:21:17.378 -06:00 [INF] PressGang: Desert Bandits recruiting 1 Aserai Peasant
2026-01-09 03:21:17.625 -06:00 [INF] PressGang: Grand Looters Horde recruiting 1 Imperial Infantryman
2026-01-09 03:21:17.625 -06:00 [INF] PressGang: Grand Looters Horde recruiting 2 Imperial Crossbowman
2026-01-09 03:21:17.626 -06:00 [INF] PressGang: Grand Sturgia Horde recruiting 1 Sturgian Hunter
2026-01-09 03:21:17.943 -06:00 [INF] PressGang: Steppe Bandits recruiting 2 Aserai Peasant
2026-01-09 03:21:18.078 -06:00 [INF] MERGING: Looters (15) -> Desert Bandits (16) [Naval: False]
2026-01-09 03:21:18.079 -06:00 [INF] Total Merges this battle: 1
2026-01-09 03:21:18.081 -06:00 [INF] PressGang: Steppe Bandits recruiting 1 Sturgia Peasant
2026-01-09 03:21:18.623 -06:00 [INF] PressGang: Grand Aserai Horde recruiting 1 Aserai Infantry
2026-01-09 03:21:18.623 -06:00 [INF] PressGang: Grand Aserai Horde recruiting 1 Aserai Peasant
2026-01-09 03:21:18.758 -06:00 [INF] PressGang: Grand Looters Horde recruiting 1 Imperial Veteran Convoy Guard
2026-01-09 03:21:18.758 -06:00 [INF] PressGang: Grand Looters Horde recruiting 1 Imperial Armed Convoy Trader
2026-01-09 03:21:18.758 -06:00 [INF] PressGang: Grand Looters Horde recruiting 1 Vlandian Veteran Convoy Guard
2026-01-09 03:21:18.758 -06:00 [INF] PressGang: Grand Looters Horde recruiting 2 Vlandian Armed Convoy Trader
2026-01-09 03:21:18.960 -06:00 [INF] PressGang: Grand Corsairs Horde recruiting 2 Aserai Peasant
2026-01-09 03:21:19.164 -06:00 [INF] PressGang: Deserters recruiting 1 Aserai Peasant
2026-01-09 03:21:19.706 -06:00 [INF] PressGang: Grand Aserai Horde recruiting 1 Aserai Light Archer
2026-01-09 03:21:19.706 -06:00 [INF] PressGang: Grand Aserai Horde recruiting 1 Aserai Mamluke Palace Guard
2026-01-09 03:21:19.776 -06:00 [INF] PressGang: Deserters recruiting 1 Empire Peasant
2026-01-09 03:21:20.109 -06:00 [INF] PressGang: Steppe Bandits recruiting 1 Khuzait Peasant
2026-01-09 03:21:20.376 -06:00 [INF] PressGang: Looters recruiting 1 Empire Peasant
2026-01-09 03:21:20.582 -06:00 [INF] Daily Tick: Verifying Syndicate War State...
2026-01-09 03:21:20.582 -06:00 [INF] Checking staggered war declarations for Day Index: 1
2026-01-09 03:21:21.239 -06:00 [INF] PressGang: Looters recruiting 2 Vlandia Peasant
2026-01-09 03:21:21.968 -06:00 [INF] PressGang: Deserters recruiting 2 Aserai Tribal Horseman
2026-01-09 03:21:25.144 -06:00 [INF] MERGING: Looters (18) -> Looters (21) [Naval: False]
2026-01-09 03:21:25.144 -06:00 [INF] Total Merges this battle: 1
2026-01-09 03:21:48.518 -06:00 [INF] MERGING: Looters (17) -> Deserters (31) [Naval: False]
2026-01-09 03:21:48.519 -06:00 [INF] Total Merges this battle: 1
2026-01-09 03:21:53.425 -06:00 [INF] PressGang: Steppe Bandits recruiting 1 Khuzait Peasant
2026-01-09 03:21:53.446 -06:00 [INF] PressGang: Grand Corsairs Horde recruiting 1 Beni Zilal Royal Guard
2026-01-09 03:21:53.446 -06:00 [INF] PressGang: Grand Corsairs Horde recruiting 1 Vlandian Veteran Convoy Guard
2026-01-09 03:21:53.446 -06:00 [INF] PressGang: Grand Corsairs Horde recruiting 1 Vlandian Armed Convoy Trader
2026-01-09 03:21:53.843 -06:00 [INF] PressGang: Grand Sturgia Horde recruiting 1 Sturgian Heavy Spearman
2026-01-09 03:21:53.843 -06:00 [INF] PressGang: Grand Sturgia Horde recruiting 4 Sturgian Recruit
2026-01-09 03:21:53.843 -06:00 [INF] PressGang: Grand Sturgia Horde recruiting 1 Sturgian Warrior
2026-01-09 03:21:54.045 -06:00 [INF] PressGang: Grand Sturgia Horde recruiting 1 Sturgian Brigand
2026-01-09 03:21:54.045 -06:00 [INF] PressGang: Grand Sturgia Horde recruiting 1 Sturgian Hunter
2026-01-09 03:21:54.045 -06:00 [INF] PressGang: Grand Sturgia Horde recruiting 1 Outrider
2026-01-09 03:21:55.850 -06:00 [INF] PressGang: Grand Aserai Horde recruiting 1 Harami
2026-01-09 03:21:56.017 -06:00 [INF] PressGang: Grand Empire Horde recruiting 1 Empire Peasant
2026-01-09 03:21:56.778 -06:00 [INF] PressGang: Grand Empire Horde recruiting 1 Imperial Recruit
2026-01-09 03:21:57.679 -06:00 [INF] PressGang: Grand Sea Raiders Horde recruiting 1 Nord Huntsman
2026-01-09 03:21:57.679 -06:00 [INF] PressGang: Grand Sea Raiders Horde recruiting 1 Nord Ulfhedinn
2026-01-09 03:21:58.039 -06:00 [INF] PressGang: Grand Empire Horde recruiting 1 Skolder Recruit
2026-01-09 03:21:58.171 -06:00 [INF] PressGang: Grand Aserai Horde recruiting 1 Aserai Mamluke Soldier
2026-01-09 03:21:58.171 -06:00 [INF] PressGang: Grand Aserai Horde recruiting 1 Aserai Footman
2026-01-09 03:21:58.171 -06:00 [INF] PressGang: Grand Aserai Horde recruiting 2 Aserai Peasant
2026-01-09 03:21:58.171 -06:00 [INF] PressGang: Grand Aserai Horde recruiting 1 Nomad Bandit
2026-01-09 03:21:58.472 -06:00 [INF] MERGING: Looters (5) -> Looters (6) [Naval: False]
2026-01-09 03:21:58.472 -06:00 [INF] Total Merges this battle: 1
2026-01-09 03:22:20.269 -06:00 [INF] MERGING: Looters (10) -> Looters (12) [Naval: False]
2026-01-09 03:22:20.270 -06:00 [INF] Total Merges this battle: 1
2026-01-09 03:22:21.176 -06:00 [INF] PressGang: Grand Looters Horde recruiting 1 Imperial Infantryman
2026-01-09 03:22:21.177 -06:00 [INF] PressGang: Grand Sturgia Horde recruiting 1 Sturgia Peasant
2026-01-09 03:22:21.177 -06:00 [INF] PressGang: Grand Sturgia Horde recruiting 1 Looter
2026-01-09 03:22:21.473 -06:00 [INF] PressGang: Grand Corsairs Horde recruiting 1 Imperial Coast Guard
2026-01-09 03:22:21.473 -06:00 [INF] PressGang: Grand Corsairs Horde recruiting 1 Imperial Naute
2026-01-09 03:22:22.296 -06:00 [INF] PressGang: Grand Aserai Horde recruiting 1 Aserai Mamluke Guard
2026-01-09 03:22:22.296 -06:00 [INF] PressGang: Grand Aserai Horde recruiting 1 Aserai Peasant
2026-01-09 03:22:22.378 -06:00 [INF] PressGang: Mountain Bandits recruiting 1 Empire Peasant
2026-01-09 03:22:22.475 -06:00 [INF] PressGang: Grand Looters Horde recruiting 1 Imperial Veteran Convoy Guard
2026-01-09 03:22:22.475 -06:00 [INF] PressGang: Grand Looters Horde recruiting 1 Imperial Convoy Guard
2026-01-09 03:22:22.475 -06:00 [INF] PressGang: Grand Looters Horde recruiting 1 Imperial Armed Convoy Trader
2026-01-09 03:22:22.626 -06:00 [INF] PressGang: Grand Corsairs Horde recruiting 1 Aserai Peasant
2026-01-09 03:22:22.775 -06:00 [INF] PressGang: Grand Empire Horde recruiting 1 Imperial Shipmate
2026-01-09 03:22:22.993 -06:00 [INF] PressGang: Looters recruiting 1 Vlandia Peasant
2026-01-09 03:22:23.067 -06:00 [INF] PressGang: Corsairs recruiting 1 Imperial Shipmate
2026-01-09 03:22:23.367 -06:00 [INF] PressGang: Grand Aserai Horde recruiting 1 Aserai Recruit
2026-01-09 03:22:23.367 -06:00 [INF] PressGang: Grand Aserai Horde recruiting 1 Looter
2026-01-09 03:22:23.434 -06:00 [INF] PressGang: Grand Looters Horde recruiting 1 Empire Peasant
2026-01-09 03:22:24.325 -06:00 [INF] Found 1 stuck Syndicate Warlords. Redeploying...
2026-01-09 03:22:24.758 -06:00 [INF] Daily Tick: Verifying Syndicate War State...
2026-01-09 03:22:24.759 -06:00 [INF] Checking staggered war declarations for Day Index: 2
2026-01-09 03:22:24.832 -06:00 [INF] PressGang: Looters recruiting 1 Vlandia Peasant
2026-01-09 03:22:25.042 -06:00 [INF] MERGING: Desert Bandits (11) -> Desert Bandits (19) [Naval: False]
2026-01-09 03:22:25.042 -06:00 [INF] Total Merges this battle: 1
2026-01-09 03:22:25.179 -06:00 [INF] Found 1 stuck Syndicate Warlords. Redeploying...
2026-01-09 03:22:25.293 -06:00 [INF] PressGang: Mountain Bandits recruiting 3 Empire Peasant
2026-01-09 03:22:25.826 -06:00 [INF] PressGang: Mountain Bandits recruiting 2 Empire Peasant
2026-01-09 03:22:25.977 -06:00 [INF] MERGING: Looters (6) -> Looters (10) [Naval: False]
2026-01-09 03:22:25.979 -06:00 [INF] MERGING: Looters (5) -> Looters (16) [Naval: False]
2026-01-09 03:22:25.979 -06:00 [INF] Total Merges this battle: 2
2026-01-09 03:22:26.061 -06:00 [INF] Found 1 stuck Syndicate Warlords. Redeploying...
2026-01-09 03:22:26.061 -06:00 [INF] Redeploying Thavin the Shark to Hideout...
2026-01-09 03:22:26.134 -06:00 [INF] PressGang: Deserters recruiting 1 Imperial Crossbowman
2026-01-09 03:22:36.445 -06:00 [INF] MERGING: Desert Bandits (16) -> Looters (19) [Naval: False]
2026-01-09 03:22:36.445 -06:00 [INF] Total Merges this battle: 1
2026-01-09 03:22:37.248 -06:00 [INF] PressGang: Grand Corsairs Horde recruiting 1 Vlandian Recruit (Rank 1)
2026-01-09 03:22:37.248 -06:00 [INF] PressGang: Grand Corsairs Horde recruiting 1 Vlandian Armed Convoy Trader
2026-01-09 03:22:37.680 -06:00 [INF] PressGang: Grand Sturgia Horde recruiting 2 Sturgian Recruit
2026-01-09 03:22:37.680 -06:00 [INF] PressGang: Grand Sturgia Horde recruiting 1 Sturgian Warrior
2026-01-09 03:22:37.815 -06:00 [INF] MERGING: Deserters (12) -> Deserters (14) [Naval: False]
2026-01-09 03:22:37.815 -06:00 [INF] Total Merges this battle: 1
2026-01-09 03:22:40.128 -06:00 [INF] PressGang: Desert Bandits recruiting 3 Aserai Peasant
2026-01-09 03:22:40.662 -06:00 [INF] PressGang: Grand Sturgia Horde recruiting 1 Sturgian Woodsman
2026-01-09 03:22:46.917 -06:00 [INF] PressGang: Grand Empire Horde recruiting 1 Imperial Equite
2026-01-09 03:22:46.917 -06:00 [INF] PressGang: Grand Empire Horde recruiting 1 Imperial Trained Archer
2026-01-09 03:22:47.181 -06:00 [INF] PressGang: Grand Sea Raiders Horde recruiting 1 Nord Axe Warrior
2026-01-09 03:22:47.182 -06:00 [INF] PressGang: Grand Sea Raiders Horde recruiting 1 Nord Freeman Archer
2026-01-09 03:22:47.182 -06:00 [INF] PressGang: Grand Sea Raiders Horde recruiting 1 Nord Huntsman
2026-01-09 03:22:47.182 -06:00 [INF] PressGang: Grand Sea Raiders Horde recruiting 1 Nord Warfang
2026-01-09 03:22:47.182 -06:00 [INF] PressGang: Grand Sea Raiders Horde recruiting 1 Nord Spear Warrior
2026-01-09 03:22:47.182 -06:00 [INF] PressGang: Grand Sea Raiders Horde recruiting 1 Nord Peasant
2026-01-09 03:22:47.517 -06:00 [INF] PressGang: Grand Empire Horde recruiting 1 Imperial Recruit
2026-01-09 03:22:47.581 -06:00 [INF] PressGang: Grand Aserai Horde recruiting 2 Aserai Mamluke Soldier
2026-01-09 03:22:47.581 -06:00 [INF] PressGang: Grand Aserai Horde recruiting 1 Aserai Recruit
2026-01-09 03:22:47.581 -06:00 [INF] PressGang: Grand Aserai Horde recruiting 2 Aserai Mamluke Guard
2026-01-09 03:22:47.581 -06:00 [INF] PressGang: Grand Aserai Horde recruiting 1 Aserai Mamluke Axeman
2026-01-09 03:22:47.581 -06:00 [INF] PressGang: Grand Aserai Horde recruiting 1 Aserai Archer
2026-01-09 03:22:47.581 -06:00 [INF] PressGang: Grand Aserai Horde recruiting 2 Aserai Peasant
2026-01-09 03:22:48.317 -06:00 [INF] PressGang: Grand Corsairs Horde recruiting 1 Imperial Coast Guard
2026-01-09 03:22:48.317 -06:00 [INF] PressGang: Grand Corsairs Horde recruiting 1 Imperial Naute
2026-01-09 03:22:48.455 -06:00 [INF] PressGang: Grand Sturgia Horde recruiting 1 Sturgia Peasant
2026-01-09 03:22:48.456 -06:00 [INF] PressGang: Grand Sturgia Horde recruiting 1 Looter
2026-01-09 03:22:48.800 -06:00 [INF] PressGang: Steppe Bandits recruiting 1 Aserai Peasant
2026-01-09 03:22:48.939 -06:00 [INF] MERGING: Looters (17) -> Deserters (37) [Naval: False]
2026-01-09 03:22:48.939 -06:00 [INF] Total Merges this battle: 1
2026-01-09 03:22:49.081 -06:00 [INF] PressGang: Looters recruiting 1 Empire Peasant
2026-01-09 03:22:49.662 -06:00 [INF] PressGang: Grand Sea Raiders Horde recruiting 1 Nord Peasant
2026-01-09 03:22:49.905 -06:00 [INF] PressGang: Deserters recruiting 1 Aserai Peasant
2026-01-09 03:22:49.975 -06:00 [INF] PressGang: Corsairs recruiting 1 Imperial Legionary
2026-01-09 03:22:49.975 -06:00 [INF] PressGang: Corsairs recruiting 1 Imperial Shipmate
2026-01-09 03:22:50.325 -06:00 [INF] PressGang: Looters recruiting 1 Nord Peasant
2026-01-09 03:22:50.325 -06:00 [INF] PressGang: Grand Aserai Horde recruiting 1 Aserai Mamluke Soldier
2026-01-09 03:22:50.325 -06:00 [INF] PressGang: Grand Aserai Horde recruiting 1 Harami
2026-01-09 03:22:50.392 -06:00 [INF] PressGang: Grand Looters Horde recruiting 1 Sturgia Peasant
2026-01-09 03:22:50.461 -06:00 [INF] PressGang: Grand Looters Horde recruiting 1 Empire Peasant
2026-01-09 03:22:50.461 -06:00 [INF] PressGang: Grand Looters Horde recruiting 1 Aserai Peasant
2026-01-09 03:22:50.872 -06:00 [INF] PressGang: Grand Empire Horde recruiting 1 Imperial Recruit
2026-01-09 03:22:50.872 -06:00 [INF] PressGang: Grand Empire Horde recruiting 1 Imperial Trained Archer
2026-01-09 03:22:51.556 -06:00 [INF] PressGang: Looters recruiting 1 Empire Peasant
2026-01-09 03:22:52.033 -06:00 [INF] Daily Tick: Verifying Syndicate War State...
2026-01-09 03:22:52.033 -06:00 [INF] Checking staggered war declarations for Day Index: 3
2026-01-09 03:22:52.098 -06:00 [INF] PressGang: Mountain Bandits recruiting 2 Empire Peasant
2026-01-09 03:22:53.670 -06:00 [INF] PressGang: Grand Looters Horde recruiting 2 Sturgia Peasant
2026-01-09 03:22:54.220 -06:00 [INF] PressGang: Deserters recruiting 1 Empire Peasant
2026-01-09 03:23:08.590 -06:00 [INF] Found 1 stuck Syndicate Warlords. Redeploying...
2026-01-09 03:23:09.437 -06:00 [INF] Found 1 stuck Syndicate Warlords. Redeploying...
2026-01-09 03:23:10.264 -06:00 [INF] Found 1 stuck Syndicate Warlords. Redeploying...
2026-01-09 03:23:11.132 -06:00 [INF] Found 1 stuck Syndicate Warlords. Redeploying...
2026-01-09 03:23:11.180 -06:00 [INF] MERGING: Sea Raiders (33) -> Sea Raiders (43) [Naval: True]
2026-01-09 03:23:11.180 -06:00 [INF] Total Merges this battle: 1
2026-01-09 03:23:11.993 -06:00 [INF] Found 1 stuck Syndicate Warlords. Redeploying...
2026-01-09 03:23:12.824 -06:00 [INF] Found 1 stuck Syndicate Warlords. Redeploying...
2026-01-09 03:23:13.690 -06:00 [INF] Found 1 stuck Syndicate Warlords. Redeploying...
2026-01-09 03:23:13.692 -06:00 [INF] PressGang: Grand Corsairs Horde recruiting 2 Vlandian Recruit
2026-01-09 03:23:13.692 -06:00 [INF] PressGang: Grand Corsairs Horde recruiting 1 Vlandian Veteran Convoy Guard
2026-01-09 03:23:13.952 -06:00 [INF] PressGang: Grand Sturgia Horde recruiting 1 Sturgian Heavy Spearman
2026-01-09 03:23:13.952 -06:00 [INF] PressGang: Grand Sturgia Horde recruiting 1 Sturgian Archer
2026-01-09 03:23:13.952 -06:00 [INF] PressGang: Grand Sturgia Horde recruiting 1 Sturgian Spearman
2026-01-09 03:23:14.497 -06:00 [INF] Found 1 stuck Syndicate Warlords. Redeploying...
2026-01-09 03:23:15.364 -06:00 [INF] Found 1 stuck Syndicate Warlords. Redeploying...
2026-01-09 03:23:21.245 -06:00 [INF] Found 1 stuck Syndicate Warlords. Redeploying...
2026-01-09 03:23:21.245 -06:00 [INF] Redeploying Cadfin Blacktooth to Hideout...
2026-01-09 03:23:21.395 -06:00 [INF] MERGING: Looters (11) -> Looters (18) [Naval: False]
2026-01-09 03:23:21.401 -06:00 [INF] Total Merges this battle: 1
2026-01-09 03:23:21.403 -06:00 [INF] PressGang: Desert Bandits recruiting 3 Aserai Peasant
2026-01-09 03:23:21.889 -06:00 [INF] PressGang: Grand Empire Horde recruiting 1 Imperial Recruit
2026-01-09 03:23:21.889 -06:00 [INF] PressGang: Grand Empire Horde recruiting 1 Imperial Caravan Master
2026-01-09 03:23:21.933 -06:00 [INF] PressGang: Grand Sturgia Horde recruiting 1 Sturgian Warrior
2026-01-09 03:23:21.933 -06:00 [INF] PressGang: Grand Sturgia Horde recruiting 1 Sturgian Soldier
2026-01-09 03:23:21.933 -06:00 [INF] PressGang: Grand Sturgia Horde recruiting 1 Sturgian Brigand
2026-01-09 03:23:21.933 -06:00 [INF] PressGang: Grand Sturgia Horde recruiting 1 Sturgian Archer
2026-01-09 03:23:22.475 -06:00 [INF] PressGang: Grand Empire Horde recruiting 1 Looter
2026-01-09 03:23:22.729 -06:00 [INF] PressGang: Grand Sea Raiders Horde recruiting 1 Nord Berserkir
2026-01-09 03:23:22.729 -06:00 [INF] PressGang: Grand Sea Raiders Horde recruiting 1 Nord Peasant
2026-01-09 03:23:23.062 -06:00 [INF] PressGang: Grand Empire Horde recruiting 1 Skolder Veteran Broda
2026-01-09 03:23:23.062 -06:00 [INF] PressGang: Grand Empire Horde recruiting 2 Empire Peasant
2026-01-09 03:23:23.145 -06:00 [INF] PressGang: Grand Aserai Horde recruiting 1 Aserai Recruit
2026-01-09 03:23:23.564 -06:00 [INF] PressGang: Looters recruiting 2 Aserai Peasant
2026-01-09 03:23:23.653 -06:00 [INF] PressGang: Grand Looters Horde recruiting 1 Empire Peasant
2026-01-09 03:23:23.942 -06:00 [INF] PressGang: Grand Sturgia Horde recruiting 1 Sturgian Archer
2026-01-09 03:23:23.942 -06:00 [INF] PressGang: Grand Sturgia Horde recruiting 1 Looter
2026-01-09 03:23:24.066 -06:00 [INF] PressGang: Grand Looters Horde recruiting 1 Nord Convoy Guard
2026-01-09 03:23:24.066 -06:00 [INF] PressGang: Grand Looters Horde recruiting 2 Nord Armed Convoy Trader
2026-01-09 03:23:24.489 -06:00 [INF] PressGang: Looters recruiting 1 Empire Peasant
2026-01-09 03:23:24.827 -06:00 [INF] PressGang: Grand Aserai Horde recruiting 1 Aserai Light Archer
2026-01-09 03:23:24.828 -06:00 [INF] PressGang: Grand Aserai Horde recruiting 1 Aserai Tribesman
2026-01-09 03:23:25.109 -06:00 [INF] PressGang: Grand Corsairs Horde recruiting 1 Aserai Peasant
2026-01-09 03:23:25.634 -06:00 [INF] PressGang: Grand Looters Horde recruiting 1 Sturgia Peasant
2026-01-09 03:23:26.328 -06:00 [INF] MERGING: Looters (9) -> Looters (18) [Naval: False]
2026-01-09 03:23:26.328 -06:00 [INF] Total Merges this battle: 1
2026-01-09 03:23:26.451 -06:00 [INF] PressGang: Looters recruiting 1 Nord Peasant
2026-01-09 03:23:26.654 -06:00 [INF] PressGang: Looters recruiting 2 Empire Peasant
2026-01-09 03:24:03.760 -06:00 [INF] Daily Tick: Verifying Syndicate War State...
2026-01-09 03:24:03.760 -06:00 [INF] Checking staggered war declarations for Day Index: 4
2026-01-09 03:24:03.835 -06:00 [INF] PressGang: Mountain Bandits recruiting 1 Empire Peasant
2026-01-09 03:24:04.711 -06:00 [INF] PressGang: Sea Raiders recruiting 1 Empire Peasant
2026-01-09 03:24:05.048 -06:00 [INF] MERGING: Looters (13) -> Looters (15) [Naval: False]
2026-01-09 03:24:05.049 -06:00 [INF] Total Merges this battle: 1
2026-01-09 03:24:11.018 -06:00 [INF] MERGING: Looters (7) -> Deserters (13) [Naval: False]
2026-01-09 03:24:11.019 -06:00 [INF] MERGING: Looters (4) -> Deserters (20) [Naval: False]
2026-01-09 03:24:11.019 -06:00 [INF] Total Merges this battle: 2
2026-01-09 03:24:11.448 -06:00 [INF] MERGING: Looters (6) -> Looters (11) [Naval: False]
2026-01-09 03:24:11.449 -06:00 [INF] Total Merges this battle: 1
2026-01-09 03:24:15.081 -06:00 [INF] PressGang: Grand Corsairs Horde recruiting 1 Vlandian Levy Crossbowman
2026-01-09 03:24:15.355 -06:00 [INF] PressGang: Grand Sturgia Horde recruiting 1 Sturgia Peasant
2026-01-09 03:24:15.355 -06:00 [INF] PressGang: Grand Sturgia Horde recruiting 1 Sturgian Heavy Axeman
2026-01-09 03:24:15.355 -06:00 [INF] PressGang: Grand Sturgia Horde recruiting 1 Sturgian Recruit
2026-01-09 03:24:15.355 -06:00 [INF] PressGang: Grand Sturgia Horde recruiting 1 Sturgian Hunter
2026-01-09 03:24:16.193 -06:00 [INF] PressGang: Grand Looters Horde recruiting 1 Imperial Equite
2026-01-09 03:24:16.193 -06:00 [INF] PressGang: Grand Looters Horde recruiting 1 Imperial Trained Archer
2026-01-09 03:24:16.193 -06:00 [INF] PressGang: Grand Looters Horde recruiting 1 Imperial Recruit
2026-01-09 03:24:16.561 -06:00 [INF] PressGang: Looters recruiting 1 Nord Youngling
2026-01-09 03:24:17.294 -06:00 [INF] MERGING: Desert Bandits (16) -> Desert Bandits (18) [Naval: False]
2026-01-09 03:24:17.295 -06:00 [INF] Total Merges this battle: 1
2026-01-09 03:24:17.373 -06:00 [INF] PressGang: Corsairs recruiting 1 Imperial Naute
2026-01-09 03:24:18.123 -06:00 [INF] PressGang: Grand Empire Horde recruiting 1 Imperial Trained Infantryman
2026-01-09 03:24:18.123 -06:00 [INF] PressGang: Grand Empire Horde recruiting 1 Imperial Caravan Guard
2026-01-09 03:24:18.716 -06:00 [INF] PressGang: Grand Empire Horde recruiting 1 Imperial Trained Infantryman
2026-01-09 03:24:18.716 -06:00 [INF] PressGang: Grand Empire Horde recruiting 1 Imperial Recruit
2026-01-09 03:24:18.716 -06:00 [INF] PressGang: Grand Empire Horde recruiting 1 Imperial Caravan Guard
2026-01-09 03:24:18.716 -06:00 [INF] PressGang: Grand Empire Horde recruiting 2 Imperial Armed Trader
2026-01-09 03:24:19.198 -06:00 [INF] PressGang: Grand Desert Bandits Horde recruiting 1 Aserai Peasant
2026-01-09 03:24:19.235 -06:00 [INF] PressGang: Grand Empire Horde recruiting 2 Empire Peasant
2026-01-09 03:24:19.375 -06:00 [INF] PressGang: Grand Aserai Horde recruiting 1 Aserai Recruit
2026-01-09 03:24:19.375 -06:00 [INF] PressGang: Grand Aserai Horde recruiting 1 Bedouin Rover
2026-01-09 03:24:19.375 -06:00 [INF] PressGang: Grand Aserai Horde recruiting 1 Looter
2026-01-09 03:24:19.375 -06:00 [INF] PressGang: Grand Aserai Horde recruiting 1 Aserai Mamluke Axeman
2026-01-09 03:24:19.375 -06:00 [INF] PressGang: Grand Aserai Horde recruiting 1 Aserai Faris
2026-01-09 03:24:19.375 -06:00 [INF] PressGang: Grand Aserai Horde recruiting 1 Aserai Peasant
2026-01-09 03:24:19.750 -06:00 [INF] PressGang: Desert Bandits recruiting 1 Aserai Peasant
2026-01-09 03:24:20.966 -06:00 [INF] PressGang: Grand Aserai Horde recruiting 1 Aserai Recruit
2026-01-09 03:24:20.966 -06:00 [INF] PressGang: Grand Aserai Horde recruiting 2 Aserai Tribesman
2026-01-09 03:24:20.966 -06:00 [INF] PressGang: Grand Aserai Horde recruiting 1 Aserai Youth
2026-01-09 03:24:20.966 -06:00 [INF] PressGang: Grand Aserai Horde recruiting 1 Aserai Tribal Horseman
2026-01-09 03:24:21.148 -06:00 [INF] PressGang: Looters recruiting 1 Empire Peasant
2026-01-09 03:24:21.728 -06:00 [INF] PressGang: Grand Aserai Horde recruiting 3 Nomad Bandit
2026-01-09 03:24:21.728 -06:00 [INF] PressGang: Grand Aserai Horde recruiting 1 Harami
2026-01-09 03:24:21.803 -06:00 [INF] PressGang: Grand Looters Horde recruiting 1 Empire Peasant
2026-01-09 03:24:21.845 -06:00 [INF] PressGang: Mountain Bandits recruiting 1 Imperial Archer
2026-01-09 03:24:21.845 -06:00 [INF] PressGang: Mountain Bandits recruiting 1 Imperial Heavy Horseman
2026-01-09 03:24:22.178 -06:00 [INF] PressGang: Grand Empire Horde recruiting 1 Forest Bandit
2026-01-09 03:24:22.178 -06:00 [INF] PressGang: Grand Empire Horde recruiting 1 Bushwacker
2026-01-09 03:24:22.178 -06:00 [INF] PressGang: Corsairs recruiting 1 Imperial Naute
2026-01-09 03:24:22.835 -06:00 [INF] PressGang: Looters recruiting 1 Vlandia Peasant
2026-01-09 03:24:23.242 -06:00 [INF] PressGang: Looters recruiting 1 Empire Peasant
2026-01-09 03:24:23.569 -06:00 [INF] PressGang: Desert Bandits recruiting 1 Aserai Peasant
2026-01-09 03:24:23.815 -06:00 [INF] Daily Tick: Verifying Syndicate War State...
2026-01-09 03:24:23.815 -06:00 [INF] Checking staggered war declarations for Day Index: 5
2026-01-09 03:24:23.854 -06:00 [INF] PressGang: Deserters recruiting 2 Imperial Crossbowman
2026-01-09 03:24:24.388 -06:00 [INF] PressGang: Sea Raiders recruiting 1 Empire Peasant
2026-01-09 03:24:24.715 -06:00 [INF] PressGang: Deserters recruiting 1 Nord Peasant
2026-01-09 03:24:25.084 -06:00 [INF] PressGang: Deserters recruiting 1 Empire Peasant
2026-01-09 03:24:25.292 -06:00 [INF] MERGING: Mountain Bandits (14) -> Forest Bandits (17) [Naval: False]
2026-01-09 03:24:25.292 -06:00 [INF] Total Merges this battle: 1
2026-01-09 03:24:25.703 -06:00 [INF] PressGang: Thucasys of the Hand's Party recruiting 1 Looter
2026-01-09 03:24:26.116 -06:00 [INF] PressGang: Cadfin Blacktooth's Party recruiting 1 Looter
2026-01-09 03:24:26.865 -06:00 [INF] MERGING: Looters (8) -> Looters (9) [Naval: False]
2026-01-09 03:24:26.865 -06:00 [INF] Total Merges this battle: 1
2026-01-09 03:24:32.259 -06:00 [INF] MERGING: Deserters (40) -> Deserters (40) [Naval: False]
2026-01-09 03:24:32.259 -06:00 [INF] Total Merges this battle: 1
2026-01-09 03:24:32.851 -06:00 [INF] MERGING: Desert Bandits (8) -> Desert Bandits (17) [Naval: False]
2026-01-09 03:24:32.852 -06:00 [INF] Total Merges this battle: 1
2026-01-09 03:24:34.998 -06:00 [INF] PressGang: Grand Corsairs Horde recruiting 1 Vlandian Convoy Guard
2026-01-09 03:24:35.367 -06:00 [INF] PressGang: Grand Sturgia Horde recruiting 1 Sturgian Recruit
2026-01-09 03:24:35.614 -06:00 [INF] PressGang: Grand Sturgia Horde recruiting 1 Sturgian Caravan Guard
2026-01-09 03:24:38.112 -06:00 [INF] PressGang: Grand Empire Horde recruiting 2 Brigand
2026-01-09 03:24:38.158 -06:00 [INF] PressGang: Grand Sturgia Horde recruiting 1 Sturgian Warrior
2026-01-09 03:24:38.649 -06:00 [INF] PressGang: Grand Empire Horde recruiting 2 Imperial Caravan Guard
2026-01-09 03:24:39.313 -06:00 [INF] PressGang: Grand Aserai Horde recruiting 1 Aserai Mamluke Soldier
2026-01-09 03:24:39.396 -06:00 [INF] PressGang: Looters recruiting 1 Nord Peasant
2026-01-09 03:24:40.037 -06:00 [INF] PressGang: Grand Looters Horde recruiting 1 Imperial Sergeant Crossbowman
2026-01-09 03:24:40.592 -06:00 [INF] PressGang: Looters recruiting 1 Empire Peasant
2026-01-09 03:24:40.874 -06:00 [INF] PressGang: Grand Aserai Horde recruiting 2 Aserai Recruit
2026-01-09 03:24:40.874 -06:00 [INF] PressGang: Grand Aserai Horde recruiting 1 Outrider
2026-01-09 03:24:40.874 -06:00 [INF] PressGang: Grand Aserai Horde recruiting 1 Aserai Infantry
2026-01-09 03:24:40.874 -06:00 [INF] PressGang: Grand Aserai Horde recruiting 1 Aserai Mamluke Regular
2026-01-09 03:24:41.049 -06:00 [INF] PressGang: Grand Sea Raiders Horde recruiting 1 Nord Peasant
2026-01-09 03:24:41.605 -06:00 [INF] PressGang: Grand Aserai Horde recruiting 1 Harami
2026-01-09 03:24:41.643 -06:00 [INF] PressGang: Grand Looters Horde recruiting 1 Sturgia Peasant
2026-01-09 03:24:42.148 -06:00 [INF] MERGING: Looters (14) -> Looters (14) [Naval: False]
2026-01-09 03:24:42.148 -06:00 [INF] MERGING: Looters (9) -> Looters (28) [Naval: False]
2026-01-09 03:24:42.149 -06:00 [INF] Total Merges this battle: 2
2026-01-09 03:24:42.367 -06:00 [INF] PressGang: Looters recruiting 1 Nord Peasant
2026-01-09 03:24:42.701 -06:00 [INF] PressGang: Looters recruiting 2 Vlandia Peasant
2026-01-09 03:24:43.045 -06:00 [INF] PressGang: Looters recruiting 1 Empire Peasant
2026-01-09 03:24:43.216 -06:00 [INF] PressGang: Grand Looters Horde recruiting 2 Empire Peasant
2026-01-09 03:24:43.451 -06:00 [INF] Found 1 stuck Syndicate Warlords. Redeploying...
2026-01-09 03:24:43.899 -06:00 [INF] Daily Tick: Verifying Syndicate War State...
2026-01-09 03:24:43.899 -06:00 [INF] Checking staggered war declarations for Day Index: 0
2026-01-09 03:24:44.299 -06:00 [INF] Found 1 stuck Syndicate Warlords. Redeploying...
2026-01-09 03:24:44.401 -06:00 [INF] PressGang: Deserters recruiting 1 Battania Peasant
2026-01-09 03:24:44.798 -06:00 [INF] MERGING: Looters (6) -> Looters (8) [Naval: False]
2026-01-09 03:24:44.799 -06:00 [INF] Total Merges this battle: 1
2026-01-09 03:24:45.084 -06:00 [INF] PressGang: Forest Bandits recruiting 1 Empire Peasant
2026-01-09 03:24:45.146 -06:00 [INF] Found 1 stuck Syndicate Warlords. Redeploying...
2026-01-09 03:24:45.197 -06:00 [INF] PressGang: Sea Raiders recruiting 1 Imperial Bucellarii
2026-01-09 03:24:45.311 -06:00 [INF] PressGang: Corsairs recruiting 1 Empire Peasant
2026-01-09 03:24:45.647 -06:00 [INF] PressGang: Cadfin Blacktooth's Party recruiting 2 Looter
2026-01-09 03:24:45.998 -06:00 [INF] Found 1 stuck Syndicate Warlords. Redeploying...
2026-01-09 03:24:46.104 -06:00 [INF] MERGING: Sea Raiders (29) -> Sea Raiders (45) [Naval: True]
2026-01-09 03:24:46.104 -06:00 [INF] Total Merges this battle: 1
2026-01-09 03:24:46.794 -06:00 [INF] Found 1 stuck Syndicate Warlords. Redeploying...
2026-01-09 03:24:46.952 -06:00 [INF] MERGING: Desert Bandits (6) -> Looters (9) [Naval: False]
2026-01-09 03:24:46.954 -06:00 [INF] Total Merges this battle: 1
2026-01-09 03:24:47.637 -06:00 [INF] Found 1 stuck Syndicate Warlords. Redeploying...
2026-01-09 03:24:47.638 -06:00 [INF] Redeploying Thavin the Shark to Hideout...
2026-01-09 03:24:49.669 -06:00 [INF] MERGING: Steppe Bandits (16) -> Steppe Bandits (20) [Naval: False]
2026-01-09 03:24:49.669 -06:00 [INF] Total Merges this battle: 1
2026-01-09 03:24:55.354 -06:00 [INF] PressGang: Grand Sturgia Horde recruiting 1 Sturgian Heavy Spearman
2026-01-09 03:24:55.600 -06:00 [INF] PressGang: Grand Sturgia Horde recruiting 1 Sturgian Woodsman
2026-01-09 03:24:57.218 -06:00 [INF] PressGang: Grand Aserai Horde recruiting 1 Nomad Bandit
2026-01-09 03:24:58.064 -06:00 [INF] PressGang: Grand Sturgia Horde recruiting 1 Battanian Clan Warrior
2026-01-09 03:24:58.064 -06:00 [INF] PressGang: Grand Sturgia Horde recruiting 1 Sturgian Heavy Spearman
2026-01-09 03:24:58.064 -06:00 [INF] PressGang: Grand Sturgia Horde recruiting 1 Sturgian Archer
2026-01-09 03:24:59.211 -06:00 [INF] PressGang: Grand Aserai Horde recruiting 1 Aserai Mamluke Soldier
2026-01-09 03:24:59.211 -06:00 [INF] PressGang: Grand Aserai Horde recruiting 1 Aserai Recruit
2026-01-09 03:24:59.211 -06:00 [INF] PressGang: Grand Aserai Horde recruiting 1 Aserai Veteran Faris
2026-01-09 03:24:59.211 -06:00 [INF] PressGang: Grand Aserai Horde recruiting 1 Aserai Peasant
2026-01-09 03:24:59.294 -06:00 [INF] PressGang: Looters recruiting 2 Nord Peasant
2026-01-09 03:24:59.582 -06:00 [INF] PressGang: Desert Bandits recruiting 1 Aserai Peasant
2026-01-09 03:27:35.886 -06:00 [INF] PressGang: Grand Looters Horde recruiting 1 Imperial Archer
2026-01-09 03:27:35.902 -06:00 [INF] PressGang: Grand Sturgia Horde recruiting 1 Varyag Veteran
2026-01-09 03:27:35.903 -06:00 [INF] PressGang: Grand Sturgia Horde recruiting 1 Sturgian Hardened Brigand
2026-01-09 03:27:35.903 -06:00 [INF] PressGang: Grand Sturgia Horde recruiting 1 Sturgian Soldier
2026-01-09 03:27:35.903 -06:00 [INF] PressGang: Grand Sturgia Horde recruiting 1 Sturgian Archer
2026-01-09 03:27:36.663 -06:00 [INF] PressGang: Grand Aserai Horde recruiting 1 Aserai Mamluke Cavalry
2026-01-09 03:27:36.664 -06:00 [INF] PressGang: Grand Aserai Horde recruiting 1 Aserai Faris
2026-01-09 03:27:36.664 -06:00 [INF] PressGang: Grand Aserai Horde recruiting 2 Aserai Mamluke Regular
2026-01-09 03:27:36.664 -06:00 [INF] PressGang: Grand Aserai Horde recruiting 1 Veteran Sword Sister
2026-01-09 03:27:37.201 -06:00 [INF] PressGang: Grand Looters Horde recruiting 1 Nord Veteran Convoy Guard
2026-01-09 03:27:37.201 -06:00 [INF] PressGang: Grand Looters Horde recruiting 2 Nord Convoy Guard
2026-01-09 03:27:37.201 -06:00 [INF] PressGang: Grand Looters Horde recruiting 1 Nord Armed Convoy Trader
2026-01-09 03:27:37.364 -06:00 [INF] PressGang: Grand Aserai Horde recruiting 1 Imperial Infantryman
2026-01-09 03:27:37.364 -06:00 [INF] PressGang: Grand Aserai Horde recruiting 1 Imperial Recruit
2026-01-09 03:27:37.788 -06:00 [INF] PressGang: Grand Empire Horde recruiting 1 Bushwacker
2026-01-09 03:27:38.324 -06:00 [INF] PressGang: Desert Bandits recruiting 1 Aserai Peasant
2026-01-09 03:27:38.863 -06:00 [INF] PressGang: Grand Looters Horde recruiting 1 Empire Peasant
2026-01-09 03:27:39.026 -06:00 [INF] PressGang: Looters recruiting 1 Empire Peasant
2026-01-09 03:27:39.026 -06:00 [INF] PressGang: Sea Raiders recruiting 1 Nord Peasant
2026-01-09 03:27:39.357 -06:00 [INF] PressGang: Desert Bandits recruiting 1 Aserai Peasant
2026-01-09 03:27:39.897 -06:00 [INF] Daily Tick: Verifying Syndicate War State...
2026-01-09 03:27:39.897 -06:00 [INF] Checking staggered war declarations for Day Index: 1
2026-01-09 03:27:40.717 -06:00 [INF] PressGang: Forest Bandits recruiting 3 Empire Peasant
2026-01-09 03:27:40.923 -06:00 [INF] PressGang: Grand Corsairs Horde recruiting 1 Empire Peasant
2026-01-09 03:27:41.879 -06:00 [INF] PressGang: Deserters recruiting 1 Vlandian Knight
2026-01-09 03:27:41.879 -06:00 [INF] PressGang: Deserters recruiting 1 Vlandian Crossbowman
2026-01-09 03:27:42.209 -06:00 [INF] PressGang: Looters recruiting 1 Nord Peasant
2026-01-09 03:27:51.005 -06:00 [INF] PressGang: Steppe Bandits recruiting 1 Khuzait Peasant
2026-01-09 03:27:51.324 -06:00 [INF] MERGING: Looters (15) -> Looters (17) [Naval: False]
2026-01-09 03:27:51.324 -06:00 [INF] Total Merges this battle: 1
2026-01-09 03:27:51.338 -06:00 [INF] MERGING: Looters (7) -> Looters (12) [Naval: False]
2026-01-09 03:27:51.339 -06:00 [INF] Total Merges this battle: 1
2026-01-09 03:27:51.385 -06:00 [INF] PressGang: Grand Sturgia Horde recruiting 1 Sturgian Heavy Axeman
2026-01-09 03:27:51.590 -06:00 [INF] PressGang: Grand Sturgia Horde recruiting 1 Sturgian Recruit
2026-01-09 03:28:09.109 -06:00 [INF] PressGang: Grand Aserai Horde recruiting 1 Aserai Infantry
2026-01-09 03:28:09.935 -06:00 [INF] PressGang: Grand Empire Horde recruiting 1 Hillman
2026-01-09 03:28:09.935 -06:00 [INF] PressGang: Grand Empire Horde recruiting 1 Imperial Shipmate
2026-01-09 03:28:09.935 -06:00 [INF] PressGang: Grand Empire Horde recruiting 1 Imperial Vigla Recruit
2026-01-09 03:28:09.935 -06:00 [INF] PressGang: Grand Empire Horde recruiting 1 Imperial Trained Archer
2026-01-09 03:28:09.935 -06:00 [INF] PressGang: Grand Empire Horde recruiting 1 Imperial Trained Infantryman
2026-01-09 03:28:09.976 -06:00 [INF] PressGang: Grand Sturgia Horde recruiting 1 Sturgian Warrior
2026-01-09 03:28:10.490 -06:00 [INF] PressGang: Grand Empire Horde recruiting 1 Imperial Archer
2026-01-09 03:28:10.490 -06:00 [INF] PressGang: Grand Empire Horde recruiting 1 Imperial Veteran Caravan Guard
2026-01-09 03:28:11.097 -06:00 [INF] PressGang: Grand Aserai Horde recruiting 1 Bedouin Rover
2026-01-09 03:28:11.097 -06:00 [INF] PressGang: Grand Aserai Horde recruiting 1 Aserai Mamluke Axeman
2026-01-09 03:28:11.097 -06:00 [INF] PressGang: Grand Aserai Horde recruiting 1 Nomad Bandit
2026-01-09 03:28:11.334 -06:00 [INF] PressGang: Sea Raiders recruiting 1 Aserai Armed Convoy Trader
2026-01-09 03:28:11.776 -06:00 [INF] PressGang: Grand Looters Horde recruiting 1 Imperial Recruit
2026-01-09 03:28:11.813 -06:00 [INF] PressGang: Grand Sturgia Horde recruiting 1 Sea Raider
2026-01-09 03:28:12.530 -06:00 [INF] PressGang: Grand Aserai Horde recruiting 1 Aserai Light Archer
2026-01-09 03:28:12.530 -06:00 [INF] PressGang: Grand Aserai Horde recruiting 1 Aserai Mamluke Regular
2026-01-09 03:28:13.052 -06:00 [INF] PressGang: Grand Looters Horde recruiting 1 Nord Veteran Convoy Guard
2026-01-09 03:28:13.053 -06:00 [INF] PressGang: Grand Looters Horde recruiting 1 Nord Armed Convoy Trader
2026-01-09 03:28:13.170 -06:00 [INF] PressGang: Grand Aserai Horde recruiting 1 Nomad Bandit
2026-01-09 03:28:13.170 -06:00 [INF] PressGang: Grand Aserai Horde recruiting 1 Imperial Crossbowman
2026-01-09 03:28:14.012 -06:00 [INF] PressGang: Corsairs recruiting 1 Imperial Coast Guard
2026-01-09 03:28:14.175 -06:00 [INF] PressGang: Looters recruiting 1 Vlandia Peasant
2026-01-09 03:28:14.497 -06:00 [INF] PressGang: Looters recruiting 1 Imperial Bucellarii
2026-01-09 03:28:14.744 -06:00 [INF] PressGang: Sea Raiders recruiting 1 Nord Peasant
2026-01-09 03:28:14.799 -06:00 [INF] PressGang: Desert Bandits recruiting 1 Aserai Peasant
2026-01-09 03:28:14.799 -06:00 [INF] PressGang: Looters recruiting 1 Vlandian Cavalry
2026-01-09 03:28:15.007 -06:00 [INF] PressGang: Deserters recruiting 1 Imperial Crossbowman
2026-01-09 03:28:15.703 -06:00 [INF] PressGang: Deserters recruiting 4 Empire Peasant
2026-01-09 03:28:15.759 -06:00 [INF] PressGang: Deserters recruiting 1 Nord Warrior
2026-01-09 03:28:15.870 -06:00 [INF] Daily Tick: Verifying Syndicate War State...
2026-01-09 03:28:15.871 -06:00 [INF] Checking staggered war declarations for Day Index: 2
2026-01-09 03:28:16.403 -06:00 [INF] PressGang: Forest Bandits recruiting 1 Empire Peasant
2026-01-09 03:28:16.513 -06:00 [INF] MERGING: Desert Bandits (14) -> Desert Bandits (35) [Naval: False]
2026-01-09 03:28:16.513 -06:00 [INF] Total Merges this battle: 1
2026-01-09 03:28:16.735 -06:00 [INF] PressGang: Steppe Bandits recruiting 1 Khuzait Peasant
2026-01-09 03:28:16.852 -06:00 [INF] PressGang: Deserters recruiting 1 Vlandia Peasant
2026-01-09 03:28:17.185 -06:00 [INF] MERGING: Looters (12) -> Deserters (23) [Naval: False]
2026-01-09 03:28:17.186 -06:00 [INF] MERGING: Looters (11) -> Deserters (35) [Naval: False]
2026-01-09 03:28:17.186 -06:00 [INF] MERGING: Looters (9) -> Grand Looters Horde (46) [Naval: False]
2026-01-09 03:28:17.186 -06:00 [INF] Total Merges this battle: 3
2026-01-09 03:28:17.187 -06:00 [INF] PressGang: Looters recruiting 1 Vlandia Peasant
2026-01-09 03:28:17.411 -06:00 [INF] PressGang: Grand Looters Horde recruiting 1 Vlandian Gallant
2026-01-09 03:28:19.042 -06:00 [INF] MERGING: Looters (10) -> Looters (23) [Naval: False]
2026-01-09 03:28:19.042 -06:00 [INF] Total Merges this battle: 1
2026-01-09 03:28:33.449 -06:00 [INF] MERGING: Looters (10) -> Steppe Bandits (17) [Naval: False]
2026-01-09 03:28:33.449 -06:00 [INF] Total Merges this battle: 1
2026-01-09 03:28:37.495 -06:00 [INF] PressGang: Steppe Bandits recruiting 1 Khuzait Peasant
2026-01-09 03:28:37.908 -06:00 [INF] PressGang: Grand Sturgia Horde recruiting 2 Sturgia Peasant
2026-01-09 03:28:37.908 -06:00 [INF] PressGang: Grand Sturgia Horde recruiting 1 Sturgian Recruit
2026-01-09 03:28:37.968 -06:00 [INF] MERGING: Deserters (20) -> Looters (27) [Naval: False]
2026-01-09 03:28:37.968 -06:00 [INF] Total Merges this battle: 1
2026-01-09 03:28:55.356 -06:00 [INF] PressGang: Steppe Bandits recruiting 1 Khuzait Peasant
2026-01-09 03:28:56.508 -06:00 [INF] PressGang: Grand Empire Horde recruiting 1 Imperial Cataphract
2026-01-09 03:28:56.508 -06:00 [INF] PressGang: Grand Empire Horde recruiting 1 Imperial Vigla Recruit
2026-01-09 03:28:56.508 -06:00 [INF] PressGang: Grand Empire Horde recruiting 1 Imperial Archer
2026-01-09 03:28:56.508 -06:00 [INF] PressGang: Grand Empire Horde recruiting 1 Imperial Infantryman
2026-01-09 03:28:56.562 -06:00 [INF] PressGang: Grand Sturgia Horde recruiting 1 Sturgian Woodsman
2026-01-09 03:28:57.049 -06:00 [INF] PressGang: Grand Empire Horde recruiting 1 Imperial Shipmate
2026-01-09 03:28:57.050 -06:00 [INF] PressGang: Grand Empire Horde recruiting 1 Imperial Vigla Recruit
2026-01-09 03:28:57.050 -06:00 [INF] PressGang: Grand Empire Horde recruiting 1 Imperial Heavy Horseman
2026-01-09 03:28:57.050 -06:00 [INF] PressGang: Grand Empire Horde recruiting 1 Imperial Equite
2026-01-09 03:28:57.731 -06:00 [INF] PressGang: Grand Looters Horde recruiting 1 Nord Youngling
2026-01-09 03:28:58.314 -06:00 [INF] PressGang: Grand Looters Horde recruiting 1 Imperial Crossbowman
2026-01-09 03:28:58.314 -06:00 [INF] PressGang: Grand Looters Horde recruiting 1 Imperial Cataphract
2026-01-09 03:28:58.316 -06:00 [INF] PressGang: Grand Sturgia Horde recruiting 1 Sturgia Peasant
2026-01-09 03:28:58.699 -06:00 [INF] MERGING: Forest Bandits (12) -> Looters (15) [Naval: False]
2026-01-09 03:28:58.700 -06:00 [INF] Total Merges this battle: 1
2026-01-09 03:28:59.086 -06:00 [INF] PressGang: Grand Aserai Horde recruiting 1 Aserai Mamluke Soldier
2026-01-09 03:28:59.216 -06:00 [INF] PressGang: Looters recruiting 1 Empire Peasant
2026-01-09 03:28:59.532 -06:00 [INF] PressGang: Looters recruiting 1 Nord Peasant
2026-01-09 03:28:59.720 -06:00 [INF] PressGang: Grand Aserai Horde recruiting 2 Imperial Recruit
2026-01-09 03:29:00.341 -06:00 [INF] PressGang: Looters recruiting 1 Imperial Equite
2026-01-09 03:29:00.593 -06:00 [INF] PressGang: Grand Desert Bandits Horde recruiting 1 Aserai Peasant
2026-01-09 03:29:01.080 -06:00 [INF] PressGang: Grand Looters Horde recruiting 1 Empire Peasant
2026-01-09 03:29:01.201 -06:00 [INF] PressGang: Looters recruiting 1 Vlandian Crossbowman
2026-01-09 03:29:01.702 -06:00 [INF] PressGang: Sea Raiders recruiting 1 Empire Peasant
2026-01-09 03:29:01.750 -06:00 [INF] PressGang: Looters recruiting 1 Vlandia Peasant
2026-01-09 03:29:02.076 -06:00 [INF] PressGang: Grand Looters Horde recruiting 2 Battania Peasant
2026-01-09 03:29:02.363 -06:00 [INF] PressGang: Deserters recruiting 1 Empire Peasant
2026-01-09 03:29:02.566 -06:00 [INF] Daily Tick: Verifying Syndicate War State...
2026-01-09 03:29:02.566 -06:00 [INF] Checking staggered war declarations for Day Index: 3
2026-01-09 03:29:02.569 -06:00 [INF] Spawning Warlord: Eumenys the Boar in Poros (Active: 2, Chance: 20.0%)
2026-01-09 03:29:02.848 -06:00 [INF] PressGang: Thucasys of the Hand's Party recruiting 1 Imperial Infantryman
2026-01-09 03:29:02.849 -06:00 [INF] PressGang: Thucasys of the Hand's Party recruiting 1 Imperial Crossbowman
2026-01-09 03:29:03.048 -06:00 [INF] PressGang: Looters recruiting 1 Aserai Mamluke Regular
2026-01-09 03:29:03.048 -06:00 [INF] PressGang: Steppe Bandits recruiting 1 Aserai Recruit
2026-01-09 03:30:05.127 -06:00 [INF] MERGING: Looters (7) -> Looters (11) [Naval: False]
2026-01-09 03:30:05.128 -06:00 [INF] MERGING: Looters (3) -> Looters (18) [Naval: False]
2026-01-09 03:30:05.129 -06:00 [INF] Total Merges this battle: 2
2026-01-09 03:30:10.409 -06:00 [INF] MERGING: Looters (10) -> Looters (26) [Naval: False]
2026-01-09 03:30:10.410 -06:00 [INF] MERGING: Mountain Bandits (9) -> Looters (36) [Naval: False]
2026-01-09 03:30:10.411 -06:00 [INF] Total Merges this battle: 2
2026-01-09 03:30:11.091 -06:00 [INF] MERGING: Looters (7) -> Looters (8) [Naval: False]
2026-01-09 03:30:11.091 -06:00 [INF] Total Merges this battle: 1
2026-01-09 03:30:12.449 -06:00 [INF] PressGang: Grand Sturgia Horde recruiting 2 Sturgia Peasant
2026-01-09 03:30:13.939 -06:00 [INF] PressGang: Steppe Bandits recruiting 1 Khuzait Peasant
2026-01-09 03:30:14.271 -06:00 [INF] PressGang: Grand Aserai Horde recruiting 1 Harami
2026-01-09 03:30:14.271 -06:00 [INF] PressGang: Grand Aserai Horde recruiting 1 Nomad Bandit
2026-01-09 03:30:14.271 -06:00 [INF] PressGang: Grand Aserai Horde recruiting 1 Bedouin Rover
2026-01-09 03:30:15.061 -06:00 [INF] PressGang: Grand Empire Horde recruiting 1 Imperial Sergeant Crossbowman
2026-01-09 03:30:15.061 -06:00 [INF] PressGang: Grand Empire Horde recruiting 2 Imperial Archer
2026-01-09 03:30:15.061 -06:00 [INF] PressGang: Grand Empire Horde recruiting 1 Imperial Recruit
2026-01-09 03:30:15.109 -06:00 [INF] PressGang: Grand Sturgia Horde recruiting 1 Sturgian Archer
2026-01-09 03:30:15.615 -06:00 [INF] PressGang: Grand Empire Horde recruiting 1 Imperial Militia Archer
2026-01-09 03:30:15.616 -06:00 [INF] PressGang: Grand Empire Horde recruiting 1 Imperial Trained Infantryman
2026-01-09 03:30:16.013 -06:00 [INF] PressGang: Looters recruiting 1 Nord Peasant
2026-01-09 03:30:16.417 -06:00 [INF] PressGang: Sea Raiders recruiting 1 Aserai Convoy Guard
2026-01-09 03:30:16.417 -06:00 [INF] PressGang: Grand Empire Horde recruiting 1 Nord Warrior
2026-01-09 03:30:16.589 -06:00 [INF] PressGang: Grand Looters Horde recruiting 1 Empire Peasant
2026-01-09 03:30:16.815 -06:00 [INF] PressGang: Grand Sturgia Horde recruiting 1 Sturgian Warrior
2026-01-09 03:30:17.663 -06:00 [INF] PressGang: Looters recruiting 1 Empire Peasant
2026-01-09 03:30:17.733 -06:00 [INF] PressGang: Grand Corsairs Horde recruiting 1 Aserai Peasant
2026-01-09 03:30:26.140 -06:00 [INF] PressGang: Grand Looters Horde recruiting 1 Nord Armed Convoy Trader
2026-01-09 03:30:26.140 -06:00 [INF] PressGang: Grand Looters Horde recruiting 1 Imperial Veteran Convoy Guard
2026-01-09 03:30:26.140 -06:00 [INF] PressGang: Grand Looters Horde recruiting 1 Imperial Convoy Guard
2026-01-09 03:30:27.417 -06:00 [INF] PressGang: Grand Looters Horde recruiting 1 Empire Peasant
2026-01-09 03:30:27.670 -06:00 [INF] PressGang: Looters recruiting 1 Imperial Trained Infantryman
2026-01-09 03:30:27.670 -06:00 [INF] PressGang: Looters recruiting 1 Imperial Infantryman
2026-01-09 03:30:27.670 -06:00 [INF] PressGang: Looters recruiting 1 Imperial Crossbowman
2026-01-09 03:30:28.589 -06:00 [INF] PressGang: Grand Looters Horde recruiting 2 Battania Peasant
2026-01-09 03:30:28.589 -06:00 [INF] PressGang: Deserters recruiting 1 Nord Freeman Archer
2026-01-09 03:30:29.324 -06:00 [INF] Daily Tick: Verifying Syndicate War State...
2026-01-09 03:30:29.324 -06:00 [INF] Checking staggered war declarations for Day Index: 4
2026-01-09 03:30:29.525 -06:00 [INF] PressGang: Steppe Bandits recruiting 1 Aserai Recruit
2026-01-09 03:30:29.850 -06:00 [INF] PressGang: Deserters recruiting 1 Empire Peasant
2026-01-09 03:30:30.171 -06:00 [INF] PressGang: Grand Looters Horde recruiting 1 Vlandia Peasant
2026-01-09 03:30:31.133 -06:00 [INF] PressGang: Steppe Bandits recruiting 1 Aserai Peasant
2026-01-09 03:30:51.106 -06:00 [INF] MERGING: Looters (12) -> Deserters (18) [Naval: False]
2026-01-09 03:30:51.107 -06:00 [INF] Total Merges this battle: 1
2026-01-09 03:30:53.025 -06:00 [INF] MERGING: Looters (13) -> Looters (15) [Naval: False]
2026-01-09 03:30:53.025 -06:00 [INF] MERGING: Looters (11) -> Looters (28) [Naval: False]
2026-01-09 03:30:53.025 -06:00 [INF] Total Merges this battle: 2
2026-01-09 03:30:53.089 -06:00 [INF] PressGang: Steppe Bandits recruiting 2 Khuzait Peasant
2026-01-09 03:30:53.526 -06:00 [INF] PressGang: Grand Sturgia Horde recruiting 1 Sturgian Recruit
2026-01-09 03:30:53.526 -06:00 [INF] PressGang: Grand Sturgia Horde recruiting 1 Sturgian Hardened Brigand
2026-01-09 03:30:54.863 -06:00 [INF] MERGING: Looters (4) -> Looters (15) [Naval: False]
2026-01-09 03:30:54.865 -06:00 [INF] Total Merges this battle: 1
2026-01-09 03:30:56.050 -06:00 [INF] PressGang: Grand Empire Horde recruiting 1 Imperial Armed Trader
2026-01-09 03:30:56.050 -06:00 [INF] PressGang: Grand Empire Horde recruiting 1 Forest Bandit
2026-01-09 03:30:56.050 -06:00 [INF] PressGang: Grand Empire Horde recruiting 1 Imperial Militia Spearman
2026-01-09 03:30:56.050 -06:00 [INF] PressGang: Grand Empire Horde recruiting 2 Imperial Cataphract
2026-01-09 03:30:56.050 -06:00 [INF] PressGang: Grand Empire Horde recruiting 1 Imperial Trained Infantryman
2026-01-09 03:30:56.050 -06:00 [INF] PressGang: Grand Empire Horde recruiting 1 Imperial Equite
2026-01-09 03:30:56.051 -06:00 [INF] PressGang: Grand Sturgia Horde recruiting 1 Varyag Veteran
2026-01-09 03:30:56.235 -06:00 [INF] MERGING: Looters (8) -> Looters (10) [Naval: False]
2026-01-09 03:30:56.235 -06:00 [INF] Total Merges this battle: 1
2026-01-09 03:30:57.002 -06:00 [INF] PressGang: Grand Corsairs Horde recruiting 1 Imperial Legionary
2026-01-09 03:30:57.002 -06:00 [INF] PressGang: Grand Corsairs Horde recruiting 1 Imperial Shipmate
2026-01-09 03:30:57.002 -06:00 [INF] PressGang: Grand Corsairs Horde recruiting 1 Imperial Naute
2026-01-09 03:30:57.068 -06:00 [INF] PressGang: Grand Aserai Horde recruiting 2 Aserai Mamluke Soldier
2026-01-09 03:30:57.324 -06:00 [INF] PressGang: Sea Raiders recruiting 1 Aserai Convoy Guard
2026-01-09 03:30:57.324 -06:00 [INF] PressGang: Grand Empire Horde recruiting 1 Nord Warrior
2026-01-09 03:30:57.324 -06:00 [INF] PressGang: Grand Empire Horde recruiting 1 Nord Shield-Companion
2026-01-09 03:30:57.901 -06:00 [INF] PressGang: Steppe Bandits recruiting 1 Aserai Peasant
2026-01-09 03:34:42.045 -06:00 [INF] PressGang: Grand Aserai Horde recruiting 1 Aserai Veteran Caravan Guard
2026-01-09 03:34:42.045 -06:00 [INF] PressGang: Grand Aserai Horde recruiting 1 Aserai Caravan Guard
2026-01-09 03:34:42.045 -06:00 [INF] PressGang: Grand Aserai Horde recruiting 1 Aserai Armed Trader
2026-01-09 03:34:42.442 -06:00 [INF] PressGang: Grand Looters Horde recruiting 1 Nord Veteran Convoy Guard
2026-01-09 03:34:42.442 -06:00 [INF] PressGang: Grand Looters Horde recruiting 1 Imperial Veteran Convoy Guard
2026-01-09 03:34:42.442 -06:00 [INF] PressGang: Grand Looters Horde recruiting 2 Imperial Armed Convoy Trader
2026-01-09 03:34:42.575 -06:00 [INF] PressGang: Grand Aserai Horde recruiting 1 Aserai Peasant
2026-01-09 03:34:43.384 -06:00 [INF] MERGING: Forest Bandits (9) -> Forest Bandits (10) [Naval: False]
2026-01-09 03:34:43.384 -06:00 [INF] Total Merges this battle: 1
2026-01-09 03:34:43.927 -06:00 [INF] PressGang: Desert Bandits recruiting 1 Aserai Peasant
2026-01-09 03:34:43.994 -06:00 [INF] PressGang: Looters recruiting 1 Vlandian Crossbowman
2026-01-09 03:34:44.131 -06:00 [INF] PressGang: Deserters recruiting 1 Imperial Infantryman
2026-01-09 03:34:44.471 -06:00 [INF] PressGang: Looters recruiting 1 Aserai Peasant
2026-01-09 03:34:44.471 -06:00 [INF] PressGang: Sea Raiders recruiting 1 Imperial Crossbowman
2026-01-09 03:34:44.601 -06:00 [INF] MERGING: Looters (18) -> Looters (19) [Naval: False]
2026-01-09 03:34:44.601 -06:00 [INF] Total Merges this battle: 1
2026-01-09 03:34:44.732 -06:00 [INF] PressGang: Deserters recruiting 1 Nord Warrior
2026-01-09 03:34:45.194 -06:00 [INF] PressGang: Looters recruiting 1 Empire Peasant
2026-01-09 03:34:45.527 -06:00 [INF] Found 1 stuck Syndicate Warlords. Redeploying...
2026-01-09 03:34:45.528 -06:00 [INF] PressGang: Looters recruiting 1 Aserai Faris
2026-01-09 03:34:45.846 -06:00 [INF] PressGang: Deserters recruiting 1 Empire Peasant
2026-01-09 03:34:45.911 -06:00 [INF] Daily Tick: Verifying Syndicate War State...
2026-01-09 03:34:45.911 -06:00 [INF] Checking staggered war declarations for Day Index: 5
2026-01-09 03:34:45.975 -06:00 [INF] PressGang: Looters recruiting 1 Vlandian Recruit
2026-01-09 03:34:46.108 -06:00 [INF] PressGang: Steppe Bandits recruiting 1 Khuzait Lancer
2026-01-09 03:34:46.377 -06:00 [INF] Found 1 stuck Syndicate Warlords. Redeploying...
2026-01-09 03:34:47.012 -06:00 [INF] PressGang: Steppe Bandits recruiting 2 Aserai Peasant
2026-01-09 03:34:47.147 -06:00 [INF] Found 1 stuck Syndicate Warlords. Redeploying...
2026-01-09 03:34:47.990 -06:00 [INF] Found 1 stuck Syndicate Warlords. Redeploying...
2026-01-09 03:34:48.564 -06:00 [INF] MERGING: Looters (6) -> Looters (8) [Naval: False]
2026-01-09 03:34:48.564 -06:00 [INF] Total Merges this battle: 1
2026-01-09 03:34:48.820 -06:00 [INF] Found 1 stuck Syndicate Warlords. Redeploying...
2026-01-09 03:34:49.668 -06:00 [INF] Found 1 stuck Syndicate Warlords. Redeploying...
2026-01-09 03:34:49.714 -06:00 [INF] PressGang: Mountain Bandits recruiting 1 Empire Peasant
2026-01-09 03:35:38.337 -06:00 [INF] Found 1 stuck Syndicate Warlords. Redeploying...
2026-01-09 03:35:39.203 -06:00 [INF] Found 1 stuck Syndicate Warlords. Redeploying...
2026-01-09 03:35:48.993 -06:00 [INF] Found 3 stuck Syndicate Warlords. Redeploying...
2026-01-09 03:35:49.818 -06:00 [INF] Found 3 stuck Syndicate Warlords. Redeploying...
2026-01-09 03:35:49.818 -06:00 [INF] Redeploying Thera the Exile to Hideout...
2026-01-09 03:35:49.818 -06:00 [INF] Redeploying Cadfin Blacktooth to Hideout...
2026-01-09 03:35:50.682 -06:00 [INF] Found 1 stuck Syndicate Warlords. Redeploying...
2026-01-09 03:35:51.504 -06:00 [INF] Found 1 stuck Syndicate Warlords. Redeploying...
2026-01-09 03:35:51.504 -06:00 [INF] Redeploying Vanther the Shark to Hideout...
2026-01-09 03:35:52.706 -06:00 [INF] MERGING: Looters (6) -> Looters (12) [Naval: False]
2026-01-09 03:35:52.707 -06:00 [INF] Total Merges this battle: 1
2026-01-09 03:35:53.528 -06:00 [INF] PressGang: Steppe Bandits recruiting 2 Khuzait Peasant
2026-01-09 03:35:55.327 -06:00 [INF] PressGang: Steppe Bandits recruiting 1 Khuzait Peasant
2026-01-09 03:35:56.420 -06:00 [INF] PressGang: Grand Empire Horde recruiting 1 Imperial Archer
2026-01-09 03:35:56.421 -06:00 [INF] PressGang: Grand Sturgia Horde recruiting 1 Sturgian Soldier
2026-01-09 03:35:56.421 -06:00 [INF] PressGang: Grand Sturgia Horde recruiting 1 Sturgia Peasant
2026-01-09 03:35:56.886 -06:00 [INF] PressGang: Grand Empire Horde recruiting 1 Imperial Trained Archer
2026-01-09 03:35:56.886 -06:00 [INF] PressGang: Grand Empire Horde recruiting 1 Imperial Trained Infantryman
2026-01-09 03:35:56.886 -06:00 [INF] PressGang: Grand Empire Horde recruiting 1 Imperial Equite
2026-01-09 03:35:57.233 -06:00 [INF] PressGang: Grand Desert Bandits Horde recruiting 1 Aserai Peasant
2026-01-09 03:35:57.291 -06:00 [INF] PressGang: Grand Corsairs Horde recruiting 2 Imperial Coast Guard
2026-01-09 03:35:57.691 -06:00 [INF] PressGang: Looters recruiting 1 Aserai Peasant
2026-01-09 03:35:57.750 -06:00 [INF] MERGING: Steppe Bandits (20) -> Steppe Bandits (24) [Naval: False]
2026-01-09 03:35:57.751 -06:00 [INF] Total Merges this battle: 1
2026-01-09 03:35:57.754 -06:00 [INF] PressGang: Grand Looters Horde recruiting 1 Sturgia Peasant
2026-01-09 03:35:57.925 -06:00 [INF] PressGang: Grand Looters Horde recruiting 2 Imperial Infantryman
2026-01-09 03:35:57.927 -06:00 [INF] PressGang: Grand Sturgia Horde recruiting 1 Sturgian Soldier
2026-01-09 03:35:57.927 -06:00 [INF] PressGang: Grand Sturgia Horde recruiting 1 Sturgia Peasant
2026-01-09 03:35:58.386 -06:00 [INF] PressGang: Corsairs recruiting 1 Imperial Naute
2026-01-09 03:35:59.020 -06:00 [INF] PressGang: Grand Looters Horde recruiting 1 Nord Veteran Convoy Guard
2026-01-09 03:35:59.020 -06:00 [INF] PressGang: Grand Looters Horde recruiting 3 Imperial Convoy Guard
2026-01-09 03:35:59.020 -06:00 [INF] PressGang: Grand Looters Horde recruiting 1 Imperial Armed Convoy Trader
2026-01-09 03:35:59.426 -06:00 [INF] PressGang: Grand Empire Horde recruiting 1 Empire Peasant
2026-01-09 03:35:59.946 -06:00 [INF] PressGang: Looters recruiting 2 Battania Peasant
2026-01-09 03:36:00.300 -06:00 [INF] PressGang: Grand Looters Horde recruiting 1 Empire Peasant
2026-01-09 03:36:00.582 -06:00 [INF] PressGang: Deserters recruiting 1 Empire Peasant
2026-01-09 03:36:00.638 -06:00 [INF] MERGING: Looters (11) -> Looters (37) [Naval: False]
2026-01-09 03:36:00.638 -06:00 [INF] Total Merges this battle: 1
2026-01-09 03:36:00.928 -06:00 [INF] PressGang: Looters recruiting 1 Vlandia Peasant
2026-01-09 03:36:01.592 -06:00 [INF] PressGang: Deserters recruiting 1 Empire Peasant
2026-01-09 03:36:01.709 -06:00 [INF] PressGang: Looters recruiting 1 Empire Peasant
2026-01-09 03:36:01.836 -06:00 [INF] PressGang: Grand Empire Horde recruiting 1 Imperial Bucellarii
2026-01-09 03:36:01.836 -06:00 [INF] PressGang: Grand Empire Horde recruiting 1 Imperial Palatine Guard
2026-01-09 03:36:01.836 -06:00 [INF] PressGang: Grand Empire Horde recruiting 3 Looter
2026-01-09 03:36:01.897 -06:00 [INF] MERGING: Sea Raiders (16) -> Sea Raiders (30) [Naval: True]
2026-01-09 03:36:01.897 -06:00 [INF] Total Merges this battle: 1
2026-01-09 03:36:01.957 -06:00 [INF] PressGang: Looters recruiting 1 Aserai Faris
2026-01-09 03:36:02.081 -06:00 [INF] PressGang: Looters recruiting 1 Aserai Peasant
2026-01-09 03:36:02.513 -06:00 [INF] PressGang: Steppe Bandits recruiting 1 Khuzait Horseman
2026-01-09 03:36:02.815 -06:00 [INF] Daily Tick: Verifying Syndicate War State...
2026-01-09 03:36:02.815 -06:00 [INF] Checking staggered war declarations for Day Index: 0
2026-01-09 03:36:03.480 -06:00 [INF] PressGang: Steppe Bandits recruiting 1 Aserai Peasant
2026-01-09 03:36:04.685 -06:00 [INF] PressGang: Steppe Bandits recruiting 1 Aserai Peasant
2026-01-09 03:36:04.806 -06:00 [INF] PressGang: Deserters recruiting 1 Nord Youngling
2026-01-09 03:36:05.227 -06:00 [INF] PressGang: Grand Steppe Bandits Horde recruiting 1 Aserai Peasant
2026-01-09 03:36:06.081 -06:00 [INF] MERGING: Looters (8) -> Looters (12) [Naval: False]
2026-01-09 03:36:06.081 -06:00 [INF] Total Merges this battle: 1
2026-01-09 03:36:08.591 -06:00 [INF] MERGING: Steppe Bandits (11) -> Grand Steppe Bandits Horde (45) [Naval: False]
2026-01-09 03:36:08.591 -06:00 [INF] Total Merges this battle: 1
2026-01-09 03:36:09.092 -06:00 [INF] Found 1 stuck Syndicate Warlords. Redeploying...
2026-01-09 03:36:09.896 -06:00 [INF] Found 1 stuck Syndicate Warlords. Redeploying...
2026-01-09 03:36:10.746 -06:00 [INF] Found 1 stuck Syndicate Warlords. Redeploying...
2026-01-09 03:36:10.863 -06:00 [INF] MERGING: Looters (12) -> Deserters (22) [Naval: False]
2026-01-09 03:36:10.863 -06:00 [INF] MERGING: Looters (9) -> Deserters (34) [Naval: False]
2026-01-09 03:36:10.863 -06:00 [INF] Total Merges this battle: 2
2026-01-09 03:36:11.547 -06:00 [INF] Found 1 stuck Syndicate Warlords. Redeploying...
2026-01-09 03:36:12.403 -06:00 [INF] Found 1 stuck Syndicate Warlords. Redeploying...
2026-01-09 03:36:13.258 -06:00 [INF] Found 1 stuck Syndicate Warlords. Redeploying...
2026-01-09 03:36:13.625 -06:00 [INF] PressGang: Steppe Bandits recruiting 2 Khuzait Peasant
2026-01-09 03:36:13.928 -06:00 [INF] PressGang: Grand Sturgia Horde recruiting 1 Sturgia Peasant
2026-01-09 03:36:14.222 -06:00 [INF] Found 1 stuck Syndicate Warlords. Redeploying...
2026-01-09 03:36:14.236 -06:00 [INF] PressGang: Grand Sturgia Horde recruiting 1 Sturgian Armed Trader
2026-01-09 03:36:15.020 -06:00 [INF] Found 1 stuck Syndicate Warlords. Redeploying...
2026-01-09 03:36:15.071 -06:00 [INF] PressGang: Looters recruiting 3 Nord Peasant
2026-01-09 03:36:15.365 -06:00 [INF] PressGang: Steppe Bandits recruiting 1 Khuzait Peasant
2026-01-09 03:36:15.852 -06:00 [INF] Found 1 stuck Syndicate Warlords. Redeploying...
2026-01-09 03:36:15.852 -06:00 [INF] Redeploying Thera the Exile to Hideout...
2026-01-09 03:36:15.903 -06:00 [INF] PressGang: Grand Looters Horde recruiting 1 Nord War-Proven
2026-01-09 03:36:15.903 -06:00 [INF] PressGang: Grand Looters Horde recruiting 1 Nord Huntsman
2026-01-09 03:36:15.903 -06:00 [INF] PressGang: Grand Looters Horde recruiting 2 Nord Warrior
2026-01-09 03:36:15.903 -06:00 [INF] PressGang: Grand Looters Horde recruiting 2 Aserai Convoy Guard
2026-01-09 03:36:15.903 -06:00 [INF] PressGang: Grand Looters Horde recruiting 1 Nord Berserkir
2026-01-09 03:36:16.443 -06:00 [INF] PressGang: Grand Empire Horde recruiting 1 Khuzait Nomad
2026-01-09 03:36:16.443 -06:00 [INF] PressGang: Grand Empire Horde recruiting 1 Imperial Vigla Recruit
2026-01-09 03:36:16.443 -06:00 [INF] PressGang: Grand Empire Horde recruiting 1 Imperial Archer
2026-01-09 03:36:16.443 -06:00 [INF] PressGang: Grand Empire Horde recruiting 1 Imperial Heavy Horseman
2026-01-09 03:36:16.503 -06:00 [INF] PressGang: Grand Sturgia Horde recruiting 1 Sturgian Soldier
2026-01-09 03:36:16.927 -06:00 [INF] PressGang: Grand Empire Horde recruiting 1 Looter
2026-01-09 03:36:16.927 -06:00 [INF] PressGang: Grand Empire Horde recruiting 1 Imperial Veteran Caravan Guard
2026-01-09 03:36:17.593 -06:00 [INF] PressGang: Grand Empire Horde recruiting 1 Nord Axe Warrior
2026-01-09 03:36:17.896 -06:00 [INF] PressGang: Grand Looters Horde recruiting 2 Imperial Bucellarii
2026-01-09 03:36:19.410 -06:00 [INF] PressGang: Grand Empire Horde recruiting 3 Imperial Infantryman
2026-01-09 03:36:19.897 -06:00 [INF] PressGang: Looters recruiting 1 Battania Peasant
2026-01-09 03:36:21.111 -06:00 [INF] PressGang: Grand Looters Horde recruiting 2 Sturgian Veteran Caravan Guard
2026-01-09 03:36:21.111 -06:00 [INF] PressGang: Deserters recruiting 1 Nord Warrior
2026-01-09 03:36:21.475 -06:00 [INF] PressGang: Deserters recruiting 1 Empire Peasant
2026-01-09 03:36:21.535 -06:00 [INF] PressGang: Looters recruiting 1 Empire Peasant
2026-01-09 03:36:21.664 -06:00 [INF] PressGang: Grand Empire Horde recruiting 1 Brigand
2026-01-09 03:36:21.664 -06:00 [INF] PressGang: Grand Empire Horde recruiting 1 Hillman
2026-01-09 03:36:21.664 -06:00 [INF] PressGang: Grand Empire Horde recruiting 1 Imperial Vigla Recruit
2026-01-09 03:36:21.897 -06:00 [INF] PressGang: Grand Looters Horde recruiting 2 Aserai Peasant
2026-01-09 03:36:31.096 -06:00 [INF] PressGang: Grand Looters Horde recruiting 1 Imperial Coast Guard
2026-01-09 03:36:31.096 -06:00 [INF] PressGang: Grand Looters Horde recruiting 1 Vlandian Gallant
2026-01-09 03:36:31.097 -06:00 [INF] PressGang: Grand Looters Horde recruiting 1 Vlandia Peasant
2026-01-09 03:36:31.227 -06:00 [INF] MERGING: Sea Raiders (15) -> Sea Raiders (28) [Naval: True]
2026-01-09 03:36:31.227 -06:00 [INF] Total Merges this battle: 1
2026-01-09 03:36:31.460 -06:00 [INF] PressGang: Grand Empire Horde recruiting 1 Empire Peasant
2026-01-09 03:36:31.642 -06:00 [INF] Daily Tick: Verifying Syndicate War State...
2026-01-09 03:36:31.642 -06:00 [INF] Checking staggered war declarations for Day Index: 1
2026-01-09 03:36:33.407 -06:00 [INF] PressGang: Cadfin Blacktooth's Party recruiting 2 Empire Peasant
2026-01-09 03:36:33.525 -06:00 [INF] PressGang: Grand Steppe Bandits Horde recruiting 1 Aserai Peasant
2026-01-09 03:36:46.686 -06:00 [INF] MERGING: Desert Bandits (8) -> Desert Bandits (21) [Naval: False]
2026-01-09 03:36:46.686 -06:00 [INF] Total Merges this battle: 1
2026-01-09 03:36:51.529 -06:00 [INF] MERGING: Looters (10) -> Looters (13) [Naval: False]
2026-01-09 03:36:51.529 -06:00 [INF] Total Merges this battle: 1
2026-01-09 03:36:51.730 -06:00 [INF] MERGING: Looters (6) -> Looters (7) [Naval: False]
2026-01-09 03:36:51.730 -06:00 [INF] Total Merges this battle: 1
2026-01-09 03:36:52.662 -06:00 [INF] PressGang: Grand Sturgia Horde recruiting 2 Sturgian Recruit
2026-01-09 03:36:52.986 -06:00 [INF] PressGang: Grand Sturgia Horde recruiting 1 Sturgian Caravan Guard
2026-01-09 03:36:52.986 -06:00 [INF] PressGang: Grand Sturgia Horde recruiting 3 Looter
2026-01-09 03:36:54.594 -06:00 [INF] PressGang: Grand Looters Horde recruiting 3 Nord Huntsman
2026-01-09 03:36:54.594 -06:00 [INF] PressGang: Grand Looters Horde recruiting 1 Nord Shield Biters
2026-01-09 03:36:54.594 -06:00 [INF] PressGang: Grand Looters Horde recruiting 2 Nord Warrior
2026-01-09 03:36:54.594 -06:00 [INF] PressGang: Grand Looters Horde recruiting 2 Nord Youngling
2026-01-09 03:36:54.594 -06:00 [INF] PressGang: Grand Looters Horde recruiting 1 Aserai Armed Convoy Trader
2026-01-09 03:36:55.151 -06:00 [INF] PressGang: Grand Empire Horde recruiting 1 Imperial Recruit (Rank 1)
2026-01-09 03:36:55.151 -06:00 [INF] PressGang: Grand Empire Horde recruiting 1 Imperial Infantryman
2026-01-09 03:36:55.588 -06:00 [INF] PressGang: Grand Empire Horde recruiting 1 Looter
2026-01-09 03:37:16.613 -06:00 [INF] PressGang: Grand Desert Bandits Horde recruiting 2 Aserai Peasant
2026-01-09 03:37:16.913 -06:00 [INF] PressGang: Grand Empire Horde recruiting 1 Nord Berserkir
2026-01-09 03:37:16.913 -06:00 [INF] PressGang: Grand Empire Horde recruiting 1 Nord Freeman Archer
2026-01-09 03:37:16.913 -06:00 [INF] PressGang: Grand Empire Horde recruiting 2 Nord Peasant
2026-01-09 03:37:18.253 -06:00 [INF] PressGang: Grand Looters Horde recruiting 1 Nord Armed Convoy Trader
2026-01-09 03:37:18.253 -06:00 [INF] PressGang: Grand Looters Horde recruiting 1 Imperial Veteran Convoy Guard
2026-01-09 03:37:18.253 -06:00 [INF] PressGang: Grand Looters Horde recruiting 1 Imperial Armed Convoy Trader
2026-01-09 03:37:18.253 -06:00 [INF] PressGang: Grand Looters Horde recruiting 2 Aserai Convoy Guard
2026-01-09 03:37:18.585 -06:00 [INF] PressGang: Desert Bandits recruiting 1 Aserai Peasant
2026-01-09 03:37:18.613 -06:00 [INF] PressGang: Grand Empire Horde recruiting 1 Imperial Cataphract
2026-01-09 03:37:19.433 -06:00 [INF] PressGang: Deserters recruiting 1 Elite Mercenary Maceman
2026-01-09 03:37:19.433 -06:00 [INF] PressGang: Deserters recruiting 4 Sisterhood Follower
2026-01-09 03:37:19.433 -06:00 [INF] PressGang: Deserters recruiting 2 Aserai Caravan Guard
2026-01-09 03:37:19.433 -06:00 [INF] PressGang: Deserters recruiting 1 Aserai Armed Trader
2026-01-09 03:37:19.433 -06:00 [INF] PressGang: Deserters recruiting 1 Mercenary Maceman
2026-01-09 03:37:19.433 -06:00 [INF] PressGang: Deserters recruiting 1 Imperial Caravan Guard
2026-01-09 03:37:19.434 -06:00 [INF] PressGang: Deserters recruiting 1 Khuzait Caravan Guard
2026-01-09 03:37:19.434 -06:00 [INF] PressGang: Deserters recruiting 1 Khuzait Armed Trader
2026-01-09 03:37:19.542 -06:00 [INF] PressGang: Desert Bandits recruiting 1 Aserai Peasant
2026-01-09 03:37:19.825 -06:00 [INF] PressGang: Desert Bandits recruiting 1 Aserai Peasant
2026-01-09 03:37:19.985 -06:00 [INF] PressGang: Looters recruiting 1 Nord Peasant
2026-01-09 03:37:20.309 -06:00 [INF] PressGang: Looters recruiting 1 Sturgian Soldier
2026-01-09 03:37:20.790 -06:00 [INF] PressGang: Grand Empire Horde recruiting 1 Empire Peasant
2026-01-09 03:37:20.790 -06:00 [INF] PressGang: Grand Empire Horde recruiting 2 Looter
2026-01-09 03:37:20.831 -06:00 [INF] PressGang: Grand Corsairs Horde recruiting 1 Imperial Naute
2026-01-09 03:37:21.040 -06:00 [INF] PressGang: Grand Looters Horde recruiting 1 Aserai Peasant
2026-01-09 03:37:21.472 -06:00 [INF] PressGang: Grand Looters Horde recruiting 1 Imperial Naute
2026-01-09 03:37:21.793 -06:00 [INF] PressGang: Grand Empire Horde recruiting 1 Empire Peasant
2026-01-09 03:37:22.318 -06:00 [INF] Daily Tick: Verifying Syndicate War State...
2026-01-09 03:37:22.318 -06:00 [INF] Checking staggered war declarations for Day Index: 2
2026-01-09 03:37:22.518 -06:00 [INF] PressGang: Looters recruiting 2 Empire Peasant
2026-01-09 03:37:23.175 -06:00 [INF] PressGang: Looters recruiting 1 Aserai Peasant
2026-01-09 03:37:23.494 -06:00 [INF] PressGang: Cadfin Blacktooth's Party recruiting 1 Empire Peasant
2026-01-09 03:37:23.494 -06:00 [INF] PressGang: Vanther the Shark's Party recruiting 2 Battania Peasant
2026-01-09 03:37:23.555 -06:00 [INF] MERGING: Deserters (22) -> Looters (22) [Naval: False]
2026-01-09 03:37:23.555 -06:00 [INF] MERGING: Looters (17) -> Grand Looters Horde (44) [Naval: False]
2026-01-09 03:37:23.555 -06:00 [INF] Total Merges this battle: 2
2026-01-09 03:37:23.604 -06:00 [INF] PressGang: Grand Steppe Bandits Horde recruiting 3 Aserai Peasant
2026-01-09 03:37:23.708 -06:00 [INF] PressGang: Grand Sea Raiders Horde recruiting 1 Sturgia Peasant
2026-01-09 03:37:41.238 -06:00 [INF] MERGING: Mountain Bandits (9) -> Deserters (17) [Naval: False]
2026-01-09 03:37:41.238 -06:00 [INF] Total Merges this battle: 1
2026-01-09 03:37:43.798 -06:00 [INF] PressGang: Grand Sturgia Horde recruiting 1 Sisterhood Follower
2026-01-09 03:37:43.798 -06:00 [INF] PressGang: Grand Sturgia Horde recruiting 1 Sturgia Peasant
2026-01-09 03:37:44.584 -06:00 [INF] PressGang: Looters recruiting 2 Nord Peasant
2026-01-09 03:37:44.870 -06:00 [INF] PressGang: Steppe Bandits recruiting 1 Khuzait Peasant
2026-01-09 03:37:45.393 -06:00 [INF] PressGang: Grand Looters Horde recruiting 2 Nord Youngling
2026-01-09 03:37:45.393 -06:00 [INF] PressGang: Grand Looters Horde recruiting 1 Aserai Armed Convoy Trader
2026-01-09 03:37:45.393 -06:00 [INF] PressGang: Grand Looters Horde recruiting 1 Nord Huntsman (Rank 1)
2026-01-09 03:37:45.393 -06:00 [INF] PressGang: Grand Looters Horde recruiting 1 Nord Sky-Gods Chosen
2026-01-09 03:37:45.914 -06:00 [INF] PressGang: Grand Empire Horde recruiting 1 Hillman
2026-01-09 03:37:45.914 -06:00 [INF] PressGang: Grand Empire Horde recruiting 1 Imperial Equite
2026-01-09 03:37:46.381 -06:00 [INF] PressGang: Grand Empire Horde recruiting 1 Imperial Crossbowman
2026-01-09 03:37:46.381 -06:00 [INF] PressGang: Grand Empire Horde recruiting 1 Looter
2026-01-09 03:37:47.094 -06:00 [INF] PressGang: Grand Empire Horde recruiting 1 Nord Shield Biters
2026-01-09 03:37:47.325 -06:00 [INF] PressGang: Grand Looters Horde recruiting 1 Imperial Infantryman
2026-01-09 03:37:48.347 -06:00 [INF] PressGang: Grand Looters Horde recruiting 2 Nord Veteran Convoy Guard
2026-01-09 03:37:48.347 -06:00 [INF] PressGang: Grand Looters Horde recruiting 1 Nord Convoy Guard
2026-01-09 03:37:48.347 -06:00 [INF] PressGang: Grand Looters Horde recruiting 1 Aserai Veteran Convoy Guard
2026-01-09 03:37:48.347 -06:00 [INF] PressGang: Grand Looters Horde recruiting 1 Aserai Armed Convoy Trader
2026-01-09 03:37:48.645 -06:00 [INF] MERGING: Steppe Bandits (16) -> Steppe Bandits (26) [Naval: False]
2026-01-09 03:37:48.646 -06:00 [INF] MERGING: Looters (11) -> Grand Steppe Bandits Horde (42) [Naval: False]
2026-01-09 03:37:48.646 -06:00 [INF] Total Merges this battle: 2
2026-01-09 03:37:48.702 -06:00 [INF] PressGang: Grand Empire Horde recruiting 3 Imperial Infantryman
2026-01-09 03:37:49.133 -06:00 [INF] PressGang: Looters recruiting 1 Battania Peasant
2026-01-09 03:37:49.442 -06:00 [INF] PressGang: Grand Looters Horde recruiting 1 Sellsword
2026-01-09 03:37:49.442 -06:00 [INF] PressGang: Grand Looters Horde recruiting 1 Mercenary Maceman
2026-01-09 03:37:49.442 -06:00 [INF] PressGang: Grand Looters Horde recruiting 2 Khuzait Veteran Caravan Guard
2026-01-09 03:37:49.442 -06:00 [INF] PressGang: Grand Looters Horde recruiting 2 Khuzait Caravan Guard
2026-01-09 03:37:49.442 -06:00 [INF] PressGang: Grand Looters Horde recruiting 1 Outrider
2026-01-09 03:37:50.591 -06:00 [INF] PressGang: Looters recruiting 1 Aserai Peasant
2026-01-09 03:37:50.898 -06:00 [INF] PressGang: Steppe Bandits recruiting 1 Khuzait Peasant
2026-01-09 03:37:51.504 -06:00 [INF] PressGang: Looters recruiting 1 Imperial Infantryman
2026-01-09 03:37:51.626 -06:00 [INF] MERGING: Mountain Bandits (11) -> Deserters (17) [Naval: False]
2026-01-09 03:37:51.627 -06:00 [INF] MERGING: Mountain Bandits (8) -> Deserters (28) [Naval: False]
2026-01-09 03:37:51.627 -06:00 [INF] Total Merges this battle: 2
2026-01-09 03:37:51.628 -06:00 [INF] PressGang: Grand Empire Horde recruiting 1 Sea Raider Chief
2026-01-09 03:37:51.628 -06:00 [INF] PressGang: Grand Empire Horde recruiting 1 Sea Raider Warrior
2026-01-09 03:37:52.175 -06:00 [INF] PressGang: Grand Looters Horde recruiting 1 Sturgia Peasant
2026-01-09 03:37:52.296 -06:00 [INF] PressGang: Deserters recruiting 1 Empire Peasant
2026-01-09 03:37:52.542 -06:00 [INF] Daily Tick: Verifying Syndicate War State...
2026-01-09 03:37:52.542 -06:00 [INF] Checking staggered war declarations for Day Index: 3
2026-01-09 03:37:53.335 -06:00 [INF] PressGang: Mountain Bandits recruiting 2 Empire Peasant
2026-01-09 03:37:53.335 -06:00 [INF] PressGang: Grand Steppe Bandits Horde recruiting 3 Aserai Peasant
2026-01-09 03:37:53.458 -06:00 [INF] PressGang: Deserters recruiting 1 Vlandia Peasant
2026-01-09 03:37:53.769 -06:00 [INF] PressGang: Grand Looters Horde recruiting 1 Empire Peasant
2026-01-09 03:37:53.884 -06:00 [INF] MERGING: Deserters (16) -> Mountain Bandits (16) [Naval: False]
2026-01-09 03:37:53.885 -06:00 [INF] Total Merges this battle: 1
2026-01-09 03:37:53.886 -06:00 [INF] MERGING: Deserters (19) -> Deserters (21) [Naval: False]
2026-01-09 03:37:53.886 -06:00 [INF] Total Merges this battle: 1
2026-01-09 03:37:54.674 -06:00 [INF] PressGang: Deserters recruiting 1 Empire Peasant
2026-01-09 03:38:03.503 -06:00 [INF] PressGang: Grand Sturgia Horde recruiting 1 Sturgian Brigand
2026-01-09 03:38:04.578 -06:00 [INF] PressGang: Looters recruiting 1 Nord Peasant
2026-01-09 03:38:05.061 -06:00 [INF] MERGING: Steppe Bandits (9) -> Looters (12) [Naval: False]
2026-01-09 03:38:05.061 -06:00 [INF] Total Merges this battle: 1
2026-01-09 03:38:05.425 -06:00 [INF] PressGang: Grand Looters Horde recruiting 1 Nord Warrior
2026-01-09 03:38:05.906 -06:00 [INF] PressGang: Grand Empire Horde recruiting 1 Imperial Trained Archer
2026-01-09 03:38:06.390 -06:00 [INF] PressGang: Grand Empire Horde recruiting 1 Looter
2026-01-09 03:38:06.684 -06:00 [INF] MERGING: Deserters (14) -> Deserters (15) [Naval: False]
2026-01-09 03:38:06.685 -06:00 [INF] Total Merges this battle: 1
2026-01-09 03:38:07.048 -06:00 [INF] PressGang: Grand Empire Horde recruiting 1 Nord Shield Biters
2026-01-09 03:38:07.110 -06:00 [INF] PressGang: Looters recruiting 1 Aserai Peasant
2026-01-09 03:38:07.291 -06:00 [INF] PressGang: Grand Looters Horde recruiting 1 Imperial Crossbowman
2026-01-09 03:38:08.014 -06:00 [INF] PressGang: Grand Empire Horde recruiting 1 Imperial Archer
2026-01-09 03:38:08.014 -06:00 [INF] PressGang: Grand Empire Horde recruiting 1 Imperial Crossbowman
2026-01-09 03:38:08.256 -06:00 [INF] PressGang: Grand Looters Horde recruiting 2 Imperial Convoy Guard
2026-01-09 03:38:08.616 -06:00 [INF] PressGang: Grand Empire Horde recruiting 1 Imperial Trained Infantryman
2026-01-09 03:38:09.412 -06:00 [INF] PressGang: Grand Looters Horde recruiting 1 Sellsword
2026-01-09 03:38:09.412 -06:00 [INF] PressGang: Grand Looters Horde recruiting 1 Khuzait Caravan Guard
2026-01-09 03:38:09.473 -06:00 [INF] PressGang: Sea Raiders recruiting 1 Nord Peasant
2026-01-09 03:38:09.894 -06:00 [INF] PressGang: Looters recruiting 1 Nord Peasant
2026-01-09 03:38:10.073 -06:00 [INF] PressGang: Corsairs recruiting 1 Imperial Coast Guard
2026-01-09 03:38:10.619 -06:00 [INF] PressGang: Grand Corsairs Horde recruiting 1 Imperial Naute
2026-01-09 03:38:10.736 -06:00 [INF] PressGang: Looters recruiting 1 Aserai Mamluke Cavalry
2026-01-09 03:38:11.509 -06:00 [INF] MERGING: Looters (7) -> Looters (8) [Naval: False]
2026-01-09 03:38:11.510 -06:00 [INF] Total Merges this battle: 1
2026-01-09 03:38:11.626 -06:00 [INF] PressGang: Sea Raiders recruiting 1 Nord Peasant
2026-01-09 03:38:11.867 -06:00 [INF] PressGang: Looters recruiting 1 Empire Peasant
2026-01-09 03:38:11.868 -06:00 [INF] PressGang: Steppe Bandits recruiting 1 Khuzait Peasant
2026-01-09 03:38:11.991 -06:00 [INF] PressGang: Grand Looters Horde recruiting 4 Sturgia Peasant
2026-01-09 03:38:12.109 -06:00 [INF] PressGang: Deserters recruiting 1 Empire Peasant
2026-01-09 03:38:12.593 -06:00 [INF] Daily Tick: Verifying Syndicate War State...
2026-01-09 03:38:12.594 -06:00 [INF] Checking staggered war declarations for Day Index: 4
2026-01-09 03:38:13.011 -06:00 [INF] PressGang: Grand Empire Horde recruiting 1 Imperial Recruit
2026-01-09 03:38:13.012 -06:00 [INF] PressGang: Grand Empire Horde recruiting 1 Looter
2026-01-09 03:38:13.012 -06:00 [INF] PressGang: Grand Empire Horde recruiting 1 Brigand
2026-01-09 03:38:13.012 -06:00 [INF] PressGang: Grand Empire Horde recruiting 1 Hillman
2026-01-09 03:38:13.073 -06:00 [INF] PressGang: Grand Steppe Bandits Horde recruiting 2 Aserai Peasant
2026-01-09 03:38:13.431 -06:00 [INF] PressGang: Looters recruiting 1 Khuzait Peasant
2026-01-09 03:38:14.646 -06:00 [INF] PressGang: Sea Raiders recruiting 2 Nord Peasant
2026-01-09 03:38:18.520 -06:00 [INF] MERGING: Looters (11) -> Looters (16) [Naval: False]
2026-01-09 03:38:18.521 -06:00 [INF] MERGING: Looters (8) -> Looters (27) [Naval: False]
2026-01-09 03:38:18.521 -06:00 [INF] Total Merges this battle: 2
2026-01-09 03:38:20.853 -06:00 [INF] MERGING: Looters (8) -> Looters (10) [Naval: False]
2026-01-09 03:38:20.853 -06:00 [INF] Total Merges this battle: 1
2026-01-09 03:38:23.927 -06:00 [INF] PressGang: Grand Sturgia Horde recruiting 1 Sisterhood Follower
2026-01-09 03:38:23.927 -06:00 [INF] PressGang: Grand Sturgia Horde recruiting 1 Looter
2026-01-09 03:38:24.979 -06:00 [INF] PressGang: Steppe Bandits recruiting 1 Khuzait Peasant
2026-01-09 03:38:25.445 -06:00 [INF] PressGang: Grand Looters Horde recruiting 1 Aserai Veteran Convoy Guard
2026-01-09 03:38:25.969 -06:00 [INF] PressGang: Grand Empire Horde recruiting 1 Imperial Armed Trader
2026-01-09 03:38:25.970 -06:00 [INF] PressGang: Grand Empire Horde recruiting 1 Highwayman
2026-01-09 03:38:26.025 -06:00 [INF] PressGang: Grand Sturgia Horde recruiting 1 Sturgian Horse Raider
2026-01-09 03:38:26.435 -06:00 [INF] PressGang: Grand Empire Horde recruiting 1 Empire Peasant
2026-01-09 03:38:26.903 -06:00 [INF] PressGang: Grand Aserai Horde recruiting 1 Aserai Tribesman
2026-01-09 03:38:26.903 -06:00 [INF] PressGang: Grand Aserai Horde recruiting 1 Looter
2026-01-09 03:38:27.755 -06:00 [INF] PressGang: Grand Corsairs Horde recruiting 1 Imperial Legionary
2026-01-09 03:38:27.755 -06:00 [INF] PressGang: Grand Corsairs Horde recruiting 1 Imperial Shipmate
2026-01-09 03:38:27.996 -06:00 [INF] PressGang: Grand Aserai Horde recruiting 1 Aserai Armed Trader
2026-01-09 03:38:28.296 -06:00 [INF] PressGang: Grand Looters Horde recruiting 1 Aserai Veteran Convoy Guard
2026-01-09 03:38:28.296 -06:00 [INF] PressGang: Grand Looters Horde recruiting 1 Aserai Armed Convoy Trader
2026-01-09 03:38:28.296 -06:00 [INF] PressGang: Grand Looters Horde recruiting 1 Aserai Caravan Master
2026-01-09 03:38:28.416 -06:00 [INF] PressGang: Grand Aserai Horde recruiting 1 Looter
2026-01-09 03:38:28.657 -06:00 [INF] PressGang: Grand Empire Horde recruiting 1 Imperial Recruit
2026-01-09 03:38:28.657 -06:00 [INF] PressGang: Grand Empire Horde recruiting 1 Empire Peasant
2026-01-09 03:38:28.715 -06:00 [INF] MERGING: Desert Bandits (12) -> Looters (17) [Naval: False]
2026-01-09 03:38:28.715 -06:00 [INF] MERGING: Looters (10) -> Looters (29) [Naval: False]
2026-01-09 03:38:28.716 -06:00 [INF] Total Merges this battle: 2
2026-01-09 03:38:29.322 -06:00 [INF] MERGING: Looters (14) -> Forest Bandits (20) [Naval: False]
2026-01-09 03:38:29.322 -06:00 [INF] Total Merges this battle: 1
2026-01-09 03:38:29.324 -06:00 [INF] PressGang: Grand Looters Horde recruiting 1 Imperial Archer
2026-01-09 03:38:29.324 -06:00 [INF] PressGang: Grand Looters Horde recruiting 2 Imperial Recruit
2026-01-09 03:38:29.324 -06:00 [INF] PressGang: Grand Looters Horde recruiting 3 Khuzait Caravan Guard
2026-01-09 03:38:29.324 -06:00 [INF] PressGang: Grand Looters Horde recruiting 1 Sword Sister
2026-01-09 03:38:29.694 -06:00 [INF] PressGang: Desert Bandits recruiting 1 Aserai Peasant
2026-01-09 03:38:29.991 -06:00 [INF] PressGang: Corsairs recruiting 1 Imperial Shipmate
2026-01-09 03:38:29.991 -06:00 [INF] PressGang: Corsairs recruiting 1 Imperial Trained Infantryman
2026-01-09 03:38:29.991 -06:00 [INF] PressGang: Corsairs recruiting 1 Imperial Naute
2026-01-09 03:38:30.474 -06:00 [INF] PressGang: Grand Empire Horde recruiting 1 Imperial Equite
2026-01-09 03:38:30.474 -06:00 [INF] PressGang: Grand Empire Horde recruiting 1 Imperial Recruit
2026-01-09 03:38:30.474 -06:00 [INF] PressGang: Grand Empire Horde recruiting 1 Hastati
2026-01-09 03:38:30.540 -06:00 [INF] PressGang: Grand Corsairs Horde recruiting 1 Imperial Coast Guard
2026-01-09 03:38:30.595 -06:00 [INF] PressGang: Looters recruiting 1 Nord Peasant
2026-01-09 03:38:30.652 -06:00 [INF] PressGang: Steppe Bandits recruiting 1 Khuzait Peasant
2026-01-09 03:38:30.654 -06:00 [INF] PressGang: Grand Looters Horde recruiting 1 Aserai Peasant
2026-01-09 03:38:30.834 -06:00 [INF] MERGING: Looters (9) -> Looters (13) [Naval: False]
2026-01-09 03:38:30.835 -06:00 [INF] Total Merges this battle: 1
2026-01-09 03:38:30.954 -06:00 [INF] PressGang: Grand Looters Horde recruiting 1 Imperial Shipmate
2026-01-09 03:38:31.383 -06:00 [INF] PressGang: Sea Raiders recruiting 1 Nord Peasant
2026-01-09 03:38:31.619 -06:00 [INF] PressGang: Looters recruiting 2 Empire Peasant
2026-01-09 03:38:32.160 -06:00 [INF] PressGang: Steppe Bandits recruiting 1 Khuzait Peasant
2026-01-09 03:38:32.642 -06:00 [INF] Daily Tick: Verifying Syndicate War State...
2026-01-09 03:38:32.642 -06:00 [INF] Checking staggered war declarations for Day Index: 5
2026-01-09 03:38:32.645 -06:00 [INF] PressGang: Grand Empire Horde recruiting 1 Looter
2026-01-09 03:38:32.645 -06:00 [INF] PressGang: Grand Empire Horde recruiting 1 Brigand
2026-01-09 03:38:32.823 -06:00 [INF] MERGING: Deserters (19) -> Desert Bandits (23) [Naval: False]
2026-01-09 03:38:32.823 -06:00 [INF] Total Merges this battle: 1
2026-01-09 03:38:33.013 -06:00 [INF] PressGang: Looters recruiting 1 Khuzait Peasant
2026-01-09 03:38:33.919 -06:00 [INF] PressGang: Looters recruiting 1 Nord Peasant
2026-01-09 03:38:33.981 -06:00 [INF] PressGang: Looters recruiting 1 Imperial Infantryman
2026-01-09 03:38:33.981 -06:00 [INF] PressGang: Looters recruiting 1 Imperial Crossbowman
2026-01-09 03:38:34.397 -06:00 [INF] MERGING: Steppe Bandits (14) -> Looters (17) [Naval: False]
2026-01-09 03:38:34.399 -06:00 [INF] Total Merges this battle: 1
2026-01-09 03:38:34.400 -06:00 [INF] PressGang: Steppe Bandits recruiting 2 Aserai Peasant
2026-01-09 03:38:36.146 -06:00 [INF] MERGING: Desert Bandits (15) -> Desert Bandits (16) [Naval: False]
2026-01-09 03:38:36.146 -06:00 [INF] MERGING: Desert Bandits (14) -> Desert Bandits (31) [Naval: False]
2026-01-09 03:38:36.147 -06:00 [INF] Total Merges this battle: 2
2026-01-09 03:38:36.269 -06:00 [INF] MERGING: Steppe Bandits (10) -> Steppe Bandits (16) [Naval: False]
2026-01-09 03:38:36.269 -06:00 [INF] Total Merges this battle: 1
2026-01-09 03:38:36.446 -06:00 [INF] MERGING: Looters (13) -> Looters (20) [Naval: False]
2026-01-09 03:38:36.448 -06:00 [INF] Total Merges this battle: 1
2026-01-09 03:38:39.772 -06:00 [INF] MERGING: Looters (14) -> Looters (21) [Naval: False]
2026-01-09 03:38:39.772 -06:00 [INF] Total Merges this battle: 1
2026-01-09 03:38:43.819 -06:00 [INF] PressGang: Grand Sturgia Horde recruiting 2 Sturgian Caravan Guard
2026-01-09 03:38:45.117 -06:00 [INF] PressGang: Grand Corsairs Horde recruiting 1 Imperial Convoy Guard
2026-01-09 03:38:45.119 -06:00 [INF] PressGang: Grand Corsairs Horde recruiting 1 Imperial Armed Convoy Trader
2026-01-09 03:38:45.236 -06:00 [INF] PressGang: Grand Aserai Horde recruiting 1 Aserai Mamluke Cavalry
2026-01-09 03:38:45.985 -06:00 [INF] PressGang: Grand Empire Horde recruiting 1 Empire Peasant
2026-01-09 03:38:46.857 -06:00 [INF] PressGang: Grand Aserai Horde recruiting 1 Looter
2026-01-09 03:38:47.866 -06:00 [INF] PressGang: Grand Aserai Horde recruiting 1 Aserai Veteran Caravan Guard
2026-01-09 03:38:47.926 -06:00 [INF] PressGang: Grand Empire Horde recruiting 1 Imperial Veteran Caravan Guard
2026-01-09 03:38:47.926 -06:00 [INF] PressGang: Grand Empire Horde recruiting 1 Imperial Caravan Guard
2026-01-09 03:38:48.163 -06:00 [INF] PressGang: Grand Looters Horde recruiting 1 Aserai Veteran Convoy Guard
2026-01-09 03:38:48.163 -06:00 [INF] PressGang: Grand Looters Horde recruiting 1 Aserai Convoy Guard
2026-01-09 03:38:48.163 -06:00 [INF] PressGang: Grand Looters Horde recruiting 1 Aserai Armed Convoy Trader
2026-01-09 03:38:48.465 -06:00 [INF] PressGang: Grand Empire Horde recruiting 3 Empire Peasant
2026-01-09 03:38:49.127 -06:00 [INF] PressGang: Grand Looters Horde recruiting 1 Sellsword
2026-01-09 03:38:49.128 -06:00 [INF] PressGang: Grand Looters Horde recruiting 1 Khuzait Veteran Caravan Guard
2026-01-09 03:38:50.214 -06:00 [INF] PressGang: Grand Empire Horde recruiting 1 Imperial Archer
2026-01-09 03:38:50.214 -06:00 [INF] PressGang: Grand Empire Horde recruiting 1 Triarii
2026-01-09 03:38:50.336 -06:00 [INF] PressGang: Looters recruiting 2 Aserai Peasant
2026-01-09 03:38:50.396 -06:00 [INF] PressGang: Forest Bandits recruiting 1 Sturgia Peasant
2026-01-09 03:38:50.817 -06:00 [INF] PressGang: Deserters recruiting 1 Nord Peasant
2026-01-09 03:38:51.351 -06:00 [INF] PressGang: Grand Looters Horde recruiting 1 Sturgia Peasant
2026-01-09 03:38:51.960 -06:00 [INF] MERGING: Steppe Bandits (24) -> Steppe Bandits (25) [Naval: False]
2026-01-09 03:38:51.960 -06:00 [INF] Total Merges this battle: 1
2026-01-09 03:38:52.203 -06:00 [INF] PressGang: Grand Steppe Bandits Horde recruiting 2 Aserai Peasant
2026-01-09 03:38:52.692 -06:00 [INF] Daily Tick: Verifying Syndicate War State...
2026-01-09 03:38:52.692 -06:00 [INF] Checking staggered war declarations for Day Index: 0
2026-01-09 03:38:53.055 -06:00 [INF] PressGang: Grand Steppe Bandits Horde recruiting 1 Aserai Peasant
2026-01-09 03:38:53.240 -06:00 [INF] PressGang: Looters recruiting 1 Khuzait Peasant
2026-01-09 03:38:53.363 -06:00 [INF] PressGang: Looters recruiting 1 Imperial Equite
2026-01-09 03:38:54.412 -06:00 [INF] PressGang: Looters recruiting 1 Khuzait Peasant
2026-01-09 03:38:58.316 -06:00 [INF] MERGING: Looters (9) -> Looters (19) [Naval: False]
2026-01-09 03:38:58.317 -06:00 [INF] Total Merges this battle: 1
2026-01-09 03:39:11.583 -06:00 [INF] MERGING: Looters (8) -> Looters (9) [Naval: False]
2026-01-09 03:39:11.583 -06:00 [INF] Total Merges this battle: 1
2026-01-09 03:39:41.511 -06:00 [INF] MERGING: Looters (8) -> Looters (9) [Naval: False]
2026-01-09 03:39:41.511 -06:00 [INF] Total Merges this battle: 1
2026-01-09 03:39:44.720 -06:00 [INF] PressGang: Grand Sturgia Horde recruiting 2 Hired Crossbow
2026-01-09 03:39:44.720 -06:00 [INF] PressGang: Grand Sturgia Horde recruiting 1 Sturgian Caravan Guard
2026-01-09 03:39:44.720 -06:00 [INF] PressGang: Grand Sturgia Horde recruiting 1 Sturgian Armed Trader
2026-01-09 03:39:44.720 -06:00 [INF] PressGang: Grand Sturgia Horde recruiting 1 Sturgian Veteran Caravan Guard
2026-01-09 03:39:46.042 -06:00 [INF] PressGang: Grand Corsairs Horde recruiting 2 Imperial Convoy Guard
2026-01-09 03:39:46.042 -06:00 [INF] PressGang: Grand Corsairs Horde recruiting 2 Imperial Armed Convoy Trader
2026-01-09 03:39:46.160 -06:00 [INF] PressGang: Grand Aserai Horde recruiting 1 Aserai Mamluke Soldier
2026-01-09 03:39:46.343 -06:00 [INF] PressGang: Grand Looters Horde recruiting 1 Aserai Veteran Convoy Guard
2026-01-09 03:39:46.819 -06:00 [INF] MERGING: Looters (14) -> Looters (18) [Naval: False]
2026-01-09 03:39:46.819 -06:00 [INF] Total Merges this battle: 1
2026-01-09 03:40:05.703 -06:00 [INF] PressGang: Grand Empire Horde recruiting 1 Imperial Armed Trader
2026-01-09 03:40:05.703 -06:00 [INF] PressGang: Grand Empire Horde recruiting 1 Imperial Archer
2026-01-09 03:40:05.704 -06:00 [INF] PressGang: Grand Empire Horde recruiting 1 Khuzait Nomad
2026-01-09 03:40:05.704 -06:00 [INF] PressGang: Grand Empire Horde recruiting 1 Khuzait Peasant
2026-01-09 03:40:07.198 -06:00 [INF] PressGang: Grand Sturgia Horde recruiting 2 Sturgia Peasant
2026-01-09 03:40:07.549 -06:00 [INF] PressGang: Grand Corsairs Horde recruiting 1 Imperial Veteran Archer
2026-01-09 03:40:07.549 -06:00 [INF] PressGang: Grand Corsairs Horde recruiting 1 Imperial Naute
2026-01-09 03:40:07.726 -06:00 [INF] PressGang: Grand Aserai Horde recruiting 1 Aserai Veteran Caravan Guard
2026-01-09 03:40:08.033 -06:00 [INF] PressGang: Grand Looters Horde recruiting 1 Aserai Convoy Guard
2026-01-09 03:40:08.081 -06:00 [INF] PressGang: Grand Aserai Horde recruiting 2 Looter
2026-01-09 03:40:08.320 -06:00 [INF] PressGang: Grand Empire Horde recruiting 1 Brigand
2026-01-09 03:40:08.320 -06:00 [INF] PressGang: Grand Empire Horde recruiting 1 Hillman
2026-01-09 03:40:08.320 -06:00 [INF] PressGang: Grand Empire Horde recruiting 1 Imperial Caravan Guard
2026-01-09 03:40:08.614 -06:00 [INF] MERGING: Deserters (16) -> Deserters (18) [Naval: False]
2026-01-09 03:40:08.615 -06:00 [INF] Total Merges this battle: 1
2026-01-09 03:40:08.903 -06:00 [INF] PressGang: Grand Looters Horde recruiting 1 Imperial Caravan Guard
2026-01-09 03:40:09.408 -06:00 [INF] PressGang: Looters recruiting 3 Nord Peasant
2026-01-09 03:40:09.502 -06:00 [INF] PressGang: Corsairs recruiting 1 Imperial Coast Guard
2026-01-09 03:40:09.966 -06:00 [INF] PressGang: Grand Empire Horde recruiting 1 Hastati
2026-01-09 03:40:10.013 -06:00 [INF] PressGang: Grand Corsairs Horde recruiting 1 Imperial Shipmate
2026-01-09 03:40:10.013 -06:00 [INF] PressGang: Grand Corsairs Horde recruiting 1 Imperial Naute
2026-01-09 03:40:10.013 -06:00 [INF] PressGang: Grand Corsairs Horde recruiting 1 Imperial Legionary
2026-01-09 03:40:10.136 -06:00 [INF] PressGang: Grand Looters Horde recruiting 1 Aserai Peasant
2026-01-09 03:40:10.181 -06:00 [INF] PressGang: Forest Bandits recruiting 1 Sturgia Peasant
2026-01-09 03:40:10.599 -06:00 [INF] PressGang: Looters recruiting 2 Nord Peasant
2026-01-09 03:40:11.852 -06:00 [INF] PressGang: Grand Steppe Bandits Horde recruiting 1 Aserai Peasant
2026-01-09 03:40:12.269 -06:00 [INF] MERGING: Looters (23) -> Steppe Bandits (23) [Naval: False]
2026-01-09 03:40:12.270 -06:00 [INF] Total Merges this battle: 1
2026-01-09 03:40:12.559 -06:00 [INF] PressGang: Grand Looters Horde recruiting 1 Empire Peasant
2026-01-09 03:40:12.649 -06:00 [INF] Daily Tick: Verifying Syndicate War State...
2026-01-09 03:40:12.649 -06:00 [INF] Checking staggered war declarations for Day Index: 1
2026-01-09 03:40:12.723 -06:00 [INF] PressGang: Looters recruiting 1 Empire Peasant
2026-01-09 03:40:12.892 -06:00 [INF] PressGang: Sea Raiders recruiting 1 Nord Peasant
2026-01-09 03:40:15.326 -06:00 [INF] MERGING: Looters (8) -> Looters (8) [Naval: False]
2026-01-09 03:40:15.328 -06:00 [INF] Total Merges this battle: 1
2026-01-09 03:40:28.824 -06:00 [INF] MERGING: Looters (16) -> Looters (17) [Naval: False]
2026-01-09 03:40:28.825 -06:00 [INF] MERGING: Looters (15) -> Looters (33) [Naval: False]
2026-01-09 03:40:28.826 -06:00 [INF] Total Merges this battle: 2
2026-01-09 03:40:36.300 -06:00 [INF] PressGang: Grand Sturgia Horde recruiting 1 Sturgian Recruit
2026-01-09 03:41:42.857 -06:00 [INF] PressGang: Grand Aserai Horde recruiting 1 Aserai Mamluke Soldier
2026-01-09 03:41:42.857 -06:00 [INF] PressGang: Grand Aserai Horde recruiting 1 Aserai Mamluke Regular
2026-01-09 03:41:43.620 -06:00 [INF] PressGang: Grand Empire Horde recruiting 1 Khuzait Nomad
2026-01-09 03:41:43.620 -06:00 [INF] PressGang: Grand Sturgia Horde recruiting 1 Sea Raider Chief
2026-01-09 03:41:43.620 -06:00 [INF] PressGang: Grand Sturgia Horde recruiting 2 Sea Raider
2026-01-09 03:41:44.438 -06:00 [INF] PressGang: Grand Aserai Horde recruiting 2 Looter
2026-01-09 03:41:45.329 -06:00 [INF] PressGang: Grand Aserai Horde recruiting 1 Aserai Caravan Guard
2026-01-09 03:41:45.663 -06:00 [INF] PressGang: Grand Aserai Horde recruiting 2 Looter
2026-01-09 03:41:45.830 -06:00 [INF] PressGang: Desert Bandits recruiting 1 Aserai Peasant
2026-01-09 03:41:46.509 -06:00 [INF] PressGang: Grand Looters Horde recruiting 1 Sellsword
2026-01-09 03:41:46.509 -06:00 [INF] PressGang: Grand Looters Horde recruiting 2 Khuzait Armed Trader
2026-01-09 03:41:46.826 -06:00 [INF] PressGang: Desert Bandits recruiting 1 Aserai Peasant
2026-01-09 03:41:47.535 -06:00 [INF] PressGang: Grand Empire Horde recruiting 1 Imperial Equite
2026-01-09 03:41:47.540 -06:00 [INF] PressGang: Grand Corsairs Horde recruiting 1 Imperial Legionary
2026-01-09 03:41:47.540 -06:00 [INF] PressGang: Grand Corsairs Horde recruiting 1 Imperial Veteran Archer
2026-01-09 03:41:47.575 -06:00 [INF] PressGang: Grand Corsairs Horde recruiting 1 Imperial Naute
2026-01-09 03:41:47.898 -06:00 [INF] PressGang: Grand Looters Horde recruiting 1 Imperial Legionary
2026-01-09 03:41:47.898 -06:00 [INF] PressGang: Grand Looters Horde recruiting 2 Imperial Shipmate
2026-01-09 03:41:48.096 -06:00 [INF] PressGang: Looters recruiting 1 Nord Peasant
2026-01-09 03:41:48.535 -06:00 [INF] PressGang: Grand Looters Horde recruiting 1 Battanian Skipari
2026-01-09 03:41:48.858 -06:00 [INF] PressGang: Steppe Bandits recruiting 1 Khuzait Peasant
2026-01-09 03:41:49.221 -06:00 [INF] PressGang: Grand Empire Horde recruiting 2 Imperial Equite
2026-01-09 03:41:49.261 -06:00 [INF] PressGang: Grand Empire Horde recruiting 1 Looter
2026-01-09 03:41:49.301 -06:00 [INF] PressGang: Mountain Bandits recruiting 1 Empire Peasant
2026-01-09 03:41:50.365 -06:00 [INF] Daily Tick: Verifying Syndicate War State...
2026-01-09 03:41:50.365 -06:00 [INF] Checking staggered war declarations for Day Index: 2
2026-01-09 03:41:50.725 -06:00 [INF] PressGang: Looters recruiting 1 Empire Peasant
2026-01-09 03:41:50.975 -06:00 [INF] PressGang: Deserters recruiting 1 Empire Peasant
2026-01-09 03:41:53.973 -06:00 [INF] PressGang: Deserters recruiting 1 Vlandia Peasant
2026-01-09 03:42:23.605 -06:00 [INF] PressGang: Grand Sturgia Horde recruiting 1 Sturgian Caravan Guard
2026-01-09 03:42:23.605 -06:00 [INF] PressGang: Grand Sturgia Horde recruiting 3 Sturgian Armed Trader
2026-01-09 03:42:23.605 -06:00 [INF] PressGang: Grand Sturgia Horde recruiting 1 Sisterhood Follower
2026-01-09 03:42:24.087 -06:00 [INF] MERGING: Steppe Bandits (16) -> Looters (23) [Naval: False]
2026-01-09 03:42:24.087 -06:00 [INF] Total Merges this battle: 1
2026-01-09 03:42:24.885 -06:00 [INF] PressGang: Grand Corsairs Horde recruiting 1 Imperial Convoy Guard
2026-01-09 03:42:25.707 -06:00 [INF] PressGang: Grand Empire Horde recruiting 2 Khuzait Peasant
2026-01-09 03:42:25.749 -06:00 [INF] PressGang: Grand Sturgia Horde recruiting 2 Sea Raider Warrior
2026-01-09 03:42:25.749 -06:00 [INF] PressGang: Grand Sturgia Horde recruiting 1 Sea Raider
2026-01-09 03:42:27.264 -06:00 [INF] PressGang: Grand Corsairs Horde recruiting 1 Imperial Shipmate
2026-01-09 03:42:27.691 -06:00 [INF] PressGang: Grand Looters Horde recruiting 3 Aserai Convoy Guard
2026-01-09 03:42:27.691 -06:00 [INF] PressGang: Grand Looters Horde recruiting 2 Aserai Armed Convoy Trader
2026-01-09 03:42:27.899 -06:00 [INF] PressGang: Grand Desert Bandits Horde recruiting 1 Aserai Peasant
2026-01-09 03:42:28.588 -06:00 [INF] PressGang: Grand Looters Horde recruiting 1 Khuzait Caravan Guard
2026-01-09 03:42:28.588 -06:00 [INF] PressGang: Grand Looters Horde recruiting 1 Khuzait Armed Trader
2026-01-09 03:42:28.588 -06:00 [INF] PressGang: Grand Looters Horde recruiting 2 Aserai Tribal Horseman
2026-01-09 03:42:29.017 -06:00 [INF] PressGang: Looters recruiting 1 Nord Peasant
2026-01-09 03:42:29.616 -06:00 [INF] PressGang: Grand Empire Horde recruiting 1 Hastati
2026-01-09 03:42:29.616 -06:00 [INF] PressGang: Grand Empire Horde recruiting 1 Empire Peasant
2026-01-09 03:42:29.616 -06:00 [INF] PressGang: Grand Corsairs Horde recruiting 1 Imperial Legionary
2026-01-09 03:42:29.640 -06:00 [INF] PressGang: Grand Corsairs Horde recruiting 1 Imperial Shipmate
2026-01-09 03:42:29.680 -06:00 [INF] PressGang: Looters recruiting 1 Nord Peasant
2026-01-09 03:42:29.995 -06:00 [INF] PressGang: Grand Looters Horde recruiting 1 Empire Peasant
2026-01-09 03:42:29.995 -06:00 [INF] PressGang: Grand Looters Horde recruiting 1 Imperial Legionary
2026-01-09 03:42:29.995 -06:00 [INF] PressGang: Grand Looters Horde recruiting 1 Nord Veteran Convoy Guard
2026-01-09 03:42:30.113 -06:00 [INF] PressGang: Steppe Bandits recruiting 2 Khuzait Peasant
2026-01-09 03:42:30.150 -06:00 [INF] PressGang: Sea Raiders recruiting 1 Sturgia Peasant
2026-01-09 03:42:30.233 -06:00 [INF] PressGang: Grand Empire Horde recruiting 1 Looter
2026-01-09 03:42:30.542 -06:00 [INF] PressGang: Grand Looters Horde recruiting 1 Nord Youngling
2026-01-09 03:42:30.542 -06:00 [INF] PressGang: Grand Looters Horde recruiting 1 Sturgian Reaver
2026-01-09 03:42:31.205 -06:00 [INF] PressGang: Grand Empire Horde recruiting 1 Imperial Heavy Horseman
2026-01-09 03:42:31.205 -06:00 [INF] PressGang: Grand Empire Horde recruiting 2 Sea Raider
2026-01-09 03:42:31.515 -06:00 [INF] PressGang: Looters recruiting 1 Khuzait Peasant
2026-01-09 03:42:31.707 -06:00 [INF] PressGang: Grand Steppe Bandits Horde recruiting 2 Khuzait Peasant
2026-01-09 03:42:32.138 -06:00 [INF] PressGang: Looters recruiting 1 Nord Peasant
2026-01-09 03:42:32.496 -06:00 [INF] Daily Tick: Verifying Syndicate War State...
2026-01-09 03:42:32.496 -06:00 [INF] Checking staggered war declarations for Day Index: 3
2026-01-09 03:42:33.184 -06:00 [INF] MERGING: Sea Raiders (15) -> Sea Raiders (19) [Naval: True]
2026-01-09 03:42:33.185 -06:00 [INF] Total Merges this battle: 1
2026-01-09 03:42:33.680 -06:00 [INF] PressGang: Deserters recruiting 1 Empire Peasant
2026-01-09 03:42:34.983 -06:00 [INF] PressGang: Sea Raiders recruiting 1 Nord Freeman Archer
2026-01-09 03:42:36.323 -06:00 [INF] PressGang: Mountain Bandits recruiting 1 Empire Peasant
2026-01-09 03:42:39.952 -06:00 [INF] MERGING: Looters (16) -> Steppe Bandits (20) [Naval: False]
2026-01-09 03:42:39.953 -06:00 [INF] MERGING: Looters (15) -> Steppe Bandits (36) [Naval: False]
2026-01-09 03:42:39.954 -06:00 [INF] Total Merges this battle: 2
2026-01-09 03:42:41.128 -06:00 [INF] MERGING: Desert Bandits (14) -> Looters (19) [Naval: False]
2026-01-09 03:42:41.129 -06:00 [INF] Total Merges this battle: 1
2026-01-09 03:43:01.953 -06:00 [INF] PressGang: Grand Sturgia Horde recruiting 1 Sturgia Peasant
2026-01-09 03:43:03.478 -06:00 [INF] PressGang: Grand Corsairs Horde recruiting 1 Imperial Armed Convoy Trader
2026-01-09 03:43:03.478 -06:00 [INF] PressGang: Grand Corsairs Horde recruiting 1 Vlandian Armed Convoy Trader
2026-01-09 03:43:04.308 -06:00 [INF] PressGang: Grand Empire Horde recruiting 1 Khuzait Peasant
2026-01-09 03:43:04.339 -06:00 [INF] PressGang: Grand Sturgia Horde recruiting 1 Sea Raider Chief
2026-01-09 03:43:05.816 -06:00 [INF] PressGang: Grand Corsairs Horde recruiting 1 Imperial Shipmate
2026-01-09 03:43:06.274 -06:00 [INF] PressGang: Grand Looters Horde recruiting 1 Aserai Convoy Guard
2026-01-09 03:43:06.542 -06:00 [INF] PressGang: Desert Bandits recruiting 2 Aserai Peasant
2026-01-09 03:43:07.037 -06:00 [INF] PressGang: Desert Bandits recruiting 1 Aserai Peasant
2026-01-09 03:43:07.115 -06:00 [INF] PressGang: Grand Looters Horde recruiting 1 Khuzait Armed Trader
2026-01-09 03:43:07.115 -06:00 [INF] PressGang: Grand Looters Horde recruiting 1 Aserai Faris
2026-01-09 03:43:07.681 -06:00 [INF] PressGang: Corsairs recruiting 1 Imperial Veteran Archer
2026-01-09 03:43:07.799 -06:00 [INF] PressGang: Looters recruiting 1 Sturgian Archer
2026-01-09 03:43:08.143 -06:00 [INF] PressGang: Grand Empire Horde recruiting 1 Highwayman
2026-01-09 03:43:08.145 -06:00 [INF] PressGang: Grand Corsairs Horde recruiting 1 Imperial Legionary
2026-01-09 03:43:08.145 -06:00 [INF] PressGang: Grand Corsairs Horde recruiting 1 Imperial Veteran Archer
2026-01-09 03:43:08.145 -06:00 [INF] PressGang: Grand Corsairs Horde recruiting 1 Imperial Shipmate
2026-01-09 03:43:08.145 -06:00 [INF] PressGang: Grand Corsairs Horde recruiting 1 Imperial Trained Infantryman
2026-01-09 03:43:08.184 -06:00 [INF] PressGang: Grand Corsairs Horde recruiting 1 Imperial Trained Infantryman
2026-01-09 03:43:08.185 -06:00 [INF] PressGang: Grand Corsairs Horde recruiting 1 Imperial Naute
2026-01-09 03:43:41.647 -06:00 [INF] PressGang: Grand Looters Horde recruiting 1 Nord Convoy Guard
2026-01-09 03:43:41.993 -06:00 [INF] PressGang: Sea Raiders recruiting 1 Nord Peasant
2026-01-09 03:43:42.184 -06:00 [INF] PressGang: Grand Steppe Bandits Horde recruiting 1 Khuzait Peasant
2026-01-09 03:43:42.220 -06:00 [INF] PressGang: Grand Looters Horde recruiting 1 Nord Scion
2026-01-09 03:43:42.525 -06:00 [INF] PressGang: Steppe Bandits recruiting 2 Khuzait Peasant
2026-01-09 03:43:42.869 -06:00 [INF] PressGang: Grand Empire Horde recruiting 1 Imperial Equite
2026-01-09 03:43:42.944 -06:00 [INF] PressGang: Grand Steppe Bandits Horde recruiting 1 Aserai Peasant
2026-01-09 03:43:43.111 -06:00 [INF] Found 1 stuck Syndicate Warlords. Redeploying...
2026-01-09 03:43:43.111 -06:00 [INF] Redeploying The Warlord to Hideout...
2026-01-09 03:43:44.053 -06:00 [INF] PressGang: Sea Raiders recruiting 2 Nord Axe Warrior
2026-01-09 03:43:44.090 -06:00 [INF] PressGang: Steppe Bandits recruiting 1 Aserai Peasant
2026-01-09 03:43:44.323 -06:00 [INF] Daily Tick: Verifying Syndicate War State...
2026-01-09 03:43:44.323 -06:00 [INF] Checking staggered war declarations for Day Index: 4
2026-01-09 03:43:44.664 -06:00 [INF] PressGang: Sea Raiders recruiting 1 Nord Veteran Convoy Guard
2026-01-09 03:43:44.664 -06:00 [INF] PressGang: Sea Raiders recruiting 1 Nord Convoy Guard
2026-01-09 03:43:44.793 -06:00 [INF] Found 1 stuck Syndicate Warlords. Redeploying...
2026-01-09 03:43:45.633 -06:00 [INF] Found 1 stuck Syndicate Warlords. Redeploying...
2026-01-09 03:43:46.479 -06:00 [INF] Found 1 stuck Syndicate Warlords. Redeploying...
2026-01-09 03:43:47.249 -06:00 [INF] Found 1 stuck Syndicate Warlords. Redeploying...
2026-01-09 03:43:47.249 -06:00 [INF] Redeploying Eumenys the Boar to Hideout...
2026-01-09 03:43:48.163 -06:00 [INF] PressGang: Mountain Bandits recruiting 1 Empire Peasant
2026-01-09 03:43:54.915 -06:00 [INF] PressGang: Grand Corsairs Horde recruiting 1 Vlandian Armed Convoy Trader
2026-01-09 03:43:55.189 -06:00 [INF] PressGang: Grand Sturgia Horde recruiting 1 Sea Raider
2026-01-09 03:43:56.331 -06:00 [INF] PressGang: Grand Sturgia Horde recruiting 2 Sturgian Caravan Guard
2026-01-09 03:43:56.331 -06:00 [INF] PressGang: Grand Sturgia Horde recruiting 1 Sturgian Veteran Caravan Guard
2026-01-09 03:43:56.331 -06:00 [INF] PressGang: Grand Sturgia Horde recruiting 1 Hired Spear
2026-01-09 03:43:57.972 -06:00 [INF] MERGING: Looters (7) -> Looters (18) [Naval: False]
2026-01-09 03:43:57.973 -06:00 [INF] Total Merges this battle: 1
2026-01-09 03:43:58.431 -06:00 [INF] PressGang: Grand Empire Horde recruiting 1 Khuzait Peasant
2026-01-09 03:43:58.477 -06:00 [INF] PressGang: Grand Sturgia Horde recruiting 1 Sturgia Peasant
2026-01-09 03:43:58.867 -06:00 [INF] PressGang: Grand Corsairs Horde recruiting 1 Vlandian Veteran Convoy Guard
2026-01-09 03:43:59.460 -06:00 [INF] MERGING: Looters (14) -> Deserters (29) [Naval: False]
2026-01-09 03:43:59.461 -06:00 [INF] Total Merges this battle: 1
2026-01-09 03:43:59.619 -06:00 [INF] PressGang: Grand Sturgia Horde recruiting 1 Sea Raider Warrior
2026-01-09 03:44:00.330 -06:00 [INF] PressGang: Grand Looters Horde recruiting 1 Aserai Convoy Guard
2026-01-09 03:44:01.096 -06:00 [INF] PressGang: Desert Bandits recruiting 2 Aserai Peasant
2026-01-09 03:44:01.624 -06:00 [INF] PressGang: Looters recruiting 1 Vlandia Peasant
2026-01-09 03:44:02.174 -06:00 [INF] PressGang: Grand Empire Horde recruiting 1 Principes
2026-01-09 03:44:02.213 -06:00 [INF] PressGang: Grand Corsairs Horde recruiting 1 Imperial Shipmate
2026-01-09 03:44:02.213 -06:00 [INF] PressGang: Grand Corsairs Horde recruiting 1 Imperial Coast Guard
2026-01-09 03:44:02.292 -06:00 [INF] PressGang: Looters recruiting 1 Nord Peasant
2026-01-09 03:44:02.688 -06:00 [INF] PressGang: Grand Empire Horde recruiting 2 Looter
2026-01-09 03:44:03.520 -06:00 [INF] PressGang: Grand Looters Horde recruiting 1 Vlandian Crossbowman
2026-01-09 03:44:04.186 -06:00 [INF] PressGang: Grand Empire Horde recruiting 3 Imperial Crossbowman
2026-01-09 03:44:04.186 -06:00 [INF] PressGang: Grand Empire Horde recruiting 1 Sea Raider
2026-01-09 03:44:04.617 -06:00 [INF] PressGang: Grand Steppe Bandits Horde recruiting 1 Khuzait Peasant
2026-01-09 03:44:21.434 -06:00 [INF] PressGang: Grand Looters Horde recruiting 1 Nord Veteran Convoy Guard
2026-01-09 03:44:21.451 -06:00 [INF] Daily Tick: Verifying Syndicate War State...
2026-01-09 03:44:21.451 -06:00 [INF] Checking staggered war declarations for Day Index: 5
2026-01-09 03:44:21.855 -06:00 [INF] PressGang: Haratheos of the Embers' Party recruiting 1 Empire Peasant
2026-01-09 03:44:26.552 -06:00 [INF] MERGING: Looters (10) -> Looters (13) [Naval: False]
2026-01-09 03:44:26.552 -06:00 [INF] Total Merges this battle: 1
2026-01-09 03:45:10.647 -06:00 [INF] PressGang: Grand Corsairs Horde recruiting 1 Vlandian Armed Convoy Trader
2026-01-09 03:45:11.857 -06:00 [INF] PressGang: Grand Sturgia Horde recruiting 1 Sturgian Caravan Guard
2026-01-09 03:45:16.314 -06:00 [INF] MERGING: Looters (12) -> Looters (13) [Naval: False]
2026-01-09 03:45:16.315 -06:00 [INF] Total Merges this battle: 1
2026-01-09 03:45:16.352 -06:00 [INF] PressGang: Grand Looters Horde recruiting 1 Imperial Armed Convoy Trader
2026-01-09 03:45:16.353 -06:00 [INF] PressGang: Grand Looters Horde recruiting 3 Aserai Armed Convoy Trader
2026-01-09 03:45:17.667 -06:00 [INF] PressGang: Grand Corsairs Horde recruiting 1 Imperial Shipmate
2026-01-09 03:45:17.785 -06:00 [INF] PressGang: Grand Looters Horde recruiting 1 Nord Peasant
2026-01-09 03:45:18.447 -06:00 [INF] PressGang: Grand Looters Horde recruiting 1 Imperial Trained Infantryman
2026-01-09 03:45:18.447 -06:00 [INF] PressGang: Grand Looters Horde recruiting 1 Nord Veteran Convoy Guard
2026-01-09 03:45:18.447 -06:00 [INF] PressGang: Grand Looters Horde recruiting 1 Nord Armed Convoy Trader
2026-01-09 03:45:18.606 -06:00 [INF] PressGang: Looters recruiting 2 Nord Peasant
2026-01-09 03:45:18.722 -06:00 [INF] PressGang: Sea Raiders recruiting 1 Nord Peasant
2026-01-09 03:45:18.917 -06:00 [INF] PressGang: Grand Steppe Bandits Horde recruiting 1 Khuzait Peasant
2026-01-09 03:45:20.197 -06:00 [INF] PressGang: Sea Raiders recruiting 2 Sturgian Woodsman (Rank 1)
2026-01-09 03:45:20.197 -06:00 [INF] PressGang: Sea Raiders recruiting 1 Sturgian Hunter
2026-01-09 03:45:20.384 -06:00 [INF] PressGang: Sea Raiders recruiting 1 Nord Peasant
2026-01-09 03:45:20.657 -06:00 [INF] PressGang: Steppe Bandits recruiting 1 Aserai Peasant
2026-01-09 03:45:20.737 -06:00 [INF] PressGang: Steppe Bandits recruiting 1 Khuzait Peasant
2026-01-09 03:45:21.053 -06:00 [INF] MERGING: Grand Corsairs Horde (35) -> Corsairs (40) [Naval: True]
2026-01-09 03:45:21.054 -06:00 [INF] Total Merges this battle: 1
2026-01-09 03:45:21.601 -06:00 [INF] Daily Tick: Verifying Syndicate War State...
2026-01-09 03:45:21.601 -06:00 [INF] Checking staggered war declarations for Day Index: 0
2026-01-09 03:45:21.632 -06:00 [INF] PressGang: Grand Empire Horde recruiting 1 Empire Peasant
2026-01-09 03:45:21.948 -06:00 [INF] PressGang: Looters recruiting 2 Nord Peasant
2026-01-09 03:45:22.591 -06:00 [INF] PressGang: Looters recruiting 1 Nord Peasant
2026-01-09 03:45:23.090 -06:00 [INF] PressGang: Morynon of the Hand's Party recruiting 2 Looter
2026-01-09 03:45:23.792 -06:00 [INF] MERGING: Deserters (24) -> Deserters (27) [Naval: False]
2026-01-09 03:45:23.792 -06:00 [INF] Total Merges this battle: 1
2026-01-09 03:45:53.032 -06:00 [INF] PressGang: Grand Corsairs Horde recruiting 1 Vlandian Armed Convoy Trader
2026-01-09 03:45:53.304 -06:00 [INF] PressGang: Grand Sturgia Horde recruiting 1 Sturgian Spearman
2026-01-09 03:45:53.517 -06:00 [INF] PressGang: Grand Sturgia Horde recruiting 1 Battanian Scout
2026-01-09 03:45:53.517 -06:00 [INF] PressGang: Grand Sturgia Horde recruiting 1 Sturgian Recruit
2026-01-09 03:45:53.517 -06:00 [INF] PressGang: Grand Sturgia Horde recruiting 2 Sturgian Reaver
2026-01-09 03:45:54.297 -06:00 [INF] PressGang: Looters recruiting 1 Nord Peasant
2026-01-09 03:45:54.737 -06:00 [INF] PressGang: Grand Corsairs Horde recruiting 1 Imperial Veteran Convoy Guard
2026-01-09 03:45:54.737 -06:00 [INF] PressGang: Grand Corsairs Horde recruiting 2 Imperial Convoy Guard
2026-01-09 03:45:54.737 -06:00 [INF] PressGang: Grand Corsairs Horde recruiting 2 Vlandian Convoy Guard
2026-01-09 03:45:55.496 -06:00 [INF] PressGang: Grand Empire Horde recruiting 1 Khuzait Peasant
2026-01-09 03:45:56.990 -06:00 [INF] PressGang: Grand Corsairs Horde recruiting 1 Imperial Trained Infantryman
2026-01-09 03:45:57.639 -06:00 [INF] PressGang: Desert Bandits recruiting 2 Aserai Peasant
2026-01-09 03:45:57.929 -06:00 [INF] PressGang: Grand Corsairs Horde recruiting 1 Vlandian Veteran Convoy Guard
2026-01-09 03:45:57.929 -06:00 [INF] PressGang: Grand Corsairs Horde recruiting 2 Vlandian Convoy Guard
2026-01-09 03:45:57.929 -06:00 [INF] PressGang: Grand Corsairs Horde recruiting 1 Vlandian Armed Convoy Trader
2026-01-09 03:45:58.306 -06:00 [INF] MERGING: Looters (1) -> Looters (7) [Naval: False]
2026-01-09 03:45:58.307 -06:00 [INF] Total Merges this battle: 1
2026-01-09 03:45:58.518 -06:00 [INF] PressGang: Looters recruiting 1 Nord Peasant
2026-01-09 03:45:59.081 -06:00 [INF] PressGang: Grand Corsairs Horde recruiting 1 Imperial Veteran Archer
2026-01-09 03:45:59.270 -06:00 [INF] PressGang: Deserters recruiting 1 Imperial Crossbowman
2026-01-09 03:46:10.250 -06:00 [INF] PressGang: Grand Empire Horde recruiting 1 Highwayman
2026-01-09 03:46:12.178 -06:00 [INF] MERGING: Mountain Bandits (11) -> Looters (23) [Naval: False]
2026-01-09 03:46:12.178 -06:00 [INF] Total Merges this battle: 1
2026-01-09 03:46:12.223 -06:00 [INF] PressGang: Grand Looters Horde recruiting 1 Vlandian Sharpshooter
2026-01-09 03:46:12.223 -06:00 [INF] PressGang: Grand Looters Horde recruiting 1 Vlandian Footman
2026-01-09 03:46:12.505 -06:00 [INF] Daily Tick: Verifying Syndicate War State...
2026-01-09 03:46:12.505 -06:00 [INF] Checking staggered war declarations for Day Index: 1
2026-01-09 03:46:13.366 -06:00 [INF] PressGang: Looters recruiting 1 Aserai Peasant
2026-01-09 03:46:13.674 -06:00 [INF] PressGang: Eumenys the Boar's Party recruiting 1 Empire Peasant
2026-01-09 03:46:13.816 -06:00 [INF] PressGang: Steppe Bandits recruiting 1 Aserai Peasant
2026-01-09 03:46:14.037 -06:00 [INF] PressGang: Deserters recruiting 1 Vlandian Footman
2026-01-09 03:46:14.037 -06:00 [INF] PressGang: Deserters recruiting 1 Vlandian Recruit
2026-01-09 03:46:14.478 -06:00 [INF] PressGang: Sea Raiders recruiting 1 Vlandian Gallant
2026-01-09 03:46:18.561 -06:00 [INF] MERGING: Steppe Bandits (8) -> Steppe Bandits (9) [Naval: False]
2026-01-09 03:46:18.562 -06:00 [INF] Total Merges this battle: 1
2026-01-09 03:46:58.471 -06:00 [INF] PressGang: Grand Corsairs Horde recruiting 1 Vlandian Veteran Convoy Guard
2026-01-09 03:46:58.471 -06:00 [INF] PressGang: Grand Corsairs Horde recruiting 1 Vlandian Convoy Guard
2026-01-09 03:46:58.471 -06:00 [INF] PressGang: Grand Corsairs Horde recruiting 1 Vlandian Armed Convoy Trader
2026-01-09 03:46:58.947 -06:00 [INF] PressGang: Grand Sturgia Horde recruiting 1 Sturgian Veteran Caravan Guard
2026-01-09 03:47:00.186 -06:00 [INF] PressGang: Grand Corsairs Horde recruiting 1 Imperial Armed Convoy Trader
2026-01-09 03:47:00.186 -06:00 [INF] PressGang: Grand Corsairs Horde recruiting 1 Vlandian Convoy Guard
2026-01-09 03:47:00.186 -06:00 [INF] PressGang: Grand Corsairs Horde recruiting 2 Vlandian Armed Convoy Trader
2026-01-09 03:47:01.621 -06:00 [INF] MERGING: Forest Bandits (20) -> Deserters (37) [Naval: False]
2026-01-09 03:47:01.621 -06:00 [INF] Total Merges this battle: 1
2026-01-09 03:47:01.680 -06:00 [INF] MERGING: Sea Raiders (9) -> Sea Raiders (23) [Naval: True]
2026-01-09 03:47:01.680 -06:00 [INF] Total Merges this battle: 1
2026-01-09 03:47:01.934 -06:00 [INF] MERGING: Steppe Bandits (12) -> Steppe Bandits (20) [Naval: False]
2026-01-09 03:47:01.934 -06:00 [INF] Total Merges this battle: 1
2026-01-09 03:47:02.121 -06:00 [INF] MERGING: Steppe Bandits (11) -> Steppe Bandits (17) [Naval: False]
2026-01-09 03:47:02.121 -06:00 [INF] Total Merges this battle: 1
2026-01-09 03:47:02.564 -06:00 [INF] PressGang: Grand Corsairs Horde recruiting 1 Imperial Coast Guard
2026-01-09 03:47:02.937 -06:00 [INF] PressGang: Grand Looters Horde recruiting 1 Aserai Convoy Guard
2026-01-09 03:47:02.937 -06:00 [INF] PressGang: Grand Looters Horde recruiting 1 Aserai Armed Convoy Trader
2026-01-09 03:47:02.937 -06:00 [INF] PressGang: Grand Looters Horde recruiting 1 Aserai Caravan Master
2026-01-09 03:47:03.746 -06:00 [INF] PressGang: Grand Corsairs Horde recruiting 2 Vlandian Veteran Convoy Guard
2026-01-09 03:47:03.746 -06:00 [INF] PressGang: Grand Corsairs Horde recruiting 1 Vlandian Convoy Guard
2026-01-09 03:47:04.113 -06:00 [INF] PressGang: Desert Bandits recruiting 3 Aserai Peasant
2026-01-09 03:47:04.744 -06:00 [INF] PressGang: Grand Corsairs Horde recruiting 1 Imperial Coast Guard
2026-01-09 03:47:05.260 -06:00 [INF] PressGang: Grand Corsairs Horde recruiting 1 Imperial Coast Guard
2026-01-09 03:47:05.345 -06:00 [INF] PressGang: Looters recruiting 1 Battania Peasant
2026-01-09 03:47:05.524 -06:00 [INF] PressGang: Grand Looters Horde recruiting 2 Imperial Heavy Horseman
2026-01-09 03:47:05.524 -06:00 [INF] PressGang: Grand Looters Horde recruiting 1 Imperial Infantryman
2026-01-09 03:47:05.607 -06:00 [INF] PressGang: Grand Looters Horde recruiting 1 Nord Armed Convoy Trader
2026-01-09 03:47:05.934 -06:00 [INF] PressGang: Sea Raiders recruiting 1 Nord Peasant
2026-01-09 03:47:06.632 -06:00 [INF] PressGang: Ucasios of the Embers' Party recruiting 1 Sturgian Soldier
2026-01-09 03:47:06.711 -06:00 [INF] PressGang: Grand Empire Horde recruiting 2 Hillman
2026-01-09 03:47:06.711 -06:00 [INF] PressGang: Grand Empire Horde recruiting 2 Looter
2026-01-09 03:47:10.050 -06:00 [INF] PressGang: Steppe Bandits recruiting 1 Aserai Peasant
2026-01-09 03:47:10.423 -06:00 [INF] PressGang: Steppe Bandits recruiting 1 Khuzait Peasant
2026-01-09 03:47:11.352 -06:00 [INF] PressGang: Sea Raiders recruiting 1 Nord Peasant
2026-01-09 03:47:11.851 -06:00 [INF] PressGang: Grand Looters Horde recruiting 1 Vlandian Billman
2026-01-09 03:47:12.493 -06:00 [INF] Daily Tick: Verifying Syndicate War State...
2026-01-09 03:47:12.493 -06:00 [INF] Checking staggered war declarations for Day Index: 2
2026-01-09 03:47:12.610 -06:00 [INF] PressGang: Corsairs recruiting 1 Imperial Legionary
2026-01-09 03:47:12.610 -06:00 [INF] PressGang: Corsairs recruiting 1 Imperial Veteran Archer
2026-01-09 03:47:12.610 -06:00 [INF] PressGang: Corsairs recruiting 1 Imperial Trained Infantryman
2026-01-09 03:47:12.733 -06:00 [INF] PressGang: Looters recruiting 1 Nord Peasant
2026-01-09 03:47:13.071 -06:00 [INF] MERGING: Looters (9) -> Looters (10) [Naval: False]
2026-01-09 03:47:13.071 -06:00 [INF] Total Merges this battle: 1
2026-01-09 03:47:13.210 -06:00 [INF] PressGang: The Warlord's Party recruiting 2 Looter
2026-01-09 03:47:13.352 -06:00 [INF] PressGang: Sea Raiders recruiting 1 Sturgian Spearman
2026-01-09 03:47:13.352 -06:00 [INF] PressGang: Steppe Bandits recruiting 2 Aserai Peasant
2026-01-09 03:47:46.153 -06:00 [INF] MERGING: Steppe Bandits (9) -> Steppe Bandits (10) [Naval: False]
2026-01-09 03:47:46.153 -06:00 [INF] Total Merges this battle: 1
2026-01-09 03:47:46.643 -06:00 [INF] MERGING: Sea Raiders (12) -> Sea Raiders (17) [Naval: True]
2026-01-09 03:47:46.643 -06:00 [INF] Total Merges this battle: 1
2026-01-09 03:47:54.625 -06:00 [INF] PressGang: Grand Sturgia Horde recruiting 1 Sea Raider
2026-01-09 03:47:55.912 -06:00 [INF] PressGang: Steppe Bandits recruiting 1 Khuzait Horseman
2026-01-09 03:47:55.913 -06:00 [INF] PressGang: Steppe Bandits recruiting 2 Khuzait Raider
2026-01-09 03:47:55.913 -06:00 [INF] PressGang: Steppe Bandits recruiting 1 Khuzait Peasant
2026-01-09 03:47:56.040 -06:00 [INF] PressGang: Grand Corsairs Horde recruiting 2 Vlandian Convoy Guard
2026-01-09 03:47:56.040 -06:00 [INF] PressGang: Grand Corsairs Horde recruiting 1 Vlandian Armed Convoy Trader
2026-01-09 03:47:57.966 -06:00 [INF] PressGang: Grand Sturgia Horde recruiting 1 Sellsword
2026-01-09 03:47:57.966 -06:00 [INF] PressGang: Grand Sturgia Horde recruiting 1 Sturgian Veteran Caravan Guard
2026-01-09 03:47:58.658 -06:00 [INF] PressGang: Grand Looters Horde recruiting 2 Aserai Convoy Guard
2026-01-09 03:47:59.425 -06:00 [INF] PressGang: Grand Looters Horde recruiting 1 Hired Pike
2026-01-09 03:47:59.425 -06:00 [INF] PressGang: Grand Looters Horde recruiting 1 Aserai Tribal Horseman
2026-01-09 03:47:59.425 -06:00 [INF] PressGang: Grand Looters Horde recruiting 2 Sisterhood Follower
2026-01-09 03:47:59.425 -06:00 [INF] PressGang: Grand Looters Horde recruiting 1 Aserai Veteran Caravan Guard
2026-01-09 03:47:59.425 -06:00 [INF] PressGang: Grand Looters Horde recruiting 3 Aserai Caravan Guard
2026-01-09 03:47:59.425 -06:00 [INF] PressGang: Grand Looters Horde recruiting 1 Sword Sister
2026-01-09 03:47:59.768 -06:00 [INF] PressGang: Looters recruiting 2 Nord Peasant
2026-01-09 03:47:59.907 -06:00 [INF] PressGang: Grand Corsairs Horde recruiting 1 Imperial Veteran Archer
2026-01-09 03:47:59.907 -06:00 [INF] PressGang: Grand Corsairs Horde recruiting 1 Imperial Trained Infantryman
2026-01-09 03:48:00.662 -06:00 [INF] PressGang: Grand Looters Horde recruiting 1 Nord Armed Convoy Trader
2026-01-09 03:48:01.081 -06:00 [INF] PressGang: Grand Looters Horde recruiting 1 Sturgian Hardened Brigand (Rank 1)
2026-01-09 03:48:01.420 -06:00 [INF] PressGang: Grand Empire Horde recruiting 1 Varyag
2026-01-09 03:48:01.487 -06:00 [INF] PressGang: Grand Empire Horde recruiting 1 Imperial Infantryman
2026-01-09 03:48:01.487 -06:00 [INF] PressGang: Grand Empire Horde recruiting 1 Imperial Equite
2026-01-09 03:48:01.487 -06:00 [INF] PressGang: Grand Empire Horde recruiting 1 Highwayman
2026-01-09 03:48:01.904 -06:00 [INF] PressGang: Grand Corsairs Horde recruiting 1 Empire Peasant
2026-01-09 03:48:02.517 -06:00 [INF] PressGang: Steppe Bandits recruiting 1 Aserai Peasant
2026-01-09 03:48:03.550 -06:00 [INF] PressGang: Grand Looters Horde recruiting 1 Imperial Recruit
2026-01-09 03:48:03.550 -06:00 [INF] PressGang: Grand Looters Horde recruiting 1 Vlandian Recruit
2026-01-09 03:48:03.851 -06:00 [INF] PressGang: Looters recruiting 1 Nord Peasant
2026-01-09 03:48:04.290 -06:00 [INF] PressGang: Grand Corsairs Horde recruiting 1 Imperial Naute
2026-01-09 03:48:04.581 -06:00 [INF] Daily Tick: Verifying Syndicate War State...
2026-01-09 03:48:04.581 -06:00 [INF] Checking staggered war declarations for Day Index: 3
2026-01-09 03:48:04.869 -06:00 [INF] PressGang: Grand Empire Horde recruiting 1 Looter
2026-01-09 03:48:05.086 -06:00 [INF] PressGang: Sea Raiders recruiting 1 Sturgian Spearman
2026-01-09 03:48:05.086 -06:00 [INF] PressGang: Sea Raiders recruiting 1 Sturgian Brigand
2026-01-09 03:48:05.448 -06:00 [INF] PressGang: Looters recruiting 1 Empire Peasant
2026-01-09 03:48:05.525 -06:00 [INF] PressGang: Deserters recruiting 1 Khuzait Peasant
2026-01-09 03:48:05.599 -06:00 [INF] PressGang: Deserters recruiting 1 Khuzait Raider
2026-01-09 03:48:12.050 -06:00 [INF] MERGING: Steppe Bandits (25) -> Steppe Bandits (35) [Naval: False]
2026-01-09 03:48:12.050 -06:00 [INF] Total Merges this battle: 1
2026-01-09 03:48:15.224 -06:00 [INF] PressGang: Grand Corsairs Horde recruiting 1 Vlandian Veteran Convoy Guard
2026-01-09 03:48:15.537 -06:00 [INF] PressGang: Grand Sturgia Horde recruiting 1 Sturgian Soldier
2026-01-09 03:48:16.880 -06:00 [INF] MERGING: Sea Raiders (32) -> Corsairs (38) [Naval: True]
2026-01-09 03:48:16.882 -06:00 [INF] Total Merges this battle: 1
2026-01-09 03:48:16.938 -06:00 [INF] PressGang: Grand Corsairs Horde recruiting 1 Imperial Convoy Guard
2026-01-09 03:48:16.938 -06:00 [INF] PressGang: Grand Corsairs Horde recruiting 1 Vlandian Armed Convoy Trader
2026-01-09 03:48:17.662 -06:00 [INF] PressGang: Grand Empire Horde recruiting 1 Khuzait Peasant
2026-01-09 03:48:17.717 -06:00 [INF] PressGang: Grand Sturgia Horde recruiting 2 Sturgia Peasant
2026-01-09 03:48:18.764 -06:00 [INF] PressGang: Grand Looters Horde recruiting 1 Imperial Crossbowman
2026-01-09 03:48:18.764 -06:00 [INF] PressGang: Grand Looters Horde recruiting 1 Imperial Equite
2026-01-09 03:48:18.822 -06:00 [INF] PressGang: Grand Sturgia Horde recruiting 1 Outrider
2026-01-09 03:48:19.502 -06:00 [INF] PressGang: Grand Looters Horde recruiting 2 Aserai Convoy Guard
2026-01-09 03:48:19.502 -06:00 [INF] PressGang: Grand Looters Horde recruiting 1 Aserai Armed Convoy Trader
2026-01-09 03:48:19.681 -06:00 [INF] PressGang: Desert Bandits recruiting 1 Aserai Peasant
2026-01-09 03:48:20.113 -06:00 [INF] PressGang: Grand Looters Horde recruiting 1 Aserai Caravan Guard
2026-01-09 03:48:20.113 -06:00 [INF] PressGang: Grand Looters Horde recruiting 1 Aserai Armed Trader
2026-01-09 03:48:20.113 -06:00 [INF] PressGang: Grand Looters Horde recruiting 1 Sellsword
2026-01-09 03:48:20.667 -06:00 [INF] MERGING: Looters (13) -> Looters (18) [Naval: False]
2026-01-09 03:48:20.667 -06:00 [INF] Total Merges this battle: 1
2026-01-09 03:48:21.232 -06:00 [INF] PressGang: Grand Looters Horde recruiting 1 Imperial Bucellarii
2026-01-09 03:48:21.476 -06:00 [INF] PressGang: Grand Empire Horde recruiting 1 Looter
2026-01-09 03:48:21.476 -06:00 [INF] PressGang: Grand Empire Horde recruiting 1 Battanian Veteran Caravan Guard
2026-01-09 03:48:22.027 -06:00 [INF] PressGang: Grand Empire Horde recruiting 1 Nord Berserkir
2026-01-09 03:48:22.027 -06:00 [INF] PressGang: Grand Empire Horde recruiting 1 Nord Warrior (Rank 1)
2026-01-09 03:48:22.027 -06:00 [INF] PressGang: Grand Empire Horde recruiting 1 Sturgian Otrok
2026-01-09 03:48:22.153 -06:00 [INF] PressGang: Grand Empire Horde recruiting 1 Imperial Bucellarii
2026-01-09 03:48:22.153 -06:00 [INF] PressGang: Grand Empire Horde recruiting 1 Brigand
2026-01-09 03:48:22.654 -06:00 [INF] PressGang: Desert Bandits recruiting 1 Aserai Peasant
2026-01-09 03:48:22.930 -06:00 [INF] MERGING: Deserters (14) -> Looters (18) [Naval: False]
2026-01-09 03:48:22.930 -06:00 [INF] Total Merges this battle: 1
2026-01-09 03:48:23.084 -06:00 [INF] PressGang: Steppe Bandits recruiting 1 Empire Peasant
2026-01-09 03:48:23.873 -06:00 [INF] PressGang: Grand Looters Horde recruiting 1 Vlandian Recruit
2026-01-09 03:48:23.873 -06:00 [INF] PressGang: Grand Looters Horde recruiting 1 Vlandian Gallant
2026-01-09 03:48:24.985 -06:00 [INF] Daily Tick: Verifying Syndicate War State...
2026-01-09 03:48:24.985 -06:00 [INF] Checking staggered war declarations for Day Index: 4
2026-01-09 03:48:25.109 -06:00 [INF] PressGang: Eumenys the Boar's Party recruiting 1 Sea Raider
2026-01-09 03:48:25.171 -06:00 [INF] PressGang: Sea Raiders recruiting 1 Sturgian Druzhinnik
2026-01-09 03:48:25.171 -06:00 [INF] PressGang: Sea Raiders recruiting 1 Sturgian Hardened Brigand
2026-01-09 03:48:25.299 -06:00 [INF] PressGang: Grand Steppe Bandits Horde recruiting 1 Aserai Peasant
2026-01-09 03:48:25.612 -06:00 [INF] PressGang: Deserters recruiting 1 Khuzait Peasant
2026-01-09 03:48:25.613 -06:00 [INF] PressGang: Deserters recruiting 1 Khuzait Horse Archer
2026-01-09 03:48:25.613 -06:00 [INF] PressGang: Deserters recruiting 1 Khuzait Peasant
2026-01-09 03:48:30.406 -06:00 [INF] PressGang: Grand Corsairs Horde recruiting 3 Vlandian Convoy Guard
2026-01-09 03:48:30.406 -06:00 [INF] PressGang: Grand Corsairs Horde recruiting 2 Vlandian Armed Convoy Trader
2026-01-09 03:48:31.000 -06:00 [INF] MERGING: Forest Bandits (8) -> Forest Bandits (16) [Naval: False]
2026-01-09 03:48:31.001 -06:00 [INF] Total Merges this battle: 1
2026-01-09 03:48:35.519 -06:00 [INF] PressGang: Grand Corsairs Horde recruiting 1 Vlandian Convoy Guard
2026-01-09 03:48:37.036 -06:00 [INF] PressGang: Steppe Bandits recruiting 1 Khuzait Peasant
2026-01-09 03:48:37.981 -06:00 [INF] PressGang: Grand Empire Horde recruiting 1 Khuzait Peasant
2026-01-09 03:48:37.982 -06:00 [INF] PressGang: Grand Sturgia Horde recruiting 2 Sturgia Peasant
2026-01-09 03:48:38.570 -06:00 [INF] PressGang: Forest Bandits recruiting 1 Nord Peasant
2026-01-09 03:48:39.070 -06:00 [INF] PressGang: Grand Sturgia Horde recruiting 2 Sturgian Caravan Guard
2026-01-09 03:48:40.210 -06:00 [INF] PressGang: Grand Corsairs Horde recruiting 1 Vlandian Veteran Convoy Guard
2026-01-09 03:48:41.413 -06:00 [INF] PressGang: Grand Looters Horde recruiting 1 Imperial Shipmate
2026-01-09 03:48:41.464 -06:00 [INF] PressGang: Steppe Bandits recruiting 1 Khuzait Peasant
2026-01-09 03:58:47.649 -06:00 [INF] PressGang: Steppe Bandits recruiting 1 Khuzait Peasant
2026-01-09 03:58:48.257 -06:00 [INF] PressGang: Grand Empire Horde recruiting 1 Nord Warrior
2026-01-09 03:58:48.303 -06:00 [INF] PressGang: Grand Empire Horde recruiting 1 Hillman
2026-01-09 03:58:48.547 -06:00 [INF] PressGang: Grand Empire Horde recruiting 1 Imperial Heavy Horseman
2026-01-09 03:58:48.547 -06:00 [INF] PressGang: Grand Empire Horde recruiting 2 Imperial Infantryman
2026-01-09 03:58:48.794 -06:00 [INF] PressGang: Desert Bandits recruiting 1 Aserai Peasant
2026-01-09 03:58:49.557 -06:00 [INF] PressGang: Sea Raiders recruiting 1 Nord Peasant
2026-01-09 03:58:50.081 -06:00 [INF] PressGang: Grand Empire Horde recruiting 1 Skolder Warrior Broda
2026-01-09 03:58:50.619 -06:00 [INF] PressGang: Grand Battania Horde recruiting 1 Looter
2026-01-09 03:58:50.675 -06:00 [INF] PressGang: Grand Corsairs Horde recruiting 1 Imperial Coast Guard
2026-01-09 03:58:50.959 -06:00 [INF] PressGang: Steppe Bandits recruiting 1 Empire Peasant
2026-01-09 03:58:51.160 -06:00 [INF] PressGang: Grand Empire Horde recruiting 1 Battanian Armed Trader
2026-01-09 03:58:51.213 -06:00 [INF] PressGang: Grand Empire Horde recruiting 1 Empire Peasant
2026-01-09 03:58:51.323 -06:00 [INF] PressGang: Sea Raiders recruiting 1 Sturgian Brigand
2026-01-09 03:58:51.378 -06:00 [INF] Daily Tick: Verifying Syndicate War State...
2026-01-09 03:58:51.378 -06:00 [INF] Checking staggered war declarations for Day Index: 5
2026-01-09 03:58:52.471 -06:00 [INF] PressGang: Forest Bandits recruiting 1 Empire Peasant
2026-01-09 03:58:52.941 -06:00 [INF] PressGang: Looters recruiting 1 Empire Peasant
2026-01-09 03:58:53.022 -06:00 [INF] PressGang: Arlech of the Wolfskins' Party recruiting 1 Sea Raider Chief
2026-01-09 03:58:53.667 -06:00 [INF] PressGang: Udris of the Wolfskins' Party recruiting 2 Looter
2026-01-09 03:58:55.132 -06:00 [INF] MERGING: Looters (9) -> Looters (17) [Naval: False]
2026-01-09 03:58:55.132 -06:00 [INF] Total Merges this battle: 1
2026-01-09 03:58:57.306 -06:00 [INF] PressGang: Grand Corsairs Horde recruiting 1 Vlandian Armed Convoy Trader
2026-01-09 03:59:03.994 -06:00 [INF] PressGang: Looters recruiting 1 Nord Peasant
2026-01-09 03:59:04.404 -06:00 [INF] PressGang: Grand Corsairs Horde recruiting 1 Vlandian Convoy Guard
2026-01-09 03:59:06.187 -06:00 [INF] PressGang: Desert Bandits recruiting 1 Aserai Peasant
2026-01-09 03:59:06.296 -06:00 [INF] PressGang: Grand Sturgia Horde recruiting 1 Sturgian Veteran Caravan Guard
2026-01-09 03:59:06.296 -06:00 [INF] PressGang: Grand Sturgia Horde recruiting 1 Sturgian Armed Trader
2026-01-09 03:59:06.956 -06:00 [INF] PressGang: Grand Looters Horde recruiting 1 Aserai Convoy Guard
2026-01-09 03:59:06.956 -06:00 [INF] PressGang: Grand Looters Horde recruiting 1 Nord Freeman Archer
2026-01-09 03:59:07.656 -06:00 [INF] MERGING: Looters (12) -> Steppe Bandits (18) [Naval: False]
2026-01-09 03:59:07.656 -06:00 [INF] Total Merges this battle: 1
2026-01-09 03:59:07.940 -06:00 [INF] PressGang: Looters recruiting 2 Nord Peasant
2026-01-09 03:59:08.096 -06:00 [INF] MERGING: Looters (10) -> Looters (12) [Naval: False]
2026-01-09 03:59:08.098 -06:00 [INF] MERGING: Looters (9) -> Looters (22) [Naval: False]
2026-01-09 03:59:08.098 -06:00 [INF] Total Merges this battle: 2
2026-01-09 03:59:08.828 -06:00 [INF] PressGang: Grand Empire Horde recruiting 1 Battanian Veteran Caravan Guard
2026-01-09 03:59:09.022 -06:00 [INF] PressGang: Grand Looters Horde recruiting 1 Nord Scion
2026-01-09 03:59:09.440 -06:00 [INF] PressGang: Grand Empire Horde recruiting 1 Hillman
2026-01-09 03:59:09.440 -06:00 [INF] PressGang: Grand Empire Horde recruiting 1 Empire Peasant
2026-01-09 03:59:10.317 -06:00 [INF] PressGang: Steppe Bandits recruiting 1 Aserai Peasant
2026-01-09 03:59:10.317 -06:00 [INF] PressGang: Steppe Bandits recruiting 1 Empire Peasant
2026-01-09 03:59:10.384 -06:00 [INF] PressGang: Steppe Bandits recruiting 1 Khuzait Peasant
2026-01-09 03:59:11.124 -06:00 [INF] PressGang: Grand Empire Horde recruiting 1 Skolder Recruit
2026-01-09 03:59:11.124 -06:00 [INF] PressGang: Grand Empire Horde recruiting 1 Imperial Recruit
2026-01-09 03:59:12.080 -06:00 [INF] PressGang: Grand Empire Horde recruiting 1 Battanian Veteran Caravan Guard
2026-01-09 03:59:12.080 -06:00 [INF] PressGang: Grand Empire Horde recruiting 1 Empire Peasant
2026-01-09 03:59:12.584 -06:00 [INF] Daily Tick: Verifying Syndicate War State...
2026-01-09 03:59:12.584 -06:00 [INF] Checking staggered war declarations for Day Index: 0
2026-01-09 03:59:12.590 -06:00 [INF] PressGang: Looters recruiting 3 Vlandia Peasant
2026-01-09 03:59:12.695 -06:00 [INF] PressGang: Mountain Bandits recruiting 1 Imperial Infantryman
2026-01-09 03:59:12.918 -06:00 [INF] PressGang: Forest Bandits recruiting 3 Empire Peasant
2026-01-09 03:59:13.538 -06:00 [INF] PressGang: Looters recruiting 1 Empire Peasant
2026-01-09 03:59:13.653 -06:00 [INF] PressGang: Arlech of the Wolfskins' Party recruiting 1 Looter
2026-01-09 03:59:13.833 -06:00 [INF] MERGING: Looters (8) -> Looters (24) [Naval: False]
2026-01-09 03:59:13.833 -06:00 [INF] Total Merges this battle: 1
2026-01-09 03:59:13.933 -06:00 [INF] PressGang: Sea Raiders recruiting 1 Imperial Recruit
2026-01-09 03:59:14.054 -06:00 [INF] PressGang: Pelisor of the Wolfskins' Party recruiting 2 Looter
2026-01-09 03:59:14.499 -06:00 [INF] PressGang: Looters recruiting 1 Empire Peasant
2026-01-09 03:59:17.911 -06:00 [INF] PressGang: Grand Corsairs Horde recruiting 1 Vlandian Armed Convoy Trader
2026-01-09 03:59:18.962 -06:00 [INF] MERGING: Steppe Bandits (9) -> Deserters (15) [Naval: False]
2026-01-09 03:59:18.962 -06:00 [INF] Total Merges this battle: 1
2026-01-09 03:59:24.853 -06:00 [INF] PressGang: Grand Looters Horde recruiting 1 Nord Youngling
2026-01-09 03:59:26.455 -06:00 [INF] PressGang: Grand Sturgia Horde recruiting 1 Hired Spear
2026-01-09 03:59:27.064 -06:00 [INF] PressGang: Grand Looters Horde recruiting 1 Looter
2026-01-09 03:59:27.064 -06:00 [INF] PressGang: Grand Looters Horde recruiting 1 Expert Eleftheroi
2026-01-09 03:59:28.851 -06:00 [INF] PressGang: Grand Looters Horde recruiting 1 Imperial Infantryman
2026-01-09 03:59:29.229 -06:00 [INF] PressGang: Grand Looters Horde recruiting 1 Recruit Eleftheroi
2026-01-09 03:59:29.671 -06:00 [INF] PressGang: Grand Empire Horde recruiting 1 Imperial Vigla Recruit
2026-01-09 03:59:29.671 -06:00 [INF] PressGang: Grand Empire Horde recruiting 1 Imperial Trained Archer
2026-01-09 03:59:29.671 -06:00 [INF] PressGang: Grand Empire Horde recruiting 1 Imperial Legionary
2026-01-09 03:59:29.671 -06:00 [INF] PressGang: Grand Empire Horde recruiting 2 Imperial Equite
2026-01-09 03:59:29.744 -06:00 [INF] PressGang: Grand Empire Horde recruiting 1 Imperial Crossbowman
2026-01-09 03:59:29.744 -06:00 [INF] PressGang: Grand Empire Horde recruiting 1 Looter
2026-01-09 03:59:29.744 -06:00 [INF] PressGang: Grand Empire Horde recruiting 1 Battanian Armed Trader
2026-01-09 03:59:30.082 -06:00 [INF] PressGang: Grand Empire Horde recruiting 1 Imperial Infantryman
2026-01-09 03:59:30.809 -06:00 [INF] PressGang: Steppe Bandits recruiting 1 Empire Peasant
2026-01-09 03:59:31.313 -06:00 [INF] PressGang: Deserters recruiting 1 Battania Peasant
2026-01-09 03:59:31.601 -06:00 [INF] PressGang: Grand Empire Horde recruiting 1 Skolder Recruit
2026-01-09 03:59:31.601 -06:00 [INF] PressGang: Grand Empire Horde recruiting 1 Imperial Archer
2026-01-09 03:59:31.601 -06:00 [INF] PressGang: Grand Empire Horde recruiting 1 Imperial Cataphract
2026-01-09 03:59:33.025 -06:00 [INF] PressGang: Looters recruiting 1 Imperial Trained Archer
2026-01-09 03:59:33.170 -06:00 [INF] PressGang: Mountain Bandits recruiting 1 Imperial Crossbowman
2026-01-09 03:59:33.386 -06:00 [INF] Daily Tick: Verifying Syndicate War State...
2026-01-09 03:59:33.386 -06:00 [INF] Checking staggered war declarations for Day Index: 1
2026-01-09 03:59:34.104 -06:00 [INF] PressGang: Arlech of the Wolfskins' Party recruiting 1 Sea Raider
2026-01-09 03:59:34.536 -06:00 [INF] PressGang: Grand Sturgia Horde recruiting 1 Sturgian Recruit (Rank 1)
2026-01-09 03:59:34.536 -06:00 [INF] PressGang: Grand Sturgia Horde recruiting 1 Sturgian Soldier
2026-01-09 03:59:34.940 -06:00 [INF] PressGang: Deserters recruiting 1 Imperial Recruit
2026-01-09 03:59:34.940 -06:00 [INF] PressGang: Looters recruiting 1 Empire Peasant
2026-01-09 03:59:35.956 -06:00 [INF] PressGang: Deserters recruiting 1 Imperial Archer
2026-01-09 03:59:44.306 -06:00 [INF] PressGang: Grand Corsairs Horde recruiting 1 Vlandian Veteran Convoy Guard
2026-01-09 03:59:45.919 -06:00 [INF] PressGang: Grand Corsairs Horde recruiting 1 Vlandian Veteran Convoy Guard
2026-01-09 03:59:46.175 -06:00 [INF] PressGang: Grand Looters Horde recruiting 1 Nord Youngling
2026-01-09 03:59:46.648 -06:00 [INF] PressGang: Grand Empire Horde recruiting 1 Imperial Infantryman
2026-01-09 03:59:46.649 -06:00 [INF] PressGang: Grand Empire Horde recruiting 2 Imperial Recruit
2026-01-09 03:59:46.649 -06:00 [INF] PressGang: Grand Empire Horde recruiting 1 Imperial Veteran Archer
2026-01-09 03:59:48.372 -06:00 [INF] PressGang: Grand Looters Horde recruiting 1 Recruit Eleftheroi
2026-01-09 03:59:48.372 -06:00 [INF] PressGang: Grand Looters Horde recruiting 1 Veteran Eleftheroi
2026-01-09 03:59:48.419 -06:00 [INF] MERGING: Looters (12) -> Looters (15) [Naval: False]
2026-01-09 03:59:48.420 -06:00 [INF] MERGING: Looters (9) -> Looters (27) [Naval: False]
2026-01-09 03:59:48.420 -06:00 [INF] Total Merges this battle: 2
2026-01-09 03:59:48.768 -06:00 [INF] PressGang: Grand Corsairs Horde recruiting 1 Vlandian Armed Convoy Trader
2026-01-09 03:59:49.081 -06:00 [INF] PressGang: Looters recruiting 1 Nord Peasant
2026-01-09 03:59:50.581 -06:00 [INF] PressGang: Grand Empire Horde recruiting 1 Imperial Trained Infantryman
2026-01-09 03:59:50.581 -06:00 [INF] PressGang: Grand Empire Horde recruiting 1 Imperial Equite
2026-01-09 03:59:50.581 -06:00 [INF] PressGang: Grand Empire Horde recruiting 1 Imperial Infantryman
2026-01-09 03:59:50.874 -06:00 [INF] PressGang: Grand Empire Horde recruiting 1 Imperial Bucellarii
2026-01-09 03:59:51.478 -06:00 [INF] PressGang: Steppe Bandits recruiting 1 Khuzait Peasant
2026-01-09 03:59:52.089 -06:00 [INF] PressGang: Grand Looters Horde recruiting 1 Empire Peasant
2026-01-09 03:59:52.127 -06:00 [INF] PressGang: Grand Empire Horde recruiting 1 Imperial Archer
2026-01-09 03:59:52.127 -06:00 [INF] PressGang: Grand Empire Horde recruiting 1 Hired Elite Pike
2026-01-09 03:59:52.475 -06:00 [INF] MERGING: Steppe Bandits (25) -> Steppe Bandits (26) [Naval: False]
2026-01-09 03:59:52.476 -06:00 [INF] Total Merges this battle: 1
2026-01-09 03:59:53.021 -06:00 [INF] PressGang: Grand Empire Horde recruiting 1 Skolder Recruit
2026-01-09 03:59:53.070 -06:00 [INF] PressGang: Grand Empire Horde recruiting 1 Sea Raider Warrior
2026-01-09 03:59:53.371 -06:00 [INF] PressGang: Looters recruiting 1 Empire Peasant
2026-01-09 03:59:53.565 -06:00 [INF] PressGang: Mountain Bandits recruiting 1 Imperial Infantryman
2026-01-09 03:59:53.724 -06:00 [INF] PressGang: Forest Bandits recruiting 2 Empire Peasant
2026-01-09 03:59:54.064 -06:00 [INF] PressGang: Grand Looters Horde recruiting 1 Empire Peasant
2026-01-09 03:59:54.114 -06:00 [INF] Daily Tick: Verifying Syndicate War State...
2026-01-09 03:59:54.114 -06:00 [INF] Checking staggered war declarations for Day Index: 2
2026-01-09 03:59:54.311 -06:00 [INF] PressGang: Grand Battania Horde recruiting 1 Looter
2026-01-09 03:59:54.608 -06:00 [INF] PressGang: Sea Raiders recruiting 1 Empire Peasant
2026-01-09 03:59:54.709 -06:00 [INF] PressGang: Udris of the Wolfskins' Party recruiting 1 Sea Raider
2026-01-09 03:59:54.906 -06:00 [INF] MERGING: Looters (14) -> Desert Bandits (24) [Naval: False]
2026-01-09 03:59:54.907 -06:00 [INF] MERGING: Looters (12) -> Desert Bandits (38) [Naval: False]
2026-01-09 03:59:54.907 -06:00 [INF] Total Merges this battle: 2
2026-01-09 03:59:55.553 -06:00 [INF] PressGang: Deserters recruiting 1 Khuzait Peasant
2026-01-09 03:59:55.655 -06:00 [INF] PressGang: Looters recruiting 1 Sturgia Peasant
2026-01-09 03:59:55.962 -06:00 [INF] PressGang: Phelenos of the Embers' Party recruiting 1 Empire Peasant
2026-01-09 03:59:58.314 -06:00 [INF] MERGING: Looters (6) -> Looters (7) [Naval: False]
2026-01-09 03:59:58.315 -06:00 [INF] Total Merges this battle: 1
2026-01-09 03:59:58.530 -06:00 [INF] MERGING: Looters (15) -> Deserters (40) [Naval: False]
2026-01-09 03:59:58.531 -06:00 [INF] Total Merges this battle: 1
2026-01-09 03:59:59.325 -06:00 [INF] PressGang: Grand Corsairs Horde recruiting 1 Vlandian Veteran Convoy Guard
2026-01-09 04:00:04.319 -06:00 [INF] PressGang: Grand Corsairs Horde recruiting 2 Vlandian Convoy Guard
2026-01-09 04:00:06.671 -06:00 [INF] PressGang: Grand Empire Horde recruiting 2 Imperial Heavy Horseman
2026-01-09 04:00:06.714 -06:00 [INF] PressGang: Dachan of the Karakhergit's Party recruiting 1 Sea Raider Warrior
2026-01-09 04:00:06.714 -06:00 [INF] PressGang: Dachan of the Karakhergit's Party recruiting 1 Sea Raider
2026-01-09 04:00:06.714 -06:00 [INF] PressGang: Dachan of the Karakhergit's Party recruiting 1 Looter
2026-01-09 04:00:07.736 -06:00 [INF] PressGang: Grand Sturgia Horde recruiting 1 Sturgian Caravan Master
2026-01-09 04:00:07.737 -06:00 [INF] PressGang: Grand Sturgia Horde recruiting 1 Sea Raider Warrior
2026-01-09 04:00:07.737 -06:00 [INF] PressGang: Grand Sturgia Horde recruiting 1 Sea Raider
2026-01-09 04:00:08.307 -06:00 [INF] PressGang: Grand Looters Horde recruiting 2 Veteran Eleftheroi
2026-01-09 04:00:09.215 -06:00 [INF] PressGang: Looters recruiting 2 Nord Peasant
2026-01-09 04:00:09.268 -06:00 [INF] PressGang: Grand Corsairs Horde recruiting 1 Aserai Peasant
2026-01-09 04:00:09.941 -06:00 [INF] PressGang: Grand Empire Horde recruiting 1 Skolder Warrior Broda
2026-01-09 04:00:09.989 -06:00 [INF] PressGang: Grand Looters Horde recruiting 1 Looter
2026-01-09 04:00:09.989 -06:00 [INF] PressGang: Grand Looters Horde recruiting 1 Nord Huntsman
2026-01-09 04:00:10.420 -06:00 [INF] PressGang: Grand Empire Horde recruiting 1 Imperial Heavy Horseman
2026-01-09 04:00:10.420 -06:00 [INF] PressGang: Grand Empire Horde recruiting 1 Imperial Infantryman
2026-01-09 04:00:10.703 -06:00 [INF] PressGang: Grand Empire Horde recruiting 1 Imperial Crossbowman
2026-01-09 04:00:11.042 -06:00 [INF] PressGang: Grand Steppe Bandits Horde recruiting 1 Khuzait Peasant
2026-01-09 04:00:11.801 -06:00 [INF] MERGING: Looters (15) -> Looters (24) [Naval: False]
2026-01-09 04:00:11.801 -06:00 [INF] MERGING: Looters (14) -> Looters (39) [Naval: False]
2026-01-09 04:00:11.802 -06:00 [INF] Total Merges this battle: 2
2026-01-09 04:00:11.899 -06:00 [INF] PressGang: Grand Empire Horde recruiting 1 Skolder Warrior Broda
2026-01-09 04:00:12.182 -06:00 [INF] PressGang: Steppe Bandits recruiting 1 Khuzait Peasant
2026-01-09 04:00:12.231 -06:00 [INF] PressGang: Corsairs recruiting 1 Khuzait Peasant
2026-01-09 04:00:12.466 -06:00 [INF] PressGang: Grand Battania Horde recruiting 2 Hillman
2026-01-09 04:00:12.843 -06:00 [INF] PressGang: Looters recruiting 1 Nord Peasant
2026-01-09 04:00:13.123 -06:00 [INF] PressGang: Forest Bandits recruiting 1 Empire Peasant
2026-01-09 04:00:13.498 -06:00 [INF] MERGING: Steppe Bandits (11) -> Deserters (15) [Naval: False]
2026-01-09 04:00:13.498 -06:00 [INF] Total Merges this battle: 1
2026-01-09 04:00:13.681 -06:00 [INF] PressGang: Atilon of the Hand's Party recruiting 1 Empire Peasant
2026-01-09 04:00:13.999 -06:00 [INF] PressGang: Grand Battania Horde recruiting 1 Sea Raider
2026-01-09 04:00:14.185 -06:00 [INF] Daily Tick: Verifying Syndicate War State...
2026-01-09 04:00:14.185 -06:00 [INF] Checking staggered war declarations for Day Index: 3
2026-01-09 04:00:14.367 -06:00 [INF] PressGang: Grand Battania Horde recruiting 1 Sea Raider Warrior
2026-01-09 04:00:14.367 -06:00 [INF] PressGang: Grand Battania Horde recruiting 1 Sea Raider
2026-01-09 04:00:15.211 -06:00 [INF] PressGang: Looters recruiting 1 Empire Peasant
2026-01-09 04:00:15.494 -06:00 [INF] PressGang: Deserters recruiting 1 Imperial Heavy Horseman
2026-01-09 04:00:15.494 -06:00 [INF] PressGang: Deserters recruiting 1 Imperial Recruit
2026-01-09 04:00:15.587 -06:00 [INF] PressGang: Grand Looters Horde recruiting 2 Khuzait Peasant
2026-01-09 04:00:15.679 -06:00 [INF] PressGang: Grand Looters Horde recruiting 1 Empire Peasant
2026-01-09 04:00:16.291 -06:00 [INF] PressGang: Deserters recruiting 1 Empire Peasant
2026-01-09 04:00:19.404 -06:00 [INF] PressGang: Grand Corsairs Horde recruiting 1 Vlandian Veteran Convoy Guard
2026-01-09 04:01:22.639 -06:00 [INF] PressGang: Grand Corsairs Horde recruiting 1 Vlandian Convoy Guard
2026-01-09 04:01:22.926 -06:00 [INF] PressGang: Grand Sturgia Horde recruiting 1 Sturgian Horse Raider
2026-01-09 04:01:22.926 -06:00 [INF] PressGang: Grand Sturgia Horde recruiting 1 Sturgian Druzhinnik
2026-01-09 04:01:22.926 -06:00 [INF] PressGang: Grand Sturgia Horde recruiting 1 Sturgian Brigand
2026-01-09 04:01:22.926 -06:00 [INF] PressGang: Grand Sturgia Horde recruiting 1 Sturgian Woodsman
2026-01-09 04:08:16.804 -06:00 [INF] PressGang: Grand Empire Horde recruiting 1 Imperial Armed Trader
2026-01-09 04:08:16.804 -06:00 [INF] PressGang: Grand Empire Horde recruiting 1 Imperial Recruit (Rank 1)
2026-01-09 04:08:16.804 -06:00 [INF] PressGang: Grand Empire Horde recruiting 1 Imperial Archer
2026-01-09 04:08:16.804 -06:00 [INF] PressGang: Grand Empire Horde recruiting 1 Imperial Veteran Archer
2026-01-09 04:08:16.849 -06:00 [INF] PressGang: Grand Sturgia Horde recruiting 1 Hired Pike
2026-01-09 04:08:16.849 -06:00 [INF] PressGang: Grand Sturgia Horde recruiting 1 Sturgian Druzhinnik Champion
2026-01-09 04:08:16.849 -06:00 [INF] PressGang: Grand Sturgia Horde recruiting 1 Sturgian Hardened Brigand
2026-01-09 04:08:16.849 -06:00 [INF] PressGang: Grand Sturgia Horde recruiting 2 Varyag
2026-01-09 04:08:17.134 -06:00 [INF] MERGING: Desert Bandits (11) -> Looters (18) [Naval: False]
2026-01-09 04:08:17.136 -06:00 [INF] Total Merges this battle: 1
2026-01-09 04:08:17.832 -06:00 [INF] PressGang: Grand Sturgia Horde recruiting 1 Sturgian Veteran Caravan Guard
2026-01-09 04:08:18.426 -06:00 [INF] PressGang: Grand Looters Horde recruiting 1 Aserai Veteran Convoy Guard
2026-01-09 04:08:18.426 -06:00 [INF] PressGang: Grand Looters Horde recruiting 1 Veteran Eleftheroi
2026-01-09 04:08:18.809 -06:00 [INF] PressGang: Grand Corsairs Horde recruiting 1 Vlandian Veteran Convoy Guard
2026-01-09 04:08:19.352 -06:00 [INF] PressGang: Grand Corsairs Horde recruiting 1 Aserai Peasant
2026-01-09 04:08:20.529 -06:00 [INF] PressGang: Grand Empire Horde recruiting 1 Sturgian Otrok
2026-01-09 04:08:20.529 -06:00 [INF] PressGang: Grand Empire Horde recruiting 1 Imperial Equite
2026-01-09 04:08:20.586 -06:00 [INF] PressGang: Grand Empire Horde recruiting 1 Empire Peasant
2026-01-09 04:08:20.977 -06:00 [INF] PressGang: Desert Bandits recruiting 1 Aserai Peasant
2026-01-09 04:08:21.161 -06:00 [INF] PressGang: Grand Steppe Bandits Horde recruiting 1 Khuzait Peasant
2026-01-09 04:08:21.367 -06:00 [INF] PressGang: Looters recruiting 1 Nord Peasant
2026-01-09 04:08:21.926 -06:00 [INF] PressGang: Grand Looters Horde recruiting 1 Vlandian Infantry
2026-01-09 04:08:22.562 -06:00 [INF] PressGang: Grand Corsairs Horde recruiting 1 Imperial Shipmate
2026-01-09 04:08:22.846 -06:00 [INF] PressGang: Grand Empire Horde recruiting 1 Sisterhood Follower
2026-01-09 04:08:22.846 -06:00 [INF] PressGang: Grand Empire Horde recruiting 1 Sellsword
2026-01-09 04:08:22.917 -06:00 [INF] PressGang: Grand Empire Horde recruiting 1 Battanian Armed Trader
2026-01-09 04:08:23.210 -06:00 [INF] PressGang: Looters recruiting 1 Imperial Infantryman
2026-01-09 04:08:23.283 -06:00 [INF] PressGang: Looters recruiting 1 Vlandia Peasant
2026-01-09 04:08:23.368 -06:00 [INF] MERGING: Deserters (10) -> Looters (16) [Naval: False]
2026-01-09 04:08:23.368 -06:00 [INF] Total Merges this battle: 1
2026-01-09 04:08:23.998 -06:00 [INF] MERGING: Forest Bandits (10) -> Looters (12) [Naval: False]
2026-01-09 04:08:23.998 -06:00 [INF] Total Merges this battle: 1
2026-01-09 04:08:24.505 -06:00 [INF] PressGang: Grand Battania Horde recruiting 1 Sea Raider
2026-01-09 04:08:24.505 -06:00 [INF] PressGang: Thucasys of the Hand's Party recruiting 1 Imperial Recruit (Rank 1)
2026-01-09 04:08:24.505 -06:00 [INF] PressGang: Thucasys of the Hand's Party recruiting 1 Imperial Trained Archer
2026-01-09 04:08:24.505 -06:00 [INF] PressGang: Thucasys of the Hand's Party recruiting 1 Imperial Archer
2026-01-09 04:08:24.505 -06:00 [INF] PressGang: Thucasys of the Hand's Party recruiting 1 Imperial Recruit
2026-01-09 04:08:24.647 -06:00 [INF] Daily Tick: Verifying Syndicate War State...
2026-01-09 04:08:24.647 -06:00 [INF] Checking staggered war declarations for Day Index: 4
2026-01-09 04:08:24.717 -06:00 [INF] PressGang: Looters recruiting 2 Empire Peasant
2026-01-09 04:08:24.784 -06:00 [INF] PressGang: Grand Empire Horde recruiting 1 Imperial Trained Archer
2026-01-09 04:08:25.282 -06:00 [INF] PressGang: Grand Looters Horde recruiting 1 Empire Peasant
2026-01-09 04:08:25.516 -06:00 [INF] PressGang: Grand Empire Horde recruiting 1 Freebooter
2026-01-09 04:08:25.516 -06:00 [INF] PressGang: Grand Empire Horde recruiting 2 Bushwacker
2026-01-09 04:08:25.757 -06:00 [INF] PressGang: Grand Looters Horde recruiting 1 Empire Peasant
2026-01-09 04:08:25.828 -06:00 [INF] PressGang: Looters recruiting 1 Battania Peasant
2026-01-09 04:08:26.252 -06:00 [INF] PressGang: Deserters recruiting 1 Empire Peasant
2026-01-09 04:08:29.962 -06:00 [INF] PressGang: Grand Corsairs Horde recruiting 1 Vlandian Armed Convoy Trader
2026-01-09 04:08:31.826 -06:00 [INF] MERGING: Desert Bandits (20) -> Desert Bandits (23) [Naval: False]
2026-01-09 04:08:31.826 -06:00 [INF] Total Merges this battle: 1
2026-01-09 04:08:35.427 -06:00 [INF] PressGang: Grand Sturgia Horde recruiting 1 Sturgian Archer
2026-01-09 04:08:35.427 -06:00 [INF] PressGang: Grand Sturgia Horde recruiting 1 Sturgian Militia Archer
2026-01-09 04:08:35.427 -06:00 [INF] PressGang: Grand Sturgia Horde recruiting 1 Sturgian Hardened Brigand
2026-01-09 04:08:35.427 -06:00 [INF] PressGang: Grand Sturgia Horde recruiting 1 Sturgian Brigand
2026-01-09 04:08:35.427 -06:00 [INF] PressGang: Grand Sturgia Horde recruiting 1 Sturgian Otrok
2026-01-09 04:08:35.427 -06:00 [INF] PressGang: Grand Sturgia Horde recruiting 2 Sturgian Woodsman
2026-01-09 04:08:35.427 -06:00 [INF] PressGang: Grand Sturgia Horde recruiting 3 Sturgian Hunter
2026-01-09 04:08:37.521 -06:00 [INF] PressGang: Grand Empire Horde recruiting 1 Imperial Archer
2026-01-09 04:08:37.521 -06:00 [INF] PressGang: Grand Sturgia Horde recruiting 1 Sturgian Woodsman
2026-01-09 04:08:37.521 -06:00 [INF] PressGang: Grand Sturgia Horde recruiting 2 Sturgian Hardened Brigand
2026-01-09 04:08:37.788 -06:00 [INF] MERGING: Looters (9) -> Looters (11) [Naval: False]
2026-01-09 04:08:37.789 -06:00 [INF] Total Merges this battle: 1
2026-01-09 04:08:38.533 -06:00 [INF] PressGang: Grand Sturgia Horde recruiting 1 Sea Raider
2026-01-09 04:08:38.582 -06:00 [INF] PressGang: Steppe Bandits recruiting 2 Aserai Peasant
2026-01-09 04:08:39.489 -06:00 [INF] PressGang: Grand Corsairs Horde recruiting 2 Vlandian Armed Convoy Trader
2026-01-09 04:08:39.996 -06:00 [INF] PressGang: Grand Corsairs Horde recruiting 1 Aserai Peasant
2026-01-09 04:08:40.258 -06:00 [INF] MERGING: Deserters (14) -> Deserters (16) [Naval: False]
2026-01-09 04:08:40.259 -06:00 [INF] Total Merges this battle: 1
2026-01-09 04:08:40.494 -06:00 [INF] PressGang: Steppe Bandits recruiting 1 Khuzait Peasant
2026-01-09 04:08:40.541 -06:00 [INF] PressGang: Grand Looters Horde recruiting 1 Nord Armed Convoy Trader
2026-01-09 04:08:41.102 -06:00 [INF] PressGang: Grand Empire Horde recruiting 1 Imperial Heavy Horseman
2026-01-09 04:08:41.194 -06:00 [INF] PressGang: Grand Empire Horde recruiting 1 Battanian Armed Trader
2026-01-09 04:08:41.709 -06:00 [INF] PressGang: Grand Steppe Bandits Horde recruiting 1 Khuzait Peasant
2026-01-09 04:08:42.317 -06:00 [INF] PressGang: Deserters recruiting 1 Battania Peasant
2026-01-09 04:08:42.782 -06:00 [INF] PressGang: Grand Corsairs Horde recruiting 1 Khuzait Peasant
2026-01-09 04:08:43.018 -06:00 [INF] PressGang: Grand Corsairs Horde recruiting 1 Aserai Peasant
2026-01-09 04:08:43.126 -06:00 [INF] MERGING: Desert Bandits (12) -> Looters (20) [Naval: False]
2026-01-09 04:08:43.126 -06:00 [INF] Total Merges this battle: 1
2026-01-09 04:08:43.158 -06:00 [INF] PressGang: Sea Raiders recruiting 2 Boar Novice
2026-01-09 04:08:43.158 -06:00 [INF] PressGang: Sea Raiders recruiting 1 Boar Veteran
2026-01-09 04:08:43.670 -06:00 [INF] PressGang: Forest Bandits recruiting 1 Empire Peasant
2026-01-09 04:08:44.183 -06:00 [INF] PressGang: Grand Khuzait Horde recruiting 1 Khuzait Tribal Warrior
2026-01-09 04:08:44.751 -06:00 [INF] PressGang: Grand Empire Horde recruiting 1 Imperial Trained Archer
2026-01-09 04:08:44.751 -06:00 [INF] PressGang: Grand Empire Horde recruiting 1 Imperial Archer
2026-01-09 04:08:44.751 -06:00 [INF] PressGang: Grand Empire Horde recruiting 1 Imperial Recruit
2026-01-09 04:08:45.026 -06:00 [INF] PressGang: Grand Empire Horde recruiting 1 Imperial Heavy Horseman
2026-01-09 04:08:45.026 -06:00 [INF] PressGang: Grand Empire Horde recruiting 1 Imperial Archer
2026-01-09 04:08:45.169 -06:00 [INF] Daily Tick: Verifying Syndicate War State...
2026-01-09 04:08:45.169 -06:00 [INF] Checking staggered war declarations for Day Index: 5
2026-01-09 04:08:45.172 -06:00 [INF] PressGang: Looters recruiting 1 Sturgia Peasant
2026-01-09 04:08:45.720 -06:00 [INF] PressGang: Grand Empire Horde recruiting 2 Freebooter
2026-01-09 04:08:45.722 -06:00 [INF] PressGang: Grand Empire Horde recruiting 2 Bushwacker
2026-01-09 04:08:45.958 -06:00 [INF] PressGang: Sea Raiders recruiting 1 Vlandia Peasant
2026-01-09 04:08:46.004 -06:00 [INF] PressGang: Looters recruiting 1 Empire Peasant
2026-01-09 04:08:46.473 -06:00 [INF] PressGang: Looters recruiting 1 Vlandia Peasant
2026-01-09 04:08:47.034 -06:00 [INF] PressGang: Looters recruiting 1 Aserai Peasant
2026-01-09 04:08:47.188 -06:00 [INF] PressGang: Pelisor of the Wolfskins' Party recruiting 2 Looter
2026-01-09 04:08:48.776 -06:00 [INF] MERGING: Deserters (18) -> Looters (22) [Naval: False]
2026-01-09 04:08:48.776 -06:00 [INF] MERGING: Looters (9) -> Looters (40) [Naval: False]
2026-01-09 04:08:48.776 -06:00 [INF] Total Merges this battle: 2
2026-01-09 04:09:30.281 -06:00 [INF] PressGang: Grand Corsairs Horde recruiting 1 Vlandian Convoy Guard
2026-01-09 04:09:30.281 -06:00 [INF] PressGang: Grand Corsairs Horde recruiting 1 Vlandian Caravan Master
2026-01-09 04:09:34.085 -06:00 [INF] MERGING: Looters (8) -> Looters (8) [Naval: False]
2026-01-09 04:09:34.086 -06:00 [INF] Total Merges this battle: 1
2026-01-09 04:09:35.483 -06:00 [INF] PressGang: Grand Sturgia Horde recruiting 1 Sturgian Hardened Brigand
2026-01-09 04:09:35.483 -06:00 [INF] PressGang: Grand Sturgia Horde recruiting 1 Sturgian Otrok
2026-01-09 04:09:35.483 -06:00 [INF] PressGang: Grand Sturgia Horde recruiting 2 Sturgian Woodsman
2026-01-09 04:09:38.513 -06:00 [INF] PressGang: Grand Empire Horde recruiting 1 Imperial Archer
2026-01-09 04:09:38.513 -06:00 [INF] PressGang: Grand Empire Horde recruiting 1 Imperial Trained Infantryman
2026-01-09 04:09:38.513 -06:00 [INF] PressGang: Grand Empire Horde recruiting 1 Empire Peasant
2026-01-09 04:09:39.895 -06:00 [INF] PressGang: Grand Looters Horde recruiting 1 Imperial Bucellarii
2026-01-09 04:09:40.519 -06:00 [INF] PressGang: Grand Looters Horde recruiting 1 Aserai Armed Convoy Trader
2026-01-09 04:09:40.519 -06:00 [INF] PressGang: Grand Looters Horde recruiting 1 Veteran Eleftheroi
2026-01-09 04:09:40.563 -06:00 [INF] PressGang: Sorji of the Karakhergit's Party recruiting 1 Looter
2026-01-09 04:09:40.856 -06:00 [INF] PressGang: Grand Corsairs Horde recruiting 1 Aserai Convoy Guard
2026-01-09 04:09:40.856 -06:00 [INF] PressGang: Grand Corsairs Horde recruiting 2 Aserai Armed Convoy Trader
2026-01-09 04:09:41.358 -06:00 [INF] PressGang: Grand Corsairs Horde recruiting 1 Imperial Naute
2026-01-09 04:09:41.818 -06:00 [INF] PressGang: Looters recruiting 2 Vlandia Peasant
2026-01-09 04:09:42.028 -06:00 [INF] PressGang: Davalan of the Karakhergit's Party recruiting 2 Sea Raider
2026-01-09 04:09:42.028 -06:00 [INF] PressGang: Davalan of the Karakhergit's Party recruiting 2 Looter
2026-01-09 04:09:42.448 -06:00 [INF] PressGang: Grand Empire Horde recruiting 1 Imperial Infantryman
2026-01-09 04:09:42.448 -06:00 [INF] PressGang: Grand Empire Horde recruiting 1 Imperial Heavy Horseman
2026-01-09 04:09:42.449 -06:00 [INF] PressGang: Grand Empire Horde recruiting 1 Imperial Equite
2026-01-09 04:09:42.449 -06:00 [INF] PressGang: Grand Empire Horde recruiting 1 Imperial Crossbowman
2026-01-09 04:09:42.489 -06:00 [INF] PressGang: Grand Empire Horde recruiting 1 Hired Spear
2026-01-09 04:09:42.732 -06:00 [INF] PressGang: Grand Empire Horde recruiting 1 Empire Peasant
2026-01-09 04:10:10.734 -06:00 [INF] PressGang: Grand Empire Horde recruiting 1 Skolder Recruit
2026-01-09 04:10:11.132 -06:00 [INF] PressGang: Grand Desert Bandits Horde recruiting 1 Aserai Peasant
2026-01-09 04:10:11.176 -06:00 [INF] PressGang: Grand Battania Horde recruiting 1 Highwayman
2026-01-09 04:10:11.176 -06:00 [INF] PressGang: Grand Battania Horde recruiting 1 Looter
2026-01-09 04:10:11.219 -06:00 [INF] PressGang: Grand Corsairs Horde recruiting 1 Aserai Peasant
2026-01-09 04:10:11.352 -06:00 [INF] PressGang: Grand Looters Horde recruiting 1 Nord Youngling
2026-01-09 04:10:11.495 -06:00 [INF] PressGang: Grand Empire Horde recruiting 1 Vlandian Caravan Guard
2026-01-09 04:10:12.384 -06:00 [INF] PressGang: Grand Empire Horde recruiting 1 Empire Peasant
2026-01-09 04:10:12.882 -06:00 [INF] PressGang: Sea Raiders recruiting 1 Sturgia Peasant
2026-01-09 04:10:13.162 -06:00 [INF] PressGang: Grand Empire Horde recruiting 1 Imperial Recruit
2026-01-09 04:10:13.676 -06:00 [INF] Daily Tick: Verifying Syndicate War State...
2026-01-09 04:10:13.676 -06:00 [INF] Checking staggered war declarations for Day Index: 0
2026-01-09 04:10:13.784 -06:00 [INF] PressGang: Looters recruiting 1 Aserai Peasant
2026-01-09 04:10:13.842 -06:00 [INF] PressGang: Grand Empire Horde recruiting 2 Freebooter
2026-01-09 04:10:14.123 -06:00 [INF] PressGang: Sea Raiders recruiting 1 Vlandia Peasant
2026-01-09 04:10:14.181 -06:00 [INF] PressGang: Looters recruiting 1 Nord Peasant
2026-01-09 04:10:15.092 -06:00 [INF] PressGang: Grand Looters Horde recruiting 1 Imperial Crossbowman
2026-01-09 04:10:15.600 -06:00 [INF] PressGang: Deserters recruiting 1 Vlandian Gallant
2026-01-09 04:10:18.795 -06:00 [INF] PressGang: Grand Corsairs Horde recruiting 1 Vlandian Armed Convoy Trader
2026-01-09 04:10:21.739 -06:00 [INF] MERGING: Sea Raiders (15) -> Sea Raiders (27) [Naval: True]
2026-01-09 04:10:21.741 -06:00 [INF] Total Merges this battle: 1
2026-01-09 04:10:23.104 -06:00 [INF] MERGING: Looters (17) -> Looters (21) [Naval: False]
2026-01-09 04:10:23.104 -06:00 [INF] Total Merges this battle: 1
2026-01-09 04:10:24.829 -06:00 [INF] PressGang: Grand Sturgia Horde recruiting 1 Sturgian Soldier
2026-01-09 04:10:24.829 -06:00 [INF] PressGang: Grand Sturgia Horde recruiting 1 Sturgian Heavy Axeman
2026-01-09 04:10:24.829 -06:00 [INF] PressGang: Grand Sturgia Horde recruiting 1 Sturgian Hardened Brigand
2026-01-09 04:10:24.829 -06:00 [INF] PressGang: Grand Sturgia Horde recruiting 1 Nord Axe Warrior
2026-01-09 04:10:24.829 -06:00 [INF] PressGang: Grand Sturgia Horde recruiting 2 Sturgian Hunter
2026-01-09 04:10:27.298 -06:00 [INF] PressGang: Grand Empire Horde recruiting 1 Imperial Armed Trader
2026-01-09 04:10:27.298 -06:00 [INF] PressGang: Grand Empire Horde recruiting 1 Imperial Shipmate
2026-01-09 04:10:27.298 -06:00 [INF] PressGang: Grand Sturgia Horde recruiting 1 Sturgian Brigand
2026-01-09 04:10:28.515 -06:00 [INF] PressGang: Grand Corsairs Horde recruiting 1 Empire Peasant
2026-01-09 04:10:28.844 -06:00 [INF] PressGang: Grand Looters Horde recruiting 1 Nord Youngling
2026-01-09 04:10:28.844 -06:00 [INF] PressGang: Grand Looters Horde recruiting 1 Expert Eleftheroi
2026-01-09 04:10:29.188 -06:00 [INF] PressGang: Grand Corsairs Horde recruiting 2 Aserai Armed Convoy Trader
2026-01-09 04:10:30.036 -06:00 [INF] MERGING: Deserters (14) -> Looters (27) [Naval: False]
2026-01-09 04:10:30.037 -06:00 [INF] Total Merges this battle: 1
2026-01-09 04:10:30.400 -06:00 [INF] PressGang: Grand Khuzait Horde recruiting 1 Sea Raider Chief
2026-01-09 04:10:30.400 -06:00 [INF] PressGang: Grand Khuzait Horde recruiting 2 Sea Raider Warrior
2026-01-09 04:10:30.400 -06:00 [INF] PressGang: Grand Khuzait Horde recruiting 3 Sea Raider
2026-01-09 04:10:32.529 -06:00 [INF] PressGang: Grand Desert Bandits Horde recruiting 1 Aserai Peasant
2026-01-09 04:10:32.609 -06:00 [INF] PressGang: Grand Battania Horde recruiting 4 Looter
2026-01-09 04:10:32.727 -06:00 [INF] PressGang: Grand Looters Horde recruiting 1 Nord Youngling
2026-01-09 04:10:32.889 -06:00 [INF] PressGang: Grand Empire Horde recruiting 1 Hired Crossbow
2026-01-09 04:10:32.890 -06:00 [INF] PressGang: Grand Empire Horde recruiting 1 Hired Spear
2026-01-09 04:10:32.930 -06:00 [INF] PressGang: Grand Empire Horde recruiting 1 Empire Peasant
2026-01-09 04:10:33.211 -06:00 [INF] PressGang: Looters recruiting 1 Empire Peasant
2026-01-09 04:10:33.211 -06:00 [INF] PressGang: Forest Bandits recruiting 1 Empire Peasant
2026-01-09 04:10:33.251 -06:00 [INF] PressGang: Deserters recruiting 1 Khuzait Peasant
2026-01-09 04:10:34.137 -06:00 [INF] PressGang: Looters recruiting 2 Empire Peasant
2026-01-09 04:10:34.217 -06:00 [INF] PressGang: Grand Empire Horde recruiting 1 Imperial Veteran Archer
2026-01-09 04:10:34.217 -06:00 [INF] PressGang: Grand Empire Horde recruiting 2 Imperial Recruit
2026-01-09 04:10:34.217 -06:00 [INF] PressGang: Grand Empire Horde recruiting 1 Imperial Veteran Infantryman
2026-01-09 04:10:34.419 -06:00 [INF] PressGang: Grand Empire Horde recruiting 1 Imperial Trained Archer
2026-01-09 04:10:34.420 -06:00 [INF] PressGang: Grand Empire Horde recruiting 1 Imperial Archer
2026-01-09 04:10:34.620 -06:00 [INF] PressGang: Looters recruiting 1 Sturgia Peasant
2026-01-09 04:10:34.870 -06:00 [INF] PressGang: Sea Raiders recruiting 1 Nord Peasant
2026-01-09 04:10:35.031 -06:00 [INF] PressGang: Looters recruiting 2 Aserai Peasant
2026-01-09 04:10:35.072 -06:00 [INF] Daily Tick: Verifying Syndicate War State...
2026-01-09 04:10:35.072 -06:00 [INF] Checking staggered war declarations for Day Index: 1
2026-01-09 04:10:35.076 -06:00 [INF] PressGang: Grand Empire Horde recruiting 1 Freebooter
2026-01-09 04:10:35.076 -06:00 [INF] PressGang: Grand Empire Horde recruiting 1 Looter
2026-01-09 04:10:35.384 -06:00 [INF] PressGang: Looters recruiting 1 Nord Peasant
2026-01-09 04:10:35.754 -06:00 [INF] PressGang: Grand Looters Horde recruiting 3 Vlandia Peasant
2026-01-09 04:10:36.904 -06:00 [INF] MERGING: Deserters (14) -> Deserters (36) [Naval: False]
2026-01-09 04:10:36.904 -06:00 [INF] Total Merges this battle: 1
2026-01-09 04:10:39.609 -06:00 [INF] MERGING: Looters (11) -> Looters (28) [Naval: False]
2026-01-09 04:10:39.610 -06:00 [INF] Total Merges this battle: 1
2026-01-09 04:10:40.321 -06:00 [INF] PressGang: Grand Corsairs Horde recruiting 1 Vlandian Convoy Guard
2026-01-09 04:12:09.629 -06:00 [INF] PressGang: Grand Sturgia Horde recruiting 2 Sturgian Archer
2026-01-09 04:12:09.631 -06:00 [INF] PressGang: Grand Sturgia Horde recruiting 1 Nord War-Proven
2026-01-09 04:12:09.631 -06:00 [INF] PressGang: Grand Sturgia Horde recruiting 1 Sturgian Otrok
2026-01-09 04:12:09.631 -06:00 [INF] PressGang: Grand Sturgia Horde recruiting 1 Sturgian Recruit (Rank 1)
2026-01-09 04:12:11.538 -06:00 [INF] PressGang: Grand Empire Horde recruiting 1 Imperial Archer
2026-01-09 04:12:11.575 -06:00 [INF] PressGang: Grand Sturgia Horde recruiting 1 Sturgian Warrior
2026-01-09 04:12:11.575 -06:00 [INF] PressGang: Grand Sturgia Horde recruiting 1 Sturgian Brigand
2026-01-09 04:12:11.575 -06:00 [INF] PressGang: Grand Sturgia Horde recruiting 1 Sturgian Woodsman
2026-01-09 04:12:12.515 -06:00 [INF] PressGang: Grand Looters Horde recruiting 1 Imperial Recruit
2026-01-09 04:12:12.517 -06:00 [INF] PressGang: Grand Looters Horde recruiting 1 Imperial Bucellarii
2026-01-09 04:12:12.554 -06:00 [INF] PressGang: Grand Sturgia Horde recruiting 1 Sturgian Veteran Caravan Guard
2026-01-09 04:12:13.418 -06:00 [INF] PressGang: Grand Corsairs Horde recruiting 2 Aserai Convoy Guard
2026-01-09 04:12:13.418 -06:00 [INF] PressGang: Grand Corsairs Horde recruiting 1 Aserai Armed Convoy Trader
2026-01-09 04:12:14.624 -06:00 [INF] PressGang: Grand Khuzait Horde recruiting 1 Sea Raider Warrior
2026-01-09 04:12:14.624 -06:00 [INF] PressGang: Grand Khuzait Horde recruiting 1 Sea Raider
2026-01-09 04:12:16.117 -06:00 [INF] PressGang: Corsairs recruiting 1 Aserai Peasant
2026-01-09 04:12:16.391 -06:00 [INF] PressGang: Grand Empire Horde recruiting 1 Skolder Warrior Broda
2026-01-09 04:12:16.782 -06:00 [INF] PressGang: Grand Battania Horde recruiting 1 Looter
2026-01-09 04:12:16.955 -06:00 [INF] PressGang: Grand Looters Horde recruiting 1 Nord Youngling
2026-01-09 04:12:17.128 -06:00 [INF] PressGang: Grand Looters Horde recruiting 2 Nord Peasant
2026-01-09 04:12:17.128 -06:00 [INF] PressGang: Grand Empire Horde recruiting 1 Battanian Armed Trader
2026-01-09 04:12:17.171 -06:00 [INF] PressGang: Looters recruiting 1 Nord Peasant
2026-01-09 04:12:17.591 -06:00 [INF] PressGang: Looters recruiting 1 Vlandian Gallant
2026-01-09 04:12:17.635 -06:00 [INF] PressGang: Forest Bandits recruiting 1 Empire Peasant
2026-01-09 04:12:17.889 -06:00 [INF] PressGang: Grand Empire Horde recruiting 1 Imperial Trained Archer
2026-01-09 04:12:39.861 -06:00 [INF] PressGang: Looters recruiting 2 Empire Peasant
2026-01-09 04:12:39.945 -06:00 [INF] PressGang: Grand Empire Horde recruiting 1 Imperial Coast Guard
2026-01-09 04:12:39.985 -06:00 [INF] PressGang: Grand Corsairs Horde recruiting 1 Empire Peasant
2026-01-09 04:12:40.192 -06:00 [INF] PressGang: Grand Empire Horde recruiting 1 Imperial Recruit
2026-01-09 04:12:40.772 -06:00 [INF] PressGang: Grand Empire Horde recruiting 1 Bushwacker
2026-01-09 04:12:40.772 -06:00 [INF] PressGang: Grand Empire Horde recruiting 1 Looter
2026-01-09 04:12:40.815 -06:00 [INF] PressGang: Grand Looters Horde recruiting 1 Imperial Recruit
2026-01-09 04:12:40.948 -06:00 [INF] Daily Tick: Verifying Syndicate War State...
2026-01-09 04:12:40.948 -06:00 [INF] Checking staggered war declarations for Day Index: 2
2026-01-09 04:12:41.353 -06:00 [INF] PressGang: Grand Looters Horde recruiting 1 Vlandia Peasant
2026-01-09 04:12:42.193 -06:00 [INF] PressGang: Deserters recruiting 1 Vlandian Cavalry
2026-01-09 04:12:42.518 -06:00 [INF] PressGang: Alek of the Lake Rats' Party recruiting 1 Looter
2026-01-09 04:12:43.065 -06:00 [INF] PressGang: Deserters recruiting 1 Khuzait Raider
2026-01-09 04:12:43.990 -06:00 [INF] MERGING: Steppe Bandits (12) -> Steppe Bandits (18) [Naval: False]
2026-01-09 04:12:43.991 -06:00 [INF] Total Merges this battle: 1
2026-01-09 04:12:46.135 -06:00 [INF] PressGang: Grand Corsairs Horde recruiting 1 Vlandian Convoy Guard
2026-01-09 04:24:53.704 -06:00 [INF] MERGING: Desert Bandits (8) -> Desert Bandits (14) [Naval: False]
2026-01-09 04:24:53.705 -06:00 [INF] Total Merges this battle: 1
2026-01-09 04:24:58.450 -06:00 [INF] PressGang: Grand Sturgia Horde recruiting 1 Sturgia Peasant
2026-01-09 04:24:58.450 -06:00 [INF] PressGang: Grand Sturgia Horde recruiting 1 Sturgian Woodsman
