2026-01-09 00:30:22.180 -06:00 [INF] HonestWork Loaded. Logging Initialized.
2026-01-09 00:44:07.928 -06:00 [INF] TownJobBehavior Added.
2026-01-09 00:44:07.928 -06:00 [INF] VillageLaborBehavior Added.
2026-01-09 00:44:07.929 -06:00 [INF] CastleJobBehavior Added.
2026-01-09 00:44:21.076 -06:00 [INF] HonestWork: Castle Menus Initialized.
2026-01-09 00:44:21.076 -06:00 [INF] VillageLaborBehavior: Initializing Menus...
2026-01-09 00:44:21.077 -06:00 [INF] VillageLaborBehavior: Menus Initialized.
2026-01-09 00:44:21.078 -06:00 [INF] HonestWork Game Menus initialized successfully.
2026-01-09 00:48:38.505 -06:00 [WRN] [LAG SPOKE] HonestWork TownJobBehavior.OnHourlyTick took 11ms
2026-01-09 00:48:39.367 -06:00 [WRN] [LAG SPOKE] HonestWork TownJobBehavior.OnHourlyTick took 6ms
2026-01-09 00:48:40.210 -06:00 [WRN] [LAG SPOKE] HonestWork TownJobBehavior.OnHourlyTick took 7ms
2026-01-09 00:48:40.991 -06:00 [WRN] [LAG SPOKE] HonestWork TownJobBehavior.OnHourlyTick took 6ms
2026-01-09 00:48:41.825 -06:00 [WRN] [LAG SPOKE] HonestWork TownJobBehavior.OnHourlyTick took 9ms
2026-01-09 00:48:42.649 -06:00 [WRN] [LAG SPOKE] HonestWork TownJobBehavior.OnHourlyTick took 8ms
2026-01-09 00:48:43.673 -06:00 [WRN] [LAG SPOKE] HonestWork TownJobBehavior.OnHourlyTick took 10ms
2026-01-09 00:48:44.592 -06:00 [WRN] [LAG SPOKE] HonestWork TownJobBehavior.OnHourlyTick took 7ms
2026-01-09 00:49:13.228 -06:00 [WRN] [LAG SPOKE] HonestWork TownJobBehavior.OnHourlyTick took 10ms
2026-01-09 00:49:14.026 -06:00 [WRN] [LAG SPOKE] HonestWork TownJobBehavior.OnHourlyTick took 6ms
2026-01-09 00:49:14.839 -06:00 [WRN] [LAG SPOKE] HonestWork TownJobBehavior.OnHourlyTick took 11ms
2026-01-09 00:49:15.723 -06:00 [WRN] [LAG SPOKE] HonestWork TownJobBehavior.OnHourlyTick took 10ms
2026-01-09 00:49:16.534 -06:00 [WRN] [LAG SPOKE] HonestWork TownJobBehavior.OnHourlyTick took 6ms
2026-01-09 00:49:17.347 -06:00 [WRN] [LAG SPOKE] HonestWork TownJobBehavior.OnHourlyTick took 9ms
2026-01-09 00:49:18.228 -06:00 [WRN] [LAG SPOKE] HonestWork TownJobBehavior.OnHourlyTick took 8ms
2026-01-09 00:49:19.047 -06:00 [WRN] [LAG SPOKE] HonestWork TownJobBehavior.OnHourlyTick took 12ms
2026-01-09 00:49:19.868 -06:00 [WRN] [LAG SPOKE] HonestWork TownJobBehavior.OnHourlyTick took 12ms
2026-01-09 00:49:21.505 -06:00 [WRN] [LAG SPOKE] HonestWork TownJobBehavior.OnHourlyTick took 8ms
2026-01-09 00:49:22.391 -06:00 [WRN] [LAG SPOKE] HonestWork TownJobBehavior.OnHourlyTick took 6ms
2026-01-09 00:49:23.192 -06:00 [WRN] [LAG SPOKE] HonestWork TownJobBehavior.OnHourlyTick took 6ms
2026-01-09 00:49:24.012 -06:00 [WRN] [LAG SPOKE] HonestWork TownJobBehavior.OnHourlyTick took 8ms
2026-01-09 00:49:26.507 -06:00 [WRN] [LAG SPOKE] HonestWork TownJobBehavior.OnHourlyTick took 9ms
2026-01-09 00:49:27.379 -06:00 [WRN] [LAG SPOKE] HonestWork TownJobBehavior.OnHourlyTick took 7ms
2026-01-09 00:49:28.191 -06:00 [WRN] [LAG SPOKE] HonestWork TownJobBehavior.OnHourlyTick took 8ms
2026-01-09 00:49:29.056 -06:00 [WRN] [LAG SPOKE] HonestWork TownJobBehavior.OnHourlyTick took 7ms
2026-01-09 00:49:29.858 -06:00 [WRN] [LAG SPOKE] HonestWork TownJobBehavior.OnHourlyTick took 9ms
2026-01-09 00:49:30.719 -06:00 [WRN] [LAG SPOKE] HonestWork TownJobBehavior.OnHourlyTick took 7ms
2026-01-09 00:49:31.527 -06:00 [WRN] [LAG SPOKE] HonestWork TownJobBehavior.OnHourlyTick took 6ms
2026-01-09 00:49:32.375 -06:00 [WRN] [LAG SPOKE] HonestWork TownJobBehavior.OnHourlyTick took 6ms
2026-01-09 00:49:33.205 -06:00 [WRN] [LAG SPOKE] HonestWork TownJobBehavior.OnHourlyTick took 9ms
2026-01-09 00:49:34.022 -06:00 [WRN] [LAG SPOKE] HonestWork TownJobBehavior.OnHourlyTick took 7ms
2026-01-09 00:49:34.845 -06:00 [WRN] [LAG SPOKE] HonestWork TownJobBehavior.OnHourlyTick took 6ms
2026-01-09 00:49:35.667 -06:00 [WRN] [LAG SPOKE] HonestWork TownJobBehavior.OnHourlyTick took 8ms
2026-01-09 00:49:50.011 -06:00 [WRN] [LAG SPOKE] HonestWork TownJobBehavior.OnHourlyTick took 6ms
2026-01-09 00:49:50.835 -06:00 [WRN] [LAG SPOKE] HonestWork TownJobBehavior.OnHourlyTick took 6ms
2026-01-09 00:49:51.646 -06:00 [WRN] [LAG SPOKE] HonestWork TownJobBehavior.OnHourlyTick took 7ms
2026-01-09 00:49:52.462 -06:00 [WRN] [LAG SPOKE] HonestWork TownJobBehavior.OnHourlyTick took 6ms
2026-01-09 00:49:53.318 -06:00 [WRN] [LAG SPOKE] HonestWork TownJobBehavior.OnHourlyTick took 8ms
2026-01-09 00:49:54.189 -06:00 [WRN] [LAG SPOKE] HonestWork TownJobBehavior.OnHourlyTick took 7ms
2026-01-09 00:49:55.005 -06:00 [WRN] [LAG SPOKE] HonestWork TownJobBehavior.OnHourlyTick took 7ms
2026-01-09 00:49:55.820 -06:00 [WRN] [LAG SPOKE] HonestWork TownJobBehavior.OnHourlyTick took 6ms
2026-01-09 00:49:56.631 -06:00 [WRN] [LAG SPOKE] HonestWork TownJobBehavior.OnHourlyTick took 9ms
2026-01-09 00:49:57.511 -06:00 [WRN] [LAG SPOKE] HonestWork TownJobBehavior.OnHourlyTick took 10ms
2026-01-09 00:49:59.188 -06:00 [WRN] [LAG SPOKE] HonestWork TownJobBehavior.OnHourlyTick took 10ms
2026-01-09 00:49:59.985 -06:00 [WRN] [LAG SPOKE] HonestWork TownJobBehavior.OnHourlyTick took 6ms
2026-01-09 00:50:00.793 -06:00 [WRN] [LAG SPOKE] HonestWork TownJobBehavior.OnHourlyTick took 8ms
2026-01-09 00:50:01.653 -06:00 [WRN] [LAG SPOKE] HonestWork TownJobBehavior.OnHourlyTick took 8ms
2026-01-09 00:50:03.345 -06:00 [WRN] [LAG SPOKE] HonestWork TownJobBehavior.OnHourlyTick took 7ms
2026-01-09 00:50:04.176 -06:00 [WRN] [LAG SPOKE] HonestWork TownJobBehavior.OnHourlyTick took 6ms
2026-01-09 00:50:05.001 -06:00 [WRN] [LAG SPOKE] HonestWork TownJobBehavior.OnHourlyTick took 7ms
2026-01-09 00:50:17.317 -06:00 [WRN] [LAG SPOKE] HonestWork TownJobBehavior.OnHourlyTick took 18ms
2026-01-09 00:50:18.127 -06:00 [WRN] [LAG SPOKE] HonestWork TownJobBehavior.OnHourlyTick took 15ms
2026-01-09 00:50:18.995 -06:00 [WRN] [LAG SPOKE] HonestWork TownJobBehavior.OnHourlyTick took 6ms
2026-01-09 00:50:19.800 -06:00 [WRN] [LAG SPOKE] HonestWork TownJobBehavior.OnHourlyTick took 10ms
2026-01-09 00:50:20.632 -06:00 [WRN] [LAG SPOKE] HonestWork TownJobBehavior.OnHourlyTick took 6ms
2026-01-09 00:50:21.456 -06:00 [WRN] [LAG SPOKE] HonestWork TownJobBehavior.OnHourlyTick took 6ms
2026-01-09 00:50:23.124 -06:00 [WRN] [LAG SPOKE] HonestWork TownJobBehavior.OnHourlyTick took 7ms
2026-01-09 00:50:23.949 -06:00 [WRN] [LAG SPOKE] HonestWork TownJobBehavior.OnHourlyTick took 8ms
2026-01-09 00:50:24.837 -06:00 [WRN] [LAG SPOKE] HonestWork TownJobBehavior.OnHourlyTick took 8ms
2026-01-09 00:50:28.145 -06:00 [WRN] [LAG SPOKE] HonestWork TownJobBehavior.OnHourlyTick took 7ms
2026-01-09 00:50:31.488 -06:00 [WRN] [LAG SPOKE] HonestWork TownJobBehavior.OnHourlyTick took 8ms
2026-01-09 00:50:33.208 -06:00 [WRN] [LAG SPOKE] HonestWork TownJobBehavior.OnHourlyTick took 9ms
2026-01-09 00:50:33.980 -06:00 [WRN] [LAG SPOKE] HonestWork TownJobBehavior.OnHourlyTick took 7ms
2026-01-09 00:50:34.845 -06:00 [WRN] [LAG SPOKE] HonestWork TownJobBehavior.OnHourlyTick took 6ms
2026-01-09 00:50:35.710 -06:00 [WRN] [LAG SPOKE] HonestWork TownJobBehavior.OnHourlyTick took 7ms
2026-01-09 00:50:36.508 -06:00 [WRN] [LAG SPOKE] HonestWork TownJobBehavior.OnHourlyTick took 6ms
2026-01-09 00:50:37.313 -06:00 [WRN] [LAG SPOKE] HonestWork TownJobBehavior.OnHourlyTick took 7ms
2026-01-09 00:50:38.191 -06:00 [WRN] [LAG SPOKE] HonestWork TownJobBehavior.OnHourlyTick took 7ms
2026-01-09 00:50:39.007 -06:00 [WRN] [LAG SPOKE] HonestWork TownJobBehavior.OnHourlyTick took 8ms
2026-01-09 00:50:39.877 -06:00 [WRN] [LAG SPOKE] HonestWork TownJobBehavior.OnHourlyTick took 7ms
2026-01-09 00:50:40.683 -06:00 [WRN] [LAG SPOKE] HonestWork TownJobBehavior.OnHourlyTick took 6ms
2026-01-09 00:51:06.571 -06:00 [WRN] [LAG SPOKE] HonestWork TownJobBehavior.OnHourlyTick took 8ms
2026-01-09 00:51:07.422 -06:00 [WRN] [LAG SPOKE] HonestWork TownJobBehavior.OnHourlyTick took 8ms
2026-01-09 00:51:08.232 -06:00 [WRN] [LAG SPOKE] HonestWork TownJobBehavior.OnHourlyTick took 7ms
2026-01-09 00:51:09.093 -06:00 [WRN] [LAG SPOKE] HonestWork TownJobBehavior.OnHourlyTick took 7ms
2026-01-09 00:51:09.926 -06:00 [WRN] [LAG SPOKE] HonestWork TownJobBehavior.OnHourlyTick took 6ms
2026-01-09 00:51:10.727 -06:00 [WRN] [LAG SPOKE] HonestWork TownJobBehavior.OnHourlyTick took 9ms
2026-01-09 00:51:11.605 -06:00 [WRN] [LAG SPOKE] HonestWork TownJobBehavior.OnHourlyTick took 6ms
2026-01-09 00:51:13.245 -06:00 [WRN] [LAG SPOKE] HonestWork TownJobBehavior.OnHourlyTick took 8ms
2026-01-09 00:51:14.090 -06:00 [WRN] [LAG SPOKE] HonestWork TownJobBehavior.OnHourlyTick took 8ms
2026-01-09 00:51:14.922 -06:00 [WRN] [LAG SPOKE] HonestWork TownJobBehavior.OnHourlyTick took 6ms
2026-01-09 00:51:15.786 -06:00 [WRN] [LAG SPOKE] HonestWork TownJobBehavior.OnHourlyTick took 11ms
2026-01-09 00:51:16.627 -06:00 [WRN] [LAG SPOKE] HonestWork TownJobBehavior.OnHourlyTick took 8ms
2026-01-09 00:51:18.265 -06:00 [WRN] [LAG SPOKE] HonestWork TownJobBehavior.OnHourlyTick took 10ms
2026-01-09 00:51:19.069 -06:00 [WRN] [LAG SPOKE] HonestWork TownJobBehavior.OnHourlyTick took 6ms
2026-01-09 00:51:19.943 -06:00 [WRN] [LAG SPOKE] HonestWork TownJobBehavior.OnHourlyTick took 8ms
2026-01-09 00:51:20.758 -06:00 [WRN] [LAG SPOKE] HonestWork TownJobBehavior.OnHourlyTick took 7ms
2026-01-09 00:51:21.577 -06:00 [WRN] [LAG SPOKE] HonestWork TownJobBehavior.OnHourlyTick took 7ms
2026-01-09 00:51:23.285 -06:00 [WRN] [LAG SPOKE] HonestWork TownJobBehavior.OnHourlyTick took 10ms
2026-01-09 00:52:31.909 -06:00 [WRN] [LAG SPOKE] HonestWork TownJobBehavior.OnHourlyTick took 8ms
2026-01-09 00:52:32.712 -06:00 [WRN] [LAG SPOKE] HonestWork TownJobBehavior.OnHourlyTick took 6ms
2026-01-09 00:52:34.438 -06:00 [WRN] [LAG SPOKE] HonestWork TownJobBehavior.OnHourlyTick took 9ms
2026-01-09 00:52:36.092 -06:00 [WRN] [LAG SPOKE] HonestWork TownJobBehavior.OnHourlyTick took 9ms
2026-01-09 00:52:36.912 -06:00 [WRN] [LAG SPOKE] HonestWork TownJobBehavior.OnHourlyTick took 6ms
2026-01-09 00:52:37.743 -06:00 [WRN] [LAG SPOKE] HonestWork TownJobBehavior.OnHourlyTick took 10ms
2026-01-09 00:52:38.582 -06:00 [WRN] [LAG SPOKE] HonestWork TownJobBehavior.OnHourlyTick took 6ms
2026-01-09 00:52:40.213 -06:00 [WRN] [LAG SPOKE] HonestWork TownJobBehavior.OnHourlyTick took 8ms
2026-01-09 00:52:41.108 -06:00 [WRN] [LAG SPOKE] HonestWork TownJobBehavior.OnHourlyTick took 8ms
2026-01-09 00:52:41.930 -06:00 [WRN] [LAG SPOKE] HonestWork TownJobBehavior.OnHourlyTick took 10ms
2026-01-09 00:52:44.421 -06:00 [WRN] [LAG SPOKE] HonestWork TownJobBehavior.OnHourlyTick took 8ms
2026-01-09 00:52:46.039 -06:00 [WRN] [LAG SPOKE] HonestWork TownJobBehavior.OnHourlyTick took 7ms
2026-01-09 00:52:46.916 -06:00 [WRN] [LAG SPOKE] HonestWork TownJobBehavior.OnHourlyTick took 7ms
2026-01-09 00:52:47.729 -06:00 [WRN] [LAG SPOKE] HonestWork TownJobBehavior.OnHourlyTick took 7ms
2026-01-09 00:52:48.549 -06:00 [WRN] [LAG SPOKE] HonestWork TownJobBehavior.OnHourlyTick took 8ms
2026-01-09 00:52:49.415 -06:00 [WRN] [LAG SPOKE] HonestWork TownJobBehavior.OnHourlyTick took 6ms
2026-01-09 00:52:50.223 -06:00 [WRN] [LAG SPOKE] HonestWork TownJobBehavior.OnHourlyTick took 7ms
2026-01-09 00:52:51.100 -06:00 [WRN] [LAG SPOKE] HonestWork TownJobBehavior.OnHourlyTick took 8ms
2026-01-09 00:52:51.907 -06:00 [WRN] [LAG SPOKE] HonestWork TownJobBehavior.OnHourlyTick took 7ms
2026-01-09 00:52:53.593 -06:00 [WRN] [LAG SPOKE] HonestWork TownJobBehavior.OnHourlyTick took 8ms
2026-01-09 00:52:54.411 -06:00 [WRN] [LAG SPOKE] HonestWork TownJobBehavior.OnHourlyTick took 8ms
2026-01-09 00:52:55.228 -06:00 [WRN] [LAG SPOKE] HonestWork TownJobBehavior.OnHourlyTick took 7ms
2026-01-09 00:52:56.075 -06:00 [WRN] [LAG SPOKE] HonestWork TownJobBehavior.OnHourlyTick took 7ms
2026-01-09 00:52:56.900 -06:00 [WRN] [LAG SPOKE] HonestWork TownJobBehavior.OnHourlyTick took 7ms
2026-01-09 00:52:58.563 -06:00 [WRN] [LAG SPOKE] HonestWork TownJobBehavior.OnHourlyTick took 6ms
2026-01-09 00:52:59.435 -06:00 [WRN] [LAG SPOKE] HonestWork TownJobBehavior.OnHourlyTick took 9ms
2026-01-09 00:53:00.232 -06:00 [WRN] [LAG SPOKE] HonestWork TownJobBehavior.OnHourlyTick took 6ms
2026-01-09 00:53:01.103 -06:00 [WRN] [LAG SPOKE] HonestWork TownJobBehavior.OnHourlyTick took 10ms
2026-01-09 00:53:01.900 -06:00 [WRN] [LAG SPOKE] HonestWork TownJobBehavior.OnHourlyTick took 6ms
2026-01-09 00:53:02.707 -06:00 [WRN] [LAG SPOKE] HonestWork TownJobBehavior.OnHourlyTick took 7ms
2026-01-09 00:53:03.580 -06:00 [WRN] [LAG SPOKE] HonestWork TownJobBehavior.OnHourlyTick took 6ms
2026-01-09 00:53:05.219 -06:00 [WRN] [LAG SPOKE] HonestWork TownJobBehavior.OnHourlyTick took 10ms
2026-01-09 00:53:06.099 -06:00 [WRN] [LAG SPOKE] HonestWork TownJobBehavior.OnHourlyTick took 8ms
2026-01-09 00:53:06.910 -06:00 [WRN] [LAG SPOKE] HonestWork TownJobBehavior.OnHourlyTick took 8ms
2026-01-09 00:53:08.544 -06:00 [WRN] [LAG SPOKE] HonestWork TownJobBehavior.OnHourlyTick took 8ms
2026-01-09 00:53:10.228 -06:00 [WRN] [LAG SPOKE] HonestWork TownJobBehavior.OnHourlyTick took 6ms
2026-01-09 00:53:11.043 -06:00 [WRN] [LAG SPOKE] HonestWork TownJobBehavior.OnHourlyTick took 9ms
2026-01-09 00:53:11.918 -06:00 [WRN] [LAG SPOKE] HonestWork TownJobBehavior.OnHourlyTick took 6ms
2026-01-09 00:53:12.721 -06:00 [WRN] [LAG SPOKE] HonestWork TownJobBehavior.OnHourlyTick took 7ms
2026-01-09 00:53:13.593 -06:00 [WRN] [LAG SPOKE] HonestWork TownJobBehavior.OnHourlyTick took 9ms
2026-01-09 00:53:16.050 -06:00 [WRN] [LAG SPOKE] HonestWork TownJobBehavior.OnHourlyTick took 10ms
2026-01-09 00:53:16.930 -06:00 [WRN] [LAG SPOKE] HonestWork TownJobBehavior.OnHourlyTick took 7ms
2026-01-09 00:53:17.754 -06:00 [WRN] [LAG SPOKE] HonestWork TownJobBehavior.OnHourlyTick took 7ms
2026-01-09 00:53:18.602 -06:00 [WRN] [LAG SPOKE] HonestWork TownJobBehavior.OnHourlyTick took 7ms
2026-01-09 00:53:20.267 -06:00 [WRN] [LAG SPOKE] HonestWork TownJobBehavior.OnHourlyTick took 8ms
2026-01-09 00:53:21.066 -06:00 [WRN] [LAG SPOKE] HonestWork TownJobBehavior.OnHourlyTick took 9ms
2026-01-09 00:53:21.929 -06:00 [WRN] [LAG SPOKE] HonestWork TownJobBehavior.OnHourlyTick took 8ms
2026-01-09 00:53:22.725 -06:00 [WRN] [LAG SPOKE] HonestWork TownJobBehavior.OnHourlyTick took 8ms
2026-01-09 00:53:23.589 -06:00 [WRN] [LAG SPOKE] HonestWork TownJobBehavior.OnHourlyTick took 8ms
2026-01-09 00:53:24.380 -06:00 [WRN] [LAG SPOKE] HonestWork TownJobBehavior.OnHourlyTick took 6ms
2026-01-09 00:53:25.249 -06:00 [WRN] [LAG SPOKE] HonestWork TownJobBehavior.OnHourlyTick took 9ms
2026-01-09 00:53:26.048 -06:00 [WRN] [LAG SPOKE] HonestWork TownJobBehavior.OnHourlyTick took 11ms
2026-01-09 00:53:26.906 -06:00 [WRN] [LAG SPOKE] HonestWork TownJobBehavior.OnHourlyTick took 7ms
2026-01-09 00:53:27.769 -06:00 [WRN] [LAG SPOKE] HonestWork TownJobBehavior.OnHourlyTick took 7ms
2026-01-09 00:53:28.568 -06:00 [WRN] [LAG SPOKE] HonestWork TownJobBehavior.OnHourlyTick took 6ms
2026-01-09 00:53:29.373 -06:00 [WRN] [LAG SPOKE] HonestWork TownJobBehavior.OnHourlyTick took 7ms
2026-01-09 00:53:30.258 -06:00 [WRN] [LAG SPOKE] HonestWork TownJobBehavior.OnHourlyTick took 7ms
2026-01-09 00:53:31.074 -06:00 [WRN] [LAG SPOKE] HonestWork TownJobBehavior.OnHourlyTick took 7ms
2026-01-09 00:53:31.889 -06:00 [WRN] [LAG SPOKE] HonestWork TownJobBehavior.OnHourlyTick took 6ms
2026-01-09 00:53:32.772 -06:00 [WRN] [LAG SPOKE] HonestWork TownJobBehavior.OnHourlyTick took 8ms
2026-01-09 00:53:33.590 -06:00 [WRN] [LAG SPOKE] HonestWork TownJobBehavior.OnHourlyTick took 6ms
2026-01-09 00:53:35.219 -06:00 [WRN] [LAG SPOKE] HonestWork TownJobBehavior.OnHourlyTick took 7ms
2026-01-09 00:53:36.042 -06:00 [WRN] [LAG SPOKE] HonestWork TownJobBehavior.OnHourlyTick took 9ms
2026-01-09 00:53:36.925 -06:00 [WRN] [LAG SPOKE] HonestWork TownJobBehavior.OnHourlyTick took 7ms
2026-01-09 00:53:37.756 -06:00 [WRN] [LAG SPOKE] HonestWork TownJobBehavior.OnHourlyTick took 9ms
2026-01-09 00:54:30.347 -06:00 [WRN] [LAG SPOKE] HonestWork TownJobBehavior.OnHourlyTick took 6ms
2026-01-09 00:54:31.159 -06:00 [WRN] [LAG SPOKE] HonestWork TownJobBehavior.OnHourlyTick took 7ms
2026-01-09 00:54:32.035 -06:00 [WRN] [LAG SPOKE] HonestWork TownJobBehavior.OnHourlyTick took 8ms
2026-01-09 00:54:33.696 -06:00 [WRN] [LAG SPOKE] HonestWork TownJobBehavior.OnHourlyTick took 7ms
2026-01-09 00:54:34.499 -06:00 [WRN] [LAG SPOKE] HonestWork TownJobBehavior.OnHourlyTick took 10ms
2026-01-09 00:54:35.359 -06:00 [WRN] [LAG SPOKE] HonestWork TownJobBehavior.OnHourlyTick took 7ms
2026-01-09 00:54:36.160 -06:00 [WRN] [LAG SPOKE] HonestWork TownJobBehavior.OnHourlyTick took 8ms
2026-01-09 00:54:37.027 -06:00 [WRN] [LAG SPOKE] HonestWork TownJobBehavior.OnHourlyTick took 9ms
2026-01-09 00:54:38.700 -06:00 [WRN] [LAG SPOKE] HonestWork TownJobBehavior.OnHourlyTick took 11ms
2026-01-09 00:54:39.493 -06:00 [WRN] [LAG SPOKE] HonestWork TownJobBehavior.OnHourlyTick took 6ms
2026-01-09 00:54:41.159 -06:00 [WRN] [LAG SPOKE] HonestWork TownJobBehavior.OnHourlyTick took 9ms
2026-01-09 00:54:42.024 -06:00 [WRN] [LAG SPOKE] HonestWork TownJobBehavior.OnHourlyTick took 8ms
2026-01-09 00:54:42.828 -06:00 [WRN] [LAG SPOKE] HonestWork TownJobBehavior.OnHourlyTick took 8ms
2026-01-09 00:54:43.694 -06:00 [WRN] [LAG SPOKE] HonestWork TownJobBehavior.OnHourlyTick took 9ms
2026-01-09 00:54:44.507 -06:00 [WRN] [LAG SPOKE] HonestWork TownJobBehavior.OnHourlyTick took 6ms
2026-01-09 00:54:45.373 -06:00 [WRN] [LAG SPOKE] HonestWork TownJobBehavior.OnHourlyTick took 6ms
2026-01-09 00:54:46.160 -06:00 [WRN] [LAG SPOKE] HonestWork TownJobBehavior.OnHourlyTick took 7ms
2026-01-09 00:54:47.864 -06:00 [WRN] [LAG SPOKE] HonestWork TownJobBehavior.OnHourlyTick took 6ms
2026-01-09 00:54:48.706 -06:00 [WRN] [LAG SPOKE] HonestWork TownJobBehavior.OnHourlyTick took 6ms
2026-01-09 00:54:49.510 -06:00 [WRN] [LAG SPOKE] HonestWork TownJobBehavior.OnHourlyTick took 7ms
2026-01-09 00:54:51.177 -06:00 [WRN] [LAG SPOKE] HonestWork TownJobBehavior.OnHourlyTick took 8ms
2026-01-09 00:54:52.042 -06:00 [WRN] [LAG SPOKE] HonestWork TownJobBehavior.OnHourlyTick took 7ms
2026-01-09 00:54:52.851 -06:00 [WRN] [LAG SPOKE] HonestWork TownJobBehavior.OnHourlyTick took 7ms
2026-01-09 00:54:53.665 -06:00 [WRN] [LAG SPOKE] HonestWork TownJobBehavior.OnHourlyTick took 6ms
2026-01-09 00:55:28.482 -06:00 [WRN] [LAG SPOKE] HonestWork TownJobBehavior.OnHourlyTick took 10ms
2026-01-09 00:55:29.286 -06:00 [WRN] [LAG SPOKE] HonestWork TownJobBehavior.OnHourlyTick took 8ms
2026-01-09 00:55:30.091 -06:00 [WRN] [LAG SPOKE] HonestWork TownJobBehavior.OnHourlyTick took 7ms
2026-01-09 00:55:30.951 -06:00 [WRN] [LAG SPOKE] HonestWork TownJobBehavior.OnHourlyTick took 6ms
2026-01-09 00:55:31.820 -06:00 [WRN] [LAG SPOKE] HonestWork TownJobBehavior.OnHourlyTick took 10ms
2026-01-09 00:55:32.613 -06:00 [WRN] [LAG SPOKE] HonestWork TownJobBehavior.OnHourlyTick took 8ms
2026-01-09 00:55:33.460 -06:00 [WRN] [LAG SPOKE] HonestWork TownJobBehavior.OnHourlyTick took 6ms
2026-01-09 00:55:34.283 -06:00 [WRN] [LAG SPOKE] HonestWork TownJobBehavior.OnHourlyTick took 7ms
2026-01-09 00:55:35.110 -06:00 [WRN] [LAG SPOKE] HonestWork TownJobBehavior.OnHourlyTick took 7ms
2026-01-09 00:55:35.997 -06:00 [WRN] [LAG SPOKE] HonestWork TownJobBehavior.OnHourlyTick took 14ms
2026-01-09 00:55:37.638 -06:00 [WRN] [LAG SPOKE] HonestWork TownJobBehavior.OnHourlyTick took 7ms
2026-01-09 00:55:38.463 -06:00 [WRN] [LAG SPOKE] HonestWork TownJobBehavior.OnHourlyTick took 7ms
2026-01-09 00:55:39.332 -06:00 [WRN] [LAG SPOKE] HonestWork TownJobBehavior.OnHourlyTick took 7ms
2026-01-09 00:55:40.156 -06:00 [WRN] [LAG SPOKE] HonestWork TownJobBehavior.OnHourlyTick took 8ms
2026-01-09 00:55:40.991 -06:00 [WRN] [LAG SPOKE] HonestWork TownJobBehavior.OnHourlyTick took 9ms
2026-01-09 00:55:41.813 -06:00 [WRN] [LAG SPOKE] HonestWork TownJobBehavior.OnHourlyTick took 7ms
2026-01-09 00:55:42.637 -06:00 [WRN] [LAG SPOKE] HonestWork TownJobBehavior.OnHourlyTick took 7ms
2026-01-09 00:55:44.300 -06:00 [WRN] [LAG SPOKE] HonestWork TownJobBehavior.OnHourlyTick took 8ms
2026-01-09 00:55:45.167 -06:00 [WRN] [LAG SPOKE] HonestWork TownJobBehavior.OnHourlyTick took 9ms
2026-01-09 00:55:45.959 -06:00 [WRN] [LAG SPOKE] HonestWork TownJobBehavior.OnHourlyTick took 9ms
2026-01-09 00:55:46.830 -06:00 [WRN] [LAG SPOKE] HonestWork TownJobBehavior.OnHourlyTick took 6ms
2026-01-09 00:55:47.635 -06:00 [WRN] [LAG SPOKE] HonestWork TownJobBehavior.OnHourlyTick took 7ms
2026-01-09 00:55:48.508 -06:00 [WRN] [LAG SPOKE] HonestWork TownJobBehavior.OnHourlyTick took 6ms
2026-01-09 00:55:49.315 -06:00 [WRN] [LAG SPOKE] HonestWork TownJobBehavior.OnHourlyTick took 8ms
2026-01-09 00:55:50.119 -06:00 [WRN] [LAG SPOKE] HonestWork TownJobBehavior.OnHourlyTick took 9ms
2026-01-09 00:55:50.980 -06:00 [WRN] [LAG SPOKE] HonestWork TownJobBehavior.OnHourlyTick took 7ms
2026-01-09 00:55:51.781 -06:00 [WRN] [LAG SPOKE] HonestWork TownJobBehavior.OnHourlyTick took 8ms
2026-01-09 00:55:52.646 -06:00 [WRN] [LAG SPOKE] HonestWork TownJobBehavior.OnHourlyTick took 8ms
2026-01-09 00:55:53.506 -06:00 [WRN] [LAG SPOKE] HonestWork TownJobBehavior.OnHourlyTick took 8ms
2026-01-09 00:55:54.293 -06:00 [WRN] [LAG SPOKE] HonestWork TownJobBehavior.OnHourlyTick took 6ms
2026-01-09 00:55:55.160 -06:00 [WRN] [LAG SPOKE] HonestWork TownJobBehavior.OnHourlyTick took 7ms
2026-01-09 00:55:55.974 -06:00 [WRN] [LAG SPOKE] HonestWork TownJobBehavior.OnHourlyTick took 8ms
2026-01-09 00:55:56.783 -06:00 [WRN] [LAG SPOKE] HonestWork TownJobBehavior.OnHourlyTick took 7ms
2026-01-09 00:55:57.661 -06:00 [WRN] [LAG SPOKE] HonestWork TownJobBehavior.OnHourlyTick took 6ms
2026-01-09 00:55:58.480 -06:00 [WRN] [LAG SPOKE] HonestWork TownJobBehavior.OnHourlyTick took 7ms
2026-01-09 00:56:00.157 -06:00 [WRN] [LAG SPOKE] HonestWork TownJobBehavior.OnHourlyTick took 9ms
2026-01-09 00:56:00.954 -06:00 [WRN] [LAG SPOKE] HonestWork TownJobBehavior.OnHourlyTick took 8ms
2026-01-09 00:56:01.816 -06:00 [WRN] [LAG SPOKE] HonestWork TownJobBehavior.OnHourlyTick took 8ms
2026-01-09 00:56:02.613 -06:00 [WRN] [LAG SPOKE] HonestWork TownJobBehavior.OnHourlyTick took 9ms
2026-01-09 00:56:03.490 -06:00 [WRN] [LAG SPOKE] HonestWork TownJobBehavior.OnHourlyTick took 10ms
2026-01-09 00:56:04.286 -06:00 [WRN] [LAG SPOKE] HonestWork TownJobBehavior.OnHourlyTick took 6ms
2026-01-09 00:56:05.157 -06:00 [WRN] [LAG SPOKE] HonestWork TownJobBehavior.OnHourlyTick took 9ms
2026-01-09 00:56:18.167 -06:00 [WRN] [LAG SPOKE] HonestWork TownJobBehavior.OnHourlyTick took 16ms
2026-01-09 00:56:19.033 -06:00 [WRN] [LAG SPOKE] HonestWork TownJobBehavior.OnHourlyTick took 9ms
2026-01-09 00:56:20.647 -06:00 [WRN] [LAG SPOKE] HonestWork TownJobBehavior.OnHourlyTick took 7ms
2026-01-09 00:56:21.536 -06:00 [WRN] [LAG SPOKE] HonestWork TownJobBehavior.OnHourlyTick took 9ms
2026-01-09 00:56:22.330 -06:00 [WRN] [LAG SPOKE] HonestWork TownJobBehavior.OnHourlyTick took 6ms
2026-01-09 00:56:23.190 -06:00 [WRN] [LAG SPOKE] HonestWork TownJobBehavior.OnHourlyTick took 14ms
2026-01-09 00:56:24.010 -06:00 [WRN] [LAG SPOKE] HonestWork TownJobBehavior.OnHourlyTick took 6ms
2026-01-09 00:56:24.838 -06:00 [WRN] [LAG SPOKE] HonestWork TownJobBehavior.OnHourlyTick took 9ms
2026-01-09 00:56:25.659 -06:00 [WRN] [LAG SPOKE] HonestWork TownJobBehavior.OnHourlyTick took 6ms
2026-01-09 00:56:27.318 -06:00 [WRN] [LAG SPOKE] HonestWork TownJobBehavior.OnHourlyTick took 8ms
2026-01-09 00:56:28.190 -06:00 [WRN] [LAG SPOKE] HonestWork TownJobBehavior.OnHourlyTick took 8ms
2026-01-09 00:56:28.990 -06:00 [WRN] [LAG SPOKE] HonestWork TownJobBehavior.OnHourlyTick took 6ms
2026-01-09 00:56:29.859 -06:00 [WRN] [LAG SPOKE] HonestWork TownJobBehavior.OnHourlyTick took 9ms
2026-01-09 00:56:30.654 -06:00 [WRN] [LAG SPOKE] HonestWork TownJobBehavior.OnHourlyTick took 6ms
2026-01-09 00:56:31.518 -06:00 [WRN] [LAG SPOKE] HonestWork TownJobBehavior.OnHourlyTick took 7ms
2026-01-09 00:56:32.333 -06:00 [WRN] [LAG SPOKE] HonestWork TownJobBehavior.OnHourlyTick took 6ms
2026-01-09 00:56:33.159 -06:00 [WRN] [LAG SPOKE] HonestWork TownJobBehavior.OnHourlyTick took 7ms
2026-01-09 00:56:34.804 -06:00 [WRN] [LAG SPOKE] HonestWork TownJobBehavior.OnHourlyTick took 6ms
2026-01-09 00:56:35.694 -06:00 [WRN] [LAG SPOKE] HonestWork TownJobBehavior.OnHourlyTick took 7ms
2026-01-09 00:56:37.343 -06:00 [WRN] [LAG SPOKE] HonestWork TownJobBehavior.OnHourlyTick took 8ms
2026-01-09 00:56:38.173 -06:00 [WRN] [LAG SPOKE] HonestWork TownJobBehavior.OnHourlyTick took 7ms
2026-01-09 00:56:39.001 -06:00 [WRN] [LAG SPOKE] HonestWork TownJobBehavior.OnHourlyTick took 8ms
2026-01-09 00:56:41.536 -06:00 [WRN] [LAG SPOKE] HonestWork TownJobBehavior.OnHourlyTick took 9ms
2026-01-09 00:56:42.338 -06:00 [WRN] [LAG SPOKE] HonestWork TownJobBehavior.OnHourlyTick took 11ms
2026-01-09 00:56:43.142 -06:00 [WRN] [LAG SPOKE] HonestWork TownJobBehavior.OnHourlyTick took 6ms
2026-01-09 00:56:44.016 -06:00 [WRN] [LAG SPOKE] HonestWork TownJobBehavior.OnHourlyTick took 10ms
2026-01-09 00:56:44.821 -06:00 [WRN] [LAG SPOKE] HonestWork TownJobBehavior.OnHourlyTick took 6ms
2026-01-09 00:56:45.694 -06:00 [WRN] [LAG SPOKE] HonestWork TownJobBehavior.OnHourlyTick took 6ms
2026-01-09 00:56:46.533 -06:00 [WRN] [LAG SPOKE] HonestWork TownJobBehavior.OnHourlyTick took 8ms
2026-01-09 00:56:47.333 -06:00 [WRN] [LAG SPOKE] HonestWork TownJobBehavior.OnHourlyTick took 7ms
2026-01-09 00:56:48.138 -06:00 [WRN] [LAG SPOKE] HonestWork TownJobBehavior.OnHourlyTick took 6ms
2026-01-09 00:56:49.028 -06:00 [WRN] [LAG SPOKE] HonestWork TownJobBehavior.OnHourlyTick took 8ms
2026-01-09 00:56:49.838 -06:00 [WRN] [LAG SPOKE] HonestWork TownJobBehavior.OnHourlyTick took 6ms
2026-01-09 00:56:50.644 -06:00 [WRN] [LAG SPOKE] HonestWork TownJobBehavior.OnHourlyTick took 9ms
2026-01-09 00:56:52.366 -06:00 [WRN] [LAG SPOKE] HonestWork TownJobBehavior.OnHourlyTick took 11ms
2026-01-09 00:56:54.016 -06:00 [WRN] [LAG SPOKE] HonestWork TownJobBehavior.OnHourlyTick took 6ms
2026-01-09 00:56:54.864 -06:00 [WRN] [LAG SPOKE] HonestWork TownJobBehavior.OnHourlyTick took 7ms
2026-01-09 00:57:15.882 -06:00 [WRN] [LAG SPOKE] HonestWork TownJobBehavior.OnHourlyTick took 7ms
2026-01-09 00:57:16.687 -06:00 [WRN] [LAG SPOKE] HonestWork TownJobBehavior.OnHourlyTick took 9ms
2026-01-09 00:57:17.553 -06:00 [WRN] [LAG SPOKE] HonestWork TownJobBehavior.OnHourlyTick took 6ms
2026-01-09 00:57:18.350 -06:00 [WRN] [LAG SPOKE] HonestWork TownJobBehavior.OnHourlyTick took 7ms
2026-01-09 00:57:19.207 -06:00 [WRN] [LAG SPOKE] HonestWork TownJobBehavior.OnHourlyTick took 8ms
2026-01-09 00:57:20.038 -06:00 [WRN] [LAG SPOKE] HonestWork TownJobBehavior.OnHourlyTick took 6ms
2026-01-09 00:57:20.843 -06:00 [WRN] [LAG SPOKE] HonestWork TownJobBehavior.OnHourlyTick took 6ms
2026-01-09 00:57:21.724 -06:00 [WRN] [LAG SPOKE] HonestWork TownJobBehavior.OnHourlyTick took 9ms
2026-01-09 00:57:22.525 -06:00 [WRN] [LAG SPOKE] HonestWork TownJobBehavior.OnHourlyTick took 6ms
2026-01-09 00:57:24.178 -06:00 [WRN] [LAG SPOKE] HonestWork TownJobBehavior.OnHourlyTick took 8ms
2026-01-09 00:57:25.046 -06:00 [WRN] [LAG SPOKE] HonestWork TownJobBehavior.OnHourlyTick took 6ms
2026-01-09 00:57:25.837 -06:00 [WRN] [LAG SPOKE] HonestWork TownJobBehavior.OnHourlyTick took 6ms
2026-01-09 00:57:26.711 -06:00 [WRN] [LAG SPOKE] HonestWork TownJobBehavior.OnHourlyTick took 9ms
2026-01-09 00:57:29.220 -06:00 [WRN] [LAG SPOKE] HonestWork TownJobBehavior.OnHourlyTick took 8ms
2026-01-09 00:57:30.017 -06:00 [WRN] [LAG SPOKE] HonestWork TownJobBehavior.OnHourlyTick took 6ms
2026-01-09 00:57:31.713 -06:00 [WRN] [LAG SPOKE] HonestWork TownJobBehavior.OnHourlyTick took 7ms
2026-01-09 00:57:32.535 -06:00 [WRN] [LAG SPOKE] HonestWork TownJobBehavior.OnHourlyTick took 8ms
2026-01-09 00:57:33.355 -06:00 [WRN] [LAG SPOKE] HonestWork TownJobBehavior.OnHourlyTick took 7ms
2026-01-09 00:57:34.186 -06:00 [WRN] [LAG SPOKE] HonestWork TownJobBehavior.OnHourlyTick took 6ms
2026-01-09 00:57:53.923 -06:00 [WRN] [LAG SPOKE] HonestWork TownJobBehavior.OnHourlyTick took 18ms
2026-01-09 00:57:54.723 -06:00 [WRN] [LAG SPOKE] HonestWork TownJobBehavior.OnHourlyTick took 7ms
2026-01-09 00:57:55.597 -06:00 [WRN] [LAG SPOKE] HonestWork TownJobBehavior.OnHourlyTick took 7ms
2026-01-09 00:58:38.474 -06:00 [WRN] [LAG SPOKE] HonestWork TownJobBehavior.OnHourlyTick took 6ms
2026-01-09 00:58:40.123 -06:00 [WRN] [LAG SPOKE] HonestWork TownJobBehavior.OnHourlyTick took 11ms
2026-01-09 00:58:41.010 -06:00 [WRN] [LAG SPOKE] HonestWork TownJobBehavior.OnHourlyTick took 6ms
2026-01-09 00:58:42.616 -06:00 [WRN] [LAG SPOKE] HonestWork TownJobBehavior.OnHourlyTick took 9ms
2026-01-09 00:58:43.460 -06:00 [WRN] [LAG SPOKE] HonestWork TownJobBehavior.OnHourlyTick took 6ms
2026-01-09 00:58:44.312 -06:00 [WRN] [LAG SPOKE] HonestWork TownJobBehavior.OnHourlyTick took 9ms
2026-01-09 00:58:45.158 -06:00 [WRN] [LAG SPOKE] HonestWork TownJobBehavior.OnHourlyTick took 7ms
2026-01-09 00:59:42.175 -06:00 [WRN] [LAG SPOKE] HonestWork TownJobBehavior.OnHourlyTick took 10ms
2026-01-09 00:59:42.955 -06:00 [WRN] [LAG SPOKE] HonestWork TownJobBehavior.OnHourlyTick took 6ms
2026-01-09 00:59:43.802 -06:00 [WRN] [LAG SPOKE] HonestWork TownJobBehavior.OnHourlyTick took 7ms
2026-01-09 00:59:44.646 -06:00 [WRN] [LAG SPOKE] HonestWork TownJobBehavior.OnHourlyTick took 7ms
2026-01-09 00:59:45.495 -06:00 [WRN] [LAG SPOKE] HonestWork TownJobBehavior.OnHourlyTick took 6ms
2026-01-09 00:59:47.187 -06:00 [WRN] [LAG SPOKE] HonestWork TownJobBehavior.OnHourlyTick took 7ms
2026-01-09 00:59:47.963 -06:00 [WRN] [LAG SPOKE] HonestWork TownJobBehavior.OnHourlyTick took 8ms
2026-01-09 00:59:48.805 -06:00 [WRN] [LAG SPOKE] HonestWork TownJobBehavior.OnHourlyTick took 6ms
2026-01-09 00:59:49.661 -06:00 [WRN] [LAG SPOKE] HonestWork TownJobBehavior.OnHourlyTick took 8ms
2026-01-09 00:59:50.514 -06:00 [WRN] [LAG SPOKE] HonestWork TownJobBehavior.OnHourlyTick took 10ms
2026-01-09 00:59:51.289 -06:00 [WRN] [LAG SPOKE] HonestWork TownJobBehavior.OnHourlyTick took 6ms
2026-01-09 00:59:52.141 -06:00 [WRN] [LAG SPOKE] HonestWork TownJobBehavior.OnHourlyTick took 9ms
2026-01-09 00:59:53.785 -06:00 [WRN] [LAG SPOKE] HonestWork TownJobBehavior.OnHourlyTick took 7ms
2026-01-09 00:59:54.657 -06:00 [WRN] [LAG SPOKE] HonestWork TownJobBehavior.OnHourlyTick took 7ms
2026-01-09 00:59:55.501 -06:00 [WRN] [LAG SPOKE] HonestWork TownJobBehavior.OnHourlyTick took 9ms
2026-01-09 00:59:57.126 -06:00 [WRN] [LAG SPOKE] HonestWork TownJobBehavior.OnHourlyTick took 7ms
2026-01-09 00:59:57.973 -06:00 [WRN] [LAG SPOKE] HonestWork TownJobBehavior.OnHourlyTick took 6ms
2026-01-09 00:59:58.817 -06:00 [WRN] [LAG SPOKE] HonestWork TownJobBehavior.OnHourlyTick took 6ms
2026-01-09 00:59:59.666 -06:00 [WRN] [LAG SPOKE] HonestWork TownJobBehavior.OnHourlyTick took 8ms
2026-01-09 01:00:00.506 -06:00 [WRN] [LAG SPOKE] HonestWork TownJobBehavior.OnHourlyTick took 7ms
2026-01-09 01:00:02.132 -06:00 [WRN] [LAG SPOKE] HonestWork TownJobBehavior.OnHourlyTick took 10ms
2026-01-09 01:00:57.315 -06:00 [WRN] [LAG SPOKE] HonestWork TownJobBehavior.OnHourlyTick took 16ms
2026-01-09 01:00:58.136 -06:00 [WRN] [LAG SPOKE] HonestWork TownJobBehavior.OnHourlyTick took 6ms
2026-01-09 01:00:58.946 -06:00 [WRN] [LAG SPOKE] HonestWork TownJobBehavior.OnHourlyTick took 8ms
2026-01-09 01:00:59.816 -06:00 [WRN] [LAG SPOKE] HonestWork TownJobBehavior.OnHourlyTick took 8ms
2026-01-09 01:01:00.602 -06:00 [WRN] [LAG SPOKE] HonestWork TownJobBehavior.OnHourlyTick took 8ms
2026-01-09 01:01:01.421 -06:00 [WRN] [LAG SPOKE] HonestWork TownJobBehavior.OnHourlyTick took 9ms
2026-01-09 01:01:02.303 -06:00 [WRN] [LAG SPOKE] HonestWork TownJobBehavior.OnHourlyTick took 7ms
2026-01-09 01:01:03.088 -06:00 [WRN] [LAG SPOKE] HonestWork TownJobBehavior.OnHourlyTick took 8ms
2026-01-09 01:01:03.951 -06:00 [WRN] [LAG SPOKE] HonestWork TownJobBehavior.OnHourlyTick took 6ms
2026-01-09 01:01:04.817 -06:00 [WRN] [LAG SPOKE] HonestWork TownJobBehavior.OnHourlyTick took 9ms
2026-01-09 01:01:05.584 -06:00 [WRN] [LAG SPOKE] HonestWork TownJobBehavior.OnHourlyTick took 7ms
2026-01-09 01:01:06.469 -06:00 [WRN] [LAG SPOKE] HonestWork TownJobBehavior.OnHourlyTick took 8ms
2026-01-09 01:01:08.131 -06:00 [WRN] [LAG SPOKE] HonestWork TownJobBehavior.OnHourlyTick took 7ms
2026-01-09 01:01:08.974 -06:00 [WRN] [LAG SPOKE] HonestWork TownJobBehavior.OnHourlyTick took 6ms
2026-01-09 01:01:09.791 -06:00 [WRN] [LAG SPOKE] HonestWork TownJobBehavior.OnHourlyTick took 7ms
2026-01-09 01:01:10.605 -06:00 [WRN] [LAG SPOKE] HonestWork TownJobBehavior.OnHourlyTick took 9ms
2026-01-09 01:01:11.481 -06:00 [WRN] [LAG SPOKE] HonestWork TownJobBehavior.OnHourlyTick took 7ms
2026-01-09 01:01:12.291 -06:00 [WRN] [LAG SPOKE] HonestWork TownJobBehavior.OnHourlyTick took 6ms
2026-01-09 01:01:13.108 -06:00 [WRN] [LAG SPOKE] HonestWork TownJobBehavior.OnHourlyTick took 11ms
2026-01-09 01:01:13.971 -06:00 [WRN] [LAG SPOKE] HonestWork TownJobBehavior.OnHourlyTick took 6ms
2026-01-09 01:01:14.777 -06:00 [WRN] [LAG SPOKE] HonestWork TownJobBehavior.OnHourlyTick took 8ms
2026-01-09 01:01:15.649 -06:00 [WRN] [LAG SPOKE] HonestWork TownJobBehavior.OnHourlyTick took 10ms
2026-01-09 01:01:16.450 -06:00 [WRN] [LAG SPOKE] HonestWork TownJobBehavior.OnHourlyTick took 7ms
2026-01-09 01:01:17.253 -06:00 [WRN] [LAG SPOKE] HonestWork TownJobBehavior.OnHourlyTick took 6ms
2026-01-09 01:01:18.101 -06:00 [WRN] [LAG SPOKE] HonestWork TownJobBehavior.OnHourlyTick took 8ms
2026-01-09 01:01:18.938 -06:00 [WRN] [LAG SPOKE] HonestWork TownJobBehavior.OnHourlyTick took 7ms
2026-01-09 01:01:19.764 -06:00 [WRN] [LAG SPOKE] HonestWork TownJobBehavior.OnHourlyTick took 7ms
2026-01-09 01:01:20.622 -06:00 [WRN] [LAG SPOKE] HonestWork TownJobBehavior.OnHourlyTick took 9ms
2026-01-09 01:01:21.450 -06:00 [WRN] [LAG SPOKE] HonestWork TownJobBehavior.OnHourlyTick took 6ms
2026-01-09 01:01:22.275 -06:00 [WRN] [LAG SPOKE] HonestWork TownJobBehavior.OnHourlyTick took 8ms
2026-01-09 01:01:23.111 -06:00 [WRN] [LAG SPOKE] HonestWork TownJobBehavior.OnHourlyTick took 6ms
2026-01-09 01:01:23.974 -06:00 [WRN] [LAG SPOKE] HonestWork TownJobBehavior.OnHourlyTick took 6ms
2026-01-09 01:01:24.774 -06:00 [WRN] [LAG SPOKE] HonestWork TownJobBehavior.OnHourlyTick took 8ms
2026-01-09 01:01:25.625 -06:00 [WRN] [LAG SPOKE] HonestWork TownJobBehavior.OnHourlyTick took 7ms
2026-01-09 01:01:26.448 -06:00 [WRN] [LAG SPOKE] HonestWork TownJobBehavior.OnHourlyTick took 7ms
2026-01-09 01:01:27.270 -06:00 [WRN] [LAG SPOKE] HonestWork TownJobBehavior.OnHourlyTick took 6ms
2026-01-09 01:01:28.095 -06:00 [WRN] [LAG SPOKE] HonestWork TownJobBehavior.OnHourlyTick took 7ms
2026-01-09 01:01:28.955 -06:00 [WRN] [LAG SPOKE] HonestWork TownJobBehavior.OnHourlyTick took 14ms
2026-01-09 01:01:59.347 -06:00 [WRN] [LAG SPOKE] HonestWork TownJobBehavior.OnHourlyTick took 7ms
2026-01-09 01:02:00.241 -06:00 [WRN] [LAG SPOKE] HonestWork TownJobBehavior.OnHourlyTick took 6ms
2026-01-09 01:02:01.072 -06:00 [WRN] [LAG SPOKE] HonestWork TownJobBehavior.OnHourlyTick took 9ms
2026-01-09 01:02:01.895 -06:00 [WRN] [LAG SPOKE] HonestWork TownJobBehavior.OnHourlyTick took 7ms
2026-01-09 01:02:02.714 -06:00 [WRN] [LAG SPOKE] HonestWork TownJobBehavior.OnHourlyTick took 7ms
2026-01-09 01:02:03.539 -06:00 [WRN] [LAG SPOKE] HonestWork TownJobBehavior.OnHourlyTick took 9ms
2026-01-09 01:02:04.369 -06:00 [WRN] [LAG SPOKE] HonestWork TownJobBehavior.OnHourlyTick took 7ms
2026-01-09 01:02:05.233 -06:00 [WRN] [LAG SPOKE] HonestWork TownJobBehavior.OnHourlyTick took 10ms
2026-01-09 01:02:06.016 -06:00 [WRN] [LAG SPOKE] HonestWork TownJobBehavior.OnHourlyTick took 10ms
2026-01-09 01:02:16.689 -06:00 [WRN] [LAG SPOKE] HonestWork TownJobBehavior.OnHourlyTick took 8ms
2026-01-09 01:02:18.345 -06:00 [WRN] [LAG SPOKE] HonestWork TownJobBehavior.OnHourlyTick took 8ms
2026-01-09 01:02:20.011 -06:00 [WRN] [LAG SPOKE] HonestWork TownJobBehavior.OnHourlyTick took 7ms
2026-01-09 01:02:20.860 -06:00 [WRN] [LAG SPOKE] HonestWork TownJobBehavior.OnHourlyTick took 8ms
2026-01-09 01:02:21.647 -06:00 [WRN] [LAG SPOKE] HonestWork TownJobBehavior.OnHourlyTick took 6ms
2026-01-09 01:02:22.531 -06:00 [WRN] [LAG SPOKE] HonestWork TownJobBehavior.OnHourlyTick took 6ms
2026-01-09 01:02:29.681 -06:00 [WRN] [LAG SPOKE] HonestWork TownJobBehavior.OnHourlyTick took 8ms
2026-01-09 01:02:30.525 -06:00 [WRN] [LAG SPOKE] HonestWork TownJobBehavior.OnHourlyTick took 10ms
2026-01-09 01:02:31.338 -06:00 [WRN] [LAG SPOKE] HonestWork TownJobBehavior.OnHourlyTick took 6ms
2026-01-09 01:02:32.180 -06:00 [WRN] [LAG SPOKE] HonestWork TownJobBehavior.OnHourlyTick took 6ms
2026-01-09 01:02:45.667 -06:00 [WRN] [LAG SPOKE] HonestWork TownJobBehavior.OnHourlyTick took 7ms
2026-01-09 01:02:46.486 -06:00 [WRN] [LAG SPOKE] HonestWork TownJobBehavior.OnHourlyTick took 9ms
2026-01-09 01:02:47.329 -06:00 [WRN] [LAG SPOKE] HonestWork TownJobBehavior.OnHourlyTick took 9ms
2026-01-09 01:02:48.127 -06:00 [WRN] [LAG SPOKE] HonestWork TownJobBehavior.OnHourlyTick took 6ms
2026-01-09 01:02:48.988 -06:00 [WRN] [LAG SPOKE] HonestWork TownJobBehavior.OnHourlyTick took 6ms
2026-01-09 01:02:49.845 -06:00 [WRN] [LAG SPOKE] HonestWork TownJobBehavior.OnHourlyTick took 7ms
2026-01-09 01:02:50.641 -06:00 [WRN] [LAG SPOKE] HonestWork TownJobBehavior.OnHourlyTick took 11ms
2026-01-09 01:02:51.510 -06:00 [WRN] [LAG SPOKE] HonestWork TownJobBehavior.OnHourlyTick took 8ms
2026-01-09 01:02:52.314 -06:00 [WRN] [LAG SPOKE] HonestWork TownJobBehavior.OnHourlyTick took 11ms
2026-01-09 01:02:53.175 -06:00 [WRN] [LAG SPOKE] HonestWork TownJobBehavior.OnHourlyTick took 6ms
2026-01-09 01:02:54.820 -06:00 [WRN] [LAG SPOKE] HonestWork TownJobBehavior.OnHourlyTick took 8ms
2026-01-09 01:02:55.669 -06:00 [WRN] [LAG SPOKE] HonestWork TownJobBehavior.OnHourlyTick took 6ms
2026-01-09 01:02:57.292 -06:00 [WRN] [LAG SPOKE] HonestWork TownJobBehavior.OnHourlyTick took 9ms
2026-01-09 01:02:58.975 -06:00 [WRN] [LAG SPOKE] HonestWork TownJobBehavior.OnHourlyTick took 8ms
2026-01-09 01:02:59.824 -06:00 [WRN] [LAG SPOKE] HonestWork TownJobBehavior.OnHourlyTick took 9ms
2026-01-09 01:04:15.668 -06:00 [WRN] [LAG SPOKE] HonestWork TownJobBehavior.OnHourlyTick took 32ms
2026-01-09 01:04:16.492 -06:00 [WRN] [LAG SPOKE] HonestWork TownJobBehavior.OnHourlyTick took 8ms
2026-01-09 01:04:17.357 -06:00 [WRN] [LAG SPOKE] HonestWork TownJobBehavior.OnHourlyTick took 8ms
2026-01-09 01:04:18.167 -06:00 [WRN] [LAG SPOKE] HonestWork TownJobBehavior.OnHourlyTick took 6ms
2026-01-09 01:04:18.998 -06:00 [WRN] [LAG SPOKE] HonestWork TownJobBehavior.OnHourlyTick took 7ms
2026-01-09 01:04:19.853 -06:00 [WRN] [LAG SPOKE] HonestWork TownJobBehavior.OnHourlyTick took 7ms
2026-01-09 01:04:20.640 -06:00 [WRN] [LAG SPOKE] HonestWork TownJobBehavior.OnHourlyTick took 8ms
2026-01-09 01:04:21.501 -06:00 [WRN] [LAG SPOKE] HonestWork TownJobBehavior.OnHourlyTick took 6ms
2026-01-09 01:04:22.358 -06:00 [WRN] [LAG SPOKE] HonestWork TownJobBehavior.OnHourlyTick took 8ms
2026-01-09 01:04:24.015 -06:00 [WRN] [LAG SPOKE] HonestWork TownJobBehavior.OnHourlyTick took 6ms
2026-01-09 01:04:24.834 -06:00 [WRN] [LAG SPOKE] HonestWork TownJobBehavior.OnHourlyTick took 7ms
2026-01-09 01:04:26.522 -06:00 [WRN] [LAG SPOKE] HonestWork TownJobBehavior.OnHourlyTick took 8ms
2026-01-09 01:04:27.350 -06:00 [WRN] [LAG SPOKE] HonestWork TownJobBehavior.OnHourlyTick took 8ms
2026-01-09 01:04:28.172 -06:00 [WRN] [LAG SPOKE] HonestWork TownJobBehavior.OnHourlyTick took 7ms
2026-01-09 01:04:29.805 -06:00 [WRN] [LAG SPOKE] HonestWork TownJobBehavior.OnHourlyTick took 8ms
2026-01-09 01:04:30.682 -06:00 [WRN] [LAG SPOKE] HonestWork TownJobBehavior.OnHourlyTick took 6ms
2026-01-09 01:04:32.355 -06:00 [WRN] [LAG SPOKE] HonestWork TownJobBehavior.OnHourlyTick took 9ms
2026-01-09 01:04:33.146 -06:00 [WRN] [LAG SPOKE] HonestWork TownJobBehavior.OnHourlyTick took 6ms
2026-01-09 01:04:34.019 -06:00 [WRN] [LAG SPOKE] HonestWork TownJobBehavior.OnHourlyTick took 10ms
2026-01-09 01:05:13.990 -06:00 [WRN] [LAG SPOKE] HonestWork TownJobBehavior.OnHourlyTick took 6ms
2026-01-09 01:05:14.855 -06:00 [WRN] [LAG SPOKE] HonestWork TownJobBehavior.OnHourlyTick took 6ms
2026-01-09 01:05:15.661 -06:00 [WRN] [LAG SPOKE] HonestWork TownJobBehavior.OnHourlyTick took 7ms
2026-01-09 01:05:16.537 -06:00 [WRN] [LAG SPOKE] HonestWork TownJobBehavior.OnHourlyTick took 11ms
2026-01-09 01:05:17.322 -06:00 [WRN] [LAG SPOKE] HonestWork TownJobBehavior.OnHourlyTick took 6ms
2026-01-09 01:05:18.177 -06:00 [WRN] [LAG SPOKE] HonestWork TownJobBehavior.OnHourlyTick took 6ms
2026-01-09 01:05:18.983 -06:00 [WRN] [LAG SPOKE] HonestWork TownJobBehavior.OnHourlyTick took 8ms
2026-01-09 01:05:20.643 -06:00 [WRN] [LAG SPOKE] HonestWork TownJobBehavior.OnHourlyTick took 7ms
2026-01-09 01:05:21.512 -06:00 [WRN] [LAG SPOKE] HonestWork TownJobBehavior.OnHourlyTick took 8ms
2026-01-09 01:05:22.306 -06:00 [WRN] [LAG SPOKE] HonestWork TownJobBehavior.OnHourlyTick took 6ms
2026-01-09 01:05:24.034 -06:00 [WRN] [LAG SPOKE] HonestWork TownJobBehavior.OnHourlyTick took 8ms
2026-01-09 01:05:24.841 -06:00 [WRN] [LAG SPOKE] HonestWork TownJobBehavior.OnHourlyTick took 11ms
2026-01-09 01:05:25.706 -06:00 [WRN] [LAG SPOKE] HonestWork TownJobBehavior.OnHourlyTick took 7ms
2026-01-09 01:05:26.511 -06:00 [WRN] [LAG SPOKE] HonestWork TownJobBehavior.OnHourlyTick took 10ms
2026-01-09 01:05:27.370 -06:00 [WRN] [LAG SPOKE] HonestWork TownJobBehavior.OnHourlyTick took 6ms
2026-01-09 01:05:28.171 -06:00 [WRN] [LAG SPOKE] HonestWork TownJobBehavior.OnHourlyTick took 7ms
2026-01-09 01:05:29.040 -06:00 [WRN] [LAG SPOKE] HonestWork TownJobBehavior.OnHourlyTick took 8ms
2026-01-09 01:05:29.848 -06:00 [WRN] [LAG SPOKE] HonestWork TownJobBehavior.OnHourlyTick took 7ms
2026-01-09 01:05:30.661 -06:00 [WRN] [LAG SPOKE] HonestWork TownJobBehavior.OnHourlyTick took 7ms
2026-01-09 01:05:31.523 -06:00 [WRN] [LAG SPOKE] HonestWork TownJobBehavior.OnHourlyTick took 7ms
2026-01-09 01:05:32.323 -06:00 [WRN] [LAG SPOKE] HonestWork TownJobBehavior.OnHourlyTick took 8ms
2026-01-09 01:05:33.181 -06:00 [WRN] [LAG SPOKE] HonestWork TownJobBehavior.OnHourlyTick took 6ms
2026-01-09 01:05:33.975 -06:00 [WRN] [LAG SPOKE] HonestWork TownJobBehavior.OnHourlyTick took 6ms
2026-01-09 01:05:34.836 -06:00 [WRN] [LAG SPOKE] HonestWork TownJobBehavior.OnHourlyTick took 6ms
2026-01-09 01:05:35.702 -06:00 [WRN] [LAG SPOKE] HonestWork TownJobBehavior.OnHourlyTick took 6ms
2026-01-09 01:05:36.490 -06:00 [WRN] [LAG SPOKE] HonestWork TownJobBehavior.OnHourlyTick took 10ms
2026-01-09 01:05:37.323 -06:00 [WRN] [LAG SPOKE] HonestWork TownJobBehavior.OnHourlyTick took 8ms
2026-01-09 01:05:38.205 -06:00 [WRN] [LAG SPOKE] HonestWork TownJobBehavior.OnHourlyTick took 8ms
2026-01-09 01:05:39.015 -06:00 [WRN] [LAG SPOKE] HonestWork TownJobBehavior.OnHourlyTick took 9ms
2026-01-09 01:06:09.561 -06:00 [WRN] [LAG SPOKE] HonestWork TownJobBehavior.OnHourlyTick took 26ms
2026-01-09 01:06:11.173 -06:00 [WRN] [LAG SPOKE] HonestWork TownJobBehavior.OnHourlyTick took 10ms
2026-01-09 01:06:23.529 -06:00 [WRN] [LAG SPOKE] HonestWork TownJobBehavior.OnHourlyTick took 8ms
2026-01-09 01:06:25.218 -06:00 [WRN] [LAG SPOKE] HonestWork TownJobBehavior.OnHourlyTick took 6ms
2026-01-09 01:06:26.042 -06:00 [WRN] [LAG SPOKE] HonestWork TownJobBehavior.OnHourlyTick took 8ms
2026-01-09 01:06:26.867 -06:00 [WRN] [LAG SPOKE] HonestWork TownJobBehavior.OnHourlyTick took 8ms
2026-01-09 01:06:27.691 -06:00 [WRN] [LAG SPOKE] HonestWork TownJobBehavior.OnHourlyTick took 6ms
2026-01-09 01:06:28.517 -06:00 [WRN] [LAG SPOKE] HonestWork TownJobBehavior.OnHourlyTick took 6ms
2026-01-09 01:06:29.348 -06:00 [WRN] [LAG SPOKE] HonestWork TownJobBehavior.OnHourlyTick took 9ms
2026-01-09 01:06:32.175 -06:00 [WRN] [LAG SPOKE] HonestWork TownJobBehavior.OnHourlyTick took 7ms
2026-01-09 01:06:34.455 -06:00 [WRN] [LAG SPOKE] HonestWork TownJobBehavior.OnHourlyTick took 7ms
2026-01-09 01:06:35.270 -06:00 [WRN] [LAG SPOKE] HonestWork TownJobBehavior.OnHourlyTick took 6ms
2026-01-09 01:06:36.152 -06:00 [WRN] [LAG SPOKE] HonestWork TownJobBehavior.OnHourlyTick took 6ms
2026-01-09 01:06:49.215 -06:00 [WRN] [LAG SPOKE] HonestWork TownJobBehavior.OnHourlyTick took 6ms
2026-01-09 01:06:50.114 -06:00 [WRN] [LAG SPOKE] HonestWork TownJobBehavior.OnHourlyTick took 8ms
2026-01-09 01:06:50.974 -06:00 [WRN] [LAG SPOKE] HonestWork TownJobBehavior.OnHourlyTick took 11ms
2026-01-09 01:06:51.827 -06:00 [WRN] [LAG SPOKE] HonestWork TownJobBehavior.OnHourlyTick took 7ms
2026-01-09 01:06:52.614 -06:00 [WRN] [LAG SPOKE] HonestWork TownJobBehavior.OnHourlyTick took 14ms
2026-01-09 01:06:54.300 -06:00 [WRN] [LAG SPOKE] HonestWork TownJobBehavior.OnHourlyTick took 8ms
2026-01-09 01:08:12.830 -06:00 [WRN] [LAG SPOKE] HonestWork TownJobBehavior.OnHourlyTick took 16ms
2026-01-09 01:08:13.648 -06:00 [WRN] [LAG SPOKE] HonestWork TownJobBehavior.OnHourlyTick took 10ms
2026-01-09 01:08:14.506 -06:00 [WRN] [LAG SPOKE] HonestWork TownJobBehavior.OnHourlyTick took 8ms
2026-01-09 01:08:15.292 -06:00 [WRN] [LAG SPOKE] HonestWork TownJobBehavior.OnHourlyTick took 9ms
2026-01-09 01:08:16.160 -06:00 [WRN] [LAG SPOKE] HonestWork TownJobBehavior.OnHourlyTick took 6ms
2026-01-09 01:08:17.000 -06:00 [WRN] [LAG SPOKE] HonestWork TownJobBehavior.OnHourlyTick took 10ms
2026-01-09 01:08:17.831 -06:00 [WRN] [LAG SPOKE] HonestWork TownJobBehavior.OnHourlyTick took 7ms
2026-01-09 01:08:18.708 -06:00 [WRN] [LAG SPOKE] HonestWork TownJobBehavior.OnHourlyTick took 8ms
2026-01-09 01:08:19.519 -06:00 [WRN] [LAG SPOKE] HonestWork TownJobBehavior.OnHourlyTick took 10ms
2026-01-09 01:08:38.713 -06:00 [WRN] [LAG SPOKE] HonestWork TownJobBehavior.OnHourlyTick took 7ms
2026-01-09 01:08:39.555 -06:00 [WRN] [LAG SPOKE] HonestWork TownJobBehavior.OnHourlyTick took 7ms
2026-01-09 01:08:41.222 -06:00 [WRN] [LAG SPOKE] HonestWork TownJobBehavior.OnHourlyTick took 10ms
2026-01-09 01:08:42.916 -06:00 [WRN] [LAG SPOKE] HonestWork TownJobBehavior.OnHourlyTick took 8ms
2026-01-09 01:08:43.706 -06:00 [INF] Player finished 6-hour shift as thug.
2026-01-09 01:08:43.763 -06:00 [WRN] [LAG SPOKE] HonestWork TownJobBehavior.OnHourlyTick took 7ms
2026-01-09 01:08:47.948 -06:00 [WRN] [LAG SPOKE] HonestWork TownJobBehavior.OnHourlyTick took 6ms
2026-01-09 01:08:48.755 -06:00 [INF] Player finished 6-hour shift as thug.
2026-01-09 01:08:48.767 -06:00 [WRN] [LAG SPOKE] HonestWork TownJobBehavior.OnHourlyTick took 6ms
2026-01-09 01:08:52.112 -06:00 [WRN] [LAG SPOKE] HonestWork TownJobBehavior.OnHourlyTick took 14ms
2026-01-09 01:08:52.959 -06:00 [WRN] [LAG SPOKE] HonestWork TownJobBehavior.OnHourlyTick took 8ms
2026-01-09 01:08:53.794 -06:00 [INF] Player finished 6-hour shift as thug.
2026-01-09 01:08:53.808 -06:00 [WRN] [LAG SPOKE] HonestWork TownJobBehavior.OnHourlyTick took 7ms
2026-01-09 01:08:54.615 -06:00 [WRN] [LAG SPOKE] HonestWork TownJobBehavior.OnHourlyTick took 7ms
2026-01-09 01:08:55.473 -06:00 [WRN] [LAG SPOKE] HonestWork TownJobBehavior.OnHourlyTick took 8ms
2026-01-09 01:08:56.290 -06:00 [WRN] [LAG SPOKE] HonestWork TownJobBehavior.OnHourlyTick took 8ms
2026-01-09 01:08:57.103 -06:00 [WRN] [LAG SPOKE] HonestWork TownJobBehavior.OnHourlyTick took 9ms
2026-01-09 01:08:57.939 -06:00 [WRN] [LAG SPOKE] HonestWork TownJobBehavior.OnHourlyTick took 8ms
2026-01-09 01:08:58.798 -06:00 [WRN] [LAG SPOKE] HonestWork TownJobBehavior.OnHourlyTick took 8ms
2026-01-09 01:08:58.826 -06:00 [INF] Player finished 6-hour shift as thug.
2026-01-09 01:09:00.472 -06:00 [WRN] [LAG SPOKE] HonestWork TownJobBehavior.OnHourlyTick took 9ms
2026-01-09 01:09:09.336 -06:00 [WRN] [LAG SPOKE] HonestWork TownJobBehavior.OnHourlyTick took 10ms
2026-01-09 01:09:10.167 -06:00 [WRN] [LAG SPOKE] HonestWork TownJobBehavior.OnHourlyTick took 7ms
2026-01-09 01:09:10.995 -06:00 [WRN] [LAG SPOKE] HonestWork TownJobBehavior.OnHourlyTick took 14ms
2026-01-09 01:09:11.832 -06:00 [WRN] [LAG SPOKE] HonestWork TownJobBehavior.OnHourlyTick took 8ms
2026-01-09 01:09:11.906 -06:00 [INF] Player finished 6-hour shift as thug.
2026-01-09 01:09:12.672 -06:00 [WRN] [LAG SPOKE] HonestWork TownJobBehavior.OnHourlyTick took 7ms
2026-01-09 01:09:15.293 -06:00 [WRN] [LAG SPOKE] HonestWork TownJobBehavior.OnHourlyTick took 8ms
2026-01-09 01:09:16.164 -06:00 [WRN] [LAG SPOKE] HonestWork TownJobBehavior.OnHourlyTick took 7ms
2026-01-09 01:09:16.971 -06:00 [WRN] [LAG SPOKE] HonestWork TownJobBehavior.OnHourlyTick took 9ms
2026-01-09 01:09:17.081 -06:00 [INF] Player finished 6-hour shift as thug.
2026-01-09 01:09:17.805 -06:00 [WRN] [LAG SPOKE] HonestWork TownJobBehavior.OnHourlyTick took 7ms
2026-01-09 01:09:18.653 -06:00 [WRN] [LAG SPOKE] HonestWork TownJobBehavior.OnHourlyTick took 7ms
2026-01-09 01:09:19.499 -06:00 [WRN] [LAG SPOKE] HonestWork TownJobBehavior.OnHourlyTick took 8ms
2026-01-09 01:09:20.306 -06:00 [WRN] [LAG SPOKE] HonestWork TownJobBehavior.OnHourlyTick took 8ms
2026-01-09 01:09:21.161 -06:00 [WRN] [LAG SPOKE] HonestWork TownJobBehavior.OnHourlyTick took 11ms
2026-01-09 01:09:21.974 -06:00 [WRN] [LAG SPOKE] HonestWork TownJobBehavior.OnHourlyTick took 7ms
2026-01-09 01:09:22.095 -06:00 [INF] Player finished 6-hour shift as thug.
2026-01-09 01:09:22.787 -06:00 [WRN] [LAG SPOKE] HonestWork TownJobBehavior.OnHourlyTick took 7ms
2026-01-09 01:09:23.640 -06:00 [WRN] [LAG SPOKE] HonestWork TownJobBehavior.OnHourlyTick took 10ms
2026-01-09 01:09:24.488 -06:00 [WRN] [LAG SPOKE] HonestWork TownJobBehavior.OnHourlyTick took 7ms
2026-01-09 01:09:25.295 -06:00 [WRN] [LAG SPOKE] HonestWork TownJobBehavior.OnHourlyTick took 7ms
2026-01-09 01:09:26.143 -06:00 [WRN] [LAG SPOKE] HonestWork TownJobBehavior.OnHourlyTick took 7ms
2026-01-09 01:09:26.967 -06:00 [WRN] [LAG SPOKE] HonestWork TownJobBehavior.OnHourlyTick took 9ms
2026-01-09 01:09:27.123 -06:00 [INF] Player finished 6-hour shift as thug.
2026-01-09 01:09:28.669 -06:00 [WRN] [LAG SPOKE] HonestWork TownJobBehavior.OnHourlyTick took 7ms
2026-01-09 01:09:29.476 -06:00 [WRN] [LAG SPOKE] HonestWork TownJobBehavior.OnHourlyTick took 7ms
2026-01-09 01:09:30.342 -06:00 [WRN] [LAG SPOKE] HonestWork TownJobBehavior.OnHourlyTick took 6ms
2026-01-09 01:09:31.141 -06:00 [WRN] [LAG SPOKE] HonestWork TownJobBehavior.OnHourlyTick took 8ms
2026-01-09 01:09:31.992 -06:00 [WRN] [LAG SPOKE] HonestWork TownJobBehavior.OnHourlyTick took 7ms
2026-01-09 01:09:32.113 -06:00 [INF] Player finished 6-hour shift as thug.
2026-01-09 01:09:32.788 -06:00 [WRN] [LAG SPOKE] HonestWork TownJobBehavior.OnHourlyTick took 7ms
2026-01-09 01:09:34.482 -06:00 [WRN] [LAG SPOKE] HonestWork TownJobBehavior.OnHourlyTick took 8ms
2026-01-09 01:09:36.177 -06:00 [WRN] [LAG SPOKE] HonestWork TownJobBehavior.OnHourlyTick took 8ms
2026-01-09 01:09:36.985 -06:00 [WRN] [LAG SPOKE] HonestWork TownJobBehavior.OnHourlyTick took 6ms
2026-01-09 01:09:37.152 -06:00 [INF] Player finished 6-hour shift as thug.
2026-01-09 01:09:37.843 -06:00 [WRN] [LAG SPOKE] HonestWork TownJobBehavior.OnHourlyTick took 7ms
2026-01-09 01:09:38.667 -06:00 [WRN] [LAG SPOKE] HonestWork TownJobBehavior.OnHourlyTick took 6ms
2026-01-09 01:09:39.481 -06:00 [WRN] [LAG SPOKE] HonestWork TownJobBehavior.OnHourlyTick took 11ms
2026-01-09 01:09:40.338 -06:00 [WRN] [LAG SPOKE] HonestWork TownJobBehavior.OnHourlyTick took 7ms
2026-01-09 01:09:41.165 -06:00 [WRN] [LAG SPOKE] HonestWork TownJobBehavior.OnHourlyTick took 10ms
2026-01-09 01:09:41.975 -06:00 [WRN] [LAG SPOKE] HonestWork TownJobBehavior.OnHourlyTick took 6ms
2026-01-09 01:09:42.180 -06:00 [INF] Player finished 6-hour shift as thug.
2026-01-09 01:09:42.843 -06:00 [WRN] [LAG SPOKE] HonestWork TownJobBehavior.OnHourlyTick took 8ms
2026-01-09 01:09:43.656 -06:00 [WRN] [LAG SPOKE] HonestWork TownJobBehavior.OnHourlyTick took 6ms
2026-01-09 01:09:44.486 -06:00 [WRN] [LAG SPOKE] HonestWork TownJobBehavior.OnHourlyTick took 9ms
2026-01-09 01:09:45.326 -06:00 [WRN] [LAG SPOKE] HonestWork TownJobBehavior.OnHourlyTick took 8ms
2026-01-09 01:09:46.171 -06:00 [WRN] [LAG SPOKE] HonestWork TownJobBehavior.OnHourlyTick took 10ms
2026-01-09 01:09:47.023 -06:00 [WRN] [LAG SPOKE] HonestWork TownJobBehavior.OnHourlyTick took 8ms
2026-01-09 01:09:47.202 -06:00 [INF] Player finished 6-hour shift as thug.
2026-01-09 01:09:47.829 -06:00 [WRN] [LAG SPOKE] HonestWork TownJobBehavior.OnHourlyTick took 9ms
2026-01-09 01:09:48.643 -06:00 [WRN] [LAG SPOKE] HonestWork TownJobBehavior.OnHourlyTick took 6ms
2026-01-09 01:09:49.511 -06:00 [WRN] [LAG SPOKE] HonestWork TownJobBehavior.OnHourlyTick took 11ms
2026-01-09 01:09:50.357 -06:00 [WRN] [LAG SPOKE] HonestWork TownJobBehavior.OnHourlyTick took 7ms
2026-01-09 01:09:51.144 -06:00 [WRN] [LAG SPOKE] HonestWork TownJobBehavior.OnHourlyTick took 9ms
2026-01-09 01:09:52.013 -06:00 [WRN] [LAG SPOKE] HonestWork TownJobBehavior.OnHourlyTick took 9ms
2026-01-09 01:09:52.213 -06:00 [INF] Player finished 6-hour shift as thug.
2026-01-09 01:09:52.834 -06:00 [WRN] [LAG SPOKE] HonestWork TownJobBehavior.OnHourlyTick took 9ms
2026-01-09 01:09:53.669 -06:00 [WRN] [LAG SPOKE] HonestWork TownJobBehavior.OnHourlyTick took 9ms
2026-01-09 01:09:54.483 -06:00 [WRN] [LAG SPOKE] HonestWork TownJobBehavior.OnHourlyTick took 14ms
2026-01-09 01:09:55.326 -06:00 [WRN] [LAG SPOKE] HonestWork TownJobBehavior.OnHourlyTick took 8ms
2026-01-09 01:09:56.174 -06:00 [WRN] [LAG SPOKE] HonestWork TownJobBehavior.OnHourlyTick took 10ms
2026-01-09 01:09:56.998 -06:00 [WRN] [LAG SPOKE] HonestWork TownJobBehavior.OnHourlyTick took 7ms
2026-01-09 01:09:57.241 -06:00 [INF] Player finished 6-hour shift as thug.
2026-01-09 01:09:57.814 -06:00 [WRN] [LAG SPOKE] HonestWork TownJobBehavior.OnHourlyTick took 9ms
2026-01-09 01:09:58.671 -06:00 [WRN] [LAG SPOKE] HonestWork TownJobBehavior.OnHourlyTick took 8ms
2026-01-09 01:09:59.485 -06:00 [WRN] [LAG SPOKE] HonestWork TownJobBehavior.OnHourlyTick took 8ms
2026-01-09 01:10:00.345 -06:00 [WRN] [LAG SPOKE] HonestWork TownJobBehavior.OnHourlyTick took 7ms
2026-01-09 01:10:01.163 -06:00 [WRN] [LAG SPOKE] HonestWork TownJobBehavior.OnHourlyTick took 8ms
2026-01-09 01:10:01.979 -06:00 [WRN] [LAG SPOKE] HonestWork TownJobBehavior.OnHourlyTick took 6ms
2026-01-09 01:10:02.280 -06:00 [INF] Player finished 6-hour shift as thug.
2026-01-09 01:10:02.817 -06:00 [WRN] [LAG SPOKE] HonestWork TownJobBehavior.OnHourlyTick took 6ms
2026-01-09 01:10:03.683 -06:00 [WRN] [LAG SPOKE] HonestWork TownJobBehavior.OnHourlyTick took 9ms
2026-01-09 01:10:04.492 -06:00 [WRN] [LAG SPOKE] HonestWork TownJobBehavior.OnHourlyTick took 6ms
2026-01-09 01:10:06.172 -06:00 [WRN] [LAG SPOKE] HonestWork TownJobBehavior.OnHourlyTick took 9ms
2026-01-09 01:10:06.980 -06:00 [WRN] [LAG SPOKE] HonestWork TownJobBehavior.OnHourlyTick took 11ms
2026-01-09 01:10:07.319 -06:00 [INF] Player finished 6-hour shift as thug.
2026-01-09 01:10:07.849 -06:00 [WRN] [LAG SPOKE] HonestWork TownJobBehavior.OnHourlyTick took 10ms
2026-01-09 01:10:08.695 -06:00 [WRN] [LAG SPOKE] HonestWork TownJobBehavior.OnHourlyTick took 9ms
2026-01-09 01:10:09.516 -06:00 [WRN] [LAG SPOKE] HonestWork TownJobBehavior.OnHourlyTick took 7ms
2026-01-09 01:10:11.165 -06:00 [WRN] [LAG SPOKE] HonestWork TownJobBehavior.OnHourlyTick took 8ms
2026-01-09 01:10:12.007 -06:00 [WRN] [LAG SPOKE] HonestWork TownJobBehavior.OnHourlyTick took 11ms
2026-01-09 01:10:12.344 -06:00 [INF] Player finished 6-hour shift as thug.
2026-01-09 01:10:12.843 -06:00 [WRN] [LAG SPOKE] HonestWork TownJobBehavior.OnHourlyTick took 6ms
2026-01-09 01:10:13.652 -06:00 [WRN] [LAG SPOKE] HonestWork TownJobBehavior.OnHourlyTick took 11ms
2026-01-09 01:10:14.492 -06:00 [WRN] [LAG SPOKE] HonestWork TownJobBehavior.OnHourlyTick took 9ms
2026-01-09 01:10:15.326 -06:00 [WRN] [LAG SPOKE] HonestWork TownJobBehavior.OnHourlyTick took 7ms
2026-01-09 01:10:16.170 -06:00 [WRN] [LAG SPOKE] HonestWork TownJobBehavior.OnHourlyTick took 10ms
2026-01-09 01:10:17.018 -06:00 [WRN] [LAG SPOKE] HonestWork TownJobBehavior.OnHourlyTick took 13ms
2026-01-09 01:10:17.353 -06:00 [INF] Player finished 6-hour shift as thug.
2026-01-09 01:10:17.813 -06:00 [WRN] [LAG SPOKE] HonestWork TownJobBehavior.OnHourlyTick took 10ms
2026-01-09 01:10:18.655 -06:00 [WRN] [LAG SPOKE] HonestWork TownJobBehavior.OnHourlyTick took 10ms
2026-01-09 01:10:19.495 -06:00 [WRN] [LAG SPOKE] HonestWork TownJobBehavior.OnHourlyTick took 7ms
2026-01-09 01:10:20.350 -06:00 [WRN] [LAG SPOKE] HonestWork TownJobBehavior.OnHourlyTick took 8ms
2026-01-09 01:10:21.159 -06:00 [WRN] [LAG SPOKE] HonestWork TownJobBehavior.OnHourlyTick took 12ms
2026-01-09 01:10:21.998 -06:00 [WRN] [LAG SPOKE] HonestWork TownJobBehavior.OnHourlyTick took 7ms
2026-01-09 01:10:22.385 -06:00 [INF] Player finished 6-hour shift as thug.
2026-01-09 01:13:48.040 -06:00 [WRN] [LAG SPOKE] HonestWork TownJobBehavior.OnHourlyTick took 8ms
2026-01-09 01:13:48.847 -06:00 [WRN] [LAG SPOKE] HonestWork TownJobBehavior.OnHourlyTick took 9ms
2026-01-09 01:13:49.692 -06:00 [WRN] [LAG SPOKE] HonestWork TownJobBehavior.OnHourlyTick took 7ms
2026-01-09 01:13:50.532 -06:00 [WRN] [LAG SPOKE] HonestWork TownJobBehavior.OnHourlyTick took 9ms
2026-01-09 01:13:51.365 -06:00 [WRN] [LAG SPOKE] HonestWork TownJobBehavior.OnHourlyTick took 8ms
2026-01-09 01:13:52.215 -06:00 [WRN] [LAG SPOKE] HonestWork TownJobBehavior.OnHourlyTick took 13ms
2026-01-09 01:13:52.598 -06:00 [INF] Player finished 6-hour shift as thug.
2026-01-09 01:13:53.015 -06:00 [WRN] [LAG SPOKE] HonestWork TownJobBehavior.OnHourlyTick took 7ms
2026-01-09 01:13:54.669 -06:00 [WRN] [LAG SPOKE] HonestWork TownJobBehavior.OnHourlyTick took 7ms
2026-01-09 01:13:55.531 -06:00 [WRN] [LAG SPOKE] HonestWork TownJobBehavior.OnHourlyTick took 6ms
2026-01-09 01:13:56.358 -06:00 [WRN] [LAG SPOKE] HonestWork TownJobBehavior.OnHourlyTick took 11ms
2026-01-09 01:13:57.169 -06:00 [WRN] [LAG SPOKE] HonestWork TownJobBehavior.OnHourlyTick took 9ms
2026-01-09 01:13:57.625 -06:00 [INF] Player finished 6-hour shift as thug.
2026-01-09 01:13:58.025 -06:00 [WRN] [LAG SPOKE] HonestWork TownJobBehavior.OnHourlyTick took 9ms
2026-01-09 01:13:58.849 -06:00 [WRN] [LAG SPOKE] HonestWork TownJobBehavior.OnHourlyTick took 7ms
2026-01-09 01:13:59.670 -06:00 [WRN] [LAG SPOKE] HonestWork TownJobBehavior.OnHourlyTick took 10ms
2026-01-09 01:14:00.536 -06:00 [WRN] [LAG SPOKE] HonestWork TownJobBehavior.OnHourlyTick took 9ms
2026-01-09 01:14:01.362 -06:00 [WRN] [LAG SPOKE] HonestWork TownJobBehavior.OnHourlyTick took 16ms
2026-01-09 01:14:02.198 -06:00 [WRN] [LAG SPOKE] HonestWork TownJobBehavior.OnHourlyTick took 6ms
2026-01-09 01:14:02.632 -06:00 [INF] Player finished 6-hour shift as thug.
2026-01-09 01:14:23.262 -06:00 [WRN] [LAG SPOKE] HonestWork TownJobBehavior.OnHourlyTick took 9ms
2026-01-09 01:14:24.085 -06:00 [WRN] [LAG SPOKE] HonestWork TownJobBehavior.OnHourlyTick took 6ms
2026-01-09 01:14:24.952 -06:00 [WRN] [LAG SPOKE] HonestWork TownJobBehavior.OnHourlyTick took 6ms
2026-01-09 01:14:25.814 -06:00 [WRN] [LAG SPOKE] HonestWork TownJobBehavior.OnHourlyTick took 10ms
2026-01-09 01:14:26.629 -06:00 [WRN] [LAG SPOKE] HonestWork TownJobBehavior.OnHourlyTick took 6ms
2026-01-09 01:14:28.263 -06:00 [WRN] [LAG SPOKE] HonestWork TownJobBehavior.OnHourlyTick took 6ms
2026-01-09 01:14:29.157 -06:00 [WRN] [LAG SPOKE] HonestWork TownJobBehavior.OnHourlyTick took 6ms
2026-01-09 01:14:29.938 -06:00 [WRN] [LAG SPOKE] HonestWork TownJobBehavior.OnHourlyTick took 6ms
2026-01-09 01:14:30.807 -06:00 [WRN] [LAG SPOKE] HonestWork TownJobBehavior.OnHourlyTick took 11ms
2026-01-09 01:16:12.624 -06:00 [WRN] [LAG SPOKE] HonestWork TownJobBehavior.OnHourlyTick took 6ms
2026-01-09 01:16:13.493 -06:00 [WRN] [LAG SPOKE] HonestWork TownJobBehavior.OnHourlyTick took 10ms
2026-01-09 01:16:14.280 -06:00 [WRN] [LAG SPOKE] HonestWork TownJobBehavior.OnHourlyTick took 9ms
2026-01-09 01:16:15.157 -06:00 [WRN] [LAG SPOKE] HonestWork TownJobBehavior.OnHourlyTick took 7ms
2026-01-09 01:16:16.834 -06:00 [WRN] [LAG SPOKE] HonestWork TownJobBehavior.OnHourlyTick took 8ms
2026-01-09 01:16:17.634 -06:00 [WRN] [LAG SPOKE] HonestWork TownJobBehavior.OnHourlyTick took 8ms
2026-01-09 01:16:18.505 -06:00 [WRN] [LAG SPOKE] HonestWork TownJobBehavior.OnHourlyTick took 6ms
2026-01-09 01:16:23.061 -06:00 [WRN] [LAG SPOKE] HonestWork TownJobBehavior.OnHourlyTick took 10ms
2026-01-09 01:16:23.865 -06:00 [WRN] [LAG SPOKE] HonestWork TownJobBehavior.OnHourlyTick took 10ms
2026-01-09 01:16:24.664 -06:00 [WRN] [LAG SPOKE] HonestWork TownJobBehavior.OnHourlyTick took 6ms
2026-01-09 01:16:25.566 -06:00 [WRN] [LAG SPOKE] HonestWork TownJobBehavior.OnHourlyTick took 9ms
2026-01-09 01:16:26.380 -06:00 [WRN] [LAG SPOKE] HonestWork TownJobBehavior.OnHourlyTick took 7ms
2026-01-09 01:16:27.203 -06:00 [WRN] [LAG SPOKE] HonestWork TownJobBehavior.OnHourlyTick took 6ms
2026-01-09 01:16:28.068 -06:00 [WRN] [LAG SPOKE] HonestWork TownJobBehavior.OnHourlyTick took 11ms
2026-01-09 01:16:28.891 -06:00 [WRN] [LAG SPOKE] HonestWork TownJobBehavior.OnHourlyTick took 6ms
2026-01-09 01:16:29.712 -06:00 [WRN] [LAG SPOKE] HonestWork TownJobBehavior.OnHourlyTick took 7ms
2026-01-09 01:16:30.542 -06:00 [WRN] [LAG SPOKE] HonestWork TownJobBehavior.OnHourlyTick took 8ms
2026-01-09 01:16:31.376 -06:00 [WRN] [LAG SPOKE] HonestWork TownJobBehavior.OnHourlyTick took 6ms
2026-01-09 01:16:48.422 -06:00 [WRN] [LAG SPOKE] HonestWork TownJobBehavior.OnHourlyTick took 9ms
2026-01-09 01:16:49.248 -06:00 [WRN] [LAG SPOKE] HonestWork TownJobBehavior.OnHourlyTick took 9ms
2026-01-09 01:17:00.574 -06:00 [WRN] [LAG SPOKE] HonestWork TownJobBehavior.OnHourlyTick took 9ms
2026-01-09 01:17:01.365 -06:00 [WRN] [LAG SPOKE] HonestWork TownJobBehavior.OnHourlyTick took 12ms
2026-01-09 01:17:02.207 -06:00 [WRN] [LAG SPOKE] HonestWork TownJobBehavior.OnHourlyTick took 11ms
2026-01-09 01:17:03.082 -06:00 [WRN] [LAG SPOKE] HonestWork TownJobBehavior.OnHourlyTick took 7ms
2026-01-09 01:17:03.925 -06:00 [WRN] [LAG SPOKE] HonestWork TownJobBehavior.OnHourlyTick took 6ms
2026-01-09 01:17:04.727 -06:00 [WRN] [LAG SPOKE] HonestWork TownJobBehavior.OnHourlyTick took 12ms
2026-01-09 01:17:05.607 -06:00 [WRN] [LAG SPOKE] HonestWork TownJobBehavior.OnHourlyTick took 8ms
2026-01-09 01:17:06.401 -06:00 [WRN] [LAG SPOKE] HonestWork TownJobBehavior.OnHourlyTick took 7ms
2026-01-09 01:17:07.260 -06:00 [WRN] [LAG SPOKE] HonestWork TownJobBehavior.OnHourlyTick took 9ms
2026-01-09 01:17:08.047 -06:00 [WRN] [LAG SPOKE] HonestWork TownJobBehavior.OnHourlyTick took 6ms
2026-01-09 01:17:44.275 -06:00 [WRN] [LAG SPOKE] HonestWork TownJobBehavior.OnHourlyTick took 8ms
2026-01-09 01:17:45.150 -06:00 [WRN] [LAG SPOKE] HonestWork TownJobBehavior.OnHourlyTick took 7ms
2026-01-09 01:17:46.010 -06:00 [WRN] [LAG SPOKE] HonestWork TownJobBehavior.OnHourlyTick took 7ms
2026-01-09 01:17:46.783 -06:00 [WRN] [LAG SPOKE] HonestWork TownJobBehavior.OnHourlyTick took 6ms
2026-01-09 01:17:47.641 -06:00 [WRN] [LAG SPOKE] HonestWork TownJobBehavior.OnHourlyTick took 8ms
2026-01-09 01:17:48.495 -06:00 [WRN] [LAG SPOKE] HonestWork TownJobBehavior.OnHourlyTick took 6ms
2026-01-09 01:17:49.274 -06:00 [WRN] [LAG SPOKE] HonestWork TownJobBehavior.OnHourlyTick took 10ms
2026-01-09 01:17:50.127 -06:00 [WRN] [LAG SPOKE] HonestWork TownJobBehavior.OnHourlyTick took 6ms
2026-01-09 01:17:50.986 -06:00 [WRN] [LAG SPOKE] HonestWork TownJobBehavior.OnHourlyTick took 7ms
2026-01-09 01:17:51.773 -06:00 [WRN] [LAG SPOKE] HonestWork TownJobBehavior.OnHourlyTick took 7ms
2026-01-09 01:17:52.636 -06:00 [WRN] [LAG SPOKE] HonestWork TownJobBehavior.OnHourlyTick took 10ms
2026-01-09 01:17:53.497 -06:00 [WRN] [LAG SPOKE] HonestWork TownJobBehavior.OnHourlyTick took 10ms
2026-01-09 01:17:54.285 -06:00 [WRN] [LAG SPOKE] HonestWork TownJobBehavior.OnHourlyTick took 9ms
2026-01-09 01:18:04.832 -06:00 [WRN] [LAG SPOKE] HonestWork TownJobBehavior.OnHourlyTick took 8ms
2026-01-09 01:18:05.632 -06:00 [WRN] [LAG SPOKE] HonestWork TownJobBehavior.OnHourlyTick took 10ms
2026-01-09 01:18:06.426 -06:00 [WRN] [LAG SPOKE] HonestWork TownJobBehavior.OnHourlyTick took 6ms
2026-01-09 01:18:07.275 -06:00 [WRN] [LAG SPOKE] HonestWork TownJobBehavior.OnHourlyTick took 6ms
2026-01-09 01:18:08.934 -06:00 [WRN] [LAG SPOKE] HonestWork TownJobBehavior.OnHourlyTick took 10ms
2026-01-09 01:18:21.789 -06:00 [WRN] [LAG SPOKE] HonestWork TownJobBehavior.OnHourlyTick took 8ms
2026-01-09 01:18:22.632 -06:00 [WRN] [LAG SPOKE] HonestWork TownJobBehavior.OnHourlyTick took 6ms
2026-01-09 01:18:23.435 -06:00 [WRN] [LAG SPOKE] HonestWork TownJobBehavior.OnHourlyTick took 6ms
2026-01-09 01:18:24.276 -06:00 [WRN] [LAG SPOKE] HonestWork TownJobBehavior.OnHourlyTick took 9ms
2026-01-09 01:18:25.103 -06:00 [WRN] [LAG SPOKE] HonestWork TownJobBehavior.OnHourlyTick took 6ms
2026-01-09 01:18:25.953 -06:00 [WRN] [LAG SPOKE] HonestWork TownJobBehavior.OnHourlyTick took 9ms
2026-01-09 01:18:26.804 -06:00 [WRN] [LAG SPOKE] HonestWork TownJobBehavior.OnHourlyTick took 7ms
2026-01-09 01:18:27.620 -06:00 [WRN] [LAG SPOKE] HonestWork TownJobBehavior.OnHourlyTick took 6ms
2026-01-09 01:18:28.436 -06:00 [WRN] [LAG SPOKE] HonestWork TownJobBehavior.OnHourlyTick took 8ms
2026-01-09 01:18:30.140 -06:00 [WRN] [LAG SPOKE] HonestWork TownJobBehavior.OnHourlyTick took 10ms
2026-01-09 01:18:30.938 -06:00 [WRN] [LAG SPOKE] HonestWork TownJobBehavior.OnHourlyTick took 9ms
2026-01-09 01:18:32.639 -06:00 [WRN] [LAG SPOKE] HonestWork TownJobBehavior.OnHourlyTick took 6ms
2026-01-09 01:18:33.472 -06:00 [WRN] [LAG SPOKE] HonestWork TownJobBehavior.OnHourlyTick took 11ms
2026-01-09 01:18:34.378 -06:00 [WRN] [LAG SPOKE] HonestWork TownJobBehavior.OnHourlyTick took 8ms
2026-01-09 01:18:36.029 -06:00 [WRN] [LAG SPOKE] HonestWork TownJobBehavior.OnHourlyTick took 9ms
2026-01-09 01:18:36.830 -06:00 [WRN] [LAG SPOKE] HonestWork TownJobBehavior.OnHourlyTick took 7ms
2026-01-09 01:18:37.700 -06:00 [WRN] [LAG SPOKE] HonestWork TownJobBehavior.OnHourlyTick took 9ms
2026-01-09 01:18:38.507 -06:00 [WRN] [LAG SPOKE] HonestWork TownJobBehavior.OnHourlyTick took 14ms
2026-01-09 01:18:39.361 -06:00 [WRN] [LAG SPOKE] HonestWork TownJobBehavior.OnHourlyTick took 15ms
2026-01-09 01:18:40.208 -06:00 [WRN] [LAG SPOKE] HonestWork TownJobBehavior.OnHourlyTick took 6ms
2026-01-09 01:18:41.023 -06:00 [WRN] [LAG SPOKE] HonestWork TownJobBehavior.OnHourlyTick took 13ms
2026-01-09 01:18:41.912 -06:00 [WRN] [LAG SPOKE] HonestWork TownJobBehavior.OnHourlyTick took 8ms
2026-01-09 01:18:42.674 -06:00 [WRN] [LAG SPOKE] HonestWork TownJobBehavior.OnHourlyTick took 7ms
2026-01-09 01:18:43.534 -06:00 [WRN] [LAG SPOKE] HonestWork TownJobBehavior.OnHourlyTick took 8ms
2026-01-09 01:18:44.370 -06:00 [WRN] [LAG SPOKE] HonestWork TownJobBehavior.OnHourlyTick took 12ms
2026-01-09 01:18:45.197 -06:00 [WRN] [LAG SPOKE] HonestWork TownJobBehavior.OnHourlyTick took 9ms
2026-01-09 01:18:46.034 -06:00 [WRN] [LAG SPOKE] HonestWork TownJobBehavior.OnHourlyTick took 11ms
2026-01-09 01:18:46.889 -06:00 [WRN] [LAG SPOKE] HonestWork TownJobBehavior.OnHourlyTick took 9ms
2026-01-09 01:18:47.706 -06:00 [WRN] [LAG SPOKE] HonestWork TownJobBehavior.OnHourlyTick took 6ms
2026-01-09 01:18:48.558 -06:00 [WRN] [LAG SPOKE] HonestWork TownJobBehavior.OnHourlyTick took 7ms
2026-01-09 01:18:50.210 -06:00 [WRN] [LAG SPOKE] HonestWork TownJobBehavior.OnHourlyTick took 7ms
2026-01-09 01:19:34.569 -06:00 [WRN] [LAG SPOKE] HonestWork TownJobBehavior.OnHourlyTick took 7ms
2026-01-09 01:19:35.377 -06:00 [WRN] [LAG SPOKE] HonestWork TownJobBehavior.OnHourlyTick took 8ms
2026-01-09 01:19:36.216 -06:00 [WRN] [LAG SPOKE] HonestWork TownJobBehavior.OnHourlyTick took 6ms
2026-01-09 01:19:37.052 -06:00 [WRN] [LAG SPOKE] HonestWork TownJobBehavior.OnHourlyTick took 7ms
2026-01-09 01:19:37.874 -06:00 [WRN] [LAG SPOKE] HonestWork TownJobBehavior.OnHourlyTick took 7ms
2026-01-09 01:19:38.767 -06:00 [WRN] [LAG SPOKE] HonestWork TownJobBehavior.OnHourlyTick took 7ms
2026-01-09 01:19:50.669 -06:00 [WRN] [LAG SPOKE] HonestWork TownJobBehavior.OnHourlyTick took 8ms
2026-01-09 01:19:51.542 -06:00 [WRN] [LAG SPOKE] HonestWork TownJobBehavior.OnHourlyTick took 8ms
2026-01-09 01:19:52.375 -06:00 [WRN] [LAG SPOKE] HonestWork TownJobBehavior.OnHourlyTick took 8ms
2026-01-09 01:19:53.173 -06:00 [WRN] [LAG SPOKE] HonestWork TownJobBehavior.OnHourlyTick took 7ms
2026-01-09 01:19:54.023 -06:00 [WRN] [LAG SPOKE] HonestWork TownJobBehavior.OnHourlyTick took 8ms
2026-01-09 01:20:02.903 -06:00 [WRN] [LAG SPOKE] HonestWork TownJobBehavior.OnHourlyTick took 15ms
2026-01-09 01:20:04.552 -06:00 [WRN] [LAG SPOKE] HonestWork TownJobBehavior.OnHourlyTick took 6ms
2026-01-09 01:20:05.416 -06:00 [WRN] [LAG SPOKE] HonestWork TownJobBehavior.OnHourlyTick took 8ms
2026-01-09 01:20:06.241 -06:00 [WRN] [LAG SPOKE] HonestWork TownJobBehavior.OnHourlyTick took 8ms
2026-01-09 01:20:07.054 -06:00 [WRN] [LAG SPOKE] HonestWork TownJobBehavior.OnHourlyTick took 9ms
2026-01-09 01:20:07.892 -06:00 [WRN] [LAG SPOKE] HonestWork TownJobBehavior.OnHourlyTick took 9ms
2026-01-09 01:20:08.742 -06:00 [WRN] [LAG SPOKE] HonestWork TownJobBehavior.OnHourlyTick took 8ms
2026-01-09 01:20:10.395 -06:00 [WRN] [LAG SPOKE] HonestWork TownJobBehavior.OnHourlyTick took 7ms
2026-01-09 01:20:11.230 -06:00 [WRN] [LAG SPOKE] HonestWork TownJobBehavior.OnHourlyTick took 8ms
2026-01-09 01:20:12.077 -06:00 [WRN] [LAG SPOKE] HonestWork TownJobBehavior.OnHourlyTick took 10ms
2026-01-09 01:20:12.902 -06:00 [WRN] [LAG SPOKE] HonestWork TownJobBehavior.OnHourlyTick took 7ms
2026-01-09 01:20:13.747 -06:00 [WRN] [LAG SPOKE] HonestWork TownJobBehavior.OnHourlyTick took 9ms
2026-01-09 01:20:14.550 -06:00 [WRN] [LAG SPOKE] HonestWork TownJobBehavior.OnHourlyTick took 8ms
2026-01-09 01:20:15.393 -06:00 [WRN] [LAG SPOKE] HonestWork TownJobBehavior.OnHourlyTick took 7ms
2026-01-09 01:20:16.248 -06:00 [WRN] [LAG SPOKE] HonestWork TownJobBehavior.OnHourlyTick took 7ms
2026-01-09 01:20:17.081 -06:00 [WRN] [LAG SPOKE] HonestWork TownJobBehavior.OnHourlyTick took 9ms
2026-01-09 01:20:17.888 -06:00 [WRN] [LAG SPOKE] HonestWork TownJobBehavior.OnHourlyTick took 9ms
2026-01-09 01:20:18.758 -06:00 [WRN] [LAG SPOKE] HonestWork TownJobBehavior.OnHourlyTick took 10ms
2026-01-09 01:20:19.559 -06:00 [WRN] [LAG SPOKE] HonestWork TownJobBehavior.OnHourlyTick took 6ms
2026-01-09 01:20:20.405 -06:00 [WRN] [LAG SPOKE] HonestWork TownJobBehavior.OnHourlyTick took 7ms
2026-01-09 01:20:21.233 -06:00 [WRN] [LAG SPOKE] HonestWork TownJobBehavior.OnHourlyTick took 8ms
2026-01-09 01:20:22.918 -06:00 [WRN] [LAG SPOKE] HonestWork TownJobBehavior.OnHourlyTick took 8ms
2026-01-09 01:20:23.757 -06:00 [WRN] [LAG SPOKE] HonestWork TownJobBehavior.OnHourlyTick took 10ms
2026-01-09 01:20:24.548 -06:00 [WRN] [LAG SPOKE] HonestWork TownJobBehavior.OnHourlyTick took 6ms
2026-01-09 01:20:25.424 -06:00 [WRN] [LAG SPOKE] HonestWork TownJobBehavior.OnHourlyTick took 7ms
2026-01-09 01:20:26.266 -06:00 [WRN] [LAG SPOKE] HonestWork TownJobBehavior.OnHourlyTick took 8ms
2026-01-09 01:20:27.102 -06:00 [WRN] [LAG SPOKE] HonestWork TownJobBehavior.OnHourlyTick took 6ms
2026-01-09 01:20:27.902 -06:00 [WRN] [LAG SPOKE] HonestWork TownJobBehavior.OnHourlyTick took 11ms
2026-01-09 01:20:28.735 -06:00 [WRN] [LAG SPOKE] HonestWork TownJobBehavior.OnHourlyTick took 7ms
2026-01-09 01:20:29.570 -06:00 [WRN] [LAG SPOKE] HonestWork TownJobBehavior.OnHourlyTick took 7ms
2026-01-09 01:20:31.238 -06:00 [WRN] [LAG SPOKE] HonestWork TownJobBehavior.OnHourlyTick took 7ms
2026-01-09 01:20:32.062 -06:00 [WRN] [LAG SPOKE] HonestWork TownJobBehavior.OnHourlyTick took 9ms
2026-01-09 01:20:32.888 -06:00 [WRN] [LAG SPOKE] HonestWork TownJobBehavior.OnHourlyTick took 8ms
2026-01-09 01:20:33.761 -06:00 [WRN] [LAG SPOKE] HonestWork TownJobBehavior.OnHourlyTick took 10ms
2026-01-09 01:20:34.586 -06:00 [WRN] [LAG SPOKE] HonestWork TownJobBehavior.OnHourlyTick took 8ms
2026-01-09 01:20:35.411 -06:00 [WRN] [LAG SPOKE] HonestWork TownJobBehavior.OnHourlyTick took 9ms
2026-01-09 01:20:36.239 -06:00 [WRN] [LAG SPOKE] HonestWork TownJobBehavior.OnHourlyTick took 9ms
2026-01-09 01:20:37.063 -06:00 [WRN] [LAG SPOKE] HonestWork TownJobBehavior.OnHourlyTick took 8ms
2026-01-09 01:20:37.911 -06:00 [WRN] [LAG SPOKE] HonestWork TownJobBehavior.OnHourlyTick took 9ms
2026-01-09 01:20:38.741 -06:00 [WRN] [LAG SPOKE] HonestWork TownJobBehavior.OnHourlyTick took 8ms
2026-01-09 01:20:39.585 -06:00 [WRN] [LAG SPOKE] HonestWork TownJobBehavior.OnHourlyTick took 7ms
2026-01-09 01:20:40.459 -06:00 [WRN] [LAG SPOKE] HonestWork TownJobBehavior.OnHourlyTick took 6ms
2026-01-09 01:20:41.251 -06:00 [WRN] [LAG SPOKE] HonestWork TownJobBehavior.OnHourlyTick took 7ms
2026-01-09 01:20:42.113 -06:00 [WRN] [LAG SPOKE] HonestWork TownJobBehavior.OnHourlyTick took 6ms
2026-01-09 01:20:42.925 -06:00 [WRN] [LAG SPOKE] HonestWork TownJobBehavior.OnHourlyTick took 8ms
2026-01-09 01:20:43.804 -06:00 [WRN] [LAG SPOKE] HonestWork TownJobBehavior.OnHourlyTick took 10ms
2026-01-09 01:20:44.638 -06:00 [WRN] [LAG SPOKE] HonestWork TownJobBehavior.OnHourlyTick took 6ms
2026-01-09 01:20:46.284 -06:00 [WRN] [LAG SPOKE] HonestWork TownJobBehavior.OnHourlyTick took 6ms
2026-01-09 01:20:47.105 -06:00 [WRN] [LAG SPOKE] HonestWork TownJobBehavior.OnHourlyTick took 8ms
2026-01-09 01:20:47.922 -06:00 [WRN] [LAG SPOKE] HonestWork TownJobBehavior.OnHourlyTick took 9ms
2026-01-09 01:21:00.692 -06:00 [WRN] [LAG SPOKE] HonestWork TownJobBehavior.OnHourlyTick took 6ms
2026-01-09 01:21:01.533 -06:00 [WRN] [LAG SPOKE] HonestWork TownJobBehavior.OnHourlyTick took 6ms
2026-01-09 01:22:41.766 -06:00 [WRN] [LAG SPOKE] HonestWork TownJobBehavior.OnHourlyTick took 6ms
2026-01-09 01:22:42.649 -06:00 [WRN] [LAG SPOKE] HonestWork TownJobBehavior.OnHourlyTick took 8ms
2026-01-09 01:22:43.477 -06:00 [WRN] [LAG SPOKE] HonestWork TownJobBehavior.OnHourlyTick took 6ms
2026-01-09 01:22:44.322 -06:00 [WRN] [LAG SPOKE] HonestWork TownJobBehavior.OnHourlyTick took 10ms
2026-01-09 01:22:45.991 -06:00 [WRN] [LAG SPOKE] HonestWork TownJobBehavior.OnHourlyTick took 9ms
2026-01-09 01:22:46.823 -06:00 [WRN] [LAG SPOKE] HonestWork TownJobBehavior.OnHourlyTick took 11ms
2026-01-09 01:22:47.640 -06:00 [WRN] [LAG SPOKE] HonestWork TownJobBehavior.OnHourlyTick took 6ms
2026-01-09 01:22:48.494 -06:00 [WRN] [LAG SPOKE] HonestWork TownJobBehavior.OnHourlyTick took 7ms
2026-01-09 01:22:49.335 -06:00 [WRN] [LAG SPOKE] HonestWork TownJobBehavior.OnHourlyTick took 10ms
2026-01-09 01:22:50.213 -06:00 [WRN] [LAG SPOKE] HonestWork TownJobBehavior.OnHourlyTick took 8ms
2026-01-09 01:22:51.048 -06:00 [WRN] [LAG SPOKE] HonestWork TownJobBehavior.OnHourlyTick took 9ms
2026-01-09 01:22:52.647 -06:00 [WRN] [LAG SPOKE] HonestWork TownJobBehavior.OnHourlyTick took 7ms
2026-01-09 01:22:54.340 -06:00 [WRN] [LAG SPOKE] HonestWork TownJobBehavior.OnHourlyTick took 9ms
2026-01-09 01:22:55.139 -06:00 [WRN] [LAG SPOKE] HonestWork TownJobBehavior.OnHourlyTick took 7ms
2026-01-09 01:22:56.025 -06:00 [WRN] [LAG SPOKE] HonestWork TownJobBehavior.OnHourlyTick took 7ms
2026-01-09 01:22:56.835 -06:00 [WRN] [LAG SPOKE] HonestWork TownJobBehavior.OnHourlyTick took 10ms
2026-01-09 01:22:57.637 -06:00 [WRN] [LAG SPOKE] HonestWork TownJobBehavior.OnHourlyTick took 6ms
2026-01-09 01:22:58.488 -06:00 [WRN] [LAG SPOKE] HonestWork TownJobBehavior.OnHourlyTick took 10ms
2026-01-09 01:22:59.333 -06:00 [WRN] [LAG SPOKE] HonestWork TownJobBehavior.OnHourlyTick took 8ms
2026-01-09 01:23:00.178 -06:00 [WRN] [LAG SPOKE] HonestWork TownJobBehavior.OnHourlyTick took 6ms
2026-01-09 01:23:00.990 -06:00 [WRN] [LAG SPOKE] HonestWork TownJobBehavior.OnHourlyTick took 6ms
2026-01-09 01:23:01.812 -06:00 [WRN] [LAG SPOKE] HonestWork TownJobBehavior.OnHourlyTick took 6ms
2026-01-09 01:23:02.662 -06:00 [WRN] [LAG SPOKE] HonestWork TownJobBehavior.OnHourlyTick took 7ms
2026-01-09 01:23:03.476 -06:00 [WRN] [LAG SPOKE] HonestWork TownJobBehavior.OnHourlyTick took 7ms
2026-01-09 01:23:04.339 -06:00 [WRN] [LAG SPOKE] HonestWork TownJobBehavior.OnHourlyTick took 7ms
2026-01-09 01:23:05.165 -06:00 [WRN] [LAG SPOKE] HonestWork TownJobBehavior.OnHourlyTick took 8ms
2026-01-09 01:23:06.827 -06:00 [WRN] [LAG SPOKE] HonestWork TownJobBehavior.OnHourlyTick took 7ms
2026-01-09 01:23:07.639 -06:00 [WRN] [LAG SPOKE] HonestWork TownJobBehavior.OnHourlyTick took 8ms
2026-01-09 01:23:08.494 -06:00 [WRN] [LAG SPOKE] HonestWork TownJobBehavior.OnHourlyTick took 7ms
2026-01-09 01:23:09.348 -06:00 [WRN] [LAG SPOKE] HonestWork TownJobBehavior.OnHourlyTick took 11ms
2026-01-09 01:23:10.155 -06:00 [WRN] [LAG SPOKE] HonestWork TownJobBehavior.OnHourlyTick took 7ms
2026-01-09 01:23:11.005 -06:00 [WRN] [LAG SPOKE] HonestWork TownJobBehavior.OnHourlyTick took 7ms
2026-01-09 01:23:11.811 -06:00 [WRN] [LAG SPOKE] HonestWork TownJobBehavior.OnHourlyTick took 6ms
2026-01-09 01:23:12.662 -06:00 [WRN] [LAG SPOKE] HonestWork TownJobBehavior.OnHourlyTick took 6ms
2026-01-09 01:23:14.320 -06:00 [WRN] [LAG SPOKE] HonestWork TownJobBehavior.OnHourlyTick took 8ms
2026-01-09 01:23:15.980 -06:00 [WRN] [LAG SPOKE] HonestWork TownJobBehavior.OnHourlyTick took 6ms
2026-01-09 01:23:16.842 -06:00 [WRN] [LAG SPOKE] HonestWork TownJobBehavior.OnHourlyTick took 10ms
2026-01-09 01:23:17.653 -06:00 [WRN] [LAG SPOKE] HonestWork TownJobBehavior.OnHourlyTick took 7ms
2026-01-09 01:23:18.517 -06:00 [WRN] [LAG SPOKE] HonestWork TownJobBehavior.OnHourlyTick took 9ms
2026-01-09 01:23:19.308 -06:00 [WRN] [LAG SPOKE] HonestWork TownJobBehavior.OnHourlyTick took 9ms
2026-01-09 01:23:20.179 -06:00 [WRN] [LAG SPOKE] HonestWork TownJobBehavior.OnHourlyTick took 10ms
2026-01-09 01:23:20.986 -06:00 [WRN] [LAG SPOKE] HonestWork TownJobBehavior.OnHourlyTick took 7ms
2026-01-09 01:23:21.809 -06:00 [WRN] [LAG SPOKE] HonestWork TownJobBehavior.OnHourlyTick took 6ms
2026-01-09 01:23:22.648 -06:00 [WRN] [LAG SPOKE] HonestWork TownJobBehavior.OnHourlyTick took 9ms
2026-01-09 01:23:23.478 -06:00 [WRN] [LAG SPOKE] HonestWork TownJobBehavior.OnHourlyTick took 7ms
2026-01-09 01:23:24.348 -06:00 [WRN] [LAG SPOKE] HonestWork TownJobBehavior.OnHourlyTick took 10ms
2026-01-09 01:23:25.171 -06:00 [WRN] [LAG SPOKE] HonestWork TownJobBehavior.OnHourlyTick took 6ms
2026-01-09 01:23:26.001 -06:00 [WRN] [LAG SPOKE] HonestWork TownJobBehavior.OnHourlyTick took 9ms
2026-01-09 01:23:26.831 -06:00 [WRN] [LAG SPOKE] HonestWork TownJobBehavior.OnHourlyTick took 6ms
2026-01-09 01:23:27.660 -06:00 [WRN] [LAG SPOKE] HonestWork TownJobBehavior.OnHourlyTick took 11ms
2026-01-09 01:23:29.339 -06:00 [WRN] [LAG SPOKE] HonestWork TownJobBehavior.OnHourlyTick took 12ms
2026-01-09 01:23:30.173 -06:00 [WRN] [LAG SPOKE] HonestWork TownJobBehavior.OnHourlyTick took 6ms
2026-01-09 01:23:31.840 -06:00 [WRN] [LAG SPOKE] HonestWork TownJobBehavior.OnHourlyTick took 9ms
2026-01-09 01:23:32.666 -06:00 [WRN] [LAG SPOKE] HonestWork TownJobBehavior.OnHourlyTick took 6ms
2026-01-09 01:23:34.349 -06:00 [WRN] [LAG SPOKE] HonestWork TownJobBehavior.OnHourlyTick took 10ms
2026-01-09 01:23:35.167 -06:00 [WRN] [LAG SPOKE] HonestWork TownJobBehavior.OnHourlyTick took 8ms
2026-01-09 01:23:35.985 -06:00 [WRN] [LAG SPOKE] HonestWork TownJobBehavior.OnHourlyTick took 8ms
2026-01-09 01:23:36.836 -06:00 [WRN] [LAG SPOKE] HonestWork TownJobBehavior.OnHourlyTick took 7ms
2026-01-09 01:23:58.832 -06:00 [WRN] [LAG SPOKE] HonestWork TownJobBehavior.OnHourlyTick took 27ms
2026-01-09 01:23:59.644 -06:00 [WRN] [LAG SPOKE] HonestWork TownJobBehavior.OnHourlyTick took 7ms
2026-01-09 01:24:00.481 -06:00 [WRN] [LAG SPOKE] HonestWork TownJobBehavior.OnHourlyTick took 10ms
2026-01-09 01:24:02.984 -06:00 [WRN] [LAG SPOKE] HonestWork TownJobBehavior.OnHourlyTick took 8ms
2026-01-09 01:24:04.623 -06:00 [WRN] [LAG SPOKE] HonestWork TownJobBehavior.OnHourlyTick took 10ms
2026-01-09 01:24:05.504 -06:00 [WRN] [LAG SPOKE] HonestWork TownJobBehavior.OnHourlyTick took 12ms
2026-01-09 01:24:33.326 -06:00 [WRN] [LAG SPOKE] HonestWork TownJobBehavior.OnHourlyTick took 6ms
2026-01-09 01:24:34.128 -06:00 [WRN] [LAG SPOKE] HonestWork TownJobBehavior.OnHourlyTick took 9ms
2026-01-09 01:24:34.999 -06:00 [WRN] [LAG SPOKE] HonestWork TownJobBehavior.OnHourlyTick took 10ms
2026-01-09 01:24:35.815 -06:00 [WRN] [LAG SPOKE] HonestWork TownJobBehavior.OnHourlyTick took 6ms
2026-01-09 01:24:36.663 -06:00 [WRN] [LAG SPOKE] HonestWork TownJobBehavior.OnHourlyTick took 13ms
2026-01-09 01:24:37.497 -06:00 [WRN] [LAG SPOKE] HonestWork TownJobBehavior.OnHourlyTick took 7ms
2026-01-09 01:24:38.327 -06:00 [WRN] [LAG SPOKE] HonestWork TownJobBehavior.OnHourlyTick took 9ms
2026-01-09 01:24:40.037 -06:00 [WRN] [LAG SPOKE] HonestWork TownJobBehavior.OnHourlyTick took 9ms
2026-01-09 01:24:41.704 -06:00 [WRN] [LAG SPOKE] HonestWork TownJobBehavior.OnHourlyTick took 8ms
2026-01-09 01:24:42.526 -06:00 [WRN] [LAG SPOKE] HonestWork TownJobBehavior.OnHourlyTick took 7ms
2026-01-09 01:24:43.384 -06:00 [WRN] [LAG SPOKE] HonestWork TownJobBehavior.OnHourlyTick took 8ms
2026-01-09 01:24:44.208 -06:00 [WRN] [LAG SPOKE] HonestWork TownJobBehavior.OnHourlyTick took 6ms
2026-01-09 01:24:45.047 -06:00 [WRN] [LAG SPOKE] HonestWork TownJobBehavior.OnHourlyTick took 10ms
2026-01-09 01:24:45.882 -06:00 [WRN] [LAG SPOKE] HonestWork TownJobBehavior.OnHourlyTick took 7ms
2026-01-09 01:24:46.696 -06:00 [WRN] [LAG SPOKE] HonestWork TownJobBehavior.OnHourlyTick took 11ms
2026-01-09 01:24:47.554 -06:00 [WRN] [LAG SPOKE] HonestWork TownJobBehavior.OnHourlyTick took 6ms
2026-01-09 01:24:48.374 -06:00 [WRN] [LAG SPOKE] HonestWork TownJobBehavior.OnHourlyTick took 9ms
2026-01-09 01:24:50.058 -06:00 [WRN] [LAG SPOKE] HonestWork TownJobBehavior.OnHourlyTick took 6ms
2026-01-09 01:24:50.892 -06:00 [WRN] [LAG SPOKE] HonestWork TownJobBehavior.OnHourlyTick took 8ms
2026-01-09 01:24:51.751 -06:00 [WRN] [LAG SPOKE] HonestWork TownJobBehavior.OnHourlyTick took 6ms
2026-01-09 01:25:02.710 -06:00 [WRN] [LAG SPOKE] HonestWork TownJobBehavior.OnHourlyTick took 9ms
2026-01-09 01:25:03.569 -06:00 [WRN] [LAG SPOKE] HonestWork TownJobBehavior.OnHourlyTick took 6ms
2026-01-09 01:25:05.253 -06:00 [WRN] [LAG SPOKE] HonestWork TownJobBehavior.OnHourlyTick took 9ms
2026-01-09 01:25:06.031 -06:00 [WRN] [LAG SPOKE] HonestWork TownJobBehavior.OnHourlyTick took 10ms
2026-01-09 01:25:06.887 -06:00 [WRN] [LAG SPOKE] HonestWork TownJobBehavior.OnHourlyTick took 10ms
2026-01-09 01:27:03.806 -06:00 [WRN] [LAG SPOKE] HonestWork TownJobBehavior.OnHourlyTick took 6ms
2026-01-09 01:27:05.479 -06:00 [WRN] [LAG SPOKE] HonestWork TownJobBehavior.OnHourlyTick took 8ms
2026-01-09 01:27:06.302 -06:00 [WRN] [LAG SPOKE] HonestWork TownJobBehavior.OnHourlyTick took 6ms
2026-01-09 01:27:07.151 -06:00 [WRN] [LAG SPOKE] HonestWork TownJobBehavior.OnHourlyTick took 6ms
2026-01-09 01:27:08.039 -06:00 [WRN] [LAG SPOKE] HonestWork TownJobBehavior.OnHourlyTick took 10ms
2026-01-09 01:27:08.836 -06:00 [WRN] [LAG SPOKE] HonestWork TownJobBehavior.OnHourlyTick took 11ms
2026-01-09 01:27:09.649 -06:00 [WRN] [LAG SPOKE] HonestWork TownJobBehavior.OnHourlyTick took 9ms
2026-01-09 01:27:10.454 -06:00 [WRN] [LAG SPOKE] HonestWork TownJobBehavior.OnHourlyTick took 6ms
2026-01-09 01:27:11.309 -06:00 [WRN] [LAG SPOKE] HonestWork TownJobBehavior.OnHourlyTick took 6ms
2026-01-09 01:27:12.157 -06:00 [WRN] [LAG SPOKE] HonestWork TownJobBehavior.OnHourlyTick took 7ms
2026-01-09 01:27:12.962 -06:00 [WRN] [LAG SPOKE] HonestWork TownJobBehavior.OnHourlyTick took 10ms
2026-01-09 01:27:13.801 -06:00 [WRN] [LAG SPOKE] HonestWork TownJobBehavior.OnHourlyTick took 6ms
2026-01-09 01:27:14.650 -06:00 [WRN] [LAG SPOKE] HonestWork TownJobBehavior.OnHourlyTick took 7ms
2026-01-09 01:27:16.319 -06:00 [WRN] [LAG SPOKE] HonestWork TownJobBehavior.OnHourlyTick took 6ms
2026-01-09 01:27:17.153 -06:00 [WRN] [LAG SPOKE] HonestWork TownJobBehavior.OnHourlyTick took 12ms
2026-01-09 01:27:17.985 -06:00 [WRN] [LAG SPOKE] HonestWork TownJobBehavior.OnHourlyTick took 8ms
2026-01-09 01:27:18.828 -06:00 [WRN] [LAG SPOKE] HonestWork TownJobBehavior.OnHourlyTick took 10ms
2026-01-09 01:27:19.626 -06:00 [WRN] [LAG SPOKE] HonestWork TownJobBehavior.OnHourlyTick took 8ms
2026-01-09 01:27:20.471 -06:00 [WRN] [LAG SPOKE] HonestWork TownJobBehavior.OnHourlyTick took 11ms
2026-01-09 01:27:21.309 -06:00 [WRN] [LAG SPOKE] HonestWork TownJobBehavior.OnHourlyTick took 7ms
2026-01-09 01:27:22.154 -06:00 [WRN] [LAG SPOKE] HonestWork TownJobBehavior.OnHourlyTick took 11ms
2026-01-09 01:27:22.981 -06:00 [WRN] [LAG SPOKE] HonestWork TownJobBehavior.OnHourlyTick took 9ms
2026-01-09 01:27:23.799 -06:00 [WRN] [LAG SPOKE] HonestWork TownJobBehavior.OnHourlyTick took 11ms
2026-01-09 01:27:24.649 -06:00 [WRN] [LAG SPOKE] HonestWork TownJobBehavior.OnHourlyTick took 7ms
2026-01-09 01:27:25.468 -06:00 [WRN] [LAG SPOKE] HonestWork TownJobBehavior.OnHourlyTick took 7ms
2026-01-09 01:27:26.321 -06:00 [WRN] [LAG SPOKE] HonestWork TownJobBehavior.OnHourlyTick took 16ms
2026-01-09 01:27:27.998 -06:00 [WRN] [LAG SPOKE] HonestWork TownJobBehavior.OnHourlyTick took 7ms
2026-01-09 01:27:28.828 -06:00 [WRN] [LAG SPOKE] HonestWork TownJobBehavior.OnHourlyTick took 8ms
2026-01-09 01:27:29.651 -06:00 [WRN] [LAG SPOKE] HonestWork TownJobBehavior.OnHourlyTick took 7ms
2026-01-09 01:27:30.497 -06:00 [WRN] [LAG SPOKE] HonestWork TownJobBehavior.OnHourlyTick took 11ms
2026-01-09 01:27:31.301 -06:00 [WRN] [LAG SPOKE] HonestWork TownJobBehavior.OnHourlyTick took 7ms
2026-01-09 01:27:32.152 -06:00 [WRN] [LAG SPOKE] HonestWork TownJobBehavior.OnHourlyTick took 10ms
2026-01-09 01:27:32.979 -06:00 [WRN] [LAG SPOKE] HonestWork TownJobBehavior.OnHourlyTick took 7ms
2026-01-09 01:27:41.937 -06:00 [WRN] [LAG SPOKE] HonestWork TownJobBehavior.OnHourlyTick took 6ms
2026-01-09 01:27:42.695 -06:00 [WRN] [LAG SPOKE] HonestWork TownJobBehavior.OnHourlyTick took 7ms
2026-01-09 01:27:43.542 -06:00 [WRN] [LAG SPOKE] HonestWork TownJobBehavior.OnHourlyTick took 7ms
2026-01-09 01:27:45.203 -06:00 [WRN] [LAG SPOKE] HonestWork TownJobBehavior.OnHourlyTick took 7ms
2026-01-09 01:27:46.072 -06:00 [WRN] [LAG SPOKE] HonestWork TownJobBehavior.OnHourlyTick took 8ms
2026-01-09 01:27:49.823 -06:00 [WRN] [LAG SPOKE] HonestWork TownJobBehavior.OnHourlyTick took 10ms
2026-01-09 01:27:50.714 -06:00 [WRN] [LAG SPOKE] HonestWork TownJobBehavior.OnHourlyTick took 7ms
2026-01-09 01:27:51.553 -06:00 [WRN] [LAG SPOKE] HonestWork TownJobBehavior.OnHourlyTick took 10ms
2026-01-09 01:27:52.399 -06:00 [WRN] [LAG SPOKE] HonestWork TownJobBehavior.OnHourlyTick took 10ms
2026-01-09 01:27:54.091 -06:00 [WRN] [LAG SPOKE] HonestWork TownJobBehavior.OnHourlyTick took 10ms
2026-01-09 01:27:57.010 -06:00 [WRN] [LAG SPOKE] HonestWork TownJobBehavior.OnHourlyTick took 8ms
2026-01-09 01:27:57.866 -06:00 [WRN] [LAG SPOKE] HonestWork TownJobBehavior.OnHourlyTick took 8ms
2026-01-09 01:27:58.680 -06:00 [WRN] [LAG SPOKE] HonestWork TownJobBehavior.OnHourlyTick took 8ms
2026-01-09 01:27:59.538 -06:00 [WRN] [LAG SPOKE] HonestWork TownJobBehavior.OnHourlyTick took 6ms
2026-01-09 01:28:01.204 -06:00 [WRN] [LAG SPOKE] HonestWork TownJobBehavior.OnHourlyTick took 12ms
2026-01-09 01:28:02.008 -06:00 [WRN] [LAG SPOKE] HonestWork TownJobBehavior.OnHourlyTick took 9ms
2026-01-09 01:28:02.855 -06:00 [WRN] [LAG SPOKE] HonestWork TownJobBehavior.OnHourlyTick took 7ms
2026-01-09 01:28:03.677 -06:00 [WRN] [LAG SPOKE] HonestWork TownJobBehavior.OnHourlyTick took 11ms
2026-01-09 01:28:04.538 -06:00 [WRN] [LAG SPOKE] HonestWork TownJobBehavior.OnHourlyTick took 7ms
2026-01-09 01:28:05.372 -06:00 [WRN] [LAG SPOKE] HonestWork TownJobBehavior.OnHourlyTick took 10ms
2026-01-09 01:28:06.190 -06:00 [WRN] [LAG SPOKE] HonestWork TownJobBehavior.OnHourlyTick took 10ms
2026-01-09 01:28:07.861 -06:00 [WRN] [LAG SPOKE] HonestWork TownJobBehavior.OnHourlyTick took 6ms
2026-01-09 01:28:08.689 -06:00 [WRN] [LAG SPOKE] HonestWork TownJobBehavior.OnHourlyTick took 7ms
2026-01-09 01:28:18.464 -06:00 [WRN] [LAG SPOKE] HonestWork TownJobBehavior.OnHourlyTick took 8ms
2026-01-09 01:28:20.131 -06:00 [WRN] [LAG SPOKE] HonestWork TownJobBehavior.OnHourlyTick took 7ms
2026-01-09 01:28:20.927 -06:00 [WRN] [LAG SPOKE] HonestWork TownJobBehavior.OnHourlyTick took 8ms
2026-01-09 01:28:21.793 -06:00 [WRN] [LAG SPOKE] HonestWork TownJobBehavior.OnHourlyTick took 9ms
2026-01-09 01:28:22.630 -06:00 [WRN] [LAG SPOKE] HonestWork TownJobBehavior.OnHourlyTick took 6ms
2026-01-09 01:28:22.748 -06:00 [INF] Player finished 6-hour shift as thug.
2026-01-09 01:28:23.462 -06:00 [WRN] [LAG SPOKE] HonestWork TownJobBehavior.OnHourlyTick took 6ms
2026-01-09 01:28:24.270 -06:00 [WRN] [LAG SPOKE] HonestWork TownJobBehavior.OnHourlyTick took 11ms
2026-01-09 01:28:25.103 -06:00 [WRN] [LAG SPOKE] HonestWork TownJobBehavior.OnHourlyTick took 8ms
2026-01-09 01:28:26.768 -06:00 [WRN] [LAG SPOKE] HonestWork TownJobBehavior.OnHourlyTick took 7ms
2026-01-09 01:28:27.838 -06:00 [INF] Player finished 6-hour shift as thug.
2026-01-09 01:28:29.337 -06:00 [WRN] [LAG SPOKE] HonestWork TownJobBehavior.OnHourlyTick took 8ms
2026-01-09 01:28:30.133 -06:00 [WRN] [LAG SPOKE] HonestWork TownJobBehavior.OnHourlyTick took 10ms
2026-01-09 01:28:30.960 -06:00 [WRN] [LAG SPOKE] HonestWork TownJobBehavior.OnHourlyTick took 10ms
2026-01-09 01:28:31.790 -06:00 [WRN] [LAG SPOKE] HonestWork TownJobBehavior.OnHourlyTick took 6ms
2026-01-09 01:28:32.617 -06:00 [WRN] [LAG SPOKE] HonestWork TownJobBehavior.OnHourlyTick took 8ms
2026-01-09 01:28:32.821 -06:00 [INF] Player finished 6-hour shift as thug.
2026-01-09 01:28:33.444 -06:00 [WRN] [LAG SPOKE] HonestWork TownJobBehavior.OnHourlyTick took 6ms
2026-01-09 01:28:34.280 -06:00 [WRN] [LAG SPOKE] HonestWork TownJobBehavior.OnHourlyTick took 10ms
2026-01-09 01:28:35.098 -06:00 [WRN] [LAG SPOKE] HonestWork TownJobBehavior.OnHourlyTick took 9ms
2026-01-09 01:28:35.956 -06:00 [WRN] [LAG SPOKE] HonestWork TownJobBehavior.OnHourlyTick took 7ms
2026-01-09 01:28:36.773 -06:00 [WRN] [LAG SPOKE] HonestWork TownJobBehavior.OnHourlyTick took 6ms
2026-01-09 01:28:37.640 -06:00 [WRN] [LAG SPOKE] HonestWork TownJobBehavior.OnHourlyTick took 9ms
2026-01-09 01:28:37.848 -06:00 [INF] Player finished 6-hour shift as thug.
2026-01-09 01:28:38.433 -06:00 [WRN] [LAG SPOKE] HonestWork TownJobBehavior.OnHourlyTick took 6ms
2026-01-09 01:28:39.279 -06:00 [WRN] [LAG SPOKE] HonestWork TownJobBehavior.OnHourlyTick took 7ms
2026-01-09 01:28:40.137 -06:00 [WRN] [LAG SPOKE] HonestWork TownJobBehavior.OnHourlyTick took 12ms
2026-01-09 01:28:40.958 -06:00 [WRN] [LAG SPOKE] HonestWork TownJobBehavior.OnHourlyTick took 10ms
2026-01-09 01:28:41.805 -06:00 [WRN] [LAG SPOKE] HonestWork TownJobBehavior.OnHourlyTick took 8ms
2026-01-09 01:28:42.616 -06:00 [WRN] [LAG SPOKE] HonestWork TownJobBehavior.OnHourlyTick took 10ms
2026-01-09 01:28:42.876 -06:00 [INF] Player finished 6-hour shift as thug.
2026-01-09 01:28:43.469 -06:00 [WRN] [LAG SPOKE] HonestWork TownJobBehavior.OnHourlyTick took 6ms
2026-01-09 01:28:44.330 -06:00 [WRN] [LAG SPOKE] HonestWork TownJobBehavior.OnHourlyTick took 13ms
2026-01-09 01:28:45.143 -06:00 [WRN] [LAG SPOKE] HonestWork TownJobBehavior.OnHourlyTick took 9ms
2026-01-09 01:28:45.940 -06:00 [WRN] [LAG SPOKE] HonestWork TownJobBehavior.OnHourlyTick took 6ms
2026-01-09 01:28:46.806 -06:00 [WRN] [LAG SPOKE] HonestWork TownJobBehavior.OnHourlyTick took 7ms
2026-01-09 01:28:47.900 -06:00 [INF] Player finished 6-hour shift as thug.
2026-01-09 01:28:50.133 -06:00 [WRN] [LAG SPOKE] HonestWork TownJobBehavior.OnHourlyTick took 10ms
2026-01-09 01:28:50.957 -06:00 [WRN] [LAG SPOKE] HonestWork TownJobBehavior.OnHourlyTick took 7ms
2026-01-09 01:28:51.798 -06:00 [WRN] [LAG SPOKE] HonestWork TownJobBehavior.OnHourlyTick took 10ms
2026-01-09 01:28:52.649 -06:00 [WRN] [LAG SPOKE] HonestWork TownJobBehavior.OnHourlyTick took 7ms
2026-01-09 01:28:52.911 -06:00 [INF] Player finished 6-hour shift as thug.
2026-01-09 01:28:53.483 -06:00 [WRN] [LAG SPOKE] HonestWork TownJobBehavior.OnHourlyTick took 7ms
2026-01-09 01:28:54.311 -06:00 [WRN] [LAG SPOKE] HonestWork TownJobBehavior.OnHourlyTick took 6ms
2026-01-09 01:28:55.128 -06:00 [WRN] [LAG SPOKE] HonestWork TownJobBehavior.OnHourlyTick took 7ms
2026-01-09 01:30:49.107 -06:00 [WRN] [LAG SPOKE] HonestWork TownJobBehavior.OnHourlyTick took 10ms
2026-01-09 01:30:49.934 -06:00 [WRN] [LAG SPOKE] HonestWork TownJobBehavior.OnHourlyTick took 13ms
2026-01-09 01:30:50.750 -06:00 [WRN] [LAG SPOKE] HonestWork TownJobBehavior.OnHourlyTick took 10ms
2026-01-09 01:30:51.580 -06:00 [WRN] [LAG SPOKE] HonestWork TownJobBehavior.OnHourlyTick took 9ms
2026-01-09 01:30:52.405 -06:00 [WRN] [LAG SPOKE] HonestWork TownJobBehavior.OnHourlyTick took 8ms
2026-01-09 01:30:53.260 -06:00 [WRN] [LAG SPOKE] HonestWork TownJobBehavior.OnHourlyTick took 8ms
2026-01-09 01:30:54.021 -06:00 [INF] Player finished 6-hour shift as thug.
2026-01-09 01:30:54.083 -06:00 [WRN] [LAG SPOKE] HonestWork TownJobBehavior.OnHourlyTick took 9ms
2026-01-09 01:30:54.938 -06:00 [WRN] [LAG SPOKE] HonestWork TownJobBehavior.OnHourlyTick took 6ms
2026-01-09 01:30:55.787 -06:00 [WRN] [LAG SPOKE] HonestWork TownJobBehavior.OnHourlyTick took 9ms
2026-01-09 01:30:58.243 -06:00 [WRN] [LAG SPOKE] HonestWork TownJobBehavior.OnHourlyTick took 6ms
2026-01-09 01:30:59.050 -06:00 [INF] Player finished 6-hour shift as thug.
2026-01-09 01:30:59.939 -06:00 [WRN] [LAG SPOKE] HonestWork TownJobBehavior.OnHourlyTick took 10ms
2026-01-09 01:31:00.744 -06:00 [WRN] [LAG SPOKE] HonestWork TownJobBehavior.OnHourlyTick took 12ms
2026-01-09 01:31:01.601 -06:00 [WRN] [LAG SPOKE] HonestWork TownJobBehavior.OnHourlyTick took 8ms
2026-01-09 01:31:02.440 -06:00 [WRN] [LAG SPOKE] HonestWork TownJobBehavior.OnHourlyTick took 6ms
2026-01-09 01:31:03.267 -06:00 [WRN] [LAG SPOKE] HonestWork TownJobBehavior.OnHourlyTick took 9ms
2026-01-09 01:31:04.041 -06:00 [INF] Player finished 6-hour shift as thug.
2026-01-09 01:31:04.100 -06:00 [WRN] [LAG SPOKE] HonestWork TownJobBehavior.OnHourlyTick took 10ms
2026-01-09 01:31:04.929 -06:00 [WRN] [LAG SPOKE] HonestWork TownJobBehavior.OnHourlyTick took 8ms
2026-01-09 01:31:05.757 -06:00 [WRN] [LAG SPOKE] HonestWork TownJobBehavior.OnHourlyTick took 9ms
2026-01-09 01:31:06.591 -06:00 [WRN] [LAG SPOKE] HonestWork TownJobBehavior.OnHourlyTick took 9ms
2026-01-09 01:31:08.243 -06:00 [WRN] [LAG SPOKE] HonestWork TownJobBehavior.OnHourlyTick took 13ms
2026-01-09 01:31:09.086 -06:00 [INF] Player finished 6-hour shift as thug.
2026-01-09 01:31:09.104 -06:00 [WRN] [LAG SPOKE] HonestWork TownJobBehavior.OnHourlyTick took 9ms
2026-01-09 01:31:09.914 -06:00 [WRN] [LAG SPOKE] HonestWork TownJobBehavior.OnHourlyTick took 7ms
2026-01-09 01:31:10.740 -06:00 [WRN] [LAG SPOKE] HonestWork TownJobBehavior.OnHourlyTick took 7ms
2026-01-09 01:31:11.581 -06:00 [WRN] [LAG SPOKE] HonestWork TownJobBehavior.OnHourlyTick took 6ms
2026-01-09 01:31:12.423 -06:00 [WRN] [LAG SPOKE] HonestWork TownJobBehavior.OnHourlyTick took 6ms
2026-01-09 01:31:13.271 -06:00 [WRN] [LAG SPOKE] HonestWork TownJobBehavior.OnHourlyTick took 12ms
2026-01-09 01:31:14.088 -06:00 [INF] Player finished 6-hour shift as thug.
2026-01-09 01:31:14.105 -06:00 [WRN] [LAG SPOKE] HonestWork TownJobBehavior.OnHourlyTick took 9ms
2026-01-09 01:31:14.923 -06:00 [WRN] [LAG SPOKE] HonestWork TownJobBehavior.OnHourlyTick took 9ms
2026-01-09 01:31:15.755 -06:00 [WRN] [LAG SPOKE] HonestWork TownJobBehavior.OnHourlyTick took 8ms
2026-01-09 01:31:16.582 -06:00 [WRN] [LAG SPOKE] HonestWork TownJobBehavior.OnHourlyTick took 7ms
2026-01-09 01:31:17.408 -06:00 [WRN] [LAG SPOKE] HonestWork TownJobBehavior.OnHourlyTick took 6ms
2026-01-09 01:31:18.242 -06:00 [WRN] [LAG SPOKE] HonestWork TownJobBehavior.OnHourlyTick took 8ms
2026-01-09 01:31:19.072 -06:00 [WRN] [LAG SPOKE] HonestWork TownJobBehavior.OnHourlyTick took 6ms
2026-01-09 01:31:19.103 -06:00 [INF] Player finished 6-hour shift as thug.
2026-01-09 01:31:19.929 -06:00 [WRN] [LAG SPOKE] HonestWork TownJobBehavior.OnHourlyTick took 7ms
2026-01-09 01:31:20.743 -06:00 [WRN] [LAG SPOKE] HonestWork TownJobBehavior.OnHourlyTick took 8ms
2026-01-09 01:31:21.604 -06:00 [WRN] [LAG SPOKE] HonestWork TownJobBehavior.OnHourlyTick took 7ms
2026-01-09 01:31:23.232 -06:00 [WRN] [LAG SPOKE] HonestWork TownJobBehavior.OnHourlyTick took 7ms
2026-01-09 01:31:24.087 -06:00 [WRN] [LAG SPOKE] HonestWork TownJobBehavior.OnHourlyTick took 6ms
2026-01-09 01:31:24.122 -06:00 [INF] Player finished 6-hour shift as thug.
2026-01-09 01:31:24.912 -06:00 [WRN] [LAG SPOKE] HonestWork TownJobBehavior.OnHourlyTick took 10ms
2026-01-09 01:31:25.768 -06:00 [WRN] [LAG SPOKE] HonestWork TownJobBehavior.OnHourlyTick took 7ms
2026-01-09 01:31:26.587 -06:00 [WRN] [LAG SPOKE] HonestWork TownJobBehavior.OnHourlyTick took 7ms
2026-01-09 01:31:27.406 -06:00 [WRN] [LAG SPOKE] HonestWork TownJobBehavior.OnHourlyTick took 6ms
2026-01-09 01:31:28.229 -06:00 [WRN] [LAG SPOKE] HonestWork TownJobBehavior.OnHourlyTick took 7ms
2026-01-09 01:31:29.091 -06:00 [WRN] [LAG SPOKE] HonestWork TownJobBehavior.OnHourlyTick took 9ms
2026-01-09 01:31:29.122 -06:00 [INF] Player finished 6-hour shift as thug.
2026-01-09 01:31:29.902 -06:00 [WRN] [LAG SPOKE] HonestWork TownJobBehavior.OnHourlyTick took 8ms
2026-01-09 01:31:30.747 -06:00 [WRN] [LAG SPOKE] HonestWork TownJobBehavior.OnHourlyTick took 11ms
2026-01-09 01:31:31.572 -06:00 [WRN] [LAG SPOKE] HonestWork TownJobBehavior.OnHourlyTick took 6ms
2026-01-09 01:31:32.414 -06:00 [WRN] [LAG SPOKE] HonestWork TownJobBehavior.OnHourlyTick took 6ms
2026-01-09 01:31:33.238 -06:00 [WRN] [LAG SPOKE] HonestWork TownJobBehavior.OnHourlyTick took 10ms
2026-01-09 01:31:34.102 -06:00 [WRN] [LAG SPOKE] HonestWork TownJobBehavior.OnHourlyTick took 10ms
2026-01-09 01:31:34.130 -06:00 [INF] Player finished 6-hour shift as thug.
2026-01-09 01:31:34.919 -06:00 [WRN] [LAG SPOKE] HonestWork TownJobBehavior.OnHourlyTick took 10ms
2026-01-09 01:31:35.736 -06:00 [WRN] [LAG SPOKE] HonestWork TownJobBehavior.OnHourlyTick took 10ms
2026-01-09 01:31:36.593 -06:00 [WRN] [LAG SPOKE] HonestWork TownJobBehavior.OnHourlyTick took 7ms
2026-01-09 01:31:37.413 -06:00 [WRN] [LAG SPOKE] HonestWork TownJobBehavior.OnHourlyTick took 6ms
2026-01-09 01:31:38.244 -06:00 [WRN] [LAG SPOKE] HonestWork TownJobBehavior.OnHourlyTick took 9ms
2026-01-09 01:31:39.068 -06:00 [WRN] [LAG SPOKE] HonestWork TownJobBehavior.OnHourlyTick took 7ms
2026-01-09 01:31:39.146 -06:00 [INF] Player finished 6-hour shift as thug.
2026-01-09 01:31:39.921 -06:00 [WRN] [LAG SPOKE] HonestWork TownJobBehavior.OnHourlyTick took 6ms
2026-01-09 01:31:40.759 -06:00 [WRN] [LAG SPOKE] HonestWork TownJobBehavior.OnHourlyTick took 10ms
2026-01-09 01:31:41.592 -06:00 [WRN] [LAG SPOKE] HonestWork TownJobBehavior.OnHourlyTick took 8ms
2026-01-09 01:31:42.452 -06:00 [WRN] [LAG SPOKE] HonestWork TownJobBehavior.OnHourlyTick took 6ms
2026-01-09 01:31:43.259 -06:00 [WRN] [LAG SPOKE] HonestWork TownJobBehavior.OnHourlyTick took 8ms
2026-01-09 01:31:44.107 -06:00 [WRN] [LAG SPOKE] HonestWork TownJobBehavior.OnHourlyTick took 12ms
2026-01-09 01:31:44.179 -06:00 [INF] Player finished 6-hour shift as thug.
2026-01-09 01:31:44.914 -06:00 [WRN] [LAG SPOKE] HonestWork TownJobBehavior.OnHourlyTick took 9ms
2026-01-09 01:31:45.757 -06:00 [WRN] [LAG SPOKE] HonestWork TownJobBehavior.OnHourlyTick took 7ms
2026-01-09 01:31:47.428 -06:00 [WRN] [LAG SPOKE] HonestWork TownJobBehavior.OnHourlyTick took 7ms
2026-01-09 01:31:48.270 -06:00 [WRN] [LAG SPOKE] HonestWork TownJobBehavior.OnHourlyTick took 10ms
2026-01-09 01:31:49.107 -06:00 [WRN] [LAG SPOKE] HonestWork TownJobBehavior.OnHourlyTick took 6ms
2026-01-09 01:31:49.199 -06:00 [INF] Player finished 6-hour shift as thug.
2026-01-09 01:31:49.939 -06:00 [WRN] [LAG SPOKE] HonestWork TownJobBehavior.OnHourlyTick took 8ms
2026-01-09 01:31:50.742 -06:00 [WRN] [LAG SPOKE] HonestWork TownJobBehavior.OnHourlyTick took 6ms
2026-01-09 01:31:51.615 -06:00 [WRN] [LAG SPOKE] HonestWork TownJobBehavior.OnHourlyTick took 8ms
2026-01-09 01:31:53.258 -06:00 [WRN] [LAG SPOKE] HonestWork TownJobBehavior.OnHourlyTick took 8ms
2026-01-09 01:31:54.074 -06:00 [WRN] [LAG SPOKE] HonestWork TownJobBehavior.OnHourlyTick took 9ms
2026-01-09 01:31:54.211 -06:00 [INF] Player finished 6-hour shift as thug.
2026-01-09 01:31:55.732 -06:00 [WRN] [LAG SPOKE] HonestWork TownJobBehavior.OnHourlyTick took 7ms
2026-01-09 01:31:56.593 -06:00 [WRN] [LAG SPOKE] HonestWork TownJobBehavior.OnHourlyTick took 10ms
2026-01-09 01:31:57.440 -06:00 [WRN] [LAG SPOKE] HonestWork TownJobBehavior.OnHourlyTick took 6ms
2026-01-09 01:31:58.232 -06:00 [WRN] [LAG SPOKE] HonestWork TownJobBehavior.OnHourlyTick took 7ms
2026-01-09 01:31:59.082 -06:00 [WRN] [LAG SPOKE] HonestWork TownJobBehavior.OnHourlyTick took 11ms
2026-01-09 01:31:59.222 -06:00 [INF] Player finished 6-hour shift as thug.
2026-01-09 01:31:59.912 -06:00 [WRN] [LAG SPOKE] HonestWork TownJobBehavior.OnHourlyTick took 10ms
2026-01-09 01:32:00.750 -06:00 [WRN] [LAG SPOKE] HonestWork TownJobBehavior.OnHourlyTick took 8ms
2026-01-09 01:32:01.567 -06:00 [WRN] [LAG SPOKE] HonestWork TownJobBehavior.OnHourlyTick took 7ms
2026-01-09 01:32:02.464 -06:00 [WRN] [LAG SPOKE] HonestWork TownJobBehavior.OnHourlyTick took 6ms
2026-01-09 01:32:03.255 -06:00 [WRN] [LAG SPOKE] HonestWork TownJobBehavior.OnHourlyTick took 8ms
2026-01-09 01:32:04.087 -06:00 [WRN] [LAG SPOKE] HonestWork TownJobBehavior.OnHourlyTick took 10ms
2026-01-09 01:32:04.245 -06:00 [INF] Player finished 6-hour shift as thug.
2026-01-09 01:34:29.198 -06:00 [WRN] [LAG SPOKE] HonestWork TownJobBehavior.OnHourlyTick took 29ms
2026-01-09 01:34:30.047 -06:00 [WRN] [LAG SPOKE] HonestWork TownJobBehavior.OnHourlyTick took 7ms
2026-01-09 01:34:31.719 -06:00 [WRN] [LAG SPOKE] HonestWork TownJobBehavior.OnHourlyTick took 7ms
2026-01-09 01:34:32.533 -06:00 [WRN] [LAG SPOKE] HonestWork TownJobBehavior.OnHourlyTick took 9ms
2026-01-09 01:34:33.364 -06:00 [WRN] [LAG SPOKE] HonestWork TownJobBehavior.OnHourlyTick took 10ms
2026-01-09 01:34:33.528 -06:00 [INF] Player finished 6-hour shift as thug.
2026-01-09 01:34:34.167 -06:00 [WRN] [LAG SPOKE] HonestWork TownJobBehavior.OnHourlyTick took 6ms
2026-01-09 01:34:35.010 -06:00 [WRN] [LAG SPOKE] HonestWork TownJobBehavior.OnHourlyTick took 6ms
2026-01-09 01:34:35.863 -06:00 [WRN] [LAG SPOKE] HonestWork TownJobBehavior.OnHourlyTick took 10ms
2026-01-09 01:34:36.675 -06:00 [WRN] [LAG SPOKE] HonestWork TownJobBehavior.OnHourlyTick took 6ms
2026-01-09 01:34:37.523 -06:00 [WRN] [LAG SPOKE] HonestWork TownJobBehavior.OnHourlyTick took 8ms
2026-01-09 01:34:38.374 -06:00 [WRN] [LAG SPOKE] HonestWork TownJobBehavior.OnHourlyTick took 11ms
2026-01-09 01:34:38.542 -06:00 [INF] Player finished 6-hour shift as thug.
2026-01-09 01:34:39.206 -06:00 [WRN] [LAG SPOKE] HonestWork TownJobBehavior.OnHourlyTick took 11ms
2026-01-09 01:34:40.030 -06:00 [WRN] [LAG SPOKE] HonestWork TownJobBehavior.OnHourlyTick took 7ms
2026-01-09 01:34:40.865 -06:00 [WRN] [LAG SPOKE] HonestWork TownJobBehavior.OnHourlyTick took 11ms
2026-01-09 01:34:41.711 -06:00 [WRN] [LAG SPOKE] HonestWork TownJobBehavior.OnHourlyTick took 9ms
2026-01-09 01:34:42.541 -06:00 [WRN] [LAG SPOKE] HonestWork TownJobBehavior.OnHourlyTick took 7ms
2026-01-09 01:34:43.367 -06:00 [WRN] [LAG SPOKE] HonestWork TownJobBehavior.OnHourlyTick took 9ms
2026-01-09 01:34:43.577 -06:00 [INF] Player finished 6-hour shift as thug.
2026-01-09 01:34:44.176 -06:00 [WRN] [LAG SPOKE] HonestWork TownJobBehavior.OnHourlyTick took 11ms
2026-01-09 01:34:45.011 -06:00 [WRN] [LAG SPOKE] HonestWork TownJobBehavior.OnHourlyTick took 7ms
2026-01-09 01:34:47.509 -06:00 [WRN] [LAG SPOKE] HonestWork TownJobBehavior.OnHourlyTick took 7ms
2026-01-09 01:34:48.351 -06:00 [WRN] [LAG SPOKE] HonestWork TownJobBehavior.OnHourlyTick took 11ms
2026-01-09 01:34:48.602 -06:00 [INF] Player finished 6-hour shift as thug.
2026-01-09 01:34:49.200 -06:00 [WRN] [LAG SPOKE] HonestWork TownJobBehavior.OnHourlyTick took 6ms
2026-01-09 01:34:50.023 -06:00 [WRN] [LAG SPOKE] HonestWork TownJobBehavior.OnHourlyTick took 7ms
2026-01-09 01:34:51.669 -06:00 [WRN] [LAG SPOKE] HonestWork TownJobBehavior.OnHourlyTick took 8ms
2026-01-09 01:34:52.542 -06:00 [WRN] [LAG SPOKE] HonestWork TownJobBehavior.OnHourlyTick took 8ms
2026-01-09 01:34:53.639 -06:00 [INF] Player finished 6-hour shift as thug.
2026-01-09 01:34:54.227 -06:00 [WRN] [LAG SPOKE] HonestWork TownJobBehavior.OnHourlyTick took 8ms
2026-01-09 01:34:56.677 -06:00 [WRN] [LAG SPOKE] HonestWork TownJobBehavior.OnHourlyTick took 8ms
2026-01-09 01:34:57.509 -06:00 [WRN] [LAG SPOKE] HonestWork TownJobBehavior.OnHourlyTick took 9ms
2026-01-09 01:34:58.338 -06:00 [WRN] [LAG SPOKE] HonestWork TownJobBehavior.OnHourlyTick took 6ms
2026-01-09 01:34:58.636 -06:00 [INF] Player finished 6-hour shift as thug.
2026-01-09 01:34:59.173 -06:00 [WRN] [LAG SPOKE] HonestWork TownJobBehavior.OnHourlyTick took 9ms
2026-01-09 01:35:00.011 -06:00 [WRN] [LAG SPOKE] HonestWork TownJobBehavior.OnHourlyTick took 13ms
2026-01-09 01:35:00.859 -06:00 [WRN] [LAG SPOKE] HonestWork TownJobBehavior.OnHourlyTick took 6ms
2026-01-09 01:35:01.684 -06:00 [WRN] [LAG SPOKE] HonestWork TownJobBehavior.OnHourlyTick took 11ms
2026-01-09 01:35:02.535 -06:00 [WRN] [LAG SPOKE] HonestWork TownJobBehavior.OnHourlyTick took 10ms
2026-01-09 01:35:03.356 -06:00 [WRN] [LAG SPOKE] HonestWork TownJobBehavior.OnHourlyTick took 10ms
2026-01-09 01:35:03.652 -06:00 [INF] Player finished 6-hour shift as thug.
2026-01-09 01:35:04.202 -06:00 [WRN] [LAG SPOKE] HonestWork TownJobBehavior.OnHourlyTick took 7ms
2026-01-09 01:35:05.010 -06:00 [WRN] [LAG SPOKE] HonestWork TownJobBehavior.OnHourlyTick took 10ms
2026-01-09 01:35:05.856 -06:00 [WRN] [LAG SPOKE] HonestWork TownJobBehavior.OnHourlyTick took 7ms
2026-01-09 01:35:07.515 -06:00 [WRN] [LAG SPOKE] HonestWork TownJobBehavior.OnHourlyTick took 11ms
2026-01-09 01:35:08.373 -06:00 [WRN] [LAG SPOKE] HonestWork TownJobBehavior.OnHourlyTick took 8ms
2026-01-09 01:35:08.675 -06:00 [INF] Player finished 6-hour shift as thug.
2026-01-09 01:35:09.183 -06:00 [WRN] [LAG SPOKE] HonestWork TownJobBehavior.OnHourlyTick took 7ms
2026-01-09 01:35:10.041 -06:00 [WRN] [LAG SPOKE] HonestWork TownJobBehavior.OnHourlyTick took 7ms
2026-01-09 01:35:10.858 -06:00 [WRN] [LAG SPOKE] HonestWork TownJobBehavior.OnHourlyTick took 7ms
2026-01-09 01:35:11.674 -06:00 [WRN] [LAG SPOKE] HonestWork TownJobBehavior.OnHourlyTick took 8ms
2026-01-09 01:35:12.506 -06:00 [WRN] [LAG SPOKE] HonestWork TownJobBehavior.OnHourlyTick took 7ms
2026-01-09 01:35:13.386 -06:00 [WRN] [LAG SPOKE] HonestWork TownJobBehavior.OnHourlyTick took 13ms
2026-01-09 01:35:13.685 -06:00 [INF] Player finished 6-hour shift as thug.
2026-01-09 01:35:15.002 -06:00 [WRN] [LAG SPOKE] HonestWork TownJobBehavior.OnHourlyTick took 6ms
2026-01-09 01:35:15.846 -06:00 [WRN] [LAG SPOKE] HonestWork TownJobBehavior.OnHourlyTick took 9ms
2026-01-09 01:35:16.705 -06:00 [WRN] [LAG SPOKE] HonestWork TownJobBehavior.OnHourlyTick took 7ms
2026-01-09 01:35:17.544 -06:00 [WRN] [LAG SPOKE] HonestWork TownJobBehavior.OnHourlyTick took 6ms
2026-01-09 01:35:18.338 -06:00 [WRN] [LAG SPOKE] HonestWork TownJobBehavior.OnHourlyTick took 10ms
2026-01-09 01:35:18.697 -06:00 [INF] Player finished 6-hour shift as thug.
2026-01-09 01:35:19.173 -06:00 [WRN] [LAG SPOKE] HonestWork TownJobBehavior.OnHourlyTick took 6ms
2026-01-09 01:35:20.005 -06:00 [WRN] [LAG SPOKE] HonestWork TownJobBehavior.OnHourlyTick took 11ms
2026-01-09 01:35:20.879 -06:00 [WRN] [LAG SPOKE] HonestWork TownJobBehavior.OnHourlyTick took 9ms
2026-01-09 01:35:21.720 -06:00 [WRN] [LAG SPOKE] HonestWork TownJobBehavior.OnHourlyTick took 6ms
2026-01-09 01:35:22.508 -06:00 [WRN] [LAG SPOKE] HonestWork TownJobBehavior.OnHourlyTick took 7ms
2026-01-09 01:35:23.366 -06:00 [WRN] [LAG SPOKE] HonestWork TownJobBehavior.OnHourlyTick took 10ms
2026-01-09 01:35:23.717 -06:00 [INF] Player finished 6-hour shift as thug.
2026-01-09 01:35:24.182 -06:00 [WRN] [LAG SPOKE] HonestWork TownJobBehavior.OnHourlyTick took 6ms
2026-01-09 01:35:25.013 -06:00 [WRN] [LAG SPOKE] HonestWork TownJobBehavior.OnHourlyTick took 11ms
2026-01-09 01:35:25.874 -06:00 [WRN] [LAG SPOKE] HonestWork TownJobBehavior.OnHourlyTick took 6ms
2026-01-09 01:35:27.509 -06:00 [WRN] [LAG SPOKE] HonestWork TownJobBehavior.OnHourlyTick took 9ms
2026-01-09 01:35:28.366 -06:00 [WRN] [LAG SPOKE] HonestWork TownJobBehavior.OnHourlyTick took 9ms
2026-01-09 01:35:28.713 -06:00 [INF] Player finished 6-hour shift as thug.
2026-01-09 01:35:29.176 -06:00 [WRN] [LAG SPOKE] HonestWork TownJobBehavior.OnHourlyTick took 7ms
2026-01-09 01:35:30.031 -06:00 [WRN] [LAG SPOKE] HonestWork TownJobBehavior.OnHourlyTick took 8ms
2026-01-09 01:35:30.846 -06:00 [WRN] [LAG SPOKE] HonestWork TownJobBehavior.OnHourlyTick took 6ms
2026-01-09 01:35:31.704 -06:00 [WRN] [LAG SPOKE] HonestWork TownJobBehavior.OnHourlyTick took 10ms
2026-01-09 01:35:32.526 -06:00 [WRN] [LAG SPOKE] HonestWork TownJobBehavior.OnHourlyTick took 11ms
2026-01-09 01:35:33.355 -06:00 [WRN] [LAG SPOKE] HonestWork TownJobBehavior.OnHourlyTick took 9ms
2026-01-09 01:35:33.751 -06:00 [INF] Player finished 6-hour shift as thug.
2026-01-09 01:35:34.175 -06:00 [WRN] [LAG SPOKE] HonestWork TownJobBehavior.OnHourlyTick took 8ms
2026-01-09 01:35:35.043 -06:00 [WRN] [LAG SPOKE] HonestWork TownJobBehavior.OnHourlyTick took 10ms
2026-01-09 01:35:35.858 -06:00 [WRN] [LAG SPOKE] HonestWork TownJobBehavior.OnHourlyTick took 9ms
2026-01-09 01:35:36.702 -06:00 [WRN] [LAG SPOKE] HonestWork TownJobBehavior.OnHourlyTick took 6ms
2026-01-09 01:35:37.538 -06:00 [WRN] [LAG SPOKE] HonestWork TownJobBehavior.OnHourlyTick took 8ms
2026-01-09 01:35:38.373 -06:00 [WRN] [LAG SPOKE] HonestWork TownJobBehavior.OnHourlyTick took 7ms
2026-01-09 01:35:38.752 -06:00 [INF] Player finished 6-hour shift as thug.
2026-01-09 01:35:39.206 -06:00 [WRN] [LAG SPOKE] HonestWork TownJobBehavior.OnHourlyTick took 9ms
2026-01-09 01:35:40.041 -06:00 [WRN] [LAG SPOKE] HonestWork TownJobBehavior.OnHourlyTick took 12ms
2026-01-09 01:35:40.846 -06:00 [WRN] [LAG SPOKE] HonestWork TownJobBehavior.OnHourlyTick took 7ms
2026-01-09 01:35:41.702 -06:00 [WRN] [LAG SPOKE] HonestWork TownJobBehavior.OnHourlyTick took 9ms
2026-01-09 01:35:42.538 -06:00 [WRN] [LAG SPOKE] HonestWork TownJobBehavior.OnHourlyTick took 7ms
2026-01-09 01:35:43.371 -06:00 [WRN] [LAG SPOKE] HonestWork TownJobBehavior.OnHourlyTick took 7ms
2026-01-09 01:35:43.794 -06:00 [INF] Player finished 6-hour shift as thug.
2026-01-09 01:35:44.197 -06:00 [WRN] [LAG SPOKE] HonestWork TownJobBehavior.OnHourlyTick took 7ms
2026-01-09 01:35:45.031 -06:00 [WRN] [LAG SPOKE] HonestWork TownJobBehavior.OnHourlyTick took 9ms
2026-01-09 01:35:45.847 -06:00 [WRN] [LAG SPOKE] HonestWork TownJobBehavior.OnHourlyTick took 6ms
2026-01-09 01:35:46.739 -06:00 [WRN] [LAG SPOKE] HonestWork TownJobBehavior.OnHourlyTick took 6ms
2026-01-09 01:35:47.528 -06:00 [WRN] [LAG SPOKE] HonestWork TownJobBehavior.OnHourlyTick took 10ms
2026-01-09 01:35:48.354 -06:00 [WRN] [LAG SPOKE] HonestWork TownJobBehavior.OnHourlyTick took 8ms
2026-01-09 01:35:48.817 -06:00 [INF] Player finished 6-hour shift as thug.
2026-01-09 01:35:49.177 -06:00 [WRN] [LAG SPOKE] HonestWork TownJobBehavior.OnHourlyTick took 6ms
2026-01-09 01:35:50.894 -06:00 [WRN] [LAG SPOKE] HonestWork TownJobBehavior.OnHourlyTick took 9ms
2026-01-09 01:35:52.557 -06:00 [WRN] [LAG SPOKE] HonestWork TownJobBehavior.OnHourlyTick took 11ms
2026-01-09 01:35:53.382 -06:00 [WRN] [LAG SPOKE] HonestWork TownJobBehavior.OnHourlyTick took 10ms
2026-01-09 01:35:53.869 -06:00 [INF] Player finished 6-hour shift as thug.
2026-01-09 01:35:54.202 -06:00 [WRN] [LAG SPOKE] HonestWork TownJobBehavior.OnHourlyTick took 9ms
2026-01-09 01:35:55.067 -06:00 [WRN] [LAG SPOKE] HonestWork TownJobBehavior.OnHourlyTick took 9ms
2026-01-09 01:35:55.894 -06:00 [WRN] [LAG SPOKE] HonestWork TownJobBehavior.OnHourlyTick took 7ms
2026-01-09 01:35:56.727 -06:00 [WRN] [LAG SPOKE] HonestWork TownJobBehavior.OnHourlyTick took 10ms
2026-01-09 01:35:57.551 -06:00 [WRN] [LAG SPOKE] HonestWork TownJobBehavior.OnHourlyTick took 8ms
2026-01-09 01:35:58.381 -06:00 [WRN] [LAG SPOKE] HonestWork TownJobBehavior.OnHourlyTick took 10ms
2026-01-09 01:35:58.876 -06:00 [INF] Player finished 6-hour shift as thug.
2026-01-09 01:35:59.216 -06:00 [WRN] [LAG SPOKE] HonestWork TownJobBehavior.OnHourlyTick took 12ms
2026-01-09 01:36:00.055 -06:00 [WRN] [LAG SPOKE] HonestWork TownJobBehavior.OnHourlyTick took 7ms
2026-01-09 01:36:00.903 -06:00 [WRN] [LAG SPOKE] HonestWork TownJobBehavior.OnHourlyTick took 7ms
2026-01-09 01:36:01.711 -06:00 [WRN] [LAG SPOKE] HonestWork TownJobBehavior.OnHourlyTick took 9ms
2026-01-09 01:36:02.555 -06:00 [WRN] [LAG SPOKE] HonestWork TownJobBehavior.OnHourlyTick took 10ms
2026-01-09 01:36:03.377 -06:00 [WRN] [LAG SPOKE] HonestWork TownJobBehavior.OnHourlyTick took 6ms
2026-01-09 01:36:03.907 -06:00 [INF] Player finished 6-hour shift as thug.
2026-01-09 01:36:04.197 -06:00 [WRN] [LAG SPOKE] HonestWork TownJobBehavior.OnHourlyTick took 8ms
2026-01-09 01:36:05.066 -06:00 [WRN] [LAG SPOKE] HonestWork TownJobBehavior.OnHourlyTick took 7ms
2026-01-09 01:36:05.862 -06:00 [WRN] [LAG SPOKE] HonestWork TownJobBehavior.OnHourlyTick took 6ms
2026-01-09 01:36:07.561 -06:00 [WRN] [LAG SPOKE] HonestWork TownJobBehavior.OnHourlyTick took 13ms
2026-01-09 01:36:08.380 -06:00 [WRN] [LAG SPOKE] HonestWork TownJobBehavior.OnHourlyTick took 9ms
2026-01-09 01:36:08.939 -06:00 [INF] Player finished 6-hour shift as thug.
2026-01-09 01:36:10.054 -06:00 [WRN] [LAG SPOKE] HonestWork TownJobBehavior.OnHourlyTick took 9ms
2026-01-09 01:36:10.863 -06:00 [WRN] [LAG SPOKE] HonestWork TownJobBehavior.OnHourlyTick took 9ms
2026-01-09 01:36:11.721 -06:00 [WRN] [LAG SPOKE] HonestWork TownJobBehavior.OnHourlyTick took 10ms
2026-01-09 01:36:12.572 -06:00 [WRN] [LAG SPOKE] HonestWork TownJobBehavior.OnHourlyTick took 12ms
2026-01-09 01:36:13.409 -06:00 [WRN] [LAG SPOKE] HonestWork TownJobBehavior.OnHourlyTick took 13ms
2026-01-09 01:36:13.972 -06:00 [INF] Player finished 6-hour shift as thug.
2026-01-09 01:36:15.912 -06:00 [WRN] [LAG SPOKE] HonestWork TownJobBehavior.OnHourlyTick took 6ms
2026-01-09 01:36:16.752 -06:00 [WRN] [LAG SPOKE] HonestWork TownJobBehavior.OnHourlyTick took 12ms
2026-01-09 01:36:17.574 -06:00 [WRN] [LAG SPOKE] HonestWork TownJobBehavior.OnHourlyTick took 9ms
2026-01-09 01:36:18.399 -06:00 [WRN] [LAG SPOKE] HonestWork TownJobBehavior.OnHourlyTick took 7ms
2026-01-09 01:36:19.035 -06:00 [INF] Player finished 6-hour shift as thug.
2026-01-09 01:36:19.236 -06:00 [WRN] [LAG SPOKE] HonestWork TownJobBehavior.OnHourlyTick took 11ms
2026-01-09 01:36:20.064 -06:00 [WRN] [LAG SPOKE] HonestWork TownJobBehavior.OnHourlyTick took 9ms
2026-01-09 01:36:20.893 -06:00 [WRN] [LAG SPOKE] HonestWork TownJobBehavior.OnHourlyTick took 8ms
2026-01-09 01:36:21.726 -06:00 [WRN] [LAG SPOKE] HonestWork TownJobBehavior.OnHourlyTick took 10ms
2026-01-09 01:36:22.550 -06:00 [WRN] [LAG SPOKE] HonestWork TownJobBehavior.OnHourlyTick took 8ms
2026-01-09 01:36:24.036 -06:00 [INF] Player finished 6-hour shift as thug.
2026-01-09 01:36:24.230 -06:00 [WRN] [LAG SPOKE] HonestWork TownJobBehavior.OnHourlyTick took 9ms
2026-01-09 01:36:25.088 -06:00 [WRN] [LAG SPOKE] HonestWork TownJobBehavior.OnHourlyTick took 7ms
2026-01-09 01:36:25.913 -06:00 [WRN] [LAG SPOKE] HonestWork TownJobBehavior.OnHourlyTick took 8ms
2026-01-09 01:36:26.767 -06:00 [WRN] [LAG SPOKE] HonestWork TownJobBehavior.OnHourlyTick took 6ms
2026-01-09 01:36:27.582 -06:00 [WRN] [LAG SPOKE] HonestWork TownJobBehavior.OnHourlyTick took 9ms
2026-01-09 01:36:28.400 -06:00 [WRN] [LAG SPOKE] HonestWork TownJobBehavior.OnHourlyTick took 7ms
2026-01-09 01:36:29.040 -06:00 [INF] Player finished 6-hour shift as thug.
2026-01-09 01:36:29.225 -06:00 [WRN] [LAG SPOKE] HonestWork TownJobBehavior.OnHourlyTick took 6ms
2026-01-09 01:36:30.067 -06:00 [WRN] [LAG SPOKE] HonestWork TownJobBehavior.OnHourlyTick took 7ms
2026-01-09 01:36:30.924 -06:00 [WRN] [LAG SPOKE] HonestWork TownJobBehavior.OnHourlyTick took 8ms
2026-01-09 01:36:31.734 -06:00 [WRN] [LAG SPOKE] HonestWork TownJobBehavior.OnHourlyTick took 6ms
2026-01-09 01:36:32.589 -06:00 [WRN] [LAG SPOKE] HonestWork TownJobBehavior.OnHourlyTick took 10ms
2026-01-09 01:36:33.402 -06:00 [WRN] [LAG SPOKE] HonestWork TownJobBehavior.OnHourlyTick took 13ms
2026-01-09 01:36:34.064 -06:00 [INF] Player finished 6-hour shift as thug.
2026-01-09 01:36:34.257 -06:00 [WRN] [LAG SPOKE] HonestWork TownJobBehavior.OnHourlyTick took 7ms
2026-01-09 01:36:35.080 -06:00 [WRN] [LAG SPOKE] HonestWork TownJobBehavior.OnHourlyTick took 10ms
2026-01-09 01:36:35.925 -06:00 [WRN] [LAG SPOKE] HonestWork TownJobBehavior.OnHourlyTick took 7ms
2026-01-09 01:36:36.718 -06:00 [WRN] [LAG SPOKE] HonestWork TownJobBehavior.OnHourlyTick took 9ms
2026-01-09 01:36:37.553 -06:00 [WRN] [LAG SPOKE] HonestWork TownJobBehavior.OnHourlyTick took 7ms
2026-01-09 01:36:38.385 -06:00 [WRN] [LAG SPOKE] HonestWork TownJobBehavior.OnHourlyTick took 8ms
2026-01-09 01:36:39.076 -06:00 [INF] Player finished 6-hour shift as thug.
2026-01-09 01:36:39.222 -06:00 [WRN] [LAG SPOKE] HonestWork TownJobBehavior.OnHourlyTick took 8ms
2026-01-09 01:36:40.086 -06:00 [WRN] [LAG SPOKE] HonestWork TownJobBehavior.OnHourlyTick took 9ms
2026-01-09 01:36:40.894 -06:00 [WRN] [LAG SPOKE] HonestWork TownJobBehavior.OnHourlyTick took 8ms
2026-01-09 01:36:41.749 -06:00 [WRN] [LAG SPOKE] HonestWork TownJobBehavior.OnHourlyTick took 7ms
2026-01-09 01:36:42.589 -06:00 [WRN] [LAG SPOKE] HonestWork TownJobBehavior.OnHourlyTick took 8ms
2026-01-09 01:36:43.425 -06:00 [WRN] [LAG SPOKE] HonestWork TownJobBehavior.OnHourlyTick took 14ms
2026-01-09 01:36:44.102 -06:00 [INF] Player finished 6-hour shift as thug.
2026-01-09 01:36:44.247 -06:00 [WRN] [LAG SPOKE] HonestWork TownJobBehavior.OnHourlyTick took 7ms
2026-01-09 01:36:45.070 -06:00 [WRN] [LAG SPOKE] HonestWork TownJobBehavior.OnHourlyTick took 7ms
2026-01-09 01:36:45.884 -06:00 [WRN] [LAG SPOKE] HonestWork TownJobBehavior.OnHourlyTick took 8ms
2026-01-09 01:36:49.185 -06:00 [WRN] [LAG SPOKE] HonestWork TownJobBehavior.OnHourlyTick took 24ms
2026-01-09 01:36:50.012 -06:00 [WRN] [LAG SPOKE] HonestWork TownJobBehavior.OnHourlyTick took 9ms
2026-01-09 01:36:50.710 -06:00 [INF] Player finished 6-hour shift as thug.
2026-01-09 01:36:50.870 -06:00 [WRN] [LAG SPOKE] HonestWork TownJobBehavior.OnHourlyTick took 11ms
2026-01-09 01:36:51.684 -06:00 [WRN] [LAG SPOKE] HonestWork TownJobBehavior.OnHourlyTick took 13ms
2026-01-09 01:36:52.504 -06:00 [WRN] [LAG SPOKE] HonestWork TownJobBehavior.OnHourlyTick took 6ms
2026-01-09 01:36:53.338 -06:00 [WRN] [LAG SPOKE] HonestWork TownJobBehavior.OnHourlyTick took 6ms
2026-01-09 01:36:54.171 -06:00 [WRN] [LAG SPOKE] HonestWork TownJobBehavior.OnHourlyTick took 11ms
2026-01-09 01:43:20.292 -06:00 [WRN] [LAG SPOKE] HonestWork TownJobBehavior.OnHourlyTick took 40ms
2026-01-09 01:43:20.982 -06:00 [INF] Player finished 6-hour shift as thug.
2026-01-09 01:43:21.098 -06:00 [WRN] [LAG SPOKE] HonestWork TownJobBehavior.OnHourlyTick took 8ms
2026-01-09 01:43:21.912 -06:00 [WRN] [LAG SPOKE] HonestWork TownJobBehavior.OnHourlyTick took 8ms
2026-01-09 01:43:22.755 -06:00 [WRN] [LAG SPOKE] HonestWork TownJobBehavior.OnHourlyTick took 16ms
2026-01-09 01:43:23.591 -06:00 [WRN] [LAG SPOKE] HonestWork TownJobBehavior.OnHourlyTick took 11ms
2026-01-09 01:43:24.424 -06:00 [WRN] [LAG SPOKE] HonestWork TownJobBehavior.OnHourlyTick took 9ms
2026-01-09 01:43:25.262 -06:00 [WRN] [LAG SPOKE] HonestWork TownJobBehavior.OnHourlyTick took 9ms
2026-01-09 01:48:45.687 -06:00 [INF] Player finished 6-hour shift as thug.
2026-01-09 01:48:45.781 -06:00 [WRN] [LAG SPOKE] HonestWork TownJobBehavior.OnHourlyTick took 41ms
2026-01-09 01:48:46.579 -06:00 [WRN] [LAG SPOKE] HonestWork TownJobBehavior.OnHourlyTick took 7ms
2026-01-09 01:48:48.275 -06:00 [WRN] [LAG SPOKE] HonestWork TownJobBehavior.OnHourlyTick took 7ms
2026-01-09 01:48:49.072 -06:00 [WRN] [LAG SPOKE] HonestWork TownJobBehavior.OnHourlyTick took 10ms
2026-01-09 01:48:49.904 -06:00 [WRN] [LAG SPOKE] HonestWork TownJobBehavior.OnHourlyTick took 6ms
2026-01-09 01:48:50.724 -06:00 [INF] Player finished 6-hour shift as thug.
2026-01-09 01:48:50.739 -06:00 [WRN] [LAG SPOKE] HonestWork TownJobBehavior.OnHourlyTick took 7ms
2026-01-09 01:48:51.566 -06:00 [WRN] [LAG SPOKE] HonestWork TownJobBehavior.OnHourlyTick took 8ms
2026-01-09 01:48:52.425 -06:00 [WRN] [LAG SPOKE] HonestWork TownJobBehavior.OnHourlyTick took 10ms
2026-01-09 01:48:54.083 -06:00 [WRN] [LAG SPOKE] HonestWork TownJobBehavior.OnHourlyTick took 9ms
2026-01-09 01:48:55.729 -06:00 [INF] Player finished 6-hour shift as thug.
2026-01-09 01:48:55.745 -06:00 [WRN] [LAG SPOKE] HonestWork TownJobBehavior.OnHourlyTick took 9ms
2026-01-09 01:48:56.594 -06:00 [WRN] [LAG SPOKE] HonestWork TownJobBehavior.OnHourlyTick took 7ms
2026-01-09 01:48:57.428 -06:00 [WRN] [LAG SPOKE] HonestWork TownJobBehavior.OnHourlyTick took 6ms
2026-01-09 01:48:58.256 -06:00 [WRN] [LAG SPOKE] HonestWork TownJobBehavior.OnHourlyTick took 6ms
2026-01-09 01:48:59.089 -06:00 [WRN] [LAG SPOKE] HonestWork TownJobBehavior.OnHourlyTick took 12ms
2026-01-09 01:48:59.918 -06:00 [WRN] [LAG SPOKE] HonestWork TownJobBehavior.OnHourlyTick took 9ms
2026-01-09 01:49:00.743 -06:00 [INF] Player finished 6-hour shift as thug.
2026-01-09 01:49:00.763 -06:00 [WRN] [LAG SPOKE] HonestWork TownJobBehavior.OnHourlyTick took 12ms
2026-01-09 01:49:02.412 -06:00 [WRN] [LAG SPOKE] HonestWork TownJobBehavior.OnHourlyTick took 10ms
2026-01-09 01:49:03.240 -06:00 [WRN] [LAG SPOKE] HonestWork TownJobBehavior.OnHourlyTick took 8ms
2026-01-09 01:49:04.065 -06:00 [WRN] [LAG SPOKE] HonestWork TownJobBehavior.OnHourlyTick took 8ms
2026-01-09 01:49:04.927 -06:00 [WRN] [LAG SPOKE] HonestWork TownJobBehavior.OnHourlyTick took 10ms
2026-01-09 01:49:05.759 -06:00 [INF] Player finished 6-hour shift as thug.
2026-01-09 01:49:05.774 -06:00 [WRN] [LAG SPOKE] HonestWork TownJobBehavior.OnHourlyTick took 7ms
2026-01-09 01:49:06.572 -06:00 [WRN] [LAG SPOKE] HonestWork TownJobBehavior.OnHourlyTick took 9ms
2026-01-09 01:49:08.242 -06:00 [WRN] [LAG SPOKE] HonestWork TownJobBehavior.OnHourlyTick took 8ms
2026-01-09 01:49:09.096 -06:00 [WRN] [LAG SPOKE] HonestWork TownJobBehavior.OnHourlyTick took 9ms
2026-01-09 01:49:09.925 -06:00 [WRN] [LAG SPOKE] HonestWork TownJobBehavior.OnHourlyTick took 10ms
2026-01-09 01:49:10.768 -06:00 [WRN] [LAG SPOKE] HonestWork TownJobBehavior.OnHourlyTick took 11ms
2026-01-09 01:49:10.794 -06:00 [INF] Player finished 6-hour shift as thug.
2026-01-09 01:49:11.592 -06:00 [WRN] [LAG SPOKE] HonestWork TownJobBehavior.OnHourlyTick took 9ms
2026-01-09 01:49:14.060 -06:00 [WRN] [LAG SPOKE] HonestWork TownJobBehavior.OnHourlyTick took 9ms
2026-01-09 01:49:14.930 -06:00 [WRN] [LAG SPOKE] HonestWork TownJobBehavior.OnHourlyTick took 10ms
2026-01-09 01:49:15.755 -06:00 [WRN] [LAG SPOKE] HonestWork TownJobBehavior.OnHourlyTick took 8ms
2026-01-09 01:49:15.829 -06:00 [INF] Player finished 6-hour shift as thug.
2026-01-09 01:49:16.580 -06:00 [WRN] [LAG SPOKE] HonestWork TownJobBehavior.OnHourlyTick took 8ms
2026-01-09 01:49:17.443 -06:00 [WRN] [LAG SPOKE] HonestWork TownJobBehavior.OnHourlyTick took 7ms
2026-01-09 01:49:18.261 -06:00 [WRN] [LAG SPOKE] HonestWork TownJobBehavior.OnHourlyTick took 7ms
2026-01-09 01:49:19.059 -06:00 [WRN] [LAG SPOKE] HonestWork TownJobBehavior.OnHourlyTick took 6ms
2026-01-09 01:49:19.901 -06:00 [WRN] [LAG SPOKE] HonestWork TownJobBehavior.OnHourlyTick took 8ms
2026-01-09 01:49:20.918 -06:00 [INF] Player finished 6-hour shift as thug.
2026-01-09 01:49:22.499 -06:00 [WRN] [LAG SPOKE] HonestWork TownJobBehavior.OnHourlyTick took 9ms
2026-01-09 01:49:23.283 -06:00 [WRN] [LAG SPOKE] HonestWork TownJobBehavior.OnHourlyTick took 6ms
2026-01-09 01:49:24.132 -06:00 [WRN] [LAG SPOKE] HonestWork TownJobBehavior.OnHourlyTick took 10ms
2026-01-09 01:49:25.834 -06:00 [WRN] [LAG SPOKE] HonestWork TownJobBehavior.OnHourlyTick took 8ms
2026-01-09 01:49:25.944 -06:00 [INF] Player finished 6-hour shift as thug.
2026-01-09 01:49:26.635 -06:00 [WRN] [LAG SPOKE] HonestWork TownJobBehavior.OnHourlyTick took 8ms
2026-01-09 01:49:27.488 -06:00 [WRN] [LAG SPOKE] HonestWork TownJobBehavior.OnHourlyTick took 6ms
2026-01-09 01:49:28.290 -06:00 [WRN] [LAG SPOKE] HonestWork TownJobBehavior.OnHourlyTick took 10ms
2026-01-09 01:49:29.152 -06:00 [WRN] [LAG SPOKE] HonestWork TownJobBehavior.OnHourlyTick took 7ms
2026-01-09 01:49:29.995 -06:00 [WRN] [LAG SPOKE] HonestWork TownJobBehavior.OnHourlyTick took 8ms
2026-01-09 01:49:30.831 -06:00 [WRN] [LAG SPOKE] HonestWork TownJobBehavior.OnHourlyTick took 8ms
2026-01-09 01:49:30.972 -06:00 [INF] Player finished 6-hour shift as thug.
2026-01-09 01:49:31.664 -06:00 [WRN] [LAG SPOKE] HonestWork TownJobBehavior.OnHourlyTick took 7ms
2026-01-09 01:49:34.149 -06:00 [WRN] [LAG SPOKE] HonestWork TownJobBehavior.OnHourlyTick took 7ms
2026-01-09 01:49:34.975 -06:00 [WRN] [LAG SPOKE] HonestWork TownJobBehavior.OnHourlyTick took 8ms
2026-01-09 01:49:35.803 -06:00 [WRN] [LAG SPOKE] HonestWork TownJobBehavior.OnHourlyTick took 7ms
2026-01-09 01:49:35.974 -06:00 [INF] Player finished 6-hour shift as thug.
2026-01-09 01:49:36.655 -06:00 [WRN] [LAG SPOKE] HonestWork TownJobBehavior.OnHourlyTick took 9ms
2026-01-09 01:49:37.473 -06:00 [WRN] [LAG SPOKE] HonestWork TownJobBehavior.OnHourlyTick took 7ms
2026-01-09 01:49:38.363 -06:00 [WRN] [LAG SPOKE] HonestWork TownJobBehavior.OnHourlyTick took 6ms
2026-01-09 01:49:39.154 -06:00 [WRN] [LAG SPOKE] HonestWork TownJobBehavior.OnHourlyTick took 7ms
2026-01-09 01:49:40.039 -06:00 [WRN] [LAG SPOKE] HonestWork TownJobBehavior.OnHourlyTick took 9ms
2026-01-09 01:49:41.072 -06:00 [INF] Player finished 6-hour shift as thug.
2026-01-09 01:49:41.675 -06:00 [WRN] [LAG SPOKE] HonestWork TownJobBehavior.OnHourlyTick took 7ms
2026-01-09 01:49:43.321 -06:00 [WRN] [LAG SPOKE] HonestWork TownJobBehavior.OnHourlyTick took 7ms
2026-01-09 01:49:44.174 -06:00 [WRN] [LAG SPOKE] HonestWork TownJobBehavior.OnHourlyTick took 9ms
2026-01-09 01:49:45.026 -06:00 [WRN] [LAG SPOKE] HonestWork TownJobBehavior.OnHourlyTick took 7ms
2026-01-09 01:49:45.837 -06:00 [WRN] [LAG SPOKE] HonestWork TownJobBehavior.OnHourlyTick took 9ms
2026-01-09 01:49:46.057 -06:00 [INF] Player finished 6-hour shift as thug.
2026-01-09 01:49:46.691 -06:00 [WRN] [LAG SPOKE] HonestWork TownJobBehavior.OnHourlyTick took 9ms
2026-01-09 01:49:47.493 -06:00 [WRN] [LAG SPOKE] HonestWork TownJobBehavior.OnHourlyTick took 9ms
2026-01-09 01:49:48.346 -06:00 [WRN] [LAG SPOKE] HonestWork TownJobBehavior.OnHourlyTick took 8ms
2026-01-09 01:49:49.160 -06:00 [WRN] [LAG SPOKE] HonestWork TownJobBehavior.OnHourlyTick took 13ms
2026-01-09 01:49:50.011 -06:00 [WRN] [LAG SPOKE] HonestWork TownJobBehavior.OnHourlyTick took 6ms
2026-01-09 01:49:50.819 -06:00 [WRN] [LAG SPOKE] HonestWork TownJobBehavior.OnHourlyTick took 6ms
2026-01-09 01:49:51.092 -06:00 [INF] Player finished 6-hour shift as thug.
2026-01-09 01:49:51.684 -06:00 [WRN] [LAG SPOKE] HonestWork TownJobBehavior.OnHourlyTick took 7ms
2026-01-09 01:49:52.488 -06:00 [WRN] [LAG SPOKE] HonestWork TownJobBehavior.OnHourlyTick took 6ms
2026-01-09 01:49:53.398 -06:00 [WRN] [LAG SPOKE] HonestWork TownJobBehavior.OnHourlyTick took 6ms
2026-01-09 01:49:54.161 -06:00 [WRN] [LAG SPOKE] HonestWork TownJobBehavior.OnHourlyTick took 12ms
2026-01-09 01:49:55.028 -06:00 [WRN] [LAG SPOKE] HonestWork TownJobBehavior.OnHourlyTick took 9ms
2026-01-09 01:49:55.854 -06:00 [WRN] [LAG SPOKE] HonestWork TownJobBehavior.OnHourlyTick took 10ms
2026-01-09 01:49:56.112 -06:00 [INF] Player finished 6-hour shift as thug.
2026-01-09 01:49:56.679 -06:00 [WRN] [LAG SPOKE] HonestWork TownJobBehavior.OnHourlyTick took 8ms
2026-01-09 01:49:58.406 -06:00 [WRN] [LAG SPOKE] HonestWork TownJobBehavior.OnHourlyTick took 6ms
2026-01-09 01:49:59.423 -06:00 [WRN] [LAG SPOKE] HonestWork TownJobBehavior.OnHourlyTick took 15ms
2026-01-09 01:50:00.243 -06:00 [WRN] [LAG SPOKE] HonestWork TownJobBehavior.OnHourlyTick took 7ms
2026-01-09 01:50:01.417 -06:00 [INF] Player finished 6-hour shift as thug.
2026-01-09 01:50:01.918 -06:00 [WRN] [LAG SPOKE] HonestWork TownJobBehavior.OnHourlyTick took 8ms
2026-01-09 01:50:02.734 -06:00 [WRN] [LAG SPOKE] HonestWork TownJobBehavior.OnHourlyTick took 7ms
2026-01-09 01:50:03.560 -06:00 [WRN] [LAG SPOKE] HonestWork TownJobBehavior.OnHourlyTick took 6ms
2026-01-09 01:50:04.412 -06:00 [WRN] [LAG SPOKE] HonestWork TownJobBehavior.OnHourlyTick took 12ms
2026-01-09 01:50:05.259 -06:00 [WRN] [LAG SPOKE] HonestWork TownJobBehavior.OnHourlyTick took 7ms
2026-01-09 01:50:06.109 -06:00 [WRN] [LAG SPOKE] HonestWork TownJobBehavior.OnHourlyTick took 10ms
2026-01-09 01:50:06.419 -06:00 [INF] Player finished 6-hour shift as thug.
2026-01-09 01:50:06.905 -06:00 [WRN] [LAG SPOKE] HonestWork TownJobBehavior.OnHourlyTick took 7ms
2026-01-09 01:50:07.765 -06:00 [WRN] [LAG SPOKE] HonestWork TownJobBehavior.OnHourlyTick took 7ms
2026-01-09 01:50:08.573 -06:00 [WRN] [LAG SPOKE] HonestWork TownJobBehavior.OnHourlyTick took 7ms
2026-01-09 01:50:09.428 -06:00 [WRN] [LAG SPOKE] HonestWork TownJobBehavior.OnHourlyTick took 17ms
2026-01-09 01:50:10.272 -06:00 [WRN] [LAG SPOKE] HonestWork TownJobBehavior.OnHourlyTick took 7ms
2026-01-09 01:50:11.074 -06:00 [WRN] [LAG SPOKE] HonestWork TownJobBehavior.OnHourlyTick took 13ms
2026-01-09 01:50:11.479 -06:00 [INF] Player finished 6-hour shift as thug.
2026-01-09 01:50:11.940 -06:00 [WRN] [LAG SPOKE] HonestWork TownJobBehavior.OnHourlyTick took 8ms
2026-01-09 01:50:12.769 -06:00 [WRN] [LAG SPOKE] HonestWork TownJobBehavior.OnHourlyTick took 6ms
2026-01-09 01:50:13.608 -06:00 [WRN] [LAG SPOKE] HonestWork TownJobBehavior.OnHourlyTick took 6ms
2026-01-09 01:50:14.404 -06:00 [WRN] [LAG SPOKE] HonestWork TownJobBehavior.OnHourlyTick took 9ms
2026-01-09 01:50:15.258 -06:00 [WRN] [LAG SPOKE] HonestWork TownJobBehavior.OnHourlyTick took 11ms
2026-01-09 01:50:16.091 -06:00 [WRN] [LAG SPOKE] HonestWork TownJobBehavior.OnHourlyTick took 7ms
2026-01-09 01:50:16.491 -06:00 [INF] Player finished 6-hour shift as thug.
2026-01-09 01:50:16.936 -06:00 [WRN] [LAG SPOKE] HonestWork TownJobBehavior.OnHourlyTick took 6ms
2026-01-09 01:50:17.760 -06:00 [WRN] [LAG SPOKE] HonestWork TownJobBehavior.OnHourlyTick took 12ms
2026-01-09 01:50:18.577 -06:00 [WRN] [LAG SPOKE] HonestWork TownJobBehavior.OnHourlyTick took 9ms
2026-01-09 01:50:19.397 -06:00 [WRN] [LAG SPOKE] HonestWork TownJobBehavior.OnHourlyTick took 10ms
2026-01-09 01:50:20.263 -06:00 [WRN] [LAG SPOKE] HonestWork TownJobBehavior.OnHourlyTick took 11ms
2026-01-09 01:50:21.074 -06:00 [WRN] [LAG SPOKE] HonestWork TownJobBehavior.OnHourlyTick took 9ms
2026-01-09 01:50:21.537 -06:00 [INF] Player finished 6-hour shift as thug.
2026-01-09 01:50:21.921 -06:00 [WRN] [LAG SPOKE] HonestWork TownJobBehavior.OnHourlyTick took 8ms
2026-01-09 01:50:22.761 -06:00 [WRN] [LAG SPOKE] HonestWork TownJobBehavior.OnHourlyTick took 14ms
2026-01-09 01:50:23.591 -06:00 [WRN] [LAG SPOKE] HonestWork TownJobBehavior.OnHourlyTick took 8ms
2026-01-09 01:50:24.431 -06:00 [WRN] [LAG SPOKE] HonestWork TownJobBehavior.OnHourlyTick took 14ms
2026-01-09 01:50:25.257 -06:00 [WRN] [LAG SPOKE] HonestWork TownJobBehavior.OnHourlyTick took 7ms
2026-01-09 01:50:26.546 -06:00 [INF] Player finished 6-hour shift as thug.
2026-01-09 01:50:26.931 -06:00 [WRN] [LAG SPOKE] HonestWork TownJobBehavior.OnHourlyTick took 8ms
2026-01-09 01:50:27.763 -06:00 [WRN] [LAG SPOKE] HonestWork TownJobBehavior.OnHourlyTick took 10ms
2026-01-09 01:50:28.594 -06:00 [WRN] [LAG SPOKE] HonestWork TownJobBehavior.OnHourlyTick took 8ms
2026-01-09 01:50:29.439 -06:00 [WRN] [LAG SPOKE] HonestWork TownJobBehavior.OnHourlyTick took 19ms
2026-01-09 01:55:27.377 -06:00 [WRN] [LAG SPOKE] HonestWork TownJobBehavior.OnHourlyTick took 9ms
2026-01-09 01:55:28.209 -06:00 [WRN] [LAG SPOKE] HonestWork TownJobBehavior.OnHourlyTick took 7ms
2026-01-09 01:55:29.043 -06:00 [WRN] [LAG SPOKE] HonestWork TownJobBehavior.OnHourlyTick took 11ms
2026-01-09 01:55:29.863 -06:00 [WRN] [LAG SPOKE] HonestWork TownJobBehavior.OnHourlyTick took 6ms
2026-01-09 01:55:30.743 -06:00 [WRN] [LAG SPOKE] HonestWork TownJobBehavior.OnHourlyTick took 8ms
2026-01-09 01:55:31.568 -06:00 [WRN] [LAG SPOKE] HonestWork TownJobBehavior.OnHourlyTick took 8ms
2026-01-09 01:55:32.392 -06:00 [WRN] [LAG SPOKE] HonestWork TownJobBehavior.OnHourlyTick took 8ms
2026-01-09 01:55:32.425 -06:00 [INF] Player finished 6-hour shift as outrider.
2026-01-09 01:55:33.390 -06:00 [WRN] [LAG SPOKE] HonestWork TownJobBehavior.OnHourlyTick took 9ms
2026-01-09 01:55:35.082 -06:00 [WRN] [LAG SPOKE] HonestWork TownJobBehavior.OnHourlyTick took 8ms
2026-01-09 01:55:35.912 -06:00 [WRN] [LAG SPOKE] HonestWork TownJobBehavior.OnHourlyTick took 10ms
2026-01-09 01:55:36.728 -06:00 [WRN] [LAG SPOKE] HonestWork TownJobBehavior.OnHourlyTick took 9ms
2026-01-09 01:55:37.537 -06:00 [WRN] [LAG SPOKE] HonestWork TownJobBehavior.OnHourlyTick took 11ms
2026-01-09 01:55:37.616 -06:00 [INF] Player finished 6-hour shift as outrider.
2026-01-09 01:55:38.401 -06:00 [WRN] [LAG SPOKE] HonestWork TownJobBehavior.OnHourlyTick took 9ms
2026-01-09 01:55:39.217 -06:00 [WRN] [LAG SPOKE] HonestWork TownJobBehavior.OnHourlyTick took 7ms
2026-01-09 01:55:40.079 -06:00 [WRN] [LAG SPOKE] HonestWork TownJobBehavior.OnHourlyTick took 10ms
2026-01-09 01:55:40.876 -06:00 [WRN] [LAG SPOKE] HonestWork TownJobBehavior.OnHourlyTick took 9ms
2026-01-09 01:55:41.739 -06:00 [WRN] [LAG SPOKE] HonestWork TownJobBehavior.OnHourlyTick took 12ms
2026-01-09 01:55:42.687 -06:00 [INF] Player finished 6-hour shift as outrider.
2026-01-09 01:55:43.378 -06:00 [WRN] [LAG SPOKE] HonestWork TownJobBehavior.OnHourlyTick took 6ms
2026-01-09 01:55:44.234 -06:00 [WRN] [LAG SPOKE] HonestWork TownJobBehavior.OnHourlyTick took 7ms
2026-01-09 01:55:45.066 -06:00 [WRN] [LAG SPOKE] HonestWork TownJobBehavior.OnHourlyTick took 9ms
2026-01-09 01:55:45.909 -06:00 [WRN] [LAG SPOKE] HonestWork TownJobBehavior.OnHourlyTick took 7ms
2026-01-09 01:55:46.737 -06:00 [WRN] [LAG SPOKE] HonestWork TownJobBehavior.OnHourlyTick took 12ms
2026-01-09 01:55:47.555 -06:00 [WRN] [LAG SPOKE] HonestWork TownJobBehavior.OnHourlyTick took 8ms
2026-01-09 01:55:47.680 -06:00 [INF] Player finished 6-hour shift as outrider.
2026-01-09 01:55:48.375 -06:00 [WRN] [LAG SPOKE] HonestWork TownJobBehavior.OnHourlyTick took 7ms
2026-01-09 01:55:49.203 -06:00 [WRN] [LAG SPOKE] HonestWork TownJobBehavior.OnHourlyTick took 11ms
2026-01-09 01:55:50.069 -06:00 [WRN] [LAG SPOKE] HonestWork TownJobBehavior.OnHourlyTick took 7ms
2026-01-09 01:55:50.948 -06:00 [WRN] [LAG SPOKE] HonestWork TownJobBehavior.OnHourlyTick took 6ms
2026-01-09 01:55:51.727 -06:00 [WRN] [LAG SPOKE] HonestWork TownJobBehavior.OnHourlyTick took 8ms
2026-01-09 01:55:52.532 -06:00 [WRN] [LAG SPOKE] HonestWork TownJobBehavior.OnHourlyTick took 6ms
2026-01-09 01:55:52.699 -06:00 [INF] Player finished 6-hour shift as outrider.
2026-01-09 01:55:53.375 -06:00 [WRN] [LAG SPOKE] HonestWork TownJobBehavior.OnHourlyTick took 12ms
2026-01-09 01:55:54.246 -06:00 [WRN] [LAG SPOKE] HonestWork TownJobBehavior.OnHourlyTick took 12ms
2026-01-09 01:55:55.078 -06:00 [WRN] [LAG SPOKE] HonestWork TownJobBehavior.OnHourlyTick took 11ms
2026-01-09 01:55:55.901 -06:00 [WRN] [LAG SPOKE] HonestWork TownJobBehavior.OnHourlyTick took 6ms
2026-01-09 01:55:56.737 -06:00 [WRN] [LAG SPOKE] HonestWork TownJobBehavior.OnHourlyTick took 10ms
2026-01-09 01:55:57.569 -06:00 [WRN] [LAG SPOKE] HonestWork TownJobBehavior.OnHourlyTick took 10ms
2026-01-09 01:55:57.738 -06:00 [INF] Player finished 6-hour shift as outrider.
2026-01-09 01:55:58.396 -06:00 [WRN] [LAG SPOKE] HonestWork TownJobBehavior.OnHourlyTick took 9ms
2026-01-09 01:55:59.225 -06:00 [WRN] [LAG SPOKE] HonestWork TownJobBehavior.OnHourlyTick took 11ms
2026-01-09 01:56:00.047 -06:00 [WRN] [LAG SPOKE] HonestWork TownJobBehavior.OnHourlyTick took 10ms
2026-01-09 01:56:00.875 -06:00 [WRN] [LAG SPOKE] HonestWork TownJobBehavior.OnHourlyTick took 7ms
2026-01-09 01:56:01.710 -06:00 [WRN] [LAG SPOKE] HonestWork TownJobBehavior.OnHourlyTick took 12ms
2026-01-09 01:56:02.532 -06:00 [WRN] [LAG SPOKE] HonestWork TownJobBehavior.OnHourlyTick took 7ms
2026-01-09 01:56:02.750 -06:00 [INF] Player finished 6-hour shift as outrider.
2026-01-09 01:56:03.373 -06:00 [WRN] [LAG SPOKE] HonestWork TownJobBehavior.OnHourlyTick took 9ms
2026-01-09 01:56:04.208 -06:00 [WRN] [LAG SPOKE] HonestWork TownJobBehavior.OnHourlyTick took 7ms
2026-01-09 01:56:05.042 -06:00 [WRN] [LAG SPOKE] HonestWork TownJobBehavior.OnHourlyTick took 13ms
2026-01-09 01:56:05.906 -06:00 [WRN] [LAG SPOKE] HonestWork TownJobBehavior.OnHourlyTick took 7ms
2026-01-09 01:56:06.702 -06:00 [WRN] [LAG SPOKE] HonestWork TownJobBehavior.OnHourlyTick took 8ms
2026-01-09 01:56:07.602 -06:00 [WRN] [LAG SPOKE] HonestWork TownJobBehavior.OnHourlyTick took 9ms
2026-01-09 01:56:07.832 -06:00 [INF] Player finished 6-hour shift as outrider.
2026-01-09 01:56:08.432 -06:00 [WRN] [LAG SPOKE] HonestWork TownJobBehavior.OnHourlyTick took 6ms
2026-01-09 01:56:10.078 -06:00 [WRN] [LAG SPOKE] HonestWork TownJobBehavior.OnHourlyTick took 8ms
2026-01-09 01:56:11.769 -06:00 [WRN] [LAG SPOKE] HonestWork TownJobBehavior.OnHourlyTick took 13ms
2026-01-09 01:56:12.605 -06:00 [WRN] [LAG SPOKE] HonestWork TownJobBehavior.OnHourlyTick took 7ms
2026-01-09 01:56:12.854 -06:00 [INF] Player finished 6-hour shift as outrider.
2026-01-09 01:56:13.400 -06:00 [WRN] [LAG SPOKE] HonestWork TownJobBehavior.OnHourlyTick took 6ms
2026-01-09 01:56:14.281 -06:00 [WRN] [LAG SPOKE] HonestWork TownJobBehavior.OnHourlyTick took 10ms
2026-01-09 01:56:15.100 -06:00 [WRN] [LAG SPOKE] HonestWork TownJobBehavior.OnHourlyTick took 6ms
2026-01-09 01:56:16.742 -06:00 [WRN] [LAG SPOKE] HonestWork TownJobBehavior.OnHourlyTick took 11ms
2026-01-09 01:56:17.576 -06:00 [WRN] [LAG SPOKE] HonestWork TownJobBehavior.OnHourlyTick took 8ms
2026-01-09 01:56:17.886 -06:00 [INF] Player finished 6-hour shift as outrider.
2026-01-09 01:56:18.417 -06:00 [WRN] [LAG SPOKE] HonestWork TownJobBehavior.OnHourlyTick took 15ms
2026-01-09 01:56:19.254 -06:00 [WRN] [LAG SPOKE] HonestWork TownJobBehavior.OnHourlyTick took 6ms
2026-01-09 01:56:20.099 -06:00 [WRN] [LAG SPOKE] HonestWork TownJobBehavior.OnHourlyTick took 13ms
2026-01-09 01:56:21.854 -06:00 [WRN] [LAG SPOKE] HonestWork TownJobBehavior.OnHourlyTick took 14ms
2026-01-09 01:56:23.012 -06:00 [INF] Player finished 6-hour shift as outrider.
2026-01-09 01:56:23.531 -06:00 [WRN] [LAG SPOKE] HonestWork TownJobBehavior.OnHourlyTick took 7ms
2026-01-09 01:56:25.176 -06:00 [WRN] [LAG SPOKE] HonestWork TownJobBehavior.OnHourlyTick took 7ms
2026-01-09 01:56:25.998 -06:00 [WRN] [LAG SPOKE] HonestWork TownJobBehavior.OnHourlyTick took 6ms
2026-01-09 01:56:26.841 -06:00 [WRN] [LAG SPOKE] HonestWork TownJobBehavior.OnHourlyTick took 7ms
2026-01-09 01:56:27.767 -06:00 [WRN] [LAG SPOKE] HonestWork TownJobBehavior.OnHourlyTick took 6ms
2026-01-09 01:56:28.152 -06:00 [INF] Player finished 6-hour shift as outrider.
2026-01-09 01:56:33.008 -06:00 [WRN] [LAG SPOKE] HonestWork TownJobBehavior.OnHourlyTick took 7ms
2026-01-09 01:56:33.856 -06:00 [WRN] [LAG SPOKE] HonestWork TownJobBehavior.OnHourlyTick took 6ms
2026-01-09 01:56:34.737 -06:00 [WRN] [LAG SPOKE] HonestWork TownJobBehavior.OnHourlyTick took 7ms
2026-01-09 01:56:35.566 -06:00 [WRN] [LAG SPOKE] HonestWork TownJobBehavior.OnHourlyTick took 8ms
2026-01-09 01:56:36.384 -06:00 [WRN] [LAG SPOKE] HonestWork TownJobBehavior.OnHourlyTick took 11ms
2026-01-09 01:56:36.799 -06:00 [INF] Player finished 6-hour shift as outrider.
2026-01-09 01:56:37.190 -06:00 [WRN] [LAG SPOKE] HonestWork TownJobBehavior.OnHourlyTick took 7ms
2026-01-09 01:56:38.057 -06:00 [WRN] [LAG SPOKE] HonestWork TownJobBehavior.OnHourlyTick took 12ms
2026-01-09 01:56:38.898 -06:00 [WRN] [LAG SPOKE] HonestWork TownJobBehavior.OnHourlyTick took 6ms
2026-01-09 01:56:40.618 -06:00 [WRN] [LAG SPOKE] HonestWork TownJobBehavior.OnHourlyTick took 10ms
2026-01-09 01:56:41.444 -06:00 [WRN] [LAG SPOKE] HonestWork TownJobBehavior.OnHourlyTick took 8ms
2026-01-09 01:56:41.890 -06:00 [INF] Player finished 6-hour shift as outrider.
2026-01-09 01:56:43.096 -06:00 [WRN] [LAG SPOKE] HonestWork TownJobBehavior.OnHourlyTick took 8ms
2026-01-09 01:56:43.970 -06:00 [WRN] [LAG SPOKE] HonestWork TownJobBehavior.OnHourlyTick took 6ms
2026-01-09 01:56:44.805 -06:00 [WRN] [LAG SPOKE] HonestWork TownJobBehavior.OnHourlyTick took 10ms
2026-01-09 01:56:45.630 -06:00 [WRN] [LAG SPOKE] HonestWork TownJobBehavior.OnHourlyTick took 11ms
2026-01-09 01:56:46.965 -06:00 [INF] Player finished 6-hour shift as outrider.
2026-01-09 01:56:47.343 -06:00 [WRN] [LAG SPOKE] HonestWork TownJobBehavior.OnHourlyTick took 7ms
2026-01-09 01:56:48.234 -06:00 [WRN] [LAG SPOKE] HonestWork TownJobBehavior.OnHourlyTick took 6ms
2026-01-09 01:56:49.046 -06:00 [WRN] [LAG SPOKE] HonestWork TownJobBehavior.OnHourlyTick took 6ms
2026-01-09 01:56:50.038 -06:00 [WRN] [LAG SPOKE] HonestWork TownJobBehavior.OnHourlyTick took 8ms
2026-01-09 01:56:50.940 -06:00 [WRN] [LAG SPOKE] HonestWork TownJobBehavior.OnHourlyTick took 9ms
2026-01-09 01:56:51.882 -06:00 [WRN] [LAG SPOKE] HonestWork TownJobBehavior.OnHourlyTick took 6ms
2026-01-09 01:56:52.357 -06:00 [INF] Player finished 6-hour shift as outrider.
2026-01-09 01:56:52.703 -06:00 [WRN] [LAG SPOKE] HonestWork TownJobBehavior.OnHourlyTick took 9ms
2026-01-09 01:56:53.502 -06:00 [WRN] [LAG SPOKE] HonestWork TownJobBehavior.OnHourlyTick took 6ms
2026-01-09 01:56:54.366 -06:00 [WRN] [LAG SPOKE] HonestWork TownJobBehavior.OnHourlyTick took 6ms
2026-01-09 01:56:55.222 -06:00 [WRN] [LAG SPOKE] HonestWork TownJobBehavior.OnHourlyTick took 6ms
2026-01-09 01:56:56.015 -06:00 [WRN] [LAG SPOKE] HonestWork TownJobBehavior.OnHourlyTick took 7ms
2026-01-09 01:56:56.866 -06:00 [WRN] [LAG SPOKE] HonestWork TownJobBehavior.OnHourlyTick took 8ms
2026-01-09 01:56:57.383 -06:00 [INF] Player finished 6-hour shift as outrider.
2026-01-09 01:56:57.705 -06:00 [WRN] [LAG SPOKE] HonestWork TownJobBehavior.OnHourlyTick took 7ms
2026-01-09 01:56:58.498 -06:00 [WRN] [LAG SPOKE] HonestWork TownJobBehavior.OnHourlyTick took 9ms
2026-01-09 01:56:59.335 -06:00 [WRN] [LAG SPOKE] HonestWork TownJobBehavior.OnHourlyTick took 7ms
2026-01-09 01:57:00.171 -06:00 [WRN] [LAG SPOKE] HonestWork TownJobBehavior.OnHourlyTick took 8ms
2026-01-09 01:57:01.056 -06:00 [WRN] [LAG SPOKE] HonestWork TownJobBehavior.OnHourlyTick took 9ms
2026-01-09 01:57:02.499 -06:00 [INF] Player finished 6-hour shift as outrider.
2026-01-09 01:57:02.760 -06:00 [WRN] [LAG SPOKE] HonestWork TownJobBehavior.OnHourlyTick took 7ms
2026-01-09 01:57:04.493 -06:00 [WRN] [LAG SPOKE] HonestWork TownJobBehavior.OnHourlyTick took 7ms
2026-01-09 01:57:06.166 -06:00 [WRN] [LAG SPOKE] HonestWork TownJobBehavior.OnHourlyTick took 9ms
2026-01-09 01:57:07.114 -06:00 [WRN] [LAG SPOKE] HonestWork TownJobBehavior.OnHourlyTick took 10ms
2026-01-09 01:57:07.783 -06:00 [INF] Player finished 6-hour shift as outrider.
2026-01-09 01:57:08.028 -06:00 [WRN] [LAG SPOKE] HonestWork TownJobBehavior.OnHourlyTick took 8ms
2026-01-09 01:57:09.795 -06:00 [WRN] [LAG SPOKE] HonestWork TownJobBehavior.OnHourlyTick took 11ms
2026-01-09 01:57:11.425 -06:00 [WRN] [LAG SPOKE] HonestWork TownJobBehavior.OnHourlyTick took 15ms
2026-01-09 01:57:12.254 -06:00 [WRN] [LAG SPOKE] HonestWork TownJobBehavior.OnHourlyTick took 11ms
2026-01-09 01:57:12.920 -06:00 [INF] Player finished 6-hour shift as outrider.
2026-01-09 01:57:13.130 -06:00 [WRN] [LAG SPOKE] HonestWork TownJobBehavior.OnHourlyTick took 7ms
2026-01-09 01:57:13.965 -06:00 [WRN] [LAG SPOKE] HonestWork TownJobBehavior.OnHourlyTick took 10ms
2026-01-09 01:57:14.790 -06:00 [WRN] [LAG SPOKE] HonestWork TownJobBehavior.OnHourlyTick took 8ms
2026-01-09 01:57:16.430 -06:00 [WRN] [LAG SPOKE] HonestWork TownJobBehavior.OnHourlyTick took 12ms
2026-01-09 01:57:17.274 -06:00 [WRN] [LAG SPOKE] HonestWork TownJobBehavior.OnHourlyTick took 10ms
2026-01-09 01:57:17.938 -06:00 [INF] Player finished 6-hour shift as outrider.
2026-01-09 01:57:18.097 -06:00 [WRN] [LAG SPOKE] HonestWork TownJobBehavior.OnHourlyTick took 7ms
2026-01-09 01:57:18.929 -06:00 [WRN] [LAG SPOKE] HonestWork TownJobBehavior.OnHourlyTick took 10ms
2026-01-09 01:57:19.760 -06:00 [WRN] [LAG SPOKE] HonestWork TownJobBehavior.OnHourlyTick took 9ms
2026-01-09 01:57:20.631 -06:00 [WRN] [LAG SPOKE] HonestWork TownJobBehavior.OnHourlyTick took 6ms
2026-01-09 01:57:21.458 -06:00 [WRN] [LAG SPOKE] HonestWork TownJobBehavior.OnHourlyTick took 9ms
2026-01-09 01:57:22.288 -06:00 [WRN] [LAG SPOKE] HonestWork TownJobBehavior.OnHourlyTick took 8ms
2026-01-09 01:57:22.957 -06:00 [INF] Player finished 6-hour shift as outrider.
2026-01-09 01:57:23.117 -06:00 [WRN] [LAG SPOKE] HonestWork TownJobBehavior.OnHourlyTick took 9ms
2026-01-09 01:57:23.935 -06:00 [WRN] [LAG SPOKE] HonestWork TownJobBehavior.OnHourlyTick took 8ms
2026-01-09 01:57:24.755 -06:00 [WRN] [LAG SPOKE] HonestWork TownJobBehavior.OnHourlyTick took 6ms
2026-01-09 01:57:25.625 -06:00 [WRN] [LAG SPOKE] HonestWork TownJobBehavior.OnHourlyTick took 7ms
2026-01-09 01:57:26.442 -06:00 [WRN] [LAG SPOKE] HonestWork TownJobBehavior.OnHourlyTick took 9ms
2026-01-09 01:57:27.265 -06:00 [WRN] [LAG SPOKE] HonestWork TownJobBehavior.OnHourlyTick took 10ms
2026-01-09 01:57:27.977 -06:00 [INF] Player finished 6-hour shift as outrider.
2026-01-09 01:57:28.963 -06:00 [WRN] [LAG SPOKE] HonestWork TownJobBehavior.OnHourlyTick took 10ms
2026-01-09 01:57:29.783 -06:00 [WRN] [LAG SPOKE] HonestWork TownJobBehavior.OnHourlyTick took 6ms
2026-01-09 01:57:30.602 -06:00 [WRN] [LAG SPOKE] HonestWork TownJobBehavior.OnHourlyTick took 7ms
2026-01-09 01:57:31.464 -06:00 [WRN] [LAG SPOKE] HonestWork TownJobBehavior.OnHourlyTick took 7ms
2026-01-09 01:57:32.278 -06:00 [WRN] [LAG SPOKE] HonestWork TownJobBehavior.OnHourlyTick took 10ms
2026-01-09 01:57:32.983 -06:00 [INF] Player finished 6-hour shift as outrider.
2026-01-09 01:57:33.093 -06:00 [WRN] [LAG SPOKE] HonestWork TownJobBehavior.OnHourlyTick took 7ms
2026-01-09 01:57:33.965 -06:00 [WRN] [LAG SPOKE] HonestWork TownJobBehavior.OnHourlyTick took 7ms
2026-01-09 01:57:34.794 -06:00 [WRN] [LAG SPOKE] HonestWork TownJobBehavior.OnHourlyTick took 11ms
2026-01-09 01:57:35.657 -06:00 [WRN] [LAG SPOKE] HonestWork TownJobBehavior.OnHourlyTick took 7ms
2026-01-09 01:57:36.426 -06:00 [WRN] [LAG SPOKE] HonestWork TownJobBehavior.OnHourlyTick took 9ms
2026-01-09 01:57:37.263 -06:00 [WRN] [LAG SPOKE] HonestWork TownJobBehavior.OnHourlyTick took 9ms
2026-01-09 01:57:37.997 -06:00 [INF] Player finished 6-hour shift as outrider.
2026-01-09 01:57:38.106 -06:00 [WRN] [LAG SPOKE] HonestWork TownJobBehavior.OnHourlyTick took 8ms
2026-01-09 01:57:38.947 -06:00 [WRN] [LAG SPOKE] HonestWork TownJobBehavior.OnHourlyTick took 8ms
2026-01-09 01:57:39.765 -06:00 [WRN] [LAG SPOKE] HonestWork TownJobBehavior.OnHourlyTick took 8ms
2026-01-09 01:57:40.595 -06:00 [WRN] [LAG SPOKE] HonestWork TownJobBehavior.OnHourlyTick took 9ms
2026-01-09 01:57:41.427 -06:00 [WRN] [LAG SPOKE] HonestWork TownJobBehavior.OnHourlyTick took 14ms
2026-01-09 01:57:42.298 -06:00 [WRN] [LAG SPOKE] HonestWork TownJobBehavior.OnHourlyTick took 7ms
2026-01-09 01:57:43.016 -06:00 [INF] Player finished 6-hour shift as outrider.
2026-01-09 01:57:43.131 -06:00 [WRN] [LAG SPOKE] HonestWork TownJobBehavior.OnHourlyTick took 11ms
2026-01-09 01:57:43.966 -06:00 [WRN] [LAG SPOKE] HonestWork TownJobBehavior.OnHourlyTick took 9ms
2026-01-09 01:57:44.787 -06:00 [WRN] [LAG SPOKE] HonestWork TownJobBehavior.OnHourlyTick took 6ms
2026-01-09 01:57:45.610 -06:00 [WRN] [LAG SPOKE] HonestWork TownJobBehavior.OnHourlyTick took 6ms
2026-01-09 01:57:46.435 -06:00 [WRN] [LAG SPOKE] HonestWork TownJobBehavior.OnHourlyTick took 15ms
2026-01-09 01:57:47.260 -06:00 [WRN] [LAG SPOKE] HonestWork TownJobBehavior.OnHourlyTick took 9ms
2026-01-09 01:57:48.055 -06:00 [INF] Player finished 6-hour shift as outrider.
2026-01-09 01:57:48.117 -06:00 [WRN] [LAG SPOKE] HonestWork TownJobBehavior.OnHourlyTick took 6ms
2026-01-09 01:57:48.931 -06:00 [WRN] [LAG SPOKE] HonestWork TownJobBehavior.OnHourlyTick took 8ms
2026-01-09 01:57:49.765 -06:00 [WRN] [LAG SPOKE] HonestWork TownJobBehavior.OnHourlyTick took 8ms
2026-01-09 01:57:50.598 -06:00 [WRN] [LAG SPOKE] HonestWork TownJobBehavior.OnHourlyTick took 7ms
2026-01-09 01:57:51.435 -06:00 [WRN] [LAG SPOKE] HonestWork TownJobBehavior.OnHourlyTick took 10ms
2026-01-09 01:57:52.269 -06:00 [WRN] [LAG SPOKE] HonestWork TownJobBehavior.OnHourlyTick took 7ms
2026-01-09 02:05:55.270 -06:00 [WRN] [LAG SPOKE] HonestWork TownJobBehavior.OnHourlyTick took 15ms
2026-01-09 02:05:56.096 -06:00 [WRN] [LAG SPOKE] HonestWork TownJobBehavior.OnHourlyTick took 8ms
2026-01-09 02:05:56.925 -06:00 [WRN] [LAG SPOKE] HonestWork TownJobBehavior.OnHourlyTick took 7ms
2026-01-09 02:05:58.628 -06:00 [WRN] [LAG SPOKE] HonestWork TownJobBehavior.OnHourlyTick took 7ms
2026-01-09 02:05:59.536 -06:00 [INF] Player finished 6-hour shift as instructor.
2026-01-09 02:06:00.288 -06:00 [WRN] [LAG SPOKE] HonestWork TownJobBehavior.OnHourlyTick took 6ms
2026-01-09 02:06:01.125 -06:00 [WRN] [LAG SPOKE] HonestWork TownJobBehavior.OnHourlyTick took 8ms
2026-01-09 02:06:01.951 -06:00 [WRN] [LAG SPOKE] HonestWork TownJobBehavior.OnHourlyTick took 7ms
2026-01-09 02:06:02.832 -06:00 [WRN] [LAG SPOKE] HonestWork TownJobBehavior.OnHourlyTick took 7ms
2026-01-09 02:06:03.658 -06:00 [WRN] [LAG SPOKE] HonestWork TownJobBehavior.OnHourlyTick took 8ms
2026-01-09 02:06:04.479 -06:00 [WRN] [LAG SPOKE] HonestWork TownJobBehavior.OnHourlyTick took 7ms
2026-01-09 02:06:04.613 -06:00 [INF] Player finished 6-hour shift as instructor.
2026-01-09 02:06:05.302 -06:00 [WRN] [LAG SPOKE] HonestWork TownJobBehavior.OnHourlyTick took 9ms
2026-01-09 02:06:06.132 -06:00 [WRN] [LAG SPOKE] HonestWork TownJobBehavior.OnHourlyTick took 8ms
2026-01-09 02:06:06.996 -06:00 [WRN] [LAG SPOKE] HonestWork TownJobBehavior.OnHourlyTick took 6ms
2026-01-09 02:06:08.666 -06:00 [WRN] [LAG SPOKE] HonestWork TownJobBehavior.OnHourlyTick took 6ms
2026-01-09 02:06:09.749 -06:00 [INF] Player finished 6-hour shift as instructor.
2026-01-09 02:06:10.393 -06:00 [WRN] [LAG SPOKE] HonestWork TownJobBehavior.OnHourlyTick took 6ms
2026-01-09 02:06:11.227 -06:00 [WRN] [LAG SPOKE] HonestWork TownJobBehavior.OnHourlyTick took 8ms
2026-01-09 02:06:12.066 -06:00 [WRN] [LAG SPOKE] HonestWork TownJobBehavior.OnHourlyTick took 6ms
2026-01-09 02:06:13.715 -06:00 [WRN] [LAG SPOKE] HonestWork TownJobBehavior.OnHourlyTick took 7ms
2026-01-09 02:06:14.542 -06:00 [WRN] [LAG SPOKE] HonestWork TownJobBehavior.OnHourlyTick took 7ms
2026-01-09 02:06:14.783 -06:00 [INF] Player finished 6-hour shift as instructor.
2026-01-09 02:06:15.427 -06:00 [WRN] [LAG SPOKE] HonestWork TownJobBehavior.OnHourlyTick took 7ms
2026-01-09 02:06:17.085 -06:00 [WRN] [LAG SPOKE] HonestWork TownJobBehavior.OnHourlyTick took 6ms
2026-01-09 02:06:18.750 -06:00 [WRN] [LAG SPOKE] HonestWork TownJobBehavior.OnHourlyTick took 7ms
2026-01-09 02:06:19.574 -06:00 [WRN] [LAG SPOKE] HonestWork TownJobBehavior.OnHourlyTick took 8ms
2026-01-09 02:06:19.813 -06:00 [INF] Player finished 6-hour shift as instructor.
2026-01-09 02:06:20.397 -06:00 [WRN] [LAG SPOKE] HonestWork TownJobBehavior.OnHourlyTick took 7ms
2026-01-09 02:06:55.050 -06:00 [WRN] [LAG SPOKE] HonestWork TownJobBehavior.OnHourlyTick took 31ms
2026-01-09 02:06:55.989 -06:00 [WRN] [LAG SPOKE] HonestWork TownJobBehavior.OnHourlyTick took 10ms
2026-01-09 02:06:57.647 -06:00 [WRN] [LAG SPOKE] HonestWork TownJobBehavior.OnHourlyTick took 10ms
2026-01-09 02:06:58.755 -06:00 [INF] Player finished 6-hour shift as instructor.
2026-01-09 02:06:59.302 -06:00 [WRN] [LAG SPOKE] HonestWork TownJobBehavior.OnHourlyTick took 10ms
2026-01-09 02:07:00.160 -06:00 [WRN] [LAG SPOKE] HonestWork TownJobBehavior.OnHourlyTick took 6ms
2026-01-09 02:07:01.819 -06:00 [WRN] [LAG SPOKE] HonestWork TownJobBehavior.OnHourlyTick took 6ms
2026-01-09 02:07:02.696 -06:00 [WRN] [LAG SPOKE] HonestWork TownJobBehavior.OnHourlyTick took 9ms
2026-01-09 02:07:03.853 -06:00 [INF] Player finished 6-hour shift as instructor.
2026-01-09 02:07:05.232 -06:00 [WRN] [LAG SPOKE] HonestWork TownJobBehavior.OnHourlyTick took 8ms
2026-01-09 02:07:06.005 -06:00 [WRN] [LAG SPOKE] HonestWork TownJobBehavior.OnHourlyTick took 6ms
2026-01-09 02:07:06.842 -06:00 [WRN] [LAG SPOKE] HonestWork TownJobBehavior.OnHourlyTick took 6ms
2026-01-09 02:07:07.689 -06:00 [WRN] [LAG SPOKE] HonestWork TownJobBehavior.OnHourlyTick took 10ms
2026-01-09 02:07:08.540 -06:00 [WRN] [LAG SPOKE] HonestWork TownJobBehavior.OnHourlyTick took 8ms
2026-01-09 02:07:08.957 -06:00 [INF] Player finished 6-hour shift as instructor.
2026-01-09 02:07:09.530 -06:00 [WRN] [LAG SPOKE] HonestWork TownJobBehavior.OnHourlyTick took 9ms
2026-01-09 02:07:11.393 -06:00 [WRN] [LAG SPOKE] HonestWork TownJobBehavior.OnHourlyTick took 8ms
2026-01-09 02:07:13.240 -06:00 [WRN] [LAG SPOKE] HonestWork TownJobBehavior.OnHourlyTick took 8ms
2026-01-09 02:07:14.622 -06:00 [INF] Player finished 6-hour shift as instructor.
2026-01-09 02:07:15.092 -06:00 [WRN] [LAG SPOKE] HonestWork TownJobBehavior.OnHourlyTick took 6ms
2026-01-09 02:07:16.963 -06:00 [WRN] [LAG SPOKE] HonestWork TownJobBehavior.OnHourlyTick took 8ms
2026-01-09 02:07:18.720 -06:00 [WRN] [LAG SPOKE] HonestWork TownJobBehavior.OnHourlyTick took 7ms
2026-01-09 02:07:19.570 -06:00 [WRN] [LAG SPOKE] HonestWork TownJobBehavior.OnHourlyTick took 7ms
2026-01-09 02:07:20.054 -06:00 [INF] Player finished 6-hour shift as instructor.
2026-01-09 02:07:21.351 -06:00 [WRN] [LAG SPOKE] HonestWork TownJobBehavior.OnHourlyTick took 7ms
2026-01-09 02:07:22.356 -06:00 [WRN] [LAG SPOKE] HonestWork TownJobBehavior.OnHourlyTick took 8ms
2026-01-09 02:07:24.058 -06:00 [WRN] [LAG SPOKE] HonestWork TownJobBehavior.OnHourlyTick took 6ms
2026-01-09 02:07:24.986 -06:00 [WRN] [LAG SPOKE] HonestWork TownJobBehavior.OnHourlyTick took 8ms
2026-01-09 02:07:25.486 -06:00 [INF] Player finished 6-hour shift as instructor.
2026-01-09 02:07:25.886 -06:00 [WRN] [LAG SPOKE] HonestWork TownJobBehavior.OnHourlyTick took 8ms
2026-01-09 02:07:27.644 -06:00 [WRN] [LAG SPOKE] HonestWork TownJobBehavior.OnHourlyTick took 6ms
2026-01-09 02:07:28.450 -06:00 [WRN] [LAG SPOKE] HonestWork TownJobBehavior.OnHourlyTick took 8ms
2026-01-09 02:07:29.327 -06:00 [WRN] [LAG SPOKE] HonestWork TownJobBehavior.OnHourlyTick took 10ms
2026-01-09 02:07:30.134 -06:00 [WRN] [LAG SPOKE] HonestWork TownJobBehavior.OnHourlyTick took 11ms
2026-01-09 02:07:30.654 -06:00 [INF] Player finished 6-hour shift as instructor.
2026-01-09 02:07:31.000 -06:00 [WRN] [LAG SPOKE] HonestWork TownJobBehavior.OnHourlyTick took 7ms
2026-01-09 02:07:32.678 -06:00 [WRN] [LAG SPOKE] HonestWork TownJobBehavior.OnHourlyTick took 6ms
2026-01-09 02:07:33.529 -06:00 [WRN] [LAG SPOKE] HonestWork TownJobBehavior.OnHourlyTick took 8ms
2026-01-09 02:07:34.359 -06:00 [WRN] [LAG SPOKE] HonestWork TownJobBehavior.OnHourlyTick took 11ms
2026-01-09 02:07:35.154 -06:00 [WRN] [LAG SPOKE] HonestWork TownJobBehavior.OnHourlyTick took 6ms
2026-01-09 02:07:35.742 -06:00 [INF] Player finished 6-hour shift as instructor.
2026-01-09 02:07:36.021 -06:00 [WRN] [LAG SPOKE] HonestWork TownJobBehavior.OnHourlyTick took 7ms
2026-01-09 02:07:37.755 -06:00 [WRN] [LAG SPOKE] HonestWork TownJobBehavior.OnHourlyTick took 7ms
2026-01-09 02:07:38.668 -06:00 [WRN] [LAG SPOKE] HonestWork TownJobBehavior.OnHourlyTick took 7ms
2026-01-09 02:07:39.585 -06:00 [WRN] [LAG SPOKE] HonestWork TownJobBehavior.OnHourlyTick took 9ms
2026-01-09 02:07:41.078 -06:00 [INF] Player finished 6-hour shift as instructor.
2026-01-09 02:07:43.155 -06:00 [WRN] [LAG SPOKE] HonestWork TownJobBehavior.OnHourlyTick took 11ms
2026-01-09 02:07:43.950 -06:00 [WRN] [LAG SPOKE] HonestWork TownJobBehavior.OnHourlyTick took 7ms
2026-01-09 02:07:44.812 -06:00 [WRN] [LAG SPOKE] HonestWork TownJobBehavior.OnHourlyTick took 9ms
2026-01-09 02:07:45.600 -06:00 [WRN] [LAG SPOKE] HonestWork TownJobBehavior.OnHourlyTick took 7ms
2026-01-09 02:07:46.219 -06:00 [INF] Player finished 6-hour shift as instructor.
2026-01-09 02:07:46.429 -06:00 [WRN] [LAG SPOKE] HonestWork TownJobBehavior.OnHourlyTick took 8ms
2026-01-09 02:07:47.262 -06:00 [WRN] [LAG SPOKE] HonestWork TownJobBehavior.OnHourlyTick took 6ms
2026-01-09 02:07:48.142 -06:00 [WRN] [LAG SPOKE] HonestWork TownJobBehavior.OnHourlyTick took 7ms
2026-01-09 02:07:48.977 -06:00 [WRN] [LAG SPOKE] HonestWork TownJobBehavior.OnHourlyTick took 6ms
2026-01-09 02:07:49.806 -06:00 [WRN] [LAG SPOKE] HonestWork TownJobBehavior.OnHourlyTick took 13ms
2026-01-09 02:07:50.614 -06:00 [WRN] [LAG SPOKE] HonestWork TownJobBehavior.OnHourlyTick took 6ms
2026-01-09 02:07:51.231 -06:00 [INF] Player finished 6-hour shift as instructor.
2026-01-09 02:07:51.442 -06:00 [WRN] [LAG SPOKE] HonestWork TownJobBehavior.OnHourlyTick took 10ms
2026-01-09 02:07:52.271 -06:00 [WRN] [LAG SPOKE] HonestWork TownJobBehavior.OnHourlyTick took 10ms
2026-01-09 02:07:53.101 -06:00 [WRN] [LAG SPOKE] HonestWork TownJobBehavior.OnHourlyTick took 10ms
2026-01-09 02:07:53.977 -06:00 [WRN] [LAG SPOKE] HonestWork TownJobBehavior.OnHourlyTick took 6ms
2026-01-09 02:07:54.817 -06:00 [WRN] [LAG SPOKE] HonestWork TownJobBehavior.OnHourlyTick took 8ms
2026-01-09 02:07:56.255 -06:00 [INF] Player finished 6-hour shift as instructor.
2026-01-09 02:07:56.469 -06:00 [WRN] [LAG SPOKE] HonestWork TownJobBehavior.OnHourlyTick took 12ms
2026-01-09 02:07:57.292 -06:00 [WRN] [LAG SPOKE] HonestWork TownJobBehavior.OnHourlyTick took 7ms
2026-01-09 02:07:58.138 -06:00 [WRN] [LAG SPOKE] HonestWork TownJobBehavior.OnHourlyTick took 9ms
2026-01-09 02:07:58.975 -06:00 [WRN] [LAG SPOKE] HonestWork TownJobBehavior.OnHourlyTick took 11ms
2026-01-09 02:07:59.809 -06:00 [WRN] [LAG SPOKE] HonestWork TownJobBehavior.OnHourlyTick took 8ms
2026-01-09 02:08:00.645 -06:00 [WRN] [LAG SPOKE] HonestWork TownJobBehavior.OnHourlyTick took 10ms
2026-01-09 02:08:01.266 -06:00 [INF] Player finished 6-hour shift as instructor.
2026-01-09 02:08:01.472 -06:00 [WRN] [LAG SPOKE] HonestWork TownJobBehavior.OnHourlyTick took 10ms
2026-01-09 02:08:02.309 -06:00 [WRN] [LAG SPOKE] HonestWork TownJobBehavior.OnHourlyTick took 12ms
2026-01-09 02:08:03.102 -06:00 [WRN] [LAG SPOKE] HonestWork TownJobBehavior.OnHourlyTick took 8ms
2026-01-09 02:08:03.935 -06:00 [WRN] [LAG SPOKE] HonestWork TownJobBehavior.OnHourlyTick took 8ms
2026-01-09 02:08:04.773 -06:00 [WRN] [LAG SPOKE] HonestWork TownJobBehavior.OnHourlyTick took 15ms
2026-01-09 02:08:05.646 -06:00 [WRN] [LAG SPOKE] HonestWork TownJobBehavior.OnHourlyTick took 8ms
2026-01-09 02:08:06.268 -06:00 [INF] Player finished 6-hour shift as instructor.
2026-01-09 02:08:06.474 -06:00 [WRN] [LAG SPOKE] HonestWork TownJobBehavior.OnHourlyTick took 6ms
2026-01-09 02:08:07.314 -06:00 [WRN] [LAG SPOKE] HonestWork TownJobBehavior.OnHourlyTick took 10ms
2026-01-09 02:08:08.148 -06:00 [WRN] [LAG SPOKE] HonestWork TownJobBehavior.OnHourlyTick took 10ms
2026-01-09 02:08:08.935 -06:00 [WRN] [LAG SPOKE] HonestWork TownJobBehavior.OnHourlyTick took 8ms
2026-01-09 02:08:09.779 -06:00 [WRN] [LAG SPOKE] HonestWork TownJobBehavior.OnHourlyTick took 12ms
2026-01-09 02:08:10.616 -06:00 [WRN] [LAG SPOKE] HonestWork TownJobBehavior.OnHourlyTick took 11ms
2026-01-09 02:08:11.336 -06:00 [INF] Player finished 6-hour shift as instructor.
2026-01-09 02:08:11.478 -06:00 [WRN] [LAG SPOKE] HonestWork TownJobBehavior.OnHourlyTick took 9ms
2026-01-09 02:08:12.286 -06:00 [WRN] [LAG SPOKE] HonestWork TownJobBehavior.OnHourlyTick took 6ms
2026-01-09 02:08:14.030 -06:00 [WRN] [LAG SPOKE] HonestWork TownJobBehavior.OnHourlyTick took 6ms
2026-01-09 02:08:14.864 -06:00 [WRN] [LAG SPOKE] HonestWork TownJobBehavior.OnHourlyTick took 9ms
2026-01-09 02:08:16.461 -06:00 [INF] Player finished 6-hour shift as instructor.
2026-01-09 02:08:16.540 -06:00 [WRN] [LAG SPOKE] HonestWork TownJobBehavior.OnHourlyTick took 7ms
2026-01-09 02:08:17.367 -06:00 [WRN] [LAG SPOKE] HonestWork TownJobBehavior.OnHourlyTick took 13ms
2026-01-09 02:08:50.397 -06:00 [WRN] [LAG SPOKE] HonestWork TownJobBehavior.OnHourlyTick took 6ms
2026-01-09 02:08:51.254 -06:00 [WRN] [LAG SPOKE] HonestWork TownJobBehavior.OnHourlyTick took 13ms
2026-01-09 02:08:52.066 -06:00 [WRN] [LAG SPOKE] HonestWork TownJobBehavior.OnHourlyTick took 13ms
2026-01-09 02:08:52.869 -06:00 [WRN] [LAG SPOKE] HonestWork TownJobBehavior.OnHourlyTick took 9ms
2026-01-09 02:08:53.718 -06:00 [WRN] [LAG SPOKE] HonestWork TownJobBehavior.OnHourlyTick took 9ms
2026-01-09 02:08:54.554 -06:00 [WRN] [LAG SPOKE] HonestWork TownJobBehavior.OnHourlyTick took 6ms
2026-01-09 02:08:55.237 -06:00 [INF] Player finished 6-hour shift as instructor.
2026-01-09 02:08:55.402 -06:00 [WRN] [LAG SPOKE] HonestWork TownJobBehavior.OnHourlyTick took 9ms
2026-01-09 02:08:57.136 -06:00 [WRN] [LAG SPOKE] HonestWork TownJobBehavior.OnHourlyTick took 11ms
2026-01-09 02:08:57.977 -06:00 [WRN] [LAG SPOKE] HonestWork TownJobBehavior.OnHourlyTick took 9ms
2026-01-09 02:08:59.018 -06:00 [WRN] [LAG SPOKE] HonestWork TownJobBehavior.OnHourlyTick took 7ms
2026-01-09 02:09:00.991 -06:00 [INF] Player finished 6-hour shift as instructor.
2026-01-09 02:09:01.085 -06:00 [WRN] [LAG SPOKE] HonestWork TownJobBehavior.OnHourlyTick took 7ms
2026-01-09 02:09:03.150 -06:00 [WRN] [LAG SPOKE] HonestWork TownJobBehavior.OnHourlyTick took 8ms
2026-01-09 02:16:02.174 -06:00 [WRN] [LAG SPOKE] HonestWork TownJobBehavior.OnHourlyTick took 6ms
2026-01-09 02:16:03.186 -06:00 [WRN] [LAG SPOKE] HonestWork TownJobBehavior.OnHourlyTick took 11ms
2026-01-09 02:16:04.062 -06:00 [WRN] [LAG SPOKE] HonestWork TownJobBehavior.OnHourlyTick took 9ms
2026-01-09 02:16:04.774 -06:00 [INF] Player finished 6-hour shift as instructor.
2026-01-09 02:16:04.893 -06:00 [WRN] [LAG SPOKE] HonestWork TownJobBehavior.OnHourlyTick took 7ms
2026-01-09 02:16:05.758 -06:00 [WRN] [LAG SPOKE] HonestWork TownJobBehavior.OnHourlyTick took 6ms
2026-01-09 02:16:06.605 -06:00 [WRN] [LAG SPOKE] HonestWork TownJobBehavior.OnHourlyTick took 10ms
2026-01-09 02:16:08.231 -06:00 [WRN] [LAG SPOKE] HonestWork TownJobBehavior.OnHourlyTick took 6ms
2026-01-09 02:16:09.083 -06:00 [WRN] [LAG SPOKE] HonestWork TownJobBehavior.OnHourlyTick took 8ms
2026-01-09 02:16:09.981 -06:00 [INF] Player finished 6-hour shift as instructor.
2026-01-09 02:16:10.072 -06:00 [WRN] [LAG SPOKE] HonestWork TownJobBehavior.OnHourlyTick took 6ms
2026-01-09 02:16:11.010 -06:00 [WRN] [LAG SPOKE] HonestWork TownJobBehavior.OnHourlyTick took 7ms
2026-01-09 02:16:12.027 -06:00 [WRN] [LAG SPOKE] HonestWork TownJobBehavior.OnHourlyTick took 8ms
2026-01-09 02:16:13.982 -06:00 [WRN] [LAG SPOKE] HonestWork TownJobBehavior.OnHourlyTick took 8ms
2026-01-09 02:16:14.857 -06:00 [WRN] [LAG SPOKE] HonestWork TownJobBehavior.OnHourlyTick took 6ms
2026-01-09 02:16:15.698 -06:00 [INF] Player finished 6-hour shift as instructor.
2026-01-09 02:16:16.635 -06:00 [WRN] [LAG SPOKE] HonestWork TownJobBehavior.OnHourlyTick took 10ms
2026-01-09 02:16:17.476 -06:00 [WRN] [LAG SPOKE] HonestWork TownJobBehavior.OnHourlyTick took 17ms
2026-01-09 02:16:18.346 -06:00 [WRN] [LAG SPOKE] HonestWork TownJobBehavior.OnHourlyTick took 8ms
2026-01-09 02:16:19.161 -06:00 [WRN] [LAG SPOKE] HonestWork TownJobBehavior.OnHourlyTick took 8ms
2026-01-09 02:16:19.970 -06:00 [WRN] [LAG SPOKE] HonestWork TownJobBehavior.OnHourlyTick took 6ms
2026-01-09 02:16:20.776 -06:00 [INF] Player finished 6-hour shift as instructor.
2026-01-09 02:16:20.839 -06:00 [WRN] [LAG SPOKE] HonestWork TownJobBehavior.OnHourlyTick took 7ms
2026-01-09 02:16:21.656 -06:00 [WRN] [LAG SPOKE] HonestWork TownJobBehavior.OnHourlyTick took 10ms
2026-01-09 02:16:22.511 -06:00 [WRN] [LAG SPOKE] HonestWork TownJobBehavior.OnHourlyTick took 10ms
2026-01-09 02:16:23.324 -06:00 [WRN] [LAG SPOKE] HonestWork TownJobBehavior.OnHourlyTick took 7ms
2026-01-09 02:16:24.135 -06:00 [WRN] [LAG SPOKE] HonestWork TownJobBehavior.OnHourlyTick took 11ms
2026-01-09 02:16:24.996 -06:00 [WRN] [LAG SPOKE] HonestWork TownJobBehavior.OnHourlyTick took 8ms
2026-01-09 02:16:25.793 -06:00 [INF] Player finished 6-hour shift as instructor.
2026-01-09 02:16:25.808 -06:00 [WRN] [LAG SPOKE] HonestWork TownJobBehavior.OnHourlyTick took 7ms
2026-01-09 02:16:26.716 -06:00 [WRN] [LAG SPOKE] HonestWork TownJobBehavior.OnHourlyTick took 7ms
2026-01-09 02:16:27.516 -06:00 [WRN] [LAG SPOKE] HonestWork TownJobBehavior.OnHourlyTick took 8ms
2026-01-09 02:16:28.321 -06:00 [WRN] [LAG SPOKE] HonestWork TownJobBehavior.OnHourlyTick took 10ms
2026-01-09 02:16:29.159 -06:00 [WRN] [LAG SPOKE] HonestWork TownJobBehavior.OnHourlyTick took 7ms
2026-01-09 02:16:29.998 -06:00 [WRN] [LAG SPOKE] HonestWork TownJobBehavior.OnHourlyTick took 8ms
2026-01-09 02:16:30.810 -06:00 [WRN] [LAG SPOKE] HonestWork TownJobBehavior.OnHourlyTick took 6ms
2026-01-09 02:16:30.850 -06:00 [INF] Player finished 6-hour shift as instructor.
2026-01-09 02:16:31.674 -06:00 [WRN] [LAG SPOKE] HonestWork TownJobBehavior.OnHourlyTick took 8ms
2026-01-09 02:16:32.485 -06:00 [WRN] [LAG SPOKE] HonestWork TownJobBehavior.OnHourlyTick took 8ms
2026-01-09 02:16:33.349 -06:00 [WRN] [LAG SPOKE] HonestWork TownJobBehavior.OnHourlyTick took 8ms
2026-01-09 02:16:34.163 -06:00 [WRN] [LAG SPOKE] HonestWork TownJobBehavior.OnHourlyTick took 11ms
2026-01-09 02:16:35.022 -06:00 [WRN] [LAG SPOKE] HonestWork TownJobBehavior.OnHourlyTick took 7ms
2026-01-09 02:16:35.834 -06:00 [WRN] [LAG SPOKE] HonestWork TownJobBehavior.OnHourlyTick took 9ms
2026-01-09 02:16:35.870 -06:00 [INF] Player finished 6-hour shift as instructor.
2026-01-09 02:16:36.648 -06:00 [WRN] [LAG SPOKE] HonestWork TownJobBehavior.OnHourlyTick took 7ms
2026-01-09 02:16:37.521 -06:00 [WRN] [LAG SPOKE] HonestWork TownJobBehavior.OnHourlyTick took 9ms
2026-01-09 02:16:38.333 -06:00 [WRN] [LAG SPOKE] HonestWork TownJobBehavior.OnHourlyTick took 7ms
2026-01-09 02:16:39.148 -06:00 [WRN] [LAG SPOKE] HonestWork TownJobBehavior.OnHourlyTick took 8ms
2026-01-09 02:16:40.013 -06:00 [WRN] [LAG SPOKE] HonestWork TownJobBehavior.OnHourlyTick took 9ms
2026-01-09 02:16:40.822 -06:00 [WRN] [LAG SPOKE] HonestWork TownJobBehavior.OnHourlyTick took 8ms
2026-01-09 02:16:40.908 -06:00 [INF] Player finished 6-hour shift as instructor.
2026-01-09 02:16:41.678 -06:00 [WRN] [LAG SPOKE] HonestWork TownJobBehavior.OnHourlyTick took 7ms
2026-01-09 02:16:42.487 -06:00 [WRN] [LAG SPOKE] HonestWork TownJobBehavior.OnHourlyTick took 8ms
2026-01-09 02:16:43.352 -06:00 [WRN] [LAG SPOKE] HonestWork TownJobBehavior.OnHourlyTick took 12ms
2026-01-09 02:16:44.161 -06:00 [WRN] [LAG SPOKE] HonestWork TownJobBehavior.OnHourlyTick took 11ms
2026-01-09 02:16:44.986 -06:00 [WRN] [LAG SPOKE] HonestWork TownJobBehavior.OnHourlyTick took 9ms
2026-01-09 02:16:45.807 -06:00 [WRN] [LAG SPOKE] HonestWork TownJobBehavior.OnHourlyTick took 6ms
2026-01-09 02:16:45.941 -06:00 [INF] Player finished 6-hour shift as instructor.
2026-01-09 02:16:46.733 -06:00 [WRN] [LAG SPOKE] HonestWork TownJobBehavior.OnHourlyTick took 6ms
2026-01-09 02:16:47.505 -06:00 [WRN] [LAG SPOKE] HonestWork TownJobBehavior.OnHourlyTick took 9ms
2026-01-09 02:16:48.328 -06:00 [WRN] [LAG SPOKE] HonestWork TownJobBehavior.OnHourlyTick took 6ms
2026-01-09 02:16:49.154 -06:00 [WRN] [LAG SPOKE] HonestWork TownJobBehavior.OnHourlyTick took 8ms
2026-01-09 02:16:49.981 -06:00 [WRN] [LAG SPOKE] HonestWork TownJobBehavior.OnHourlyTick took 8ms
2026-01-09 02:16:50.858 -06:00 [WRN] [LAG SPOKE] HonestWork TownJobBehavior.OnHourlyTick took 8ms
2026-01-09 02:16:50.991 -06:00 [INF] Player finished 6-hour shift as instructor.
2026-01-09 02:16:51.684 -06:00 [WRN] [LAG SPOKE] HonestWork TownJobBehavior.OnHourlyTick took 8ms
2026-01-09 02:16:52.522 -06:00 [WRN] [LAG SPOKE] HonestWork TownJobBehavior.OnHourlyTick took 18ms
2026-01-09 02:16:53.354 -06:00 [WRN] [LAG SPOKE] HonestWork TownJobBehavior.OnHourlyTick took 7ms
2026-01-09 02:16:55.036 -06:00 [WRN] [LAG SPOKE] HonestWork TownJobBehavior.OnHourlyTick took 9ms
2026-01-09 02:16:56.187 -06:00 [WRN] [LAG SPOKE] HonestWork TownJobBehavior.OnHourlyTick took 9ms
2026-01-09 02:16:56.451 -06:00 [INF] Player finished 6-hour shift as instructor.
2026-01-09 02:16:57.178 -06:00 [WRN] [LAG SPOKE] HonestWork TownJobBehavior.OnHourlyTick took 7ms
2026-01-09 02:16:58.287 -06:00 [WRN] [LAG SPOKE] HonestWork TownJobBehavior.OnHourlyTick took 7ms
2026-01-09 02:16:59.272 -06:00 [WRN] [LAG SPOKE] HonestWork TownJobBehavior.OnHourlyTick took 7ms
2026-01-09 02:17:01.088 -06:00 [WRN] [LAG SPOKE] HonestWork TownJobBehavior.OnHourlyTick took 7ms
2026-01-09 02:17:01.902 -06:00 [WRN] [LAG SPOKE] HonestWork TownJobBehavior.OnHourlyTick took 10ms
2026-01-09 02:17:02.120 -06:00 [INF] Player finished 6-hour shift as instructor.
2026-01-09 02:17:02.721 -06:00 [WRN] [LAG SPOKE] HonestWork TownJobBehavior.OnHourlyTick took 7ms
2026-01-09 02:17:03.569 -06:00 [WRN] [LAG SPOKE] HonestWork TownJobBehavior.OnHourlyTick took 9ms
2026-01-09 02:17:04.393 -06:00 [WRN] [LAG SPOKE] HonestWork TownJobBehavior.OnHourlyTick took 6ms
2026-01-09 02:17:05.249 -06:00 [WRN] [LAG SPOKE] HonestWork TownJobBehavior.OnHourlyTick took 6ms
2026-01-09 02:17:06.074 -06:00 [WRN] [LAG SPOKE] HonestWork TownJobBehavior.OnHourlyTick took 13ms
2026-01-09 02:17:07.172 -06:00 [INF] Player finished 6-hour shift as instructor.
2026-01-09 02:17:07.765 -06:00 [WRN] [LAG SPOKE] HonestWork TownJobBehavior.OnHourlyTick took 6ms
2026-01-09 02:17:08.555 -06:00 [WRN] [LAG SPOKE] HonestWork TownJobBehavior.OnHourlyTick took 7ms
2026-01-09 02:17:09.511 -06:00 [WRN] [LAG SPOKE] HonestWork TownJobBehavior.OnHourlyTick took 8ms
2026-01-09 02:17:10.387 -06:00 [WRN] [LAG SPOKE] HonestWork TownJobBehavior.OnHourlyTick took 10ms
2026-01-09 02:17:11.173 -06:00 [WRN] [LAG SPOKE] HonestWork TownJobBehavior.OnHourlyTick took 6ms
2026-01-09 02:17:12.050 -06:00 [WRN] [LAG SPOKE] HonestWork TownJobBehavior.OnHourlyTick took 11ms
2026-01-09 02:17:12.294 -06:00 [INF] Player finished 6-hour shift as instructor.
2026-01-09 02:17:12.837 -06:00 [WRN] [LAG SPOKE] HonestWork TownJobBehavior.OnHourlyTick took 6ms
2026-01-09 02:17:13.702 -06:00 [WRN] [LAG SPOKE] HonestWork TownJobBehavior.OnHourlyTick took 12ms
2026-01-09 02:17:14.545 -06:00 [WRN] [LAG SPOKE] HonestWork TownJobBehavior.OnHourlyTick took 7ms
2026-01-09 02:17:15.359 -06:00 [WRN] [LAG SPOKE] HonestWork TownJobBehavior.OnHourlyTick took 9ms
2026-01-09 02:17:16.170 -06:00 [WRN] [LAG SPOKE] HonestWork TownJobBehavior.OnHourlyTick took 8ms
2026-01-09 02:17:17.042 -06:00 [WRN] [LAG SPOKE] HonestWork TownJobBehavior.OnHourlyTick took 12ms
2026-01-09 02:17:17.309 -06:00 [INF] Player finished 6-hour shift as instructor.
2026-01-09 02:17:17.868 -06:00 [WRN] [LAG SPOKE] HonestWork TownJobBehavior.OnHourlyTick took 7ms
2026-01-09 02:17:18.689 -06:00 [WRN] [LAG SPOKE] HonestWork TownJobBehavior.OnHourlyTick took 8ms
2026-01-09 02:17:19.503 -06:00 [WRN] [LAG SPOKE] HonestWork TownJobBehavior.OnHourlyTick took 8ms
2026-01-09 02:17:20.375 -06:00 [WRN] [LAG SPOKE] HonestWork TownJobBehavior.OnHourlyTick took 8ms
2026-01-09 02:17:21.188 -06:00 [WRN] [LAG SPOKE] HonestWork TownJobBehavior.OnHourlyTick took 9ms
2026-01-09 02:17:22.050 -06:00 [WRN] [LAG SPOKE] HonestWork TownJobBehavior.OnHourlyTick took 9ms
2026-01-09 02:17:22.338 -06:00 [INF] Player finished 6-hour shift as instructor.
2026-01-09 02:17:22.865 -06:00 [WRN] [LAG SPOKE] HonestWork TownJobBehavior.OnHourlyTick took 12ms
2026-01-09 02:17:23.675 -06:00 [WRN] [LAG SPOKE] HonestWork TownJobBehavior.OnHourlyTick took 9ms
2026-01-09 02:17:24.528 -06:00 [WRN] [LAG SPOKE] HonestWork TownJobBehavior.OnHourlyTick took 8ms
2026-01-09 02:17:25.384 -06:00 [WRN] [LAG SPOKE] HonestWork TownJobBehavior.OnHourlyTick took 9ms
2026-01-09 02:17:27.063 -06:00 [WRN] [LAG SPOKE] HonestWork TownJobBehavior.OnHourlyTick took 8ms
2026-01-09 02:17:27.392 -06:00 [INF] Player finished 6-hour shift as instructor.
2026-01-09 02:17:27.932 -06:00 [WRN] [LAG SPOKE] HonestWork TownJobBehavior.OnHourlyTick took 6ms
2026-01-09 02:17:28.755 -06:00 [WRN] [LAG SPOKE] HonestWork TownJobBehavior.OnHourlyTick took 9ms
2026-01-09 02:17:29.557 -06:00 [WRN] [LAG SPOKE] HonestWork TownJobBehavior.OnHourlyTick took 6ms
2026-01-09 02:17:30.418 -06:00 [WRN] [LAG SPOKE] HonestWork TownJobBehavior.OnHourlyTick took 9ms
2026-01-09 02:17:31.254 -06:00 [WRN] [LAG SPOKE] HonestWork TownJobBehavior.OnHourlyTick took 6ms
2026-01-09 02:17:32.053 -06:00 [WRN] [LAG SPOKE] HonestWork TownJobBehavior.OnHourlyTick took 12ms
2026-01-09 02:17:32.431 -06:00 [INF] Player finished 6-hour shift as instructor.
2026-01-09 02:17:32.908 -06:00 [WRN] [LAG SPOKE] HonestWork TownJobBehavior.OnHourlyTick took 7ms
2026-01-09 02:17:33.771 -06:00 [WRN] [LAG SPOKE] HonestWork TownJobBehavior.OnHourlyTick took 7ms
2026-01-09 02:17:34.569 -06:00 [WRN] [LAG SPOKE] HonestWork TownJobBehavior.OnHourlyTick took 15ms
2026-01-09 02:17:37.182 -06:00 [WRN] [LAG SPOKE] HonestWork TownJobBehavior.OnHourlyTick took 8ms
2026-01-09 02:17:37.586 -06:00 [INF] Player finished 6-hour shift as instructor.
2026-01-09 02:17:38.053 -06:00 [WRN] [LAG SPOKE] HonestWork TownJobBehavior.OnHourlyTick took 6ms
2026-01-09 02:17:38.916 -06:00 [WRN] [LAG SPOKE] HonestWork TownJobBehavior.OnHourlyTick took 10ms
2026-01-09 02:17:39.823 -06:00 [WRN] [LAG SPOKE] HonestWork TownJobBehavior.OnHourlyTick took 9ms
2026-01-09 02:25:45.289 -06:00 [WRN] [LAG SPOKE] HonestWork TownJobBehavior.OnHourlyTick took 7ms
2026-01-09 02:25:46.182 -06:00 [WRN] [LAG SPOKE] HonestWork TownJobBehavior.OnHourlyTick took 13ms
2026-01-09 02:25:46.979 -06:00 [WRN] [LAG SPOKE] HonestWork TownJobBehavior.OnHourlyTick took 8ms
2026-01-09 02:25:47.393 -06:00 [INF] Player finished 6-hour shift as instructor.
2026-01-09 02:25:48.779 -06:00 [WRN] [LAG SPOKE] HonestWork TownJobBehavior.OnHourlyTick took 12ms
2026-01-09 02:43:48.580 -06:00 [WRN] [LAG SPOKE] HonestWork TownJobBehavior.OnHourlyTick took 8ms
2026-01-09 02:43:49.463 -06:00 [WRN] [LAG SPOKE] HonestWork TownJobBehavior.OnHourlyTick took 16ms
2026-01-09 02:43:50.284 -06:00 [WRN] [LAG SPOKE] HonestWork TownJobBehavior.OnHourlyTick took 7ms
2026-01-09 02:43:51.162 -06:00 [WRN] [LAG SPOKE] HonestWork TownJobBehavior.OnHourlyTick took 7ms
2026-01-09 02:43:51.929 -06:00 [WRN] [LAG SPOKE] HonestWork TownJobBehavior.OnHourlyTick took 10ms
2026-01-09 02:43:52.797 -06:00 [WRN] [LAG SPOKE] HonestWork TownJobBehavior.OnHourlyTick took 6ms
2026-01-09 02:43:53.546 -06:00 [INF] Player finished 6-hour shift as official.
2026-01-09 02:43:53.614 -06:00 [WRN] [LAG SPOKE] HonestWork TownJobBehavior.OnHourlyTick took 9ms
2026-01-09 02:43:54.429 -06:00 [WRN] [LAG SPOKE] HonestWork TownJobBehavior.OnHourlyTick took 7ms
2026-01-09 02:43:55.254 -06:00 [WRN] [LAG SPOKE] HonestWork TownJobBehavior.OnHourlyTick took 9ms
2026-01-09 02:43:56.087 -06:00 [WRN] [LAG SPOKE] HonestWork TownJobBehavior.OnHourlyTick took 6ms
2026-01-09 02:43:56.943 -06:00 [WRN] [LAG SPOKE] HonestWork TownJobBehavior.OnHourlyTick took 10ms
2026-01-09 02:43:57.788 -06:00 [WRN] [LAG SPOKE] HonestWork TownJobBehavior.OnHourlyTick took 8ms
2026-01-09 02:43:58.568 -06:00 [INF] Player finished 6-hour shift as official.
2026-01-09 02:43:58.584 -06:00 [WRN] [LAG SPOKE] HonestWork TownJobBehavior.OnHourlyTick took 11ms
2026-01-09 02:43:59.453 -06:00 [WRN] [LAG SPOKE] HonestWork TownJobBehavior.OnHourlyTick took 7ms
2026-01-09 02:44:00.293 -06:00 [WRN] [LAG SPOKE] HonestWork TownJobBehavior.OnHourlyTick took 9ms
2026-01-09 02:44:02.040 -06:00 [WRN] [LAG SPOKE] HonestWork TownJobBehavior.OnHourlyTick took 9ms
2026-01-09 02:44:02.891 -06:00 [WRN] [LAG SPOKE] HonestWork TownJobBehavior.OnHourlyTick took 9ms
2026-01-09 02:44:03.694 -06:00 [INF] Player finished 6-hour shift as official.
2026-01-09 02:44:03.708 -06:00 [WRN] [LAG SPOKE] HonestWork TownJobBehavior.OnHourlyTick took 6ms
2026-01-09 02:44:39.183 -06:00 [WRN] [LAG SPOKE] HonestWork TownJobBehavior.OnHourlyTick took 37ms
2026-01-09 02:44:39.974 -06:00 [WRN] [LAG SPOKE] HonestWork TownJobBehavior.OnHourlyTick took 6ms
2026-01-09 02:44:40.791 -06:00 [WRN] [LAG SPOKE] HonestWork TownJobBehavior.OnHourlyTick took 11ms
2026-01-09 02:44:41.648 -06:00 [WRN] [LAG SPOKE] HonestWork TownJobBehavior.OnHourlyTick took 8ms
2026-01-09 02:44:42.455 -06:00 [WRN] [LAG SPOKE] HonestWork TownJobBehavior.OnHourlyTick took 7ms
2026-01-09 02:44:43.301 -06:00 [INF] Player finished 6-hour shift as official.
2026-01-09 02:44:43.319 -06:00 [WRN] [LAG SPOKE] HonestWork TownJobBehavior.OnHourlyTick took 8ms
2026-01-09 02:44:44.139 -06:00 [WRN] [LAG SPOKE] HonestWork TownJobBehavior.OnHourlyTick took 6ms
2026-01-09 02:44:44.993 -06:00 [WRN] [LAG SPOKE] HonestWork TownJobBehavior.OnHourlyTick took 11ms
2026-01-09 02:44:45.849 -06:00 [WRN] [LAG SPOKE] HonestWork TownJobBehavior.OnHourlyTick took 7ms
2026-01-09 02:44:46.658 -06:00 [WRN] [LAG SPOKE] HonestWork TownJobBehavior.OnHourlyTick took 8ms
2026-01-09 02:44:47.468 -06:00 [WRN] [LAG SPOKE] HonestWork TownJobBehavior.OnHourlyTick took 10ms
2026-01-09 02:44:48.310 -06:00 [INF] Player finished 6-hour shift as official.
2026-01-09 02:44:48.327 -06:00 [WRN] [LAG SPOKE] HonestWork TownJobBehavior.OnHourlyTick took 6ms
2026-01-09 02:44:49.137 -06:00 [WRN] [LAG SPOKE] HonestWork TownJobBehavior.OnHourlyTick took 8ms
2026-01-09 02:44:50.028 -06:00 [WRN] [LAG SPOKE] HonestWork TownJobBehavior.OnHourlyTick took 9ms
2026-01-09 02:44:50.851 -06:00 [WRN] [LAG SPOKE] HonestWork TownJobBehavior.OnHourlyTick took 7ms
2026-01-09 02:44:51.743 -06:00 [WRN] [LAG SPOKE] HonestWork TownJobBehavior.OnHourlyTick took 8ms
2026-01-09 02:44:53.422 -06:00 [WRN] [LAG SPOKE] HonestWork TownJobBehavior.OnHourlyTick took 8ms
2026-01-09 02:44:53.475 -06:00 [INF] Player finished 6-hour shift as official.
2026-01-09 02:44:54.214 -06:00 [WRN] [LAG SPOKE] HonestWork TownJobBehavior.OnHourlyTick took 7ms
2026-01-09 02:44:55.049 -06:00 [WRN] [LAG SPOKE] HonestWork TownJobBehavior.OnHourlyTick took 7ms
2026-01-09 02:44:55.894 -06:00 [WRN] [LAG SPOKE] HonestWork TownJobBehavior.OnHourlyTick took 12ms
2026-01-09 02:44:56.725 -06:00 [WRN] [LAG SPOKE] HonestWork TownJobBehavior.OnHourlyTick took 7ms
2026-01-09 02:44:57.591 -06:00 [WRN] [LAG SPOKE] HonestWork TownJobBehavior.OnHourlyTick took 8ms
2026-01-09 02:44:58.403 -06:00 [WRN] [LAG SPOKE] HonestWork TownJobBehavior.OnHourlyTick took 6ms
2026-01-09 02:44:58.492 -06:00 [INF] Player finished 6-hour shift as official.
2026-01-09 02:44:59.218 -06:00 [WRN] [LAG SPOKE] HonestWork TownJobBehavior.OnHourlyTick took 9ms
2026-01-09 02:45:00.079 -06:00 [WRN] [LAG SPOKE] HonestWork TownJobBehavior.OnHourlyTick took 9ms
2026-01-09 02:45:00.898 -06:00 [WRN] [LAG SPOKE] HonestWork TownJobBehavior.OnHourlyTick took 10ms
2026-01-09 02:45:01.715 -06:00 [WRN] [LAG SPOKE] HonestWork TownJobBehavior.OnHourlyTick took 7ms
2026-01-09 02:45:02.579 -06:00 [WRN] [LAG SPOKE] HonestWork TownJobBehavior.OnHourlyTick took 6ms
2026-01-09 02:45:03.397 -06:00 [WRN] [LAG SPOKE] HonestWork TownJobBehavior.OnHourlyTick took 8ms
2026-01-09 02:45:03.540 -06:00 [INF] Player finished 6-hour shift as official.
2026-01-09 02:45:05.137 -06:00 [WRN] [LAG SPOKE] HonestWork TownJobBehavior.OnHourlyTick took 12ms
2026-01-09 02:45:06.043 -06:00 [WRN] [LAG SPOKE] HonestWork TownJobBehavior.OnHourlyTick took 6ms
2026-01-09 02:45:06.827 -06:00 [WRN] [LAG SPOKE] HonestWork TownJobBehavior.OnHourlyTick took 9ms
2026-01-09 02:45:08.499 -06:00 [WRN] [LAG SPOKE] HonestWork TownJobBehavior.OnHourlyTick took 14ms
2026-01-09 02:45:08.658 -06:00 [INF] Player finished 6-hour shift as official.
2026-01-09 02:45:09.300 -06:00 [WRN] [LAG SPOKE] HonestWork TownJobBehavior.OnHourlyTick took 11ms
2026-01-09 02:45:10.159 -06:00 [WRN] [LAG SPOKE] HonestWork TownJobBehavior.OnHourlyTick took 8ms
2026-01-09 02:45:11.007 -06:00 [WRN] [LAG SPOKE] HonestWork TownJobBehavior.OnHourlyTick took 7ms
2026-01-09 02:45:11.837 -06:00 [WRN] [LAG SPOKE] HonestWork TownJobBehavior.OnHourlyTick took 10ms
2026-01-09 02:45:12.740 -06:00 [WRN] [LAG SPOKE] HonestWork TownJobBehavior.OnHourlyTick took 6ms
2026-01-09 02:45:13.570 -06:00 [WRN] [LAG SPOKE] HonestWork TownJobBehavior.OnHourlyTick took 12ms
2026-01-09 02:45:13.860 -06:00 [INF] Player finished 6-hour shift as official.
2026-01-09 02:45:14.597 -06:00 [WRN] [LAG SPOKE] HonestWork TownJobBehavior.OnHourlyTick took 7ms
2026-01-09 02:45:16.392 -06:00 [WRN] [LAG SPOKE] HonestWork TownJobBehavior.OnHourlyTick took 11ms
2026-01-09 02:45:17.193 -06:00 [WRN] [LAG SPOKE] HonestWork TownJobBehavior.OnHourlyTick took 8ms
2026-01-09 02:45:18.047 -06:00 [WRN] [LAG SPOKE] HonestWork TownJobBehavior.OnHourlyTick took 8ms
2026-01-09 02:45:18.843 -06:00 [WRN] [LAG SPOKE] HonestWork TownJobBehavior.OnHourlyTick took 8ms
2026-01-09 02:45:19.112 -06:00 [INF] Player finished 6-hour shift as official.
2026-01-09 02:45:19.701 -06:00 [WRN] [LAG SPOKE] HonestWork TownJobBehavior.OnHourlyTick took 10ms
2026-01-09 02:45:20.513 -06:00 [WRN] [LAG SPOKE] HonestWork TownJobBehavior.OnHourlyTick took 6ms
2026-01-09 02:45:21.408 -06:00 [WRN] [LAG SPOKE] HonestWork TownJobBehavior.OnHourlyTick took 8ms
2026-01-09 02:45:22.238 -06:00 [WRN] [LAG SPOKE] HonestWork TownJobBehavior.OnHourlyTick took 7ms
2026-01-09 02:45:23.132 -06:00 [WRN] [LAG SPOKE] HonestWork TownJobBehavior.OnHourlyTick took 7ms
2026-01-09 02:45:24.286 -06:00 [INF] Player finished 6-hour shift as official.
2026-01-09 02:45:24.836 -06:00 [WRN] [LAG SPOKE] HonestWork TownJobBehavior.OnHourlyTick took 8ms
2026-01-09 02:45:25.633 -06:00 [WRN] [LAG SPOKE] HonestWork TownJobBehavior.OnHourlyTick took 7ms
2026-01-09 02:45:26.556 -06:00 [WRN] [LAG SPOKE] HonestWork TownJobBehavior.OnHourlyTick took 6ms
2026-01-09 02:45:27.365 -06:00 [WRN] [LAG SPOKE] HonestWork TownJobBehavior.OnHourlyTick took 8ms
2026-01-09 02:45:28.186 -06:00 [WRN] [LAG SPOKE] HonestWork TownJobBehavior.OnHourlyTick took 8ms
2026-01-09 02:45:28.997 -06:00 [WRN] [LAG SPOKE] HonestWork TownJobBehavior.OnHourlyTick took 7ms
2026-01-09 02:45:29.340 -06:00 [INF] Player finished 6-hour shift as official.
2026-01-09 02:45:29.915 -06:00 [WRN] [LAG SPOKE] HonestWork TownJobBehavior.OnHourlyTick took 9ms
2026-01-09 02:45:32.445 -06:00 [WRN] [LAG SPOKE] HonestWork TownJobBehavior.OnHourlyTick took 9ms
2026-01-09 02:45:34.148 -06:00 [WRN] [LAG SPOKE] HonestWork TownJobBehavior.OnHourlyTick took 6ms
2026-01-09 02:45:34.563 -06:00 [INF] Player finished 6-hour shift as official.
2026-01-09 02:45:35.074 -06:00 [WRN] [LAG SPOKE] HonestWork TownJobBehavior.OnHourlyTick took 7ms
2026-01-09 02:45:35.933 -06:00 [WRN] [LAG SPOKE] HonestWork TownJobBehavior.OnHourlyTick took 6ms
2026-01-09 02:45:36.859 -06:00 [WRN] [LAG SPOKE] HonestWork TownJobBehavior.OnHourlyTick took 7ms
2026-01-09 02:45:37.715 -06:00 [WRN] [LAG SPOKE] HonestWork TownJobBehavior.OnHourlyTick took 7ms
2026-01-09 02:45:38.580 -06:00 [WRN] [LAG SPOKE] HonestWork TownJobBehavior.OnHourlyTick took 6ms
2026-01-09 02:45:39.431 -06:00 [WRN] [LAG SPOKE] HonestWork TownJobBehavior.OnHourlyTick took 9ms
2026-01-09 02:45:39.786 -06:00 [INF] Player finished 6-hour shift as official.
2026-01-09 02:45:40.222 -06:00 [WRN] [LAG SPOKE] HonestWork TownJobBehavior.OnHourlyTick took 7ms
2026-01-09 02:45:41.096 -06:00 [WRN] [LAG SPOKE] HonestWork TownJobBehavior.OnHourlyTick took 8ms
2026-01-09 02:45:41.912 -06:00 [WRN] [LAG SPOKE] HonestWork TownJobBehavior.OnHourlyTick took 8ms
2026-01-09 02:45:42.732 -06:00 [WRN] [LAG SPOKE] HonestWork TownJobBehavior.OnHourlyTick took 10ms
2026-01-09 02:45:43.563 -06:00 [WRN] [LAG SPOKE] HonestWork TownJobBehavior.OnHourlyTick took 6ms
2026-01-09 02:45:44.410 -06:00 [WRN] [LAG SPOKE] HonestWork TownJobBehavior.OnHourlyTick took 10ms
2026-01-09 02:45:44.833 -06:00 [INF] Player finished 6-hour shift as official.
2026-01-09 02:45:45.243 -06:00 [WRN] [LAG SPOKE] HonestWork TownJobBehavior.OnHourlyTick took 6ms
2026-01-09 02:45:46.106 -06:00 [WRN] [LAG SPOKE] HonestWork TownJobBehavior.OnHourlyTick took 9ms
2026-01-09 02:45:46.949 -06:00 [WRN] [LAG SPOKE] HonestWork TownJobBehavior.OnHourlyTick took 6ms
2026-01-09 02:45:47.746 -06:00 [WRN] [LAG SPOKE] HonestWork TownJobBehavior.OnHourlyTick took 10ms
2026-01-09 02:45:48.586 -06:00 [WRN] [LAG SPOKE] HonestWork TownJobBehavior.OnHourlyTick took 6ms
2026-01-09 02:45:49.404 -06:00 [WRN] [LAG SPOKE] HonestWork TownJobBehavior.OnHourlyTick took 10ms
2026-01-09 02:45:49.849 -06:00 [INF] Player finished 6-hour shift as official.
2026-01-09 02:45:51.128 -06:00 [WRN] [LAG SPOKE] HonestWork TownJobBehavior.OnHourlyTick took 9ms
2026-01-09 02:45:52.972 -06:00 [WRN] [LAG SPOKE] HonestWork TownJobBehavior.OnHourlyTick took 7ms
2026-01-09 02:45:53.950 -06:00 [WRN] [LAG SPOKE] HonestWork TownJobBehavior.OnHourlyTick took 8ms
2026-01-09 02:45:54.806 -06:00 [WRN] [LAG SPOKE] HonestWork TownJobBehavior.OnHourlyTick took 7ms
2026-01-09 02:45:55.367 -06:00 [INF] Player finished 6-hour shift as official.
2026-01-09 02:45:55.740 -06:00 [WRN] [LAG SPOKE] HonestWork TownJobBehavior.OnHourlyTick took 8ms
2026-01-09 02:45:56.593 -06:00 [WRN] [LAG SPOKE] HonestWork TownJobBehavior.OnHourlyTick took 7ms
2026-01-09 02:45:57.459 -06:00 [WRN] [LAG SPOKE] HonestWork TownJobBehavior.OnHourlyTick took 10ms
2026-01-09 02:45:58.334 -06:00 [WRN] [LAG SPOKE] HonestWork TownJobBehavior.OnHourlyTick took 9ms
2026-01-09 02:45:59.126 -06:00 [WRN] [LAG SPOKE] HonestWork TownJobBehavior.OnHourlyTick took 10ms
2026-01-09 02:45:59.968 -06:00 [WRN] [LAG SPOKE] HonestWork TownJobBehavior.OnHourlyTick took 7ms
2026-01-09 02:46:00.465 -06:00 [INF] Player finished 6-hour shift as official.
2026-01-09 02:46:00.791 -06:00 [WRN] [LAG SPOKE] HonestWork TownJobBehavior.OnHourlyTick took 10ms
2026-01-09 02:46:01.654 -06:00 [WRN] [LAG SPOKE] HonestWork TownJobBehavior.OnHourlyTick took 6ms
2026-01-09 02:46:02.470 -06:00 [WRN] [LAG SPOKE] HonestWork TownJobBehavior.OnHourlyTick took 8ms
2026-01-09 02:46:03.289 -06:00 [WRN] [LAG SPOKE] HonestWork TownJobBehavior.OnHourlyTick took 8ms
2026-01-09 02:46:04.159 -06:00 [WRN] [LAG SPOKE] HonestWork TownJobBehavior.OnHourlyTick took 8ms
2026-01-09 02:46:04.969 -06:00 [WRN] [LAG SPOKE] HonestWork TownJobBehavior.OnHourlyTick took 7ms
2026-01-09 02:46:05.469 -06:00 [INF] Player finished 6-hour shift as official.
2026-01-09 02:46:05.802 -06:00 [WRN] [LAG SPOKE] HonestWork TownJobBehavior.OnHourlyTick took 10ms
2026-01-09 02:46:07.518 -06:00 [WRN] [LAG SPOKE] HonestWork TownJobBehavior.OnHourlyTick took 7ms
2026-01-09 02:46:08.345 -06:00 [WRN] [LAG SPOKE] HonestWork TownJobBehavior.OnHourlyTick took 9ms
2026-01-09 02:46:09.152 -06:00 [WRN] [LAG SPOKE] HonestWork TownJobBehavior.OnHourlyTick took 6ms
2026-01-09 02:46:10.012 -06:00 [WRN] [LAG SPOKE] HonestWork TownJobBehavior.OnHourlyTick took 11ms
2026-01-09 02:46:10.525 -06:00 [INF] Player finished 6-hour shift as official.
2026-01-09 02:46:10.804 -06:00 [WRN] [LAG SPOKE] HonestWork TownJobBehavior.OnHourlyTick took 7ms
2026-01-09 02:46:11.757 -06:00 [WRN] [LAG SPOKE] HonestWork TownJobBehavior.OnHourlyTick took 7ms
2026-01-09 02:46:12.664 -06:00 [WRN] [LAG SPOKE] HonestWork TownJobBehavior.OnHourlyTick took 6ms
2026-01-09 02:46:13.550 -06:00 [WRN] [LAG SPOKE] HonestWork TownJobBehavior.OnHourlyTick took 8ms
2026-01-09 02:46:14.414 -06:00 [WRN] [LAG SPOKE] HonestWork TownJobBehavior.OnHourlyTick took 7ms
2026-01-09 02:46:15.220 -06:00 [WRN] [LAG SPOKE] HonestWork TownJobBehavior.OnHourlyTick took 8ms
2026-01-09 02:46:15.815 -06:00 [INF] Player finished 6-hour shift as official.
2026-01-09 02:46:16.070 -06:00 [WRN] [LAG SPOKE] HonestWork TownJobBehavior.OnHourlyTick took 8ms
2026-01-09 02:46:16.928 -06:00 [WRN] [LAG SPOKE] HonestWork TownJobBehavior.OnHourlyTick took 7ms
2026-01-09 02:46:17.738 -06:00 [WRN] [LAG SPOKE] HonestWork TownJobBehavior.OnHourlyTick took 9ms
2026-01-09 02:46:18.598 -06:00 [WRN] [LAG SPOKE] HonestWork TownJobBehavior.OnHourlyTick took 7ms
2026-01-09 02:46:19.413 -06:00 [WRN] [LAG SPOKE] HonestWork TownJobBehavior.OnHourlyTick took 9ms
2026-01-09 02:46:20.244 -06:00 [WRN] [LAG SPOKE] HonestWork TownJobBehavior.OnHourlyTick took 6ms
2026-01-09 02:46:20.862 -06:00 [INF] Player finished 6-hour shift as official.
2026-01-09 02:46:21.092 -06:00 [WRN] [LAG SPOKE] HonestWork TownJobBehavior.OnHourlyTick took 11ms
2026-01-09 02:46:22.827 -06:00 [WRN] [LAG SPOKE] HonestWork TownJobBehavior.OnHourlyTick took 7ms
2026-01-09 02:46:23.722 -06:00 [WRN] [LAG SPOKE] HonestWork TownJobBehavior.OnHourlyTick took 9ms
2026-01-09 02:46:24.548 -06:00 [WRN] [LAG SPOKE] HonestWork TownJobBehavior.OnHourlyTick took 8ms
2026-01-09 02:46:25.336 -06:00 [WRN] [LAG SPOKE] HonestWork TownJobBehavior.OnHourlyTick took 6ms
2026-01-09 02:46:25.956 -06:00 [INF] Player finished 6-hour shift as official.
2026-01-09 02:46:26.181 -06:00 [WRN] [LAG SPOKE] HonestWork TownJobBehavior.OnHourlyTick took 9ms
2026-01-09 02:46:27.023 -06:00 [WRN] [LAG SPOKE] HonestWork TownJobBehavior.OnHourlyTick took 7ms
2026-01-09 02:46:27.918 -06:00 [WRN] [LAG SPOKE] HonestWork TownJobBehavior.OnHourlyTick took 6ms
2026-01-09 02:46:28.709 -06:00 [WRN] [LAG SPOKE] HonestWork TownJobBehavior.OnHourlyTick took 9ms
2026-01-09 02:46:29.540 -06:00 [WRN] [LAG SPOKE] HonestWork TownJobBehavior.OnHourlyTick took 6ms
2026-01-09 02:46:30.370 -06:00 [WRN] [LAG SPOKE] HonestWork TownJobBehavior.OnHourlyTick took 9ms
2026-01-09 02:46:30.985 -06:00 [INF] Player finished 6-hour shift as official.
2026-01-09 02:46:31.212 -06:00 [WRN] [LAG SPOKE] HonestWork TownJobBehavior.OnHourlyTick took 8ms
2026-01-09 02:46:32.053 -06:00 [WRN] [LAG SPOKE] HonestWork TownJobBehavior.OnHourlyTick took 7ms
2026-01-09 02:46:32.863 -06:00 [WRN] [LAG SPOKE] HonestWork TownJobBehavior.OnHourlyTick took 7ms
2026-01-09 02:46:33.761 -06:00 [WRN] [LAG SPOKE] HonestWork TownJobBehavior.OnHourlyTick took 12ms
2026-01-09 02:46:34.572 -06:00 [WRN] [LAG SPOKE] HonestWork TownJobBehavior.OnHourlyTick took 6ms
2026-01-09 02:46:35.407 -06:00 [WRN] [LAG SPOKE] HonestWork TownJobBehavior.OnHourlyTick took 9ms
2026-01-09 02:46:36.034 -06:00 [INF] Player finished 6-hour shift as official.
2026-01-09 02:46:36.223 -06:00 [WRN] [LAG SPOKE] HonestWork TownJobBehavior.OnHourlyTick took 8ms
2026-01-09 02:46:37.037 -06:00 [WRN] [LAG SPOKE] HonestWork TownJobBehavior.OnHourlyTick took 6ms
2026-01-09 02:46:37.925 -06:00 [WRN] [LAG SPOKE] HonestWork TownJobBehavior.OnHourlyTick took 7ms
2026-01-09 02:46:38.734 -06:00 [WRN] [LAG SPOKE] HonestWork TownJobBehavior.OnHourlyTick took 9ms
2026-01-09 02:46:39.626 -06:00 [WRN] [LAG SPOKE] HonestWork TownJobBehavior.OnHourlyTick took 7ms
2026-01-09 02:46:40.445 -06:00 [WRN] [LAG SPOKE] HonestWork TownJobBehavior.OnHourlyTick took 7ms
2026-01-09 02:46:41.143 -06:00 [INF] Player finished 6-hour shift as official.
2026-01-09 02:46:41.275 -06:00 [WRN] [LAG SPOKE] HonestWork TownJobBehavior.OnHourlyTick took 8ms
2026-01-09 02:46:42.102 -06:00 [WRN] [LAG SPOKE] HonestWork TownJobBehavior.OnHourlyTick took 8ms
2026-01-09 02:46:42.957 -06:00 [WRN] [LAG SPOKE] HonestWork TownJobBehavior.OnHourlyTick took 7ms
2026-01-09 02:46:43.811 -06:00 [WRN] [LAG SPOKE] HonestWork TownJobBehavior.OnHourlyTick took 10ms
2026-01-09 02:46:44.647 -06:00 [WRN] [LAG SPOKE] HonestWork TownJobBehavior.OnHourlyTick took 7ms
2026-01-09 02:46:45.429 -06:00 [WRN] [LAG SPOKE] HonestWork TownJobBehavior.OnHourlyTick took 6ms
2026-01-09 02:46:46.149 -06:00 [INF] Player finished 6-hour shift as official.
2026-01-09 02:46:46.299 -06:00 [WRN] [LAG SPOKE] HonestWork TownJobBehavior.OnHourlyTick took 9ms
2026-01-09 02:46:47.118 -06:00 [WRN] [LAG SPOKE] HonestWork TownJobBehavior.OnHourlyTick took 6ms
2026-01-09 02:46:48.053 -06:00 [WRN] [LAG SPOKE] HonestWork TownJobBehavior.OnHourlyTick took 7ms
2026-01-09 02:46:48.819 -06:00 [WRN] [LAG SPOKE] HonestWork TownJobBehavior.OnHourlyTick took 9ms
2026-01-09 02:46:49.683 -06:00 [WRN] [LAG SPOKE] HonestWork TownJobBehavior.OnHourlyTick took 6ms
2026-01-09 02:46:50.506 -06:00 [WRN] [LAG SPOKE] HonestWork TownJobBehavior.OnHourlyTick took 9ms
2026-01-09 02:46:51.240 -06:00 [INF] Player finished 6-hour shift as official.
2026-01-09 02:49:37.786 -06:00 [WRN] [LAG SPOKE] HonestWork TownJobBehavior.OnHourlyTick took 10ms
2026-01-09 02:49:39.663 -06:00 [WRN] [LAG SPOKE] HonestWork TownJobBehavior.OnHourlyTick took 10ms
2026-01-09 02:49:41.417 -06:00 [WRN] [LAG SPOKE] HonestWork TownJobBehavior.OnHourlyTick took 8ms
2026-01-09 02:49:42.129 -06:00 [INF] Player finished 6-hour shift as official.
2026-01-09 02:49:42.201 -06:00 [WRN] [LAG SPOKE] HonestWork TownJobBehavior.OnHourlyTick took 6ms
2026-01-09 02:49:43.131 -06:00 [WRN] [LAG SPOKE] HonestWork TownJobBehavior.OnHourlyTick took 9ms
2026-01-09 02:49:45.014 -06:00 [WRN] [LAG SPOKE] HonestWork TownJobBehavior.OnHourlyTick took 8ms
2026-01-09 02:49:45.890 -06:00 [WRN] [LAG SPOKE] HonestWork TownJobBehavior.OnHourlyTick took 6ms
2026-01-09 02:49:46.827 -06:00 [WRN] [LAG SPOKE] HonestWork TownJobBehavior.OnHourlyTick took 6ms
2026-01-09 02:49:47.638 -06:00 [INF] Player finished 6-hour shift as official.
2026-01-09 02:49:47.725 -06:00 [WRN] [LAG SPOKE] HonestWork TownJobBehavior.OnHourlyTick took 6ms
2026-01-09 02:49:48.652 -06:00 [WRN] [LAG SPOKE] HonestWork TownJobBehavior.OnHourlyTick took 6ms
2026-01-09 02:49:50.333 -06:00 [WRN] [LAG SPOKE] HonestWork TownJobBehavior.OnHourlyTick took 10ms
2026-01-09 02:49:51.180 -06:00 [WRN] [LAG SPOKE] HonestWork TownJobBehavior.OnHourlyTick took 11ms
2026-01-09 02:49:52.022 -06:00 [WRN] [LAG SPOKE] HonestWork TownJobBehavior.OnHourlyTick took 9ms
2026-01-09 02:49:52.770 -06:00 [INF] Player finished 6-hour shift as official.
2026-01-09 02:49:52.846 -06:00 [WRN] [LAG SPOKE] HonestWork TownJobBehavior.OnHourlyTick took 10ms
2026-01-09 02:49:53.669 -06:00 [WRN] [LAG SPOKE] HonestWork TownJobBehavior.OnHourlyTick took 6ms
2026-01-09 02:49:54.557 -06:00 [WRN] [LAG SPOKE] HonestWork TownJobBehavior.OnHourlyTick took 6ms
2026-01-09 02:49:55.332 -06:00 [WRN] [LAG SPOKE] HonestWork TownJobBehavior.OnHourlyTick took 9ms
2026-01-09 02:49:56.155 -06:00 [WRN] [LAG SPOKE] HonestWork TownJobBehavior.OnHourlyTick took 9ms
2026-01-09 02:49:57.003 -06:00 [WRN] [LAG SPOKE] HonestWork TownJobBehavior.OnHourlyTick took 6ms
2026-01-09 02:49:57.816 -06:00 [INF] Player finished 6-hour shift as official.
2026-01-09 02:49:57.830 -06:00 [WRN] [LAG SPOKE] HonestWork TownJobBehavior.OnHourlyTick took 6ms
2026-01-09 02:49:58.657 -06:00 [WRN] [LAG SPOKE] HonestWork TownJobBehavior.OnHourlyTick took 11ms
2026-01-09 02:49:59.525 -06:00 [WRN] [LAG SPOKE] HonestWork TownJobBehavior.OnHourlyTick took 6ms
2026-01-09 02:50:00.369 -06:00 [WRN] [LAG SPOKE] HonestWork TownJobBehavior.OnHourlyTick took 12ms
2026-01-09 02:50:01.177 -06:00 [WRN] [LAG SPOKE] HonestWork TownJobBehavior.OnHourlyTick took 8ms
2026-01-09 02:50:02.041 -06:00 [WRN] [LAG SPOKE] HonestWork TownJobBehavior.OnHourlyTick took 10ms
2026-01-09 02:50:02.827 -06:00 [INF] Player finished 6-hour shift as official.
2026-01-09 02:50:02.845 -06:00 [WRN] [LAG SPOKE] HonestWork TownJobBehavior.OnHourlyTick took 9ms
2026-01-09 02:50:03.657 -06:00 [WRN] [LAG SPOKE] HonestWork TownJobBehavior.OnHourlyTick took 9ms
2026-01-09 02:50:04.527 -06:00 [WRN] [LAG SPOKE] HonestWork TownJobBehavior.OnHourlyTick took 11ms
2026-01-09 02:50:05.333 -06:00 [WRN] [LAG SPOKE] HonestWork TownJobBehavior.OnHourlyTick took 10ms
2026-01-09 02:50:06.197 -06:00 [WRN] [LAG SPOKE] HonestWork TownJobBehavior.OnHourlyTick took 10ms
2026-01-09 02:50:07.004 -06:00 [WRN] [LAG SPOKE] HonestWork TownJobBehavior.OnHourlyTick took 6ms
2026-01-09 02:50:07.890 -06:00 [INF] Player finished 6-hour shift as official.
2026-01-09 02:50:07.910 -06:00 [WRN] [LAG SPOKE] HonestWork TownJobBehavior.OnHourlyTick took 10ms
2026-01-09 02:50:08.902 -06:00 [WRN] [LAG SPOKE] HonestWork TownJobBehavior.OnHourlyTick took 8ms
2026-01-09 02:50:09.974 -06:00 [WRN] [LAG SPOKE] HonestWork TownJobBehavior.OnHourlyTick took 7ms
2026-01-09 02:50:10.938 -06:00 [WRN] [LAG SPOKE] HonestWork TownJobBehavior.OnHourlyTick took 12ms
2026-01-09 02:50:12.034 -06:00 [WRN] [LAG SPOKE] HonestWork TownJobBehavior.OnHourlyTick took 9ms
2026-01-09 02:50:13.954 -06:00 [INF] Player finished 6-hour shift as official.
2026-01-09 02:50:13.968 -06:00 [WRN] [LAG SPOKE] HonestWork TownJobBehavior.OnHourlyTick took 8ms
2026-01-09 02:50:14.867 -06:00 [WRN] [LAG SPOKE] HonestWork TownJobBehavior.OnHourlyTick took 10ms
2026-01-09 02:50:15.722 -06:00 [WRN] [LAG SPOKE] HonestWork TownJobBehavior.OnHourlyTick took 6ms
2026-01-09 02:50:16.523 -06:00 [WRN] [LAG SPOKE] HonestWork TownJobBehavior.OnHourlyTick took 13ms
2026-01-09 02:50:17.396 -06:00 [WRN] [LAG SPOKE] HonestWork TownJobBehavior.OnHourlyTick took 9ms
2026-01-09 02:50:18.245 -06:00 [WRN] [LAG SPOKE] HonestWork TownJobBehavior.OnHourlyTick took 8ms
2026-01-09 02:50:19.153 -06:00 [INF] Player finished 6-hour shift as official.
2026-01-09 02:50:19.166 -06:00 [WRN] [LAG SPOKE] HonestWork TownJobBehavior.OnHourlyTick took 6ms
2026-01-09 02:50:20.020 -06:00 [WRN] [LAG SPOKE] HonestWork TownJobBehavior.OnHourlyTick took 9ms
2026-01-09 02:50:21.797 -06:00 [WRN] [LAG SPOKE] HonestWork TownJobBehavior.OnHourlyTick took 7ms
2026-01-09 02:50:24.449 -06:00 [WRN] [LAG SPOKE] HonestWork TownJobBehavior.OnHourlyTick took 10ms
2026-01-09 02:50:24.486 -06:00 [INF] Player finished 6-hour shift as official.
2026-01-09 02:50:25.292 -06:00 [WRN] [LAG SPOKE] HonestWork TownJobBehavior.OnHourlyTick took 8ms
2026-01-09 02:50:26.139 -06:00 [WRN] [LAG SPOKE] HonestWork TownJobBehavior.OnHourlyTick took 11ms
2026-01-09 02:50:26.924 -06:00 [WRN] [LAG SPOKE] HonestWork TownJobBehavior.OnHourlyTick took 7ms
2026-01-09 02:50:27.765 -06:00 [WRN] [LAG SPOKE] HonestWork TownJobBehavior.OnHourlyTick took 11ms
2026-01-09 02:50:28.597 -06:00 [WRN] [LAG SPOKE] HonestWork TownJobBehavior.OnHourlyTick took 6ms
2026-01-09 02:50:29.444 -06:00 [WRN] [LAG SPOKE] HonestWork TownJobBehavior.OnHourlyTick took 10ms
2026-01-09 02:50:29.534 -06:00 [INF] Player finished 6-hour shift as official.
2026-01-09 02:50:30.368 -06:00 [WRN] [LAG SPOKE] HonestWork TownJobBehavior.OnHourlyTick took 8ms
2026-01-09 02:50:32.186 -06:00 [WRN] [LAG SPOKE] HonestWork TownJobBehavior.OnHourlyTick took 7ms
2026-01-09 02:50:33.131 -06:00 [WRN] [LAG SPOKE] HonestWork TownJobBehavior.OnHourlyTick took 6ms
2026-01-09 02:50:34.013 -06:00 [WRN] [LAG SPOKE] HonestWork TownJobBehavior.OnHourlyTick took 10ms
2026-01-09 02:51:13.001 -06:00 [WRN] [LAG SPOKE] HonestWork TownJobBehavior.OnHourlyTick took 8ms
2026-01-09 02:51:13.847 -06:00 [WRN] [LAG SPOKE] HonestWork TownJobBehavior.OnHourlyTick took 6ms
2026-01-09 02:51:14.652 -06:00 [WRN] [LAG SPOKE] HonestWork TownJobBehavior.OnHourlyTick took 9ms
2026-01-09 02:51:15.500 -06:00 [WRN] [LAG SPOKE] HonestWork TownJobBehavior.OnHourlyTick took 6ms
2026-01-09 02:51:16.298 -06:00 [WRN] [LAG SPOKE] HonestWork TownJobBehavior.OnHourlyTick took 7ms
2026-01-09 02:51:17.179 -06:00 [WRN] [LAG SPOKE] HonestWork TownJobBehavior.OnHourlyTick took 6ms
2026-01-09 02:51:17.980 -06:00 [WRN] [LAG SPOKE] HonestWork TownJobBehavior.OnHourlyTick took 10ms
2026-01-09 02:51:18.835 -06:00 [WRN] [LAG SPOKE] HonestWork TownJobBehavior.OnHourlyTick took 7ms
2026-01-09 02:51:19.637 -06:00 [WRN] [LAG SPOKE] HonestWork TownJobBehavior.OnHourlyTick took 8ms
2026-01-09 02:51:47.912 -06:00 [WRN] [LAG SPOKE] HonestWork TownJobBehavior.OnHourlyTick took 8ms
2026-01-09 02:51:48.718 -06:00 [WRN] [LAG SPOKE] HonestWork TownJobBehavior.OnHourlyTick took 11ms
2026-01-09 02:51:49.570 -06:00 [WRN] [LAG SPOKE] HonestWork TownJobBehavior.OnHourlyTick took 7ms
2026-01-09 02:51:50.409 -06:00 [WRN] [LAG SPOKE] HonestWork TownJobBehavior.OnHourlyTick took 7ms
2026-01-09 02:51:51.294 -06:00 [WRN] [LAG SPOKE] HonestWork TownJobBehavior.OnHourlyTick took 7ms
2026-01-09 02:52:10.183 -06:00 [WRN] [LAG SPOKE] HonestWork TownJobBehavior.OnHourlyTick took 11ms
2026-01-09 02:52:11.024 -06:00 [WRN] [LAG SPOKE] HonestWork TownJobBehavior.OnHourlyTick took 11ms
2026-01-09 02:52:11.852 -06:00 [WRN] [LAG SPOKE] HonestWork TownJobBehavior.OnHourlyTick took 8ms
2026-01-09 02:52:12.674 -06:00 [WRN] [LAG SPOKE] HonestWork TownJobBehavior.OnHourlyTick took 9ms
2026-01-09 02:52:13.532 -06:00 [WRN] [LAG SPOKE] HonestWork TownJobBehavior.OnHourlyTick took 11ms
2026-01-09 02:52:14.327 -06:00 [WRN] [LAG SPOKE] HonestWork TownJobBehavior.OnHourlyTick took 7ms
2026-01-09 02:52:15.204 -06:00 [WRN] [LAG SPOKE] HonestWork TownJobBehavior.OnHourlyTick took 8ms
2026-01-09 02:52:16.044 -06:00 [WRN] [LAG SPOKE] HonestWork TownJobBehavior.OnHourlyTick took 10ms
2026-01-09 02:52:16.872 -06:00 [WRN] [LAG SPOKE] HonestWork TownJobBehavior.OnHourlyTick took 9ms
2026-01-09 02:52:17.698 -06:00 [WRN] [LAG SPOKE] HonestWork TownJobBehavior.OnHourlyTick took 7ms
2026-01-09 02:52:18.515 -06:00 [WRN] [LAG SPOKE] HonestWork TownJobBehavior.OnHourlyTick took 7ms
2026-01-09 02:52:33.800 -06:00 [WRN] [LAG SPOKE] HonestWork TownJobBehavior.OnHourlyTick took 6ms
2026-01-09 02:52:34.584 -06:00 [WRN] [LAG SPOKE] HonestWork TownJobBehavior.OnHourlyTick took 8ms
2026-01-09 02:52:35.460 -06:00 [WRN] [LAG SPOKE] HonestWork TownJobBehavior.OnHourlyTick took 8ms
2026-01-09 02:52:36.254 -06:00 [WRN] [LAG SPOKE] HonestWork TownJobBehavior.OnHourlyTick took 9ms
2026-01-09 02:52:37.130 -06:00 [WRN] [LAG SPOKE] HonestWork TownJobBehavior.OnHourlyTick took 10ms
2026-01-09 02:52:37.942 -06:00 [WRN] [LAG SPOKE] HonestWork TownJobBehavior.OnHourlyTick took 8ms
2026-01-09 02:52:38.748 -06:00 [WRN] [LAG SPOKE] HonestWork TownJobBehavior.OnHourlyTick took 8ms
2026-01-09 02:52:39.636 -06:00 [WRN] [LAG SPOKE] HonestWork TownJobBehavior.OnHourlyTick took 8ms
2026-01-09 02:52:40.441 -06:00 [WRN] [LAG SPOKE] HonestWork TownJobBehavior.OnHourlyTick took 8ms
2026-01-09 02:52:41.249 -06:00 [WRN] [LAG SPOKE] HonestWork TownJobBehavior.OnHourlyTick took 8ms
2026-01-09 02:52:42.104 -06:00 [WRN] [LAG SPOKE] HonestWork TownJobBehavior.OnHourlyTick took 7ms
2026-01-09 02:52:42.935 -06:00 [WRN] [LAG SPOKE] HonestWork TownJobBehavior.OnHourlyTick took 8ms
2026-01-09 02:52:43.747 -06:00 [WRN] [LAG SPOKE] HonestWork TownJobBehavior.OnHourlyTick took 9ms
2026-01-09 02:52:53.889 -06:00 [WRN] [LAG SPOKE] HonestWork TownJobBehavior.OnHourlyTick took 11ms
2026-01-09 02:52:54.721 -06:00 [WRN] [LAG SPOKE] HonestWork TownJobBehavior.OnHourlyTick took 7ms
2026-01-09 02:52:55.550 -06:00 [WRN] [LAG SPOKE] HonestWork TownJobBehavior.OnHourlyTick took 6ms
2026-01-09 02:52:56.360 -06:00 [WRN] [LAG SPOKE] HonestWork TownJobBehavior.OnHourlyTick took 6ms
2026-01-09 02:53:09.695 -06:00 [WRN] [LAG SPOKE] HonestWork TownJobBehavior.OnHourlyTick took 7ms
2026-01-09 02:53:10.498 -06:00 [WRN] [LAG SPOKE] HonestWork TownJobBehavior.OnHourlyTick took 9ms
2026-01-09 02:53:11.315 -06:00 [WRN] [LAG SPOKE] HonestWork TownJobBehavior.OnHourlyTick took 8ms
2026-01-09 02:53:12.181 -06:00 [WRN] [LAG SPOKE] HonestWork TownJobBehavior.OnHourlyTick took 6ms
2026-01-09 02:53:12.985 -06:00 [WRN] [LAG SPOKE] HonestWork TownJobBehavior.OnHourlyTick took 9ms
2026-01-09 02:53:13.825 -06:00 [WRN] [LAG SPOKE] HonestWork TownJobBehavior.OnHourlyTick took 10ms
2026-01-09 02:53:14.705 -06:00 [WRN] [LAG SPOKE] HonestWork TownJobBehavior.OnHourlyTick took 6ms
2026-01-09 02:53:15.542 -06:00 [WRN] [LAG SPOKE] HonestWork TownJobBehavior.OnHourlyTick took 8ms
2026-01-09 02:53:16.345 -06:00 [WRN] [LAG SPOKE] HonestWork TownJobBehavior.OnHourlyTick took 6ms
2026-01-09 02:53:17.227 -06:00 [WRN] [LAG SPOKE] HonestWork TownJobBehavior.OnHourlyTick took 8ms
2026-01-09 02:53:18.050 -06:00 [WRN] [LAG SPOKE] HonestWork TownJobBehavior.OnHourlyTick took 11ms
2026-01-09 02:53:18.872 -06:00 [WRN] [LAG SPOKE] HonestWork TownJobBehavior.OnHourlyTick took 9ms
2026-01-09 02:53:35.211 -06:00 [WRN] [LAG SPOKE] HonestWork TownJobBehavior.OnHourlyTick took 6ms
2026-01-09 02:53:36.069 -06:00 [WRN] [LAG SPOKE] HonestWork TownJobBehavior.OnHourlyTick took 12ms
2026-01-09 02:53:36.849 -06:00 [WRN] [LAG SPOKE] HonestWork TownJobBehavior.OnHourlyTick took 6ms
2026-01-09 02:53:37.705 -06:00 [WRN] [LAG SPOKE] HonestWork TownJobBehavior.OnHourlyTick took 11ms
2026-01-09 02:53:38.553 -06:00 [WRN] [LAG SPOKE] HonestWork TownJobBehavior.OnHourlyTick took 6ms
2026-01-09 02:53:39.414 -06:00 [WRN] [LAG SPOKE] HonestWork TownJobBehavior.OnHourlyTick took 10ms
2026-01-09 02:53:40.191 -06:00 [WRN] [LAG SPOKE] HonestWork TownJobBehavior.OnHourlyTick took 8ms
2026-01-09 02:53:41.029 -06:00 [WRN] [LAG SPOKE] HonestWork TownJobBehavior.OnHourlyTick took 9ms
2026-01-09 02:53:41.884 -06:00 [WRN] [LAG SPOKE] HonestWork TownJobBehavior.OnHourlyTick took 7ms
2026-01-09 02:53:42.714 -06:00 [WRN] [LAG SPOKE] HonestWork TownJobBehavior.OnHourlyTick took 7ms
2026-01-09 02:53:43.545 -06:00 [WRN] [LAG SPOKE] HonestWork TownJobBehavior.OnHourlyTick took 6ms
2026-01-09 02:53:44.370 -06:00 [WRN] [LAG SPOKE] HonestWork TownJobBehavior.OnHourlyTick took 9ms
2026-01-09 02:55:33.432 -06:00 [WRN] [LAG SPOKE] HonestWork TownJobBehavior.OnHourlyTick took 7ms
2026-01-09 02:55:34.280 -06:00 [WRN] [LAG SPOKE] HonestWork TownJobBehavior.OnHourlyTick took 13ms
2026-01-09 02:55:35.116 -06:00 [WRN] [LAG SPOKE] HonestWork TownJobBehavior.OnHourlyTick took 8ms
2026-01-09 02:55:35.963 -06:00 [WRN] [LAG SPOKE] HonestWork TownJobBehavior.OnHourlyTick took 12ms
2026-01-09 02:55:36.756 -06:00 [WRN] [LAG SPOKE] HonestWork TownJobBehavior.OnHourlyTick took 9ms
2026-01-09 02:55:37.601 -06:00 [WRN] [LAG SPOKE] HonestWork TownJobBehavior.OnHourlyTick took 6ms
2026-01-09 02:55:38.513 -06:00 [WRN] [LAG SPOKE] HonestWork TownJobBehavior.OnHourlyTick took 6ms
2026-01-09 02:55:39.287 -06:00 [WRN] [LAG SPOKE] HonestWork TownJobBehavior.OnHourlyTick took 8ms
2026-01-09 02:55:40.110 -06:00 [WRN] [LAG SPOKE] HonestWork TownJobBehavior.OnHourlyTick took 10ms
2026-01-09 02:55:40.963 -06:00 [WRN] [LAG SPOKE] HonestWork TownJobBehavior.OnHourlyTick took 7ms
2026-01-09 02:55:41.797 -06:00 [WRN] [LAG SPOKE] HonestWork TownJobBehavior.OnHourlyTick took 7ms
2026-01-09 02:55:42.603 -06:00 [WRN] [LAG SPOKE] HonestWork TownJobBehavior.OnHourlyTick took 6ms
2026-01-09 02:55:43.456 -06:00 [WRN] [LAG SPOKE] HonestWork TownJobBehavior.OnHourlyTick took 7ms
2026-01-09 02:55:44.266 -06:00 [WRN] [LAG SPOKE] HonestWork TownJobBehavior.OnHourlyTick took 10ms
2026-01-09 02:55:45.122 -06:00 [WRN] [LAG SPOKE] HonestWork TownJobBehavior.OnHourlyTick took 10ms
2026-01-09 02:55:45.936 -06:00 [WRN] [LAG SPOKE] HonestWork TownJobBehavior.OnHourlyTick took 11ms
2026-01-09 02:55:46.837 -06:00 [WRN] [LAG SPOKE] HonestWork TownJobBehavior.OnHourlyTick took 8ms
2026-01-09 02:55:47.601 -06:00 [WRN] [LAG SPOKE] HonestWork TownJobBehavior.OnHourlyTick took 6ms
2026-01-09 02:55:48.441 -06:00 [WRN] [LAG SPOKE] HonestWork TownJobBehavior.OnHourlyTick took 11ms
2026-01-09 02:55:49.309 -06:00 [WRN] [LAG SPOKE] HonestWork TownJobBehavior.OnHourlyTick took 12ms
2026-01-09 02:55:50.131 -06:00 [WRN] [LAG SPOKE] HonestWork TownJobBehavior.OnHourlyTick took 10ms
2026-01-09 02:55:50.955 -06:00 [WRN] [LAG SPOKE] HonestWork TownJobBehavior.OnHourlyTick took 9ms
2026-01-09 02:55:51.783 -06:00 [WRN] [LAG SPOKE] HonestWork TownJobBehavior.OnHourlyTick took 11ms
2026-01-09 02:55:52.594 -06:00 [WRN] [LAG SPOKE] HonestWork TownJobBehavior.OnHourlyTick took 6ms
2026-01-09 02:55:53.462 -06:00 [WRN] [LAG SPOKE] HonestWork TownJobBehavior.OnHourlyTick took 9ms
2026-01-09 02:55:54.280 -06:00 [WRN] [LAG SPOKE] HonestWork TownJobBehavior.OnHourlyTick took 10ms
2026-01-09 02:55:55.104 -06:00 [WRN] [LAG SPOKE] HonestWork TownJobBehavior.OnHourlyTick took 11ms
2026-01-09 02:55:55.962 -06:00 [WRN] [LAG SPOKE] HonestWork TownJobBehavior.OnHourlyTick took 8ms
2026-01-09 02:55:56.780 -06:00 [WRN] [LAG SPOKE] HonestWork TownJobBehavior.OnHourlyTick took 9ms
2026-01-09 02:55:57.594 -06:00 [WRN] [LAG SPOKE] HonestWork TownJobBehavior.OnHourlyTick took 6ms
2026-01-09 02:55:58.510 -06:00 [WRN] [LAG SPOKE] HonestWork TownJobBehavior.OnHourlyTick took 7ms
2026-01-09 02:55:59.298 -06:00 [WRN] [LAG SPOKE] HonestWork TownJobBehavior.OnHourlyTick took 11ms
2026-01-09 02:56:00.136 -06:00 [WRN] [LAG SPOKE] HonestWork TownJobBehavior.OnHourlyTick took 8ms
2026-01-09 02:56:00.982 -06:00 [WRN] [LAG SPOKE] HonestWork TownJobBehavior.OnHourlyTick took 9ms
2026-01-09 02:56:01.780 -06:00 [WRN] [LAG SPOKE] HonestWork TownJobBehavior.OnHourlyTick took 9ms
2026-01-09 02:56:02.622 -06:00 [WRN] [LAG SPOKE] HonestWork TownJobBehavior.OnHourlyTick took 8ms
2026-01-09 02:56:03.467 -06:00 [WRN] [LAG SPOKE] HonestWork TownJobBehavior.OnHourlyTick took 6ms
2026-01-09 02:56:04.284 -06:00 [WRN] [LAG SPOKE] HonestWork TownJobBehavior.OnHourlyTick took 10ms
2026-01-09 02:56:05.138 -06:00 [WRN] [LAG SPOKE] HonestWork TownJobBehavior.OnHourlyTick took 10ms
2026-01-09 02:56:05.984 -06:00 [WRN] [LAG SPOKE] HonestWork TownJobBehavior.OnHourlyTick took 9ms
2026-01-09 02:56:06.788 -06:00 [WRN] [LAG SPOKE] HonestWork TownJobBehavior.OnHourlyTick took 6ms
2026-01-09 02:56:07.625 -06:00 [WRN] [LAG SPOKE] HonestWork TownJobBehavior.OnHourlyTick took 6ms
2026-01-09 02:56:08.480 -06:00 [WRN] [LAG SPOKE] HonestWork TownJobBehavior.OnHourlyTick took 6ms
2026-01-09 02:56:09.307 -06:00 [WRN] [LAG SPOKE] HonestWork TownJobBehavior.OnHourlyTick took 12ms
2026-01-09 02:56:10.114 -06:00 [WRN] [LAG SPOKE] HonestWork TownJobBehavior.OnHourlyTick took 9ms
2026-01-09 02:56:10.965 -06:00 [WRN] [LAG SPOKE] HonestWork TownJobBehavior.OnHourlyTick took 11ms
2026-01-09 02:56:11.811 -06:00 [WRN] [LAG SPOKE] HonestWork TownJobBehavior.OnHourlyTick took 7ms
2026-01-09 02:56:12.608 -06:00 [WRN] [LAG SPOKE] HonestWork TownJobBehavior.OnHourlyTick took 8ms
2026-01-09 02:56:13.450 -06:00 [WRN] [LAG SPOKE] HonestWork TownJobBehavior.OnHourlyTick took 8ms
2026-01-09 02:56:14.302 -06:00 [WRN] [LAG SPOKE] HonestWork TownJobBehavior.OnHourlyTick took 10ms
2026-01-09 02:56:15.142 -06:00 [WRN] [LAG SPOKE] HonestWork TownJobBehavior.OnHourlyTick took 7ms
2026-01-09 02:56:15.954 -06:00 [WRN] [LAG SPOKE] HonestWork TownJobBehavior.OnHourlyTick took 8ms
2026-01-09 02:56:16.824 -06:00 [WRN] [LAG SPOKE] HonestWork TownJobBehavior.OnHourlyTick took 12ms
2026-01-09 02:56:17.632 -06:00 [WRN] [LAG SPOKE] HonestWork TownJobBehavior.OnHourlyTick took 6ms
2026-01-09 02:56:18.506 -06:00 [WRN] [LAG SPOKE] HonestWork TownJobBehavior.OnHourlyTick took 6ms
2026-01-09 02:56:19.334 -06:00 [WRN] [LAG SPOKE] HonestWork TownJobBehavior.OnHourlyTick took 9ms
2026-01-09 02:56:20.144 -06:00 [WRN] [LAG SPOKE] HonestWork TownJobBehavior.OnHourlyTick took 9ms
2026-01-09 02:56:20.998 -06:00 [WRN] [LAG SPOKE] HonestWork TownJobBehavior.OnHourlyTick took 6ms
2026-01-09 02:56:21.811 -06:00 [WRN] [LAG SPOKE] HonestWork TownJobBehavior.OnHourlyTick took 8ms
2026-01-09 02:56:22.641 -06:00 [WRN] [LAG SPOKE] HonestWork TownJobBehavior.OnHourlyTick took 10ms
2026-01-09 02:56:23.480 -06:00 [WRN] [LAG SPOKE] HonestWork TownJobBehavior.OnHourlyTick took 7ms
2026-01-09 02:56:24.323 -06:00 [WRN] [LAG SPOKE] HonestWork TownJobBehavior.OnHourlyTick took 9ms
2026-01-09 02:56:25.166 -06:00 [WRN] [LAG SPOKE] HonestWork TownJobBehavior.OnHourlyTick took 10ms
2026-01-09 02:56:25.961 -06:00 [WRN] [LAG SPOKE] HonestWork TownJobBehavior.OnHourlyTick took 7ms
2026-01-09 02:56:26.806 -06:00 [WRN] [LAG SPOKE] HonestWork TownJobBehavior.OnHourlyTick took 6ms
2026-01-09 02:56:27.646 -06:00 [WRN] [LAG SPOKE] HonestWork TownJobBehavior.OnHourlyTick took 10ms
2026-01-09 02:56:28.482 -06:00 [WRN] [LAG SPOKE] HonestWork TownJobBehavior.OnHourlyTick took 7ms
2026-01-09 02:56:29.336 -06:00 [WRN] [LAG SPOKE] HonestWork TownJobBehavior.OnHourlyTick took 9ms
2026-01-09 02:56:30.156 -06:00 [WRN] [LAG SPOKE] HonestWork TownJobBehavior.OnHourlyTick took 9ms
2026-01-09 02:56:30.980 -06:00 [WRN] [LAG SPOKE] HonestWork TownJobBehavior.OnHourlyTick took 7ms
2026-01-09 02:56:31.795 -06:00 [WRN] [LAG SPOKE] HonestWork TownJobBehavior.OnHourlyTick took 9ms
2026-01-09 02:56:32.643 -06:00 [WRN] [LAG SPOKE] HonestWork TownJobBehavior.OnHourlyTick took 6ms
2026-01-09 02:56:33.466 -06:00 [WRN] [LAG SPOKE] HonestWork TownJobBehavior.OnHourlyTick took 11ms
2026-01-09 02:56:34.330 -06:00 [WRN] [LAG SPOKE] HonestWork TownJobBehavior.OnHourlyTick took 11ms
2026-01-09 02:56:35.138 -06:00 [WRN] [LAG SPOKE] HonestWork TownJobBehavior.OnHourlyTick took 7ms
2026-01-09 02:56:35.994 -06:00 [WRN] [LAG SPOKE] HonestWork TownJobBehavior.OnHourlyTick took 7ms
2026-01-09 02:56:36.810 -06:00 [WRN] [LAG SPOKE] HonestWork TownJobBehavior.OnHourlyTick took 7ms
2026-01-09 02:56:37.637 -06:00 [WRN] [LAG SPOKE] HonestWork TownJobBehavior.OnHourlyTick took 9ms
2026-01-09 02:56:38.565 -06:00 [WRN] [LAG SPOKE] HonestWork TownJobBehavior.OnHourlyTick took 7ms
2026-01-09 02:56:39.313 -06:00 [WRN] [LAG SPOKE] HonestWork TownJobBehavior.OnHourlyTick took 8ms
2026-01-09 02:56:40.166 -06:00 [WRN] [LAG SPOKE] HonestWork TownJobBehavior.OnHourlyTick took 9ms
2026-01-09 02:56:41.019 -06:00 [WRN] [LAG SPOKE] HonestWork TownJobBehavior.OnHourlyTick took 7ms
2026-01-09 02:56:41.847 -06:00 [WRN] [LAG SPOKE] HonestWork TownJobBehavior.OnHourlyTick took 11ms
2026-01-09 02:56:42.691 -06:00 [WRN] [LAG SPOKE] HonestWork TownJobBehavior.OnHourlyTick took 8ms
2026-01-09 02:56:43.487 -06:00 [WRN] [LAG SPOKE] HonestWork TownJobBehavior.OnHourlyTick took 8ms
2026-01-09 02:56:44.337 -06:00 [WRN] [LAG SPOKE] HonestWork TownJobBehavior.OnHourlyTick took 11ms
2026-01-09 02:56:45.150 -06:00 [WRN] [LAG SPOKE] HonestWork TownJobBehavior.OnHourlyTick took 10ms
2026-01-09 02:56:45.994 -06:00 [WRN] [LAG SPOKE] HonestWork TownJobBehavior.OnHourlyTick took 7ms
2026-01-09 02:56:46.835 -06:00 [WRN] [LAG SPOKE] HonestWork TownJobBehavior.OnHourlyTick took 7ms
2026-01-09 02:56:47.675 -06:00 [WRN] [LAG SPOKE] HonestWork TownJobBehavior.OnHourlyTick took 7ms
2026-01-09 02:56:48.519 -06:00 [WRN] [LAG SPOKE] HonestWork TownJobBehavior.OnHourlyTick took 11ms
2026-01-09 02:56:49.317 -06:00 [WRN] [LAG SPOKE] HonestWork TownJobBehavior.OnHourlyTick took 11ms
2026-01-09 02:56:50.158 -06:00 [WRN] [LAG SPOKE] HonestWork TownJobBehavior.OnHourlyTick took 7ms
2026-01-09 02:56:50.978 -06:00 [WRN] [LAG SPOKE] HonestWork TownJobBehavior.OnHourlyTick took 9ms
2026-01-09 02:56:51.817 -06:00 [WRN] [LAG SPOKE] HonestWork TownJobBehavior.OnHourlyTick took 9ms
2026-01-09 02:56:52.669 -06:00 [WRN] [LAG SPOKE] HonestWork TownJobBehavior.OnHourlyTick took 8ms
2026-01-09 02:56:53.517 -06:00 [WRN] [LAG SPOKE] HonestWork TownJobBehavior.OnHourlyTick took 6ms
2026-01-09 02:56:54.340 -06:00 [WRN] [LAG SPOKE] HonestWork TownJobBehavior.OnHourlyTick took 8ms
2026-01-09 02:56:55.199 -06:00 [WRN] [LAG SPOKE] HonestWork TownJobBehavior.OnHourlyTick took 6ms
2026-01-09 02:56:56.009 -06:00 [WRN] [LAG SPOKE] HonestWork TownJobBehavior.OnHourlyTick took 7ms
2026-01-09 02:56:56.892 -06:00 [WRN] [LAG SPOKE] HonestWork TownJobBehavior.OnHourlyTick took 10ms
2026-01-09 02:56:57.714 -06:00 [WRN] [LAG SPOKE] HonestWork TownJobBehavior.OnHourlyTick took 8ms
2026-01-09 02:56:58.601 -06:00 [WRN] [LAG SPOKE] HonestWork TownJobBehavior.OnHourlyTick took 6ms
2026-01-09 02:56:59.406 -06:00 [WRN] [LAG SPOKE] HonestWork TownJobBehavior.OnHourlyTick took 9ms
2026-01-09 02:57:00.240 -06:00 [WRN] [LAG SPOKE] HonestWork TownJobBehavior.OnHourlyTick took 6ms
2026-01-09 02:57:01.087 -06:00 [WRN] [LAG SPOKE] HonestWork TownJobBehavior.OnHourlyTick took 7ms
2026-01-09 02:57:01.899 -06:00 [WRN] [LAG SPOKE] HonestWork TownJobBehavior.OnHourlyTick took 8ms
2026-01-09 02:57:02.722 -06:00 [WRN] [LAG SPOKE] HonestWork TownJobBehavior.OnHourlyTick took 11ms
2026-01-09 02:57:03.582 -06:00 [WRN] [LAG SPOKE] HonestWork TownJobBehavior.OnHourlyTick took 8ms
2026-01-09 02:57:04.415 -06:00 [WRN] [LAG SPOKE] HonestWork TownJobBehavior.OnHourlyTick took 11ms
2026-01-09 02:57:05.247 -06:00 [WRN] [LAG SPOKE] HonestWork TownJobBehavior.OnHourlyTick took 6ms
2026-01-09 02:57:06.124 -06:00 [WRN] [LAG SPOKE] HonestWork TownJobBehavior.OnHourlyTick took 6ms
2026-01-09 02:57:06.966 -06:00 [WRN] [LAG SPOKE] HonestWork TownJobBehavior.OnHourlyTick took 11ms
2026-01-09 02:57:07.756 -06:00 [WRN] [LAG SPOKE] HonestWork TownJobBehavior.OnHourlyTick took 9ms
2026-01-09 02:57:08.652 -06:00 [WRN] [LAG SPOKE] HonestWork TownJobBehavior.OnHourlyTick took 11ms
2026-01-09 02:57:09.454 -06:00 [WRN] [LAG SPOKE] HonestWork TownJobBehavior.OnHourlyTick took 10ms
2026-01-09 02:57:10.288 -06:00 [WRN] [LAG SPOKE] HonestWork TownJobBehavior.OnHourlyTick took 7ms
2026-01-09 02:57:11.124 -06:00 [WRN] [LAG SPOKE] HonestWork TownJobBehavior.OnHourlyTick took 7ms
2026-01-09 02:57:11.968 -06:00 [WRN] [LAG SPOKE] HonestWork TownJobBehavior.OnHourlyTick took 9ms
2026-01-09 02:57:12.809 -06:00 [WRN] [LAG SPOKE] HonestWork TownJobBehavior.OnHourlyTick took 12ms
2026-01-09 02:57:13.628 -06:00 [WRN] [LAG SPOKE] HonestWork TownJobBehavior.OnHourlyTick took 6ms
2026-01-09 02:57:14.457 -06:00 [WRN] [LAG SPOKE] HonestWork TownJobBehavior.OnHourlyTick took 8ms
2026-01-09 02:57:15.285 -06:00 [WRN] [LAG SPOKE] HonestWork TownJobBehavior.OnHourlyTick took 10ms
2026-01-09 02:57:16.150 -06:00 [WRN] [LAG SPOKE] HonestWork TownJobBehavior.OnHourlyTick took 8ms
2026-01-09 02:57:16.974 -06:00 [WRN] [LAG SPOKE] HonestWork TownJobBehavior.OnHourlyTick took 9ms
2026-01-09 02:57:17.794 -06:00 [WRN] [LAG SPOKE] HonestWork TownJobBehavior.OnHourlyTick took 12ms
2026-01-09 02:57:18.715 -06:00 [WRN] [LAG SPOKE] HonestWork TownJobBehavior.OnHourlyTick took 6ms
2026-01-09 02:57:19.507 -06:00 [WRN] [LAG SPOKE] HonestWork TownJobBehavior.OnHourlyTick took 13ms
2026-01-09 02:57:20.308 -06:00 [WRN] [LAG SPOKE] HonestWork TownJobBehavior.OnHourlyTick took 9ms
2026-01-09 02:57:21.156 -06:00 [WRN] [LAG SPOKE] HonestWork TownJobBehavior.OnHourlyTick took 12ms
2026-01-09 02:57:22.009 -06:00 [WRN] [LAG SPOKE] HonestWork TownJobBehavior.OnHourlyTick took 10ms
2026-01-09 02:57:22.825 -06:00 [WRN] [LAG SPOKE] HonestWork TownJobBehavior.OnHourlyTick took 6ms
2026-01-09 02:57:23.683 -06:00 [WRN] [LAG SPOKE] HonestWork TownJobBehavior.OnHourlyTick took 7ms
2026-01-09 02:57:24.557 -06:00 [WRN] [LAG SPOKE] HonestWork TownJobBehavior.OnHourlyTick took 10ms
2026-01-09 02:57:25.368 -06:00 [WRN] [LAG SPOKE] HonestWork TownJobBehavior.OnHourlyTick took 6ms
2026-01-09 02:57:26.178 -06:00 [WRN] [LAG SPOKE] HonestWork TownJobBehavior.OnHourlyTick took 6ms
2026-01-09 02:57:27.040 -06:00 [WRN] [LAG SPOKE] HonestWork TownJobBehavior.OnHourlyTick took 8ms
2026-01-09 02:57:27.854 -06:00 [WRN] [LAG SPOKE] HonestWork TownJobBehavior.OnHourlyTick took 6ms
2026-01-09 02:57:28.717 -06:00 [WRN] [LAG SPOKE] HonestWork TownJobBehavior.OnHourlyTick took 9ms
2026-01-09 02:57:29.537 -06:00 [WRN] [LAG SPOKE] HonestWork TownJobBehavior.OnHourlyTick took 14ms
2026-01-09 02:57:30.388 -06:00 [WRN] [LAG SPOKE] HonestWork TownJobBehavior.OnHourlyTick took 8ms
2026-01-09 02:57:31.204 -06:00 [WRN] [LAG SPOKE] HonestWork TownJobBehavior.OnHourlyTick took 11ms
2026-01-09 02:57:32.061 -06:00 [WRN] [LAG SPOKE] HonestWork TownJobBehavior.OnHourlyTick took 9ms
2026-01-09 02:57:32.867 -06:00 [WRN] [LAG SPOKE] HonestWork TownJobBehavior.OnHourlyTick took 8ms
2026-01-09 02:57:33.723 -06:00 [WRN] [LAG SPOKE] HonestWork TownJobBehavior.OnHourlyTick took 8ms
2026-01-09 02:57:34.541 -06:00 [WRN] [LAG SPOKE] HonestWork TownJobBehavior.OnHourlyTick took 14ms
2026-01-09 02:57:35.396 -06:00 [WRN] [LAG SPOKE] HonestWork TownJobBehavior.OnHourlyTick took 9ms
2026-01-09 02:57:36.210 -06:00 [WRN] [LAG SPOKE] HonestWork TownJobBehavior.OnHourlyTick took 9ms
2026-01-09 02:57:37.023 -06:00 [WRN] [LAG SPOKE] HonestWork TownJobBehavior.OnHourlyTick took 8ms
2026-01-09 02:57:37.850 -06:00 [WRN] [LAG SPOKE] HonestWork TownJobBehavior.OnHourlyTick took 7ms
2026-01-09 02:57:38.769 -06:00 [WRN] [LAG SPOKE] HonestWork TownJobBehavior.OnHourlyTick took 6ms
2026-01-09 02:57:39.567 -06:00 [WRN] [LAG SPOKE] HonestWork TownJobBehavior.OnHourlyTick took 8ms
2026-01-09 02:57:40.380 -06:00 [WRN] [LAG SPOKE] HonestWork TownJobBehavior.OnHourlyTick took 12ms
2026-01-09 02:57:41.229 -06:00 [WRN] [LAG SPOKE] HonestWork TownJobBehavior.OnHourlyTick took 9ms
2026-01-09 02:57:42.036 -06:00 [WRN] [LAG SPOKE] HonestWork TownJobBehavior.OnHourlyTick took 7ms
2026-01-09 02:57:42.900 -06:00 [WRN] [LAG SPOKE] HonestWork TownJobBehavior.OnHourlyTick took 14ms
2026-01-09 02:57:43.708 -06:00 [WRN] [LAG SPOKE] HonestWork TownJobBehavior.OnHourlyTick took 12ms
2026-01-09 02:57:44.564 -06:00 [WRN] [LAG SPOKE] HonestWork TownJobBehavior.OnHourlyTick took 7ms
2026-01-09 02:57:45.386 -06:00 [WRN] [LAG SPOKE] HonestWork TownJobBehavior.OnHourlyTick took 8ms
2026-01-09 02:57:46.210 -06:00 [WRN] [LAG SPOKE] HonestWork TownJobBehavior.OnHourlyTick took 10ms
2026-01-09 02:57:47.074 -06:00 [WRN] [LAG SPOKE] HonestWork TownJobBehavior.OnHourlyTick took 9ms
2026-01-09 02:57:47.901 -06:00 [WRN] [LAG SPOKE] HonestWork TownJobBehavior.OnHourlyTick took 11ms
2026-01-09 02:57:48.726 -06:00 [WRN] [LAG SPOKE] HonestWork TownJobBehavior.OnHourlyTick took 11ms
2026-01-09 02:57:49.541 -06:00 [WRN] [LAG SPOKE] HonestWork TownJobBehavior.OnHourlyTick took 8ms
2026-01-09 02:57:50.369 -06:00 [WRN] [LAG SPOKE] HonestWork TownJobBehavior.OnHourlyTick took 11ms
2026-01-09 02:57:51.236 -06:00 [WRN] [LAG SPOKE] HonestWork TownJobBehavior.OnHourlyTick took 8ms
2026-01-09 02:57:52.064 -06:00 [WRN] [LAG SPOKE] HonestWork TownJobBehavior.OnHourlyTick took 10ms
2026-01-09 02:57:52.886 -06:00 [WRN] [LAG SPOKE] HonestWork TownJobBehavior.OnHourlyTick took 8ms
2026-01-09 02:57:53.712 -06:00 [WRN] [LAG SPOKE] HonestWork TownJobBehavior.OnHourlyTick took 7ms
2026-01-09 02:57:54.544 -06:00 [WRN] [LAG SPOKE] HonestWork TownJobBehavior.OnHourlyTick took 11ms
2026-01-09 02:57:55.368 -06:00 [WRN] [LAG SPOKE] HonestWork TownJobBehavior.OnHourlyTick took 8ms
2026-01-09 02:57:56.240 -06:00 [WRN] [LAG SPOKE] HonestWork TownJobBehavior.OnHourlyTick took 6ms
2026-01-09 02:57:57.066 -06:00 [WRN] [LAG SPOKE] HonestWork TownJobBehavior.OnHourlyTick took 11ms
2026-01-09 02:57:57.891 -06:00 [WRN] [LAG SPOKE] HonestWork TownJobBehavior.OnHourlyTick took 14ms
2026-01-09 02:57:59.552 -06:00 [WRN] [LAG SPOKE] HonestWork TownJobBehavior.OnHourlyTick took 10ms
2026-01-09 02:58:00.389 -06:00 [WRN] [LAG SPOKE] HonestWork TownJobBehavior.OnHourlyTick took 6ms
2026-01-09 02:58:01.232 -06:00 [WRN] [LAG SPOKE] HonestWork TownJobBehavior.OnHourlyTick took 8ms
2026-01-09 02:58:02.081 -06:00 [WRN] [LAG SPOKE] HonestWork TownJobBehavior.OnHourlyTick took 11ms
2026-01-09 02:58:02.891 -06:00 [WRN] [LAG SPOKE] HonestWork TownJobBehavior.OnHourlyTick took 7ms
2026-01-09 02:58:03.747 -06:00 [WRN] [LAG SPOKE] HonestWork TownJobBehavior.OnHourlyTick took 9ms
2026-01-09 02:58:04.553 -06:00 [WRN] [LAG SPOKE] HonestWork TownJobBehavior.OnHourlyTick took 8ms
2026-01-09 02:58:05.408 -06:00 [WRN] [LAG SPOKE] HonestWork TownJobBehavior.OnHourlyTick took 9ms
2026-01-09 02:58:06.214 -06:00 [WRN] [LAG SPOKE] HonestWork TownJobBehavior.OnHourlyTick took 8ms
2026-01-09 02:58:07.067 -06:00 [WRN] [LAG SPOKE] HonestWork TownJobBehavior.OnHourlyTick took 12ms
2026-01-09 02:58:07.905 -06:00 [WRN] [LAG SPOKE] HonestWork TownJobBehavior.OnHourlyTick took 8ms
2026-01-09 02:58:08.723 -06:00 [WRN] [LAG SPOKE] HonestWork TownJobBehavior.OnHourlyTick took 11ms
2026-01-09 02:58:09.581 -06:00 [WRN] [LAG SPOKE] HonestWork TownJobBehavior.OnHourlyTick took 7ms
2026-01-09 02:58:10.402 -06:00 [WRN] [LAG SPOKE] HonestWork TownJobBehavior.OnHourlyTick took 13ms
2026-01-09 02:58:11.209 -06:00 [WRN] [LAG SPOKE] HonestWork TownJobBehavior.OnHourlyTick took 8ms
2026-01-09 02:58:12.068 -06:00 [WRN] [LAG SPOKE] HonestWork TownJobBehavior.OnHourlyTick took 11ms
2026-01-09 02:58:12.918 -06:00 [WRN] [LAG SPOKE] HonestWork TownJobBehavior.OnHourlyTick took 8ms
2026-01-09 02:58:13.727 -06:00 [WRN] [LAG SPOKE] HonestWork TownJobBehavior.OnHourlyTick took 10ms
2026-01-09 02:58:14.573 -06:00 [WRN] [LAG SPOKE] HonestWork TownJobBehavior.OnHourlyTick took 8ms
2026-01-09 02:58:15.379 -06:00 [WRN] [LAG SPOKE] HonestWork TownJobBehavior.OnHourlyTick took 9ms
2026-01-09 02:58:16.219 -06:00 [WRN] [LAG SPOKE] HonestWork TownJobBehavior.OnHourlyTick took 9ms
2026-01-09 02:58:17.108 -06:00 [WRN] [LAG SPOKE] HonestWork TownJobBehavior.OnHourlyTick took 8ms
2026-01-09 02:58:17.922 -06:00 [WRN] [LAG SPOKE] HonestWork TownJobBehavior.OnHourlyTick took 6ms
2026-01-09 02:58:18.801 -06:00 [WRN] [LAG SPOKE] HonestWork TownJobBehavior.OnHourlyTick took 6ms
2026-01-09 02:58:19.593 -06:00 [WRN] [LAG SPOKE] HonestWork TownJobBehavior.OnHourlyTick took 7ms
2026-01-09 02:58:20.456 -06:00 [WRN] [LAG SPOKE] HonestWork TownJobBehavior.OnHourlyTick took 9ms
2026-01-09 02:58:21.290 -06:00 [WRN] [LAG SPOKE] HonestWork TownJobBehavior.OnHourlyTick took 8ms
2026-01-09 02:58:22.102 -06:00 [WRN] [LAG SPOKE] HonestWork TownJobBehavior.OnHourlyTick took 11ms
2026-01-09 02:58:22.955 -06:00 [WRN] [LAG SPOKE] HonestWork TownJobBehavior.OnHourlyTick took 7ms
2026-01-09 02:58:23.768 -06:00 [WRN] [LAG SPOKE] HonestWork TownJobBehavior.OnHourlyTick took 10ms
2026-01-09 02:58:24.616 -06:00 [WRN] [LAG SPOKE] HonestWork TownJobBehavior.OnHourlyTick took 7ms
2026-01-09 02:58:25.425 -06:00 [WRN] [LAG SPOKE] HonestWork TownJobBehavior.OnHourlyTick took 6ms
2026-01-09 02:58:26.281 -06:00 [WRN] [LAG SPOKE] HonestWork TownJobBehavior.OnHourlyTick took 7ms
2026-01-09 02:58:27.092 -06:00 [WRN] [LAG SPOKE] HonestWork TownJobBehavior.OnHourlyTick took 7ms
2026-01-09 02:58:27.942 -06:00 [WRN] [LAG SPOKE] HonestWork TownJobBehavior.OnHourlyTick took 6ms
2026-01-09 02:58:28.786 -06:00 [WRN] [LAG SPOKE] HonestWork TownJobBehavior.OnHourlyTick took 6ms
2026-01-09 02:58:29.631 -06:00 [WRN] [LAG SPOKE] HonestWork TownJobBehavior.OnHourlyTick took 9ms
2026-01-09 02:58:30.441 -06:00 [WRN] [LAG SPOKE] HonestWork TownJobBehavior.OnHourlyTick took 10ms
2026-01-09 02:58:31.292 -06:00 [WRN] [LAG SPOKE] HonestWork TownJobBehavior.OnHourlyTick took 8ms
2026-01-09 02:58:32.101 -06:00 [WRN] [LAG SPOKE] HonestWork TownJobBehavior.OnHourlyTick took 11ms
2026-01-09 02:58:32.943 -06:00 [WRN] [LAG SPOKE] HonestWork TownJobBehavior.OnHourlyTick took 7ms
2026-01-09 02:58:33.797 -06:00 [WRN] [LAG SPOKE] HonestWork TownJobBehavior.OnHourlyTick took 7ms
2026-01-09 02:58:34.602 -06:00 [WRN] [LAG SPOKE] HonestWork TownJobBehavior.OnHourlyTick took 8ms
2026-01-09 02:58:35.462 -06:00 [WRN] [LAG SPOKE] HonestWork TownJobBehavior.OnHourlyTick took 12ms
2026-01-09 02:58:36.264 -06:00 [WRN] [LAG SPOKE] HonestWork TownJobBehavior.OnHourlyTick took 8ms
2026-01-09 02:58:37.116 -06:00 [WRN] [LAG SPOKE] HonestWork TownJobBehavior.OnHourlyTick took 7ms
2026-01-09 02:58:37.933 -06:00 [WRN] [LAG SPOKE] HonestWork TownJobBehavior.OnHourlyTick took 10ms
2026-01-09 02:58:39.620 -06:00 [WRN] [LAG SPOKE] HonestWork TownJobBehavior.OnHourlyTick took 10ms
2026-01-09 02:58:40.455 -06:00 [WRN] [LAG SPOKE] HonestWork TownJobBehavior.OnHourlyTick took 7ms
2026-01-09 02:58:41.309 -06:00 [WRN] [LAG SPOKE] HonestWork TownJobBehavior.OnHourlyTick took 7ms
2026-01-09 02:58:42.147 -06:00 [WRN] [LAG SPOKE] HonestWork TownJobBehavior.OnHourlyTick took 9ms
2026-01-09 02:58:42.952 -06:00 [WRN] [LAG SPOKE] HonestWork TownJobBehavior.OnHourlyTick took 10ms
2026-01-09 02:58:43.803 -06:00 [WRN] [LAG SPOKE] HonestWork TownJobBehavior.OnHourlyTick took 11ms
2026-01-09 02:58:44.652 -06:00 [WRN] [LAG SPOKE] HonestWork TownJobBehavior.OnHourlyTick took 8ms
2026-01-09 02:58:45.468 -06:00 [WRN] [LAG SPOKE] HonestWork TownJobBehavior.OnHourlyTick took 11ms
2026-01-09 02:58:46.318 -06:00 [WRN] [LAG SPOKE] HonestWork TownJobBehavior.OnHourlyTick took 9ms
2026-01-09 02:58:47.133 -06:00 [WRN] [LAG SPOKE] HonestWork TownJobBehavior.OnHourlyTick took 11ms
2026-01-09 02:58:47.986 -06:00 [WRN] [LAG SPOKE] HonestWork TownJobBehavior.OnHourlyTick took 10ms
2026-01-09 02:58:48.789 -06:00 [WRN] [LAG SPOKE] HonestWork TownJobBehavior.OnHourlyTick took 6ms
2026-01-09 02:58:49.639 -06:00 [WRN] [LAG SPOKE] HonestWork TownJobBehavior.OnHourlyTick took 8ms
2026-01-09 02:58:50.451 -06:00 [WRN] [LAG SPOKE] HonestWork TownJobBehavior.OnHourlyTick took 10ms
2026-01-09 02:58:51.305 -06:00 [WRN] [LAG SPOKE] HonestWork TownJobBehavior.OnHourlyTick took 7ms
2026-01-09 02:58:52.120 -06:00 [WRN] [LAG SPOKE] HonestWork TownJobBehavior.OnHourlyTick took 9ms
2026-01-09 02:58:52.978 -06:00 [WRN] [LAG SPOKE] HonestWork TownJobBehavior.OnHourlyTick took 6ms
2026-01-09 02:58:53.841 -06:00 [WRN] [LAG SPOKE] HonestWork TownJobBehavior.OnHourlyTick took 10ms
2026-01-09 02:58:54.661 -06:00 [WRN] [LAG SPOKE] HonestWork TownJobBehavior.OnHourlyTick took 12ms
2026-01-09 02:58:55.507 -06:00 [WRN] [LAG SPOKE] HonestWork TownJobBehavior.OnHourlyTick took 10ms
2026-01-09 02:58:56.350 -06:00 [WRN] [LAG SPOKE] HonestWork TownJobBehavior.OnHourlyTick took 8ms
2026-01-09 02:58:57.185 -06:00 [WRN] [LAG SPOKE] HonestWork TownJobBehavior.OnHourlyTick took 7ms
2026-01-09 02:58:58.020 -06:00 [WRN] [LAG SPOKE] HonestWork TownJobBehavior.OnHourlyTick took 7ms
2026-01-09 02:58:58.913 -06:00 [WRN] [LAG SPOKE] HonestWork TownJobBehavior.OnHourlyTick took 7ms
2026-01-09 02:58:59.678 -06:00 [WRN] [LAG SPOKE] HonestWork TownJobBehavior.OnHourlyTick took 7ms
2026-01-09 02:59:00.541 -06:00 [WRN] [LAG SPOKE] HonestWork TownJobBehavior.OnHourlyTick took 9ms
2026-01-09 02:59:01.357 -06:00 [WRN] [LAG SPOKE] HonestWork TownJobBehavior.OnHourlyTick took 8ms
2026-01-09 02:59:02.175 -06:00 [WRN] [LAG SPOKE] HonestWork TownJobBehavior.OnHourlyTick took 13ms
2026-01-09 02:59:02.999 -06:00 [WRN] [LAG SPOKE] HonestWork TownJobBehavior.OnHourlyTick took 7ms
2026-01-09 02:59:03.875 -06:00 [WRN] [LAG SPOKE] HonestWork TownJobBehavior.OnHourlyTick took 9ms
2026-01-09 02:59:04.702 -06:00 [WRN] [LAG SPOKE] HonestWork TownJobBehavior.OnHourlyTick took 11ms
2026-01-09 02:59:05.531 -06:00 [WRN] [LAG SPOKE] HonestWork TownJobBehavior.OnHourlyTick took 14ms
2026-01-09 02:59:06.350 -06:00 [WRN] [LAG SPOKE] HonestWork TownJobBehavior.OnHourlyTick took 8ms
2026-01-09 02:59:07.205 -06:00 [WRN] [LAG SPOKE] HonestWork TownJobBehavior.OnHourlyTick took 7ms
2026-01-09 02:59:08.009 -06:00 [WRN] [LAG SPOKE] HonestWork TownJobBehavior.OnHourlyTick took 12ms
2026-01-09 02:59:08.849 -06:00 [WRN] [LAG SPOKE] HonestWork TownJobBehavior.OnHourlyTick took 8ms
2026-01-09 02:59:09.665 -06:00 [WRN] [LAG SPOKE] HonestWork TownJobBehavior.OnHourlyTick took 8ms
2026-01-09 02:59:10.501 -06:00 [WRN] [LAG SPOKE] HonestWork TownJobBehavior.OnHourlyTick took 10ms
2026-01-09 02:59:11.367 -06:00 [WRN] [LAG SPOKE] HonestWork TownJobBehavior.OnHourlyTick took 9ms
2026-01-09 02:59:12.190 -06:00 [WRN] [LAG SPOKE] HonestWork TownJobBehavior.OnHourlyTick took 10ms
2026-01-09 02:59:13.009 -06:00 [WRN] [LAG SPOKE] HonestWork TownJobBehavior.OnHourlyTick took 6ms
2026-01-09 02:59:13.832 -06:00 [WRN] [LAG SPOKE] HonestWork TownJobBehavior.OnHourlyTick took 9ms
2026-01-09 02:59:14.703 -06:00 [WRN] [LAG SPOKE] HonestWork TownJobBehavior.OnHourlyTick took 10ms
2026-01-09 02:59:15.523 -06:00 [WRN] [LAG SPOKE] HonestWork TownJobBehavior.OnHourlyTick took 8ms
2026-01-09 02:59:16.349 -06:00 [WRN] [LAG SPOKE] HonestWork TownJobBehavior.OnHourlyTick took 10ms
2026-01-09 02:59:17.168 -06:00 [WRN] [LAG SPOKE] HonestWork TownJobBehavior.OnHourlyTick took 9ms
2026-01-09 02:59:18.032 -06:00 [WRN] [LAG SPOKE] HonestWork TownJobBehavior.OnHourlyTick took 9ms
2026-01-09 02:59:18.916 -06:00 [WRN] [LAG SPOKE] HonestWork TownJobBehavior.OnHourlyTick took 8ms
2026-01-09 02:59:19.715 -06:00 [WRN] [LAG SPOKE] HonestWork TownJobBehavior.OnHourlyTick took 8ms
2026-01-09 02:59:20.524 -06:00 [WRN] [LAG SPOKE] HonestWork TownJobBehavior.OnHourlyTick took 6ms
2026-01-09 02:59:21.384 -06:00 [WRN] [LAG SPOKE] HonestWork TownJobBehavior.OnHourlyTick took 9ms
2026-01-09 02:59:22.200 -06:00 [WRN] [LAG SPOKE] HonestWork TownJobBehavior.OnHourlyTick took 9ms
2026-01-09 02:59:23.061 -06:00 [WRN] [LAG SPOKE] HonestWork TownJobBehavior.OnHourlyTick took 7ms
2026-01-09 02:59:23.854 -06:00 [WRN] [LAG SPOKE] HonestWork TownJobBehavior.OnHourlyTick took 6ms
2026-01-09 02:59:24.717 -06:00 [WRN] [LAG SPOKE] HonestWork TownJobBehavior.OnHourlyTick took 13ms
2026-01-09 02:59:25.557 -06:00 [WRN] [LAG SPOKE] HonestWork TownJobBehavior.OnHourlyTick took 12ms
2026-01-09 02:59:26.390 -06:00 [WRN] [LAG SPOKE] HonestWork TownJobBehavior.OnHourlyTick took 7ms
2026-01-09 02:59:27.228 -06:00 [WRN] [LAG SPOKE] HonestWork TownJobBehavior.OnHourlyTick took 7ms
2026-01-09 02:59:28.060 -06:00 [WRN] [LAG SPOKE] HonestWork TownJobBehavior.OnHourlyTick took 7ms
2026-01-09 02:59:28.882 -06:00 [WRN] [LAG SPOKE] HonestWork TownJobBehavior.OnHourlyTick took 7ms
2026-01-09 02:59:29.709 -06:00 [WRN] [LAG SPOKE] HonestWork TownJobBehavior.OnHourlyTick took 11ms
2026-01-09 02:59:30.522 -06:00 [WRN] [LAG SPOKE] HonestWork TownJobBehavior.OnHourlyTick took 7ms
2026-01-09 02:59:31.367 -06:00 [WRN] [LAG SPOKE] HonestWork TownJobBehavior.OnHourlyTick took 9ms
2026-01-09 02:59:32.211 -06:00 [WRN] [LAG SPOKE] HonestWork TownJobBehavior.OnHourlyTick took 6ms
2026-01-09 02:59:33.057 -06:00 [WRN] [LAG SPOKE] HonestWork TownJobBehavior.OnHourlyTick took 10ms
2026-01-09 02:59:33.877 -06:00 [WRN] [LAG SPOKE] HonestWork TownJobBehavior.OnHourlyTick took 11ms
2026-01-09 02:59:34.705 -06:00 [WRN] [LAG SPOKE] HonestWork TownJobBehavior.OnHourlyTick took 11ms
2026-01-09 02:59:35.550 -06:00 [WRN] [LAG SPOKE] HonestWork TownJobBehavior.OnHourlyTick took 9ms
2026-01-09 02:59:36.394 -06:00 [WRN] [LAG SPOKE] HonestWork TownJobBehavior.OnHourlyTick took 9ms
2026-01-09 02:59:37.224 -06:00 [WRN] [LAG SPOKE] HonestWork TownJobBehavior.OnHourlyTick took 7ms
2026-01-09 02:59:38.030 -06:00 [WRN] [LAG SPOKE] HonestWork TownJobBehavior.OnHourlyTick took 9ms
2026-01-09 02:59:38.940 -06:00 [WRN] [LAG SPOKE] HonestWork TownJobBehavior.OnHourlyTick took 7ms
2026-01-09 02:59:39.722 -06:00 [WRN] [LAG SPOKE] HonestWork TownJobBehavior.OnHourlyTick took 9ms
2026-01-09 02:59:40.552 -06:00 [WRN] [LAG SPOKE] HonestWork TownJobBehavior.OnHourlyTick took 8ms
2026-01-09 02:59:41.403 -06:00 [WRN] [LAG SPOKE] HonestWork TownJobBehavior.OnHourlyTick took 10ms
2026-01-09 02:59:42.214 -06:00 [WRN] [LAG SPOKE] HonestWork TownJobBehavior.OnHourlyTick took 6ms
2026-01-09 02:59:43.050 -06:00 [WRN] [LAG SPOKE] HonestWork TownJobBehavior.OnHourlyTick took 14ms
2026-01-09 02:59:43.911 -06:00 [WRN] [LAG SPOKE] HonestWork TownJobBehavior.OnHourlyTick took 13ms
2026-01-09 02:59:44.740 -06:00 [WRN] [LAG SPOKE] HonestWork TownJobBehavior.OnHourlyTick took 9ms
2026-01-09 02:59:45.579 -06:00 [WRN] [LAG SPOKE] HonestWork TownJobBehavior.OnHourlyTick took 7ms
2026-01-09 02:59:46.383 -06:00 [WRN] [LAG SPOKE] HonestWork TownJobBehavior.OnHourlyTick took 12ms
2026-01-09 02:59:47.218 -06:00 [WRN] [LAG SPOKE] HonestWork TownJobBehavior.OnHourlyTick took 7ms
2026-01-09 02:59:48.061 -06:00 [WRN] [LAG SPOKE] HonestWork TownJobBehavior.OnHourlyTick took 12ms
2026-01-09 02:59:48.895 -06:00 [WRN] [LAG SPOKE] HonestWork TownJobBehavior.OnHourlyTick took 7ms
2026-01-09 02:59:49.729 -06:00 [WRN] [LAG SPOKE] HonestWork TownJobBehavior.OnHourlyTick took 9ms
2026-01-09 02:59:50.562 -06:00 [WRN] [LAG SPOKE] HonestWork TownJobBehavior.OnHourlyTick took 8ms
2026-01-09 02:59:51.392 -06:00 [WRN] [LAG SPOKE] HonestWork TownJobBehavior.OnHourlyTick took 7ms
2026-01-09 02:59:52.245 -06:00 [WRN] [LAG SPOKE] HonestWork TownJobBehavior.OnHourlyTick took 9ms
2026-01-09 02:59:53.052 -06:00 [WRN] [LAG SPOKE] HonestWork TownJobBehavior.OnHourlyTick took 10ms
2026-01-09 02:59:53.917 -06:00 [WRN] [LAG SPOKE] HonestWork TownJobBehavior.OnHourlyTick took 12ms
2026-01-09 02:59:54.744 -06:00 [WRN] [LAG SPOKE] HonestWork TownJobBehavior.OnHourlyTick took 12ms
2026-01-09 02:59:55.559 -06:00 [WRN] [LAG SPOKE] HonestWork TownJobBehavior.OnHourlyTick took 7ms
2026-01-09 02:59:56.396 -06:00 [WRN] [LAG SPOKE] HonestWork TownJobBehavior.OnHourlyTick took 9ms
2026-01-09 02:59:57.229 -06:00 [WRN] [LAG SPOKE] HonestWork TownJobBehavior.OnHourlyTick took 10ms
2026-01-09 02:59:58.058 -06:00 [WRN] [LAG SPOKE] HonestWork TownJobBehavior.OnHourlyTick took 7ms
2026-01-09 02:59:58.945 -06:00 [WRN] [LAG SPOKE] HonestWork TownJobBehavior.OnHourlyTick took 6ms
2026-01-09 02:59:59.718 -06:00 [WRN] [LAG SPOKE] HonestWork TownJobBehavior.OnHourlyTick took 10ms
2026-01-09 03:00:00.583 -06:00 [WRN] [LAG SPOKE] HonestWork TownJobBehavior.OnHourlyTick took 6ms
2026-01-09 03:00:01.403 -06:00 [WRN] [LAG SPOKE] HonestWork TownJobBehavior.OnHourlyTick took 6ms
2026-01-09 03:00:02.232 -06:00 [WRN] [LAG SPOKE] HonestWork TownJobBehavior.OnHourlyTick took 7ms
2026-01-09 03:00:03.081 -06:00 [WRN] [LAG SPOKE] HonestWork TownJobBehavior.OnHourlyTick took 15ms
2026-01-09 03:00:03.910 -06:00 [WRN] [LAG SPOKE] HonestWork TownJobBehavior.OnHourlyTick took 7ms
2026-01-09 03:00:04.751 -06:00 [WRN] [LAG SPOKE] HonestWork TownJobBehavior.OnHourlyTick took 11ms
2026-01-09 03:00:05.596 -06:00 [WRN] [LAG SPOKE] HonestWork TownJobBehavior.OnHourlyTick took 9ms
2026-01-09 03:00:06.396 -06:00 [WRN] [LAG SPOKE] HonestWork TownJobBehavior.OnHourlyTick took 8ms
2026-01-09 03:00:07.254 -06:00 [WRN] [LAG SPOKE] HonestWork TownJobBehavior.OnHourlyTick took 9ms
2026-01-09 03:00:08.093 -06:00 [WRN] [LAG SPOKE] HonestWork TownJobBehavior.OnHourlyTick took 8ms
2026-01-09 03:00:08.909 -06:00 [WRN] [LAG SPOKE] HonestWork TownJobBehavior.OnHourlyTick took 6ms
2026-01-09 03:00:09.768 -06:00 [WRN] [LAG SPOKE] HonestWork TownJobBehavior.OnHourlyTick took 14ms
2026-01-09 03:00:10.554 -06:00 [WRN] [LAG SPOKE] HonestWork TownJobBehavior.OnHourlyTick took 8ms
2026-01-09 03:00:11.410 -06:00 [WRN] [LAG SPOKE] HonestWork TownJobBehavior.OnHourlyTick took 12ms
2026-01-09 03:00:12.253 -06:00 [WRN] [LAG SPOKE] HonestWork TownJobBehavior.OnHourlyTick took 7ms
2026-01-09 03:00:13.053 -06:00 [WRN] [LAG SPOKE] HonestWork TownJobBehavior.OnHourlyTick took 12ms
2026-01-09 03:00:13.885 -06:00 [WRN] [LAG SPOKE] HonestWork TownJobBehavior.OnHourlyTick took 6ms
2026-01-09 03:00:14.728 -06:00 [WRN] [LAG SPOKE] HonestWork TownJobBehavior.OnHourlyTick took 13ms
2026-01-09 03:00:15.554 -06:00 [WRN] [LAG SPOKE] HonestWork TownJobBehavior.OnHourlyTick took 6ms
2026-01-09 03:00:16.391 -06:00 [WRN] [LAG SPOKE] HonestWork TownJobBehavior.OnHourlyTick took 7ms
2026-01-09 03:00:17.224 -06:00 [WRN] [LAG SPOKE] HonestWork TownJobBehavior.OnHourlyTick took 7ms
2026-01-09 03:00:18.062 -06:00 [WRN] [LAG SPOKE] HonestWork TownJobBehavior.OnHourlyTick took 9ms
2026-01-09 03:00:18.950 -06:00 [WRN] [LAG SPOKE] HonestWork TownJobBehavior.OnHourlyTick took 6ms
2026-01-09 03:00:19.765 -06:00 [WRN] [LAG SPOKE] HonestWork TownJobBehavior.OnHourlyTick took 11ms
2026-01-09 03:00:20.586 -06:00 [WRN] [LAG SPOKE] HonestWork TownJobBehavior.OnHourlyTick took 9ms
2026-01-09 03:00:21.420 -06:00 [WRN] [LAG SPOKE] HonestWork TownJobBehavior.OnHourlyTick took 9ms
2026-01-09 03:00:22.243 -06:00 [WRN] [LAG SPOKE] HonestWork TownJobBehavior.OnHourlyTick took 7ms
2026-01-09 03:00:23.080 -06:00 [WRN] [LAG SPOKE] HonestWork TownJobBehavior.OnHourlyTick took 10ms
2026-01-09 03:00:23.914 -06:00 [WRN] [LAG SPOKE] HonestWork TownJobBehavior.OnHourlyTick took 11ms
2026-01-09 03:00:24.748 -06:00 [WRN] [LAG SPOKE] HonestWork TownJobBehavior.OnHourlyTick took 10ms
2026-01-09 03:00:25.576 -06:00 [WRN] [LAG SPOKE] HonestWork TownJobBehavior.OnHourlyTick took 7ms
2026-01-09 03:00:26.406 -06:00 [WRN] [LAG SPOKE] HonestWork TownJobBehavior.OnHourlyTick took 8ms
2026-01-09 03:00:27.237 -06:00 [WRN] [LAG SPOKE] HonestWork TownJobBehavior.OnHourlyTick took 8ms
2026-01-09 03:00:28.069 -06:00 [WRN] [LAG SPOKE] HonestWork TownJobBehavior.OnHourlyTick took 8ms
2026-01-09 03:00:28.909 -06:00 [WRN] [LAG SPOKE] HonestWork TownJobBehavior.OnHourlyTick took 14ms
2026-01-09 03:00:29.734 -06:00 [WRN] [LAG SPOKE] HonestWork TownJobBehavior.OnHourlyTick took 9ms
2026-01-09 03:00:30.566 -06:00 [WRN] [LAG SPOKE] HonestWork TownJobBehavior.OnHourlyTick took 8ms
2026-01-09 03:00:31.399 -06:00 [WRN] [LAG SPOKE] HonestWork TownJobBehavior.OnHourlyTick took 7ms
2026-01-09 03:00:32.236 -06:00 [WRN] [LAG SPOKE] HonestWork TownJobBehavior.OnHourlyTick took 9ms
2026-01-09 03:00:33.086 -06:00 [WRN] [LAG SPOKE] HonestWork TownJobBehavior.OnHourlyTick took 9ms
2026-01-09 03:00:33.921 -06:00 [WRN] [LAG SPOKE] HonestWork TownJobBehavior.OnHourlyTick took 10ms
2026-01-09 03:00:34.752 -06:00 [WRN] [LAG SPOKE] HonestWork TownJobBehavior.OnHourlyTick took 12ms
2026-01-09 03:00:35.577 -06:00 [WRN] [LAG SPOKE] HonestWork TownJobBehavior.OnHourlyTick took 8ms
2026-01-09 03:00:36.422 -06:00 [WRN] [LAG SPOKE] HonestWork TownJobBehavior.OnHourlyTick took 7ms
2026-01-09 03:00:37.263 -06:00 [WRN] [LAG SPOKE] HonestWork TownJobBehavior.OnHourlyTick took 7ms
2026-01-09 03:00:38.108 -06:00 [WRN] [LAG SPOKE] HonestWork TownJobBehavior.OnHourlyTick took 7ms
2026-01-09 03:00:39.003 -06:00 [WRN] [LAG SPOKE] HonestWork TownJobBehavior.OnHourlyTick took 6ms
2026-01-09 03:00:39.783 -06:00 [WRN] [LAG SPOKE] HonestWork TownJobBehavior.OnHourlyTick took 9ms
2026-01-09 03:00:40.608 -06:00 [WRN] [LAG SPOKE] HonestWork TownJobBehavior.OnHourlyTick took 6ms
2026-01-09 03:00:41.445 -06:00 [WRN] [LAG SPOKE] HonestWork TownJobBehavior.OnHourlyTick took 11ms
2026-01-09 03:00:42.274 -06:00 [WRN] [LAG SPOKE] HonestWork TownJobBehavior.OnHourlyTick took 7ms
2026-01-09 03:00:43.119 -06:00 [WRN] [LAG SPOKE] HonestWork TownJobBehavior.OnHourlyTick took 9ms
2026-01-09 03:00:43.964 -06:00 [WRN] [LAG SPOKE] HonestWork TownJobBehavior.OnHourlyTick took 10ms
2026-01-09 03:00:44.756 -06:00 [WRN] [LAG SPOKE] HonestWork TownJobBehavior.OnHourlyTick took 12ms
2026-01-09 03:00:45.591 -06:00 [WRN] [LAG SPOKE] HonestWork TownJobBehavior.OnHourlyTick took 8ms
2026-01-09 03:00:46.435 -06:00 [WRN] [LAG SPOKE] HonestWork TownJobBehavior.OnHourlyTick took 7ms
2026-01-09 03:00:47.278 -06:00 [WRN] [LAG SPOKE] HonestWork TownJobBehavior.OnHourlyTick took 8ms
2026-01-09 03:00:48.125 -06:00 [WRN] [LAG SPOKE] HonestWork TownJobBehavior.OnHourlyTick took 10ms
2026-01-09 03:00:48.916 -06:00 [WRN] [LAG SPOKE] HonestWork TownJobBehavior.OnHourlyTick took 7ms
2026-01-09 03:00:49.764 -06:00 [WRN] [LAG SPOKE] HonestWork TownJobBehavior.OnHourlyTick took 12ms
2026-01-09 03:00:50.599 -06:00 [WRN] [LAG SPOKE] HonestWork TownJobBehavior.OnHourlyTick took 6ms
2026-01-09 03:00:51.449 -06:00 [WRN] [LAG SPOKE] HonestWork TownJobBehavior.OnHourlyTick took 9ms
2026-01-09 03:00:52.293 -06:00 [WRN] [LAG SPOKE] HonestWork TownJobBehavior.OnHourlyTick took 7ms
2026-01-09 03:00:53.084 -06:00 [WRN] [LAG SPOKE] HonestWork TownJobBehavior.OnHourlyTick took 10ms
2026-01-09 03:00:53.921 -06:00 [WRN] [LAG SPOKE] HonestWork TownJobBehavior.OnHourlyTick took 7ms
2026-01-09 03:00:54.766 -06:00 [WRN] [LAG SPOKE] HonestWork TownJobBehavior.OnHourlyTick took 9ms
2026-01-09 03:00:55.604 -06:00 [WRN] [LAG SPOKE] HonestWork TownJobBehavior.OnHourlyTick took 11ms
2026-01-09 03:00:56.443 -06:00 [WRN] [LAG SPOKE] HonestWork TownJobBehavior.OnHourlyTick took 6ms
2026-01-09 03:00:57.299 -06:00 [WRN] [LAG SPOKE] HonestWork TownJobBehavior.OnHourlyTick took 18ms
2026-01-09 03:00:58.084 -06:00 [WRN] [LAG SPOKE] HonestWork TownJobBehavior.OnHourlyTick took 10ms
2026-01-09 03:00:59.011 -06:00 [WRN] [LAG SPOKE] HonestWork TownJobBehavior.OnHourlyTick took 6ms
2026-01-09 03:00:59.823 -06:00 [WRN] [LAG SPOKE] HonestWork TownJobBehavior.OnHourlyTick took 8ms
2026-01-09 03:01:00.656 -06:00 [WRN] [LAG SPOKE] HonestWork TownJobBehavior.OnHourlyTick took 13ms
2026-01-09 03:01:01.458 -06:00 [WRN] [LAG SPOKE] HonestWork TownJobBehavior.OnHourlyTick took 6ms
2026-01-09 03:01:02.314 -06:00 [WRN] [LAG SPOKE] HonestWork TownJobBehavior.OnHourlyTick took 9ms
2026-01-09 03:01:03.121 -06:00 [WRN] [LAG SPOKE] HonestWork TownJobBehavior.OnHourlyTick took 7ms
2026-01-09 03:01:03.973 -06:00 [WRN] [LAG SPOKE] HonestWork TownJobBehavior.OnHourlyTick took 7ms
2026-01-09 03:01:04.828 -06:00 [WRN] [LAG SPOKE] HonestWork TownJobBehavior.OnHourlyTick took 8ms
2026-01-09 03:01:05.632 -06:00 [WRN] [LAG SPOKE] HonestWork TownJobBehavior.OnHourlyTick took 9ms
2026-01-09 03:01:06.484 -06:00 [WRN] [LAG SPOKE] HonestWork TownJobBehavior.OnHourlyTick took 9ms
2026-01-09 03:01:07.288 -06:00 [WRN] [LAG SPOKE] HonestWork TownJobBehavior.OnHourlyTick took 8ms
2026-01-09 03:01:08.138 -06:00 [WRN] [LAG SPOKE] HonestWork TownJobBehavior.OnHourlyTick took 6ms
2026-01-09 03:01:08.970 -06:00 [WRN] [LAG SPOKE] HonestWork TownJobBehavior.OnHourlyTick took 12ms
2026-01-09 03:01:09.831 -06:00 [WRN] [LAG SPOKE] HonestWork TownJobBehavior.OnHourlyTick took 10ms
2026-01-09 03:01:10.613 -06:00 [WRN] [LAG SPOKE] HonestWork TownJobBehavior.OnHourlyTick took 6ms
2026-01-09 03:01:11.499 -06:00 [WRN] [LAG SPOKE] HonestWork TownJobBehavior.OnHourlyTick took 11ms
2026-01-09 03:01:12.331 -06:00 [WRN] [LAG SPOKE] HonestWork TownJobBehavior.OnHourlyTick took 9ms
2026-01-09 03:01:13.119 -06:00 [WRN] [LAG SPOKE] HonestWork TownJobBehavior.OnHourlyTick took 9ms
2026-01-09 03:01:13.967 -06:00 [WRN] [LAG SPOKE] HonestWork TownJobBehavior.OnHourlyTick took 9ms
2026-01-09 03:01:14.803 -06:00 [WRN] [LAG SPOKE] HonestWork TownJobBehavior.OnHourlyTick took 11ms
2026-01-09 03:01:15.621 -06:00 [WRN] [LAG SPOKE] HonestWork TownJobBehavior.OnHourlyTick took 7ms
2026-01-09 03:01:16.498 -06:00 [WRN] [LAG SPOKE] HonestWork TownJobBehavior.OnHourlyTick took 10ms
2026-01-09 03:01:17.321 -06:00 [WRN] [LAG SPOKE] HonestWork TownJobBehavior.OnHourlyTick took 8ms
2026-01-09 03:01:18.156 -06:00 [WRN] [LAG SPOKE] HonestWork TownJobBehavior.OnHourlyTick took 9ms
2026-01-09 03:01:19.030 -06:00 [WRN] [LAG SPOKE] HonestWork TownJobBehavior.OnHourlyTick took 6ms
2026-01-09 03:01:19.834 -06:00 [WRN] [LAG SPOKE] HonestWork TownJobBehavior.OnHourlyTick took 7ms
2026-01-09 03:01:20.627 -06:00 [WRN] [LAG SPOKE] HonestWork TownJobBehavior.OnHourlyTick took 7ms
2026-01-09 03:01:21.479 -06:00 [WRN] [LAG SPOKE] HonestWork TownJobBehavior.OnHourlyTick took 6ms
2026-01-09 03:01:22.302 -06:00 [WRN] [LAG SPOKE] HonestWork TownJobBehavior.OnHourlyTick took 10ms
2026-01-09 03:01:23.138 -06:00 [WRN] [LAG SPOKE] HonestWork TownJobBehavior.OnHourlyTick took 8ms
2026-01-09 03:01:23.977 -06:00 [WRN] [LAG SPOKE] HonestWork TownJobBehavior.OnHourlyTick took 9ms
2026-01-09 03:01:24.825 -06:00 [WRN] [LAG SPOKE] HonestWork TownJobBehavior.OnHourlyTick took 9ms
2026-01-09 03:01:25.669 -06:00 [WRN] [LAG SPOKE] HonestWork TownJobBehavior.OnHourlyTick took 8ms
2026-01-09 03:01:26.466 -06:00 [WRN] [LAG SPOKE] HonestWork TownJobBehavior.OnHourlyTick took 9ms
2026-01-09 03:01:27.308 -06:00 [WRN] [LAG SPOKE] HonestWork TownJobBehavior.OnHourlyTick took 10ms
2026-01-09 03:01:28.143 -06:00 [WRN] [LAG SPOKE] HonestWork TownJobBehavior.OnHourlyTick took 6ms
2026-01-09 03:01:29.008 -06:00 [WRN] [LAG SPOKE] HonestWork TownJobBehavior.OnHourlyTick took 11ms
2026-01-09 03:01:29.821 -06:00 [WRN] [LAG SPOKE] HonestWork TownJobBehavior.OnHourlyTick took 8ms
2026-01-09 03:01:30.630 -06:00 [WRN] [LAG SPOKE] HonestWork TownJobBehavior.OnHourlyTick took 6ms
2026-01-09 03:01:31.495 -06:00 [WRN] [LAG SPOKE] HonestWork TownJobBehavior.OnHourlyTick took 7ms
2026-01-09 03:01:32.316 -06:00 [WRN] [LAG SPOKE] HonestWork TownJobBehavior.OnHourlyTick took 9ms
2026-01-09 03:01:33.135 -06:00 [WRN] [LAG SPOKE] HonestWork TownJobBehavior.OnHourlyTick took 10ms
2026-01-09 03:01:33.999 -06:00 [WRN] [LAG SPOKE] HonestWork TownJobBehavior.OnHourlyTick took 11ms
2026-01-09 03:01:34.830 -06:00 [WRN] [LAG SPOKE] HonestWork TownJobBehavior.OnHourlyTick took 7ms
2026-01-09 03:01:35.632 -06:00 [WRN] [LAG SPOKE] HonestWork TownJobBehavior.OnHourlyTick took 6ms
2026-01-09 03:01:36.485 -06:00 [WRN] [LAG SPOKE] HonestWork TownJobBehavior.OnHourlyTick took 7ms
2026-01-09 03:01:37.351 -06:00 [WRN] [LAG SPOKE] HonestWork TownJobBehavior.OnHourlyTick took 10ms
2026-01-09 03:01:38.171 -06:00 [WRN] [LAG SPOKE] HonestWork TownJobBehavior.OnHourlyTick took 7ms
2026-01-09 03:01:39.073 -06:00 [WRN] [LAG SPOKE] HonestWork TownJobBehavior.OnHourlyTick took 6ms
2026-01-09 03:01:39.855 -06:00 [WRN] [LAG SPOKE] HonestWork TownJobBehavior.OnHourlyTick took 10ms
2026-01-09 03:01:40.694 -06:00 [WRN] [LAG SPOKE] HonestWork TownJobBehavior.OnHourlyTick took 7ms
2026-01-09 03:01:41.540 -06:00 [WRN] [LAG SPOKE] HonestWork TownJobBehavior.OnHourlyTick took 11ms
2026-01-09 03:01:42.365 -06:00 [WRN] [LAG SPOKE] HonestWork TownJobBehavior.OnHourlyTick took 7ms
2026-01-09 03:01:43.208 -06:00 [WRN] [LAG SPOKE] HonestWork TownJobBehavior.OnHourlyTick took 6ms
2026-01-09 03:01:44.039 -06:00 [WRN] [LAG SPOKE] HonestWork TownJobBehavior.OnHourlyTick took 6ms
2026-01-09 03:01:44.879 -06:00 [WRN] [LAG SPOKE] HonestWork TownJobBehavior.OnHourlyTick took 11ms
2026-01-09 03:01:45.702 -06:00 [WRN] [LAG SPOKE] HonestWork TownJobBehavior.OnHourlyTick took 7ms
2026-01-09 03:01:46.520 -06:00 [WRN] [LAG SPOKE] HonestWork TownJobBehavior.OnHourlyTick took 6ms
2026-01-09 03:01:47.385 -06:00 [WRN] [LAG SPOKE] HonestWork TownJobBehavior.OnHourlyTick took 14ms
2026-01-09 03:01:48.182 -06:00 [WRN] [LAG SPOKE] HonestWork TownJobBehavior.OnHourlyTick took 7ms
2026-01-09 03:01:49.038 -06:00 [WRN] [LAG SPOKE] HonestWork TownJobBehavior.OnHourlyTick took 8ms
2026-01-09 03:01:49.877 -06:00 [WRN] [LAG SPOKE] HonestWork TownJobBehavior.OnHourlyTick took 14ms
2026-01-09 03:01:50.705 -06:00 [WRN] [LAG SPOKE] HonestWork TownJobBehavior.OnHourlyTick took 7ms
2026-01-09 03:01:51.540 -06:00 [WRN] [LAG SPOKE] HonestWork TownJobBehavior.OnHourlyTick took 7ms
2026-01-09 03:01:52.351 -06:00 [WRN] [LAG SPOKE] HonestWork TownJobBehavior.OnHourlyTick took 9ms
2026-01-09 03:01:53.202 -06:00 [WRN] [LAG SPOKE] HonestWork TownJobBehavior.OnHourlyTick took 6ms
2026-01-09 03:01:54.016 -06:00 [WRN] [LAG SPOKE] HonestWork TownJobBehavior.OnHourlyTick took 9ms
2026-01-09 03:01:54.876 -06:00 [WRN] [LAG SPOKE] HonestWork TownJobBehavior.OnHourlyTick took 11ms
2026-01-09 03:01:55.687 -06:00 [WRN] [LAG SPOKE] HonestWork TownJobBehavior.OnHourlyTick took 9ms
2026-01-09 03:01:56.546 -06:00 [WRN] [LAG SPOKE] HonestWork TownJobBehavior.OnHourlyTick took 12ms
2026-01-09 03:01:57.348 -06:00 [WRN] [LAG SPOKE] HonestWork TownJobBehavior.OnHourlyTick took 7ms
2026-01-09 03:01:58.196 -06:00 [WRN] [LAG SPOKE] HonestWork TownJobBehavior.OnHourlyTick took 7ms
2026-01-09 03:01:59.104 -06:00 [WRN] [LAG SPOKE] HonestWork TownJobBehavior.OnHourlyTick took 6ms
2026-01-09 03:01:59.883 -06:00 [WRN] [LAG SPOKE] HonestWork TownJobBehavior.OnHourlyTick took 11ms
2026-01-09 03:02:00.724 -06:00 [WRN] [LAG SPOKE] HonestWork TownJobBehavior.OnHourlyTick took 7ms
2026-01-09 03:02:01.563 -06:00 [WRN] [LAG SPOKE] HonestWork TownJobBehavior.OnHourlyTick took 6ms
2026-01-09 03:02:02.376 -06:00 [WRN] [LAG SPOKE] HonestWork TownJobBehavior.OnHourlyTick took 8ms
2026-01-09 03:02:03.245 -06:00 [WRN] [LAG SPOKE] HonestWork TownJobBehavior.OnHourlyTick took 11ms
2026-01-09 03:02:04.059 -06:00 [WRN] [LAG SPOKE] HonestWork TownJobBehavior.OnHourlyTick took 10ms
2026-01-09 03:02:04.872 -06:00 [WRN] [LAG SPOKE] HonestWork TownJobBehavior.OnHourlyTick took 9ms
2026-01-09 03:02:05.731 -06:00 [WRN] [LAG SPOKE] HonestWork TownJobBehavior.OnHourlyTick took 9ms
2026-01-09 03:02:06.541 -06:00 [WRN] [LAG SPOKE] HonestWork TownJobBehavior.OnHourlyTick took 11ms
2026-01-09 03:02:07.394 -06:00 [WRN] [LAG SPOKE] HonestWork TownJobBehavior.OnHourlyTick took 9ms
2026-01-09 03:02:08.205 -06:00 [WRN] [LAG SPOKE] HonestWork TownJobBehavior.OnHourlyTick took 7ms
2026-01-09 03:02:09.043 -06:00 [WRN] [LAG SPOKE] HonestWork TownJobBehavior.OnHourlyTick took 9ms
2026-01-09 03:02:09.902 -06:00 [WRN] [LAG SPOKE] HonestWork TownJobBehavior.OnHourlyTick took 11ms
2026-01-09 03:02:10.716 -06:00 [WRN] [LAG SPOKE] HonestWork TownJobBehavior.OnHourlyTick took 10ms
2026-01-09 03:02:11.573 -06:00 [WRN] [LAG SPOKE] HonestWork TownJobBehavior.OnHourlyTick took 6ms
2026-01-09 03:02:12.396 -06:00 [WRN] [LAG SPOKE] HonestWork TownJobBehavior.OnHourlyTick took 9ms
2026-01-09 03:02:13.216 -06:00 [WRN] [LAG SPOKE] HonestWork TownJobBehavior.OnHourlyTick took 8ms
2026-01-09 03:02:14.032 -06:00 [WRN] [LAG SPOKE] HonestWork TownJobBehavior.OnHourlyTick took 7ms
2026-01-09 03:02:14.905 -06:00 [WRN] [LAG SPOKE] HonestWork TownJobBehavior.OnHourlyTick took 12ms
2026-01-09 03:02:15.728 -06:00 [WRN] [LAG SPOKE] HonestWork TownJobBehavior.OnHourlyTick took 10ms
2026-01-09 03:02:16.542 -06:00 [WRN] [LAG SPOKE] HonestWork TownJobBehavior.OnHourlyTick took 8ms
2026-01-09 03:02:17.368 -06:00 [WRN] [LAG SPOKE] HonestWork TownJobBehavior.OnHourlyTick took 10ms
2026-01-09 03:02:18.236 -06:00 [WRN] [LAG SPOKE] HonestWork TownJobBehavior.OnHourlyTick took 9ms
2026-01-09 03:02:19.112 -06:00 [WRN] [LAG SPOKE] HonestWork TownJobBehavior.OnHourlyTick took 7ms
2026-01-09 03:02:19.905 -06:00 [WRN] [LAG SPOKE] HonestWork TownJobBehavior.OnHourlyTick took 10ms
2026-01-09 03:02:20.790 -06:00 [WRN] [LAG SPOKE] HonestWork TownJobBehavior.OnHourlyTick took 6ms
2026-01-09 03:02:21.586 -06:00 [WRN] [LAG SPOKE] HonestWork TownJobBehavior.OnHourlyTick took 6ms
2026-01-09 03:02:22.391 -06:00 [WRN] [LAG SPOKE] HonestWork TownJobBehavior.OnHourlyTick took 7ms
2026-01-09 03:02:23.247 -06:00 [WRN] [LAG SPOKE] HonestWork TownJobBehavior.OnHourlyTick took 9ms
2026-01-09 03:02:24.051 -06:00 [WRN] [LAG SPOKE] HonestWork TownJobBehavior.OnHourlyTick took 8ms
2026-01-09 03:02:24.919 -06:00 [WRN] [LAG SPOKE] HonestWork TownJobBehavior.OnHourlyTick took 11ms
2026-01-09 03:02:25.742 -06:00 [WRN] [LAG SPOKE] HonestWork TownJobBehavior.OnHourlyTick took 9ms
2026-01-09 03:02:26.569 -06:00 [WRN] [LAG SPOKE] HonestWork TownJobBehavior.OnHourlyTick took 8ms
2026-01-09 03:02:27.411 -06:00 [WRN] [LAG SPOKE] HonestWork TownJobBehavior.OnHourlyTick took 6ms
2026-01-09 03:02:28.239 -06:00 [WRN] [LAG SPOKE] HonestWork TownJobBehavior.OnHourlyTick took 7ms
2026-01-09 03:02:29.110 -06:00 [WRN] [LAG SPOKE] HonestWork TownJobBehavior.OnHourlyTick took 14ms
2026-01-09 03:02:29.920 -06:00 [WRN] [LAG SPOKE] HonestWork TownJobBehavior.OnHourlyTick took 10ms
2026-01-09 03:02:30.781 -06:00 [WRN] [LAG SPOKE] HonestWork TownJobBehavior.OnHourlyTick took 13ms
2026-01-09 03:02:31.583 -06:00 [WRN] [LAG SPOKE] HonestWork TownJobBehavior.OnHourlyTick took 6ms
2026-01-09 03:02:32.443 -06:00 [WRN] [LAG SPOKE] HonestWork TownJobBehavior.OnHourlyTick took 9ms
2026-01-09 03:02:33.249 -06:00 [WRN] [LAG SPOKE] HonestWork TownJobBehavior.OnHourlyTick took 8ms
2026-01-09 03:02:34.101 -06:00 [WRN] [LAG SPOKE] HonestWork TownJobBehavior.OnHourlyTick took 10ms
2026-01-09 03:02:34.918 -06:00 [WRN] [LAG SPOKE] HonestWork TownJobBehavior.OnHourlyTick took 11ms
2026-01-09 03:02:35.764 -06:00 [WRN] [LAG SPOKE] HonestWork TownJobBehavior.OnHourlyTick took 8ms
2026-01-09 03:02:36.611 -06:00 [WRN] [LAG SPOKE] HonestWork TownJobBehavior.OnHourlyTick took 8ms
2026-01-09 03:02:37.454 -06:00 [WRN] [LAG SPOKE] HonestWork TownJobBehavior.OnHourlyTick took 8ms
2026-01-09 03:02:38.249 -06:00 [WRN] [LAG SPOKE] HonestWork TownJobBehavior.OnHourlyTick took 7ms
2026-01-09 03:02:39.147 -06:00 [WRN] [LAG SPOKE] HonestWork TownJobBehavior.OnHourlyTick took 6ms
2026-01-09 03:02:39.936 -06:00 [WRN] [LAG SPOKE] HonestWork TownJobBehavior.OnHourlyTick took 8ms
2026-01-09 03:02:40.780 -06:00 [WRN] [LAG SPOKE] HonestWork TownJobBehavior.OnHourlyTick took 11ms
2026-01-09 03:02:41.613 -06:00 [WRN] [LAG SPOKE] HonestWork TownJobBehavior.OnHourlyTick took 6ms
2026-01-09 03:02:42.459 -06:00 [WRN] [LAG SPOKE] HonestWork TownJobBehavior.OnHourlyTick took 8ms
2026-01-09 03:02:43.313 -06:00 [WRN] [LAG SPOKE] HonestWork TownJobBehavior.OnHourlyTick took 11ms
2026-01-09 03:02:44.110 -06:00 [WRN] [LAG SPOKE] HonestWork TownJobBehavior.OnHourlyTick took 7ms
2026-01-09 03:02:44.964 -06:00 [WRN] [LAG SPOKE] HonestWork TownJobBehavior.OnHourlyTick took 8ms
2026-01-09 03:02:45.805 -06:00 [WRN] [LAG SPOKE] HonestWork TownJobBehavior.OnHourlyTick took 11ms
2026-01-09 03:02:46.591 -06:00 [WRN] [LAG SPOKE] HonestWork TownJobBehavior.OnHourlyTick took 6ms
2026-01-09 03:02:47.444 -06:00 [WRN] [LAG SPOKE] HonestWork TownJobBehavior.OnHourlyTick took 11ms
2026-01-09 03:02:48.283 -06:00 [WRN] [LAG SPOKE] HonestWork TownJobBehavior.OnHourlyTick took 6ms
2026-01-09 03:02:49.153 -06:00 [WRN] [LAG SPOKE] HonestWork TownJobBehavior.OnHourlyTick took 9ms
2026-01-09 03:02:49.944 -06:00 [WRN] [LAG SPOKE] HonestWork TownJobBehavior.OnHourlyTick took 9ms
2026-01-09 03:02:50.777 -06:00 [WRN] [LAG SPOKE] HonestWork TownJobBehavior.OnHourlyTick took 8ms
2026-01-09 03:02:51.633 -06:00 [WRN] [LAG SPOKE] HonestWork TownJobBehavior.OnHourlyTick took 6ms
2026-01-09 03:02:52.454 -06:00 [WRN] [LAG SPOKE] HonestWork TownJobBehavior.OnHourlyTick took 8ms
2026-01-09 03:02:53.266 -06:00 [WRN] [LAG SPOKE] HonestWork TownJobBehavior.OnHourlyTick took 10ms
2026-01-09 03:02:54.103 -06:00 [WRN] [LAG SPOKE] HonestWork TownJobBehavior.OnHourlyTick took 10ms
2026-01-09 03:02:54.939 -06:00 [WRN] [LAG SPOKE] HonestWork TownJobBehavior.OnHourlyTick took 9ms
2026-01-09 03:02:55.776 -06:00 [WRN] [LAG SPOKE] HonestWork TownJobBehavior.OnHourlyTick took 7ms
2026-01-09 03:02:56.605 -06:00 [WRN] [LAG SPOKE] HonestWork TownJobBehavior.OnHourlyTick took 6ms
2026-01-09 03:02:57.447 -06:00 [WRN] [LAG SPOKE] HonestWork TownJobBehavior.OnHourlyTick took 9ms
2026-01-09 03:02:58.277 -06:00 [WRN] [LAG SPOKE] HonestWork TownJobBehavior.OnHourlyTick took 7ms
2026-01-09 03:02:59.986 -06:00 [WRN] [LAG SPOKE] HonestWork TownJobBehavior.OnHourlyTick took 11ms
2026-01-09 03:03:00.805 -06:00 [WRN] [LAG SPOKE] HonestWork TownJobBehavior.OnHourlyTick took 8ms
2026-01-09 03:03:01.635 -06:00 [WRN] [LAG SPOKE] HonestWork TownJobBehavior.OnHourlyTick took 7ms
2026-01-09 03:03:02.479 -06:00 [WRN] [LAG SPOKE] HonestWork TownJobBehavior.OnHourlyTick took 8ms
2026-01-09 03:03:03.315 -06:00 [WRN] [LAG SPOKE] HonestWork TownJobBehavior.OnHourlyTick took 8ms
2026-01-09 03:03:04.149 -06:00 [WRN] [LAG SPOKE] HonestWork TownJobBehavior.OnHourlyTick took 7ms
2026-01-09 03:03:04.985 -06:00 [WRN] [LAG SPOKE] HonestWork TownJobBehavior.OnHourlyTick took 10ms
2026-01-09 03:03:05.818 -06:00 [WRN] [LAG SPOKE] HonestWork TownJobBehavior.OnHourlyTick took 8ms
2026-01-09 03:03:06.630 -06:00 [WRN] [LAG SPOKE] HonestWork TownJobBehavior.OnHourlyTick took 7ms
2026-01-09 03:03:07.449 -06:00 [WRN] [LAG SPOKE] HonestWork TownJobBehavior.OnHourlyTick took 6ms
2026-01-09 03:03:08.286 -06:00 [WRN] [LAG SPOKE] HonestWork TownJobBehavior.OnHourlyTick took 8ms
2026-01-09 03:03:09.128 -06:00 [WRN] [LAG SPOKE] HonestWork TownJobBehavior.OnHourlyTick took 7ms
2026-01-09 03:03:09.966 -06:00 [WRN] [LAG SPOKE] HonestWork TownJobBehavior.OnHourlyTick took 10ms
2026-01-09 03:03:10.812 -06:00 [WRN] [LAG SPOKE] HonestWork TownJobBehavior.OnHourlyTick took 7ms
2026-01-09 03:03:11.648 -06:00 [WRN] [LAG SPOKE] HonestWork TownJobBehavior.OnHourlyTick took 10ms
2026-01-09 03:03:12.482 -06:00 [WRN] [LAG SPOKE] HonestWork TownJobBehavior.OnHourlyTick took 10ms
2026-01-09 03:03:13.311 -06:00 [WRN] [LAG SPOKE] HonestWork TownJobBehavior.OnHourlyTick took 9ms
2026-01-09 03:03:14.140 -06:00 [WRN] [LAG SPOKE] HonestWork TownJobBehavior.OnHourlyTick took 7ms
2026-01-09 03:03:14.974 -06:00 [WRN] [LAG SPOKE] HonestWork TownJobBehavior.OnHourlyTick took 8ms
2026-01-09 03:03:15.804 -06:00 [WRN] [LAG SPOKE] HonestWork TownJobBehavior.OnHourlyTick took 8ms
2026-01-09 03:03:16.620 -06:00 [WRN] [LAG SPOKE] HonestWork TownJobBehavior.OnHourlyTick took 6ms
2026-01-09 03:03:17.452 -06:00 [WRN] [LAG SPOKE] HonestWork TownJobBehavior.OnHourlyTick took 7ms
2026-01-09 03:03:18.327 -06:00 [WRN] [LAG SPOKE] HonestWork TownJobBehavior.OnHourlyTick took 7ms
2026-01-09 03:03:19.207 -06:00 [WRN] [LAG SPOKE] HonestWork TownJobBehavior.OnHourlyTick took 6ms
2026-01-09 03:03:19.993 -06:00 [WRN] [LAG SPOKE] HonestWork TownJobBehavior.OnHourlyTick took 11ms
2026-01-09 03:03:20.824 -06:00 [WRN] [LAG SPOKE] HonestWork TownJobBehavior.OnHourlyTick took 7ms
2026-01-09 03:03:21.662 -06:00 [WRN] [LAG SPOKE] HonestWork TownJobBehavior.OnHourlyTick took 10ms
2026-01-09 03:03:22.509 -06:00 [WRN] [LAG SPOKE] HonestWork TownJobBehavior.OnHourlyTick took 11ms
2026-01-09 03:03:23.342 -06:00 [WRN] [LAG SPOKE] HonestWork TownJobBehavior.OnHourlyTick took 11ms
2026-01-09 03:03:24.167 -06:00 [WRN] [LAG SPOKE] HonestWork TownJobBehavior.OnHourlyTick took 8ms
2026-01-09 03:03:25.002 -06:00 [WRN] [LAG SPOKE] HonestWork TownJobBehavior.OnHourlyTick took 12ms
2026-01-09 03:03:25.833 -06:00 [WRN] [LAG SPOKE] HonestWork TownJobBehavior.OnHourlyTick took 10ms
2026-01-09 03:03:26.666 -06:00 [WRN] [LAG SPOKE] HonestWork TownJobBehavior.OnHourlyTick took 7ms
2026-01-09 03:03:27.507 -06:00 [WRN] [LAG SPOKE] HonestWork TownJobBehavior.OnHourlyTick took 12ms
2026-01-09 03:03:28.333 -06:00 [WRN] [LAG SPOKE] HonestWork TownJobBehavior.OnHourlyTick took 7ms
2026-01-09 03:03:29.169 -06:00 [WRN] [LAG SPOKE] HonestWork TownJobBehavior.OnHourlyTick took 10ms
2026-01-09 03:03:30.004 -06:00 [WRN] [LAG SPOKE] HonestWork TownJobBehavior.OnHourlyTick took 10ms
2026-01-09 03:03:30.842 -06:00 [WRN] [LAG SPOKE] HonestWork TownJobBehavior.OnHourlyTick took 9ms
2026-01-09 03:03:31.637 -06:00 [WRN] [LAG SPOKE] HonestWork TownJobBehavior.OnHourlyTick took 7ms
2026-01-09 03:03:32.483 -06:00 [WRN] [LAG SPOKE] HonestWork TownJobBehavior.OnHourlyTick took 6ms
2026-01-09 03:03:33.332 -06:00 [WRN] [LAG SPOKE] HonestWork TownJobBehavior.OnHourlyTick took 10ms
2026-01-09 03:03:34.170 -06:00 [WRN] [LAG SPOKE] HonestWork TownJobBehavior.OnHourlyTick took 8ms
2026-01-09 03:03:34.970 -06:00 [WRN] [LAG SPOKE] HonestWork TownJobBehavior.OnHourlyTick took 10ms
2026-01-09 03:03:35.840 -06:00 [WRN] [LAG SPOKE] HonestWork TownJobBehavior.OnHourlyTick took 7ms
2026-01-09 03:03:36.665 -06:00 [WRN] [LAG SPOKE] HonestWork TownJobBehavior.OnHourlyTick took 7ms
2026-01-09 03:03:37.492 -06:00 [WRN] [LAG SPOKE] HonestWork TownJobBehavior.OnHourlyTick took 9ms
2026-01-09 03:03:38.338 -06:00 [WRN] [LAG SPOKE] HonestWork TownJobBehavior.OnHourlyTick took 7ms
2026-01-09 03:03:39.213 -06:00 [WRN] [LAG SPOKE] HonestWork TownJobBehavior.OnHourlyTick took 6ms
2026-01-09 03:03:40.039 -06:00 [WRN] [LAG SPOKE] HonestWork TownJobBehavior.OnHourlyTick took 10ms
2026-01-09 03:03:40.832 -06:00 [WRN] [LAG SPOKE] HonestWork TownJobBehavior.OnHourlyTick took 9ms
2026-01-09 03:03:41.680 -06:00 [WRN] [LAG SPOKE] HonestWork TownJobBehavior.OnHourlyTick took 9ms
2026-01-09 03:03:42.531 -06:00 [WRN] [LAG SPOKE] HonestWork TownJobBehavior.OnHourlyTick took 9ms
2026-01-09 03:03:43.354 -06:00 [WRN] [LAG SPOKE] HonestWork TownJobBehavior.OnHourlyTick took 12ms
2026-01-09 03:03:44.170 -06:00 [WRN] [LAG SPOKE] HonestWork TownJobBehavior.OnHourlyTick took 8ms
2026-01-09 03:03:45.013 -06:00 [WRN] [LAG SPOKE] HonestWork TownJobBehavior.OnHourlyTick took 11ms
2026-01-09 03:03:45.845 -06:00 [WRN] [LAG SPOKE] HonestWork TownJobBehavior.OnHourlyTick took 9ms
2026-01-09 03:03:46.680 -06:00 [WRN] [LAG SPOKE] HonestWork TownJobBehavior.OnHourlyTick took 7ms
2026-01-09 03:03:47.524 -06:00 [WRN] [LAG SPOKE] HonestWork TownJobBehavior.OnHourlyTick took 14ms
2026-01-09 03:03:48.351 -06:00 [WRN] [LAG SPOKE] HonestWork TownJobBehavior.OnHourlyTick took 9ms
2026-01-09 03:03:49.167 -06:00 [WRN] [LAG SPOKE] HonestWork TownJobBehavior.OnHourlyTick took 7ms
2026-01-09 03:03:50.002 -06:00 [WRN] [LAG SPOKE] HonestWork TownJobBehavior.OnHourlyTick took 15ms
2026-01-09 03:03:50.873 -06:00 [WRN] [LAG SPOKE] HonestWork TownJobBehavior.OnHourlyTick took 8ms
2026-01-09 03:03:51.701 -06:00 [WRN] [LAG SPOKE] HonestWork TownJobBehavior.OnHourlyTick took 8ms
2026-01-09 03:03:52.525 -06:00 [WRN] [LAG SPOKE] HonestWork TownJobBehavior.OnHourlyTick took 9ms
2026-01-09 03:03:53.338 -06:00 [WRN] [LAG SPOKE] HonestWork TownJobBehavior.OnHourlyTick took 9ms
2026-01-09 03:03:54.187 -06:00 [WRN] [LAG SPOKE] HonestWork TownJobBehavior.OnHourlyTick took 8ms
2026-01-09 03:03:55.039 -06:00 [WRN] [LAG SPOKE] HonestWork TownJobBehavior.OnHourlyTick took 9ms
2026-01-09 03:03:55.846 -06:00 [WRN] [LAG SPOKE] HonestWork TownJobBehavior.OnHourlyTick took 7ms
2026-01-09 03:03:56.694 -06:00 [WRN] [LAG SPOKE] HonestWork TownJobBehavior.OnHourlyTick took 6ms
2026-01-09 03:03:57.509 -06:00 [WRN] [LAG SPOKE] HonestWork TownJobBehavior.OnHourlyTick took 10ms
2026-01-09 03:03:58.361 -06:00 [WRN] [LAG SPOKE] HonestWork TownJobBehavior.OnHourlyTick took 8ms
2026-01-09 03:03:59.241 -06:00 [WRN] [LAG SPOKE] HonestWork TownJobBehavior.OnHourlyTick took 7ms
2026-01-09 03:04:00.034 -06:00 [WRN] [LAG SPOKE] HonestWork TownJobBehavior.OnHourlyTick took 12ms
2026-01-09 03:04:00.884 -06:00 [WRN] [LAG SPOKE] HonestWork TownJobBehavior.OnHourlyTick took 9ms
2026-01-09 03:04:01.686 -06:00 [WRN] [LAG SPOKE] HonestWork TownJobBehavior.OnHourlyTick took 7ms
2026-01-09 03:04:02.569 -06:00 [WRN] [LAG SPOKE] HonestWork TownJobBehavior.OnHourlyTick took 6ms
2026-01-09 03:04:04.230 -06:00 [WRN] [LAG SPOKE] HonestWork TownJobBehavior.OnHourlyTick took 8ms
2026-01-09 03:04:05.025 -06:00 [WRN] [LAG SPOKE] HonestWork TownJobBehavior.OnHourlyTick took 9ms
2026-01-09 03:04:05.900 -06:00 [WRN] [LAG SPOKE] HonestWork TownJobBehavior.OnHourlyTick took 7ms
2026-01-09 03:04:06.707 -06:00 [WRN] [LAG SPOKE] HonestWork TownJobBehavior.OnHourlyTick took 10ms
2026-01-09 03:04:07.560 -06:00 [WRN] [LAG SPOKE] HonestWork TownJobBehavior.OnHourlyTick took 11ms
2026-01-09 03:04:08.364 -06:00 [WRN] [LAG SPOKE] HonestWork TownJobBehavior.OnHourlyTick took 9ms
2026-01-09 03:04:09.227 -06:00 [WRN] [LAG SPOKE] HonestWork TownJobBehavior.OnHourlyTick took 14ms
2026-01-09 03:04:10.067 -06:00 [WRN] [LAG SPOKE] HonestWork TownJobBehavior.OnHourlyTick took 10ms
2026-01-09 03:04:10.865 -06:00 [WRN] [LAG SPOKE] HonestWork TownJobBehavior.OnHourlyTick took 9ms
2026-01-09 03:04:11.711 -06:00 [WRN] [LAG SPOKE] HonestWork TownJobBehavior.OnHourlyTick took 9ms
2026-01-09 03:04:12.554 -06:00 [WRN] [LAG SPOKE] HonestWork TownJobBehavior.OnHourlyTick took 6ms
2026-01-09 03:04:13.405 -06:00 [WRN] [LAG SPOKE] HonestWork TownJobBehavior.OnHourlyTick took 11ms
2026-01-09 03:04:14.192 -06:00 [WRN] [LAG SPOKE] HonestWork TownJobBehavior.OnHourlyTick took 8ms
2026-01-09 03:04:15.040 -06:00 [WRN] [LAG SPOKE] HonestWork TownJobBehavior.OnHourlyTick took 11ms
2026-01-09 03:04:15.885 -06:00 [WRN] [LAG SPOKE] HonestWork TownJobBehavior.OnHourlyTick took 7ms
2026-01-09 03:04:16.736 -06:00 [WRN] [LAG SPOKE] HonestWork TownJobBehavior.OnHourlyTick took 9ms
2026-01-09 03:04:17.529 -06:00 [WRN] [LAG SPOKE] HonestWork TownJobBehavior.OnHourlyTick took 6ms
2026-01-09 03:04:18.377 -06:00 [WRN] [LAG SPOKE] HonestWork TownJobBehavior.OnHourlyTick took 8ms
2026-01-09 03:04:20.055 -06:00 [WRN] [LAG SPOKE] HonestWork TownJobBehavior.OnHourlyTick took 13ms
2026-01-09 03:04:20.913 -06:00 [WRN] [LAG SPOKE] HonestWork TownJobBehavior.OnHourlyTick took 11ms
2026-01-09 03:04:21.727 -06:00 [WRN] [LAG SPOKE] HonestWork TownJobBehavior.OnHourlyTick took 6ms
2026-01-09 03:04:22.557 -06:00 [WRN] [LAG SPOKE] HonestWork TownJobBehavior.OnHourlyTick took 15ms
2026-01-09 03:04:23.388 -06:00 [WRN] [LAG SPOKE] HonestWork TownJobBehavior.OnHourlyTick took 7ms
2026-01-09 03:04:24.219 -06:00 [WRN] [LAG SPOKE] HonestWork TownJobBehavior.OnHourlyTick took 7ms
2026-01-09 03:04:25.059 -06:00 [WRN] [LAG SPOKE] HonestWork TownJobBehavior.OnHourlyTick took 13ms
2026-01-09 03:04:25.889 -06:00 [WRN] [LAG SPOKE] HonestWork TownJobBehavior.OnHourlyTick took 9ms
2026-01-09 03:04:26.726 -06:00 [WRN] [LAG SPOKE] HonestWork TownJobBehavior.OnHourlyTick took 7ms
2026-01-09 03:04:27.578 -06:00 [WRN] [LAG SPOKE] HonestWork TownJobBehavior.OnHourlyTick took 10ms
2026-01-09 03:04:28.410 -06:00 [WRN] [LAG SPOKE] HonestWork TownJobBehavior.OnHourlyTick took 8ms
2026-01-09 03:04:29.250 -06:00 [WRN] [LAG SPOKE] HonestWork TownJobBehavior.OnHourlyTick took 12ms
2026-01-09 03:04:30.081 -06:00 [WRN] [LAG SPOKE] HonestWork TownJobBehavior.OnHourlyTick took 10ms
2026-01-09 03:04:30.917 -06:00 [WRN] [LAG SPOKE] HonestWork TownJobBehavior.OnHourlyTick took 10ms
2026-01-09 03:04:31.753 -06:00 [WRN] [LAG SPOKE] HonestWork TownJobBehavior.OnHourlyTick took 10ms
2026-01-09 03:04:32.576 -06:00 [WRN] [LAG SPOKE] HonestWork TownJobBehavior.OnHourlyTick took 6ms
2026-01-09 03:04:33.407 -06:00 [WRN] [LAG SPOKE] HonestWork TownJobBehavior.OnHourlyTick took 9ms
2026-01-09 03:04:34.222 -06:00 [WRN] [LAG SPOKE] HonestWork TownJobBehavior.OnHourlyTick took 7ms
2026-01-09 03:04:35.044 -06:00 [WRN] [LAG SPOKE] HonestWork TownJobBehavior.OnHourlyTick took 11ms
2026-01-09 03:04:35.903 -06:00 [WRN] [LAG SPOKE] HonestWork TownJobBehavior.OnHourlyTick took 7ms
2026-01-09 03:04:36.727 -06:00 [WRN] [LAG SPOKE] HonestWork TownJobBehavior.OnHourlyTick took 6ms
2026-01-09 03:04:37.609 -06:00 [WRN] [LAG SPOKE] HonestWork TownJobBehavior.OnHourlyTick took 7ms
2026-01-09 03:04:38.444 -06:00 [WRN] [LAG SPOKE] HonestWork TownJobBehavior.OnHourlyTick took 10ms
2026-01-09 03:04:39.338 -06:00 [WRN] [LAG SPOKE] HonestWork TownJobBehavior.OnHourlyTick took 6ms
2026-01-09 03:04:40.102 -06:00 [WRN] [LAG SPOKE] HonestWork TownJobBehavior.OnHourlyTick took 11ms
2026-01-09 03:04:40.954 -06:00 [WRN] [LAG SPOKE] HonestWork TownJobBehavior.OnHourlyTick took 8ms
2026-01-09 03:04:41.768 -06:00 [WRN] [LAG SPOKE] HonestWork TownJobBehavior.OnHourlyTick took 9ms
2026-01-09 03:04:42.629 -06:00 [WRN] [LAG SPOKE] HonestWork TownJobBehavior.OnHourlyTick took 6ms
2026-01-09 03:04:43.463 -06:00 [WRN] [LAG SPOKE] HonestWork TownJobBehavior.OnHourlyTick took 13ms
2026-01-09 03:04:44.281 -06:00 [WRN] [LAG SPOKE] HonestWork TownJobBehavior.OnHourlyTick took 8ms
2026-01-09 03:04:45.114 -06:00 [WRN] [LAG SPOKE] HonestWork TownJobBehavior.OnHourlyTick took 14ms
2026-01-09 03:04:45.932 -06:00 [WRN] [LAG SPOKE] HonestWork TownJobBehavior.OnHourlyTick took 10ms
2026-01-09 03:04:46.773 -06:00 [WRN] [LAG SPOKE] HonestWork TownJobBehavior.OnHourlyTick took 9ms
2026-01-09 03:04:47.635 -06:00 [WRN] [LAG SPOKE] HonestWork TownJobBehavior.OnHourlyTick took 11ms
2026-01-09 03:04:48.436 -06:00 [WRN] [LAG SPOKE] HonestWork TownJobBehavior.OnHourlyTick took 7ms
2026-01-09 03:04:49.293 -06:00 [WRN] [LAG SPOKE] HonestWork TownJobBehavior.OnHourlyTick took 9ms
2026-01-09 03:04:50.112 -06:00 [WRN] [LAG SPOKE] HonestWork TownJobBehavior.OnHourlyTick took 15ms
2026-01-09 03:04:50.943 -06:00 [WRN] [LAG SPOKE] HonestWork TownJobBehavior.OnHourlyTick took 8ms
2026-01-09 03:04:51.780 -06:00 [WRN] [LAG SPOKE] HonestWork TownJobBehavior.OnHourlyTick took 12ms
2026-01-09 03:04:52.603 -06:00 [WRN] [LAG SPOKE] HonestWork TownJobBehavior.OnHourlyTick took 9ms
2026-01-09 03:04:53.436 -06:00 [WRN] [LAG SPOKE] HonestWork TownJobBehavior.OnHourlyTick took 10ms
2026-01-09 03:04:54.260 -06:00 [WRN] [LAG SPOKE] HonestWork TownJobBehavior.OnHourlyTick took 9ms
2026-01-09 03:04:55.090 -06:00 [WRN] [LAG SPOKE] HonestWork TownJobBehavior.OnHourlyTick took 10ms
2026-01-09 03:04:55.971 -06:00 [WRN] [LAG SPOKE] HonestWork TownJobBehavior.OnHourlyTick took 9ms
2026-01-09 03:04:56.806 -06:00 [WRN] [LAG SPOKE] HonestWork TownJobBehavior.OnHourlyTick took 13ms
2026-01-09 03:04:57.633 -06:00 [WRN] [LAG SPOKE] HonestWork TownJobBehavior.OnHourlyTick took 6ms
2026-01-09 03:04:58.470 -06:00 [WRN] [LAG SPOKE] HonestWork TownJobBehavior.OnHourlyTick took 10ms
2026-01-09 03:04:59.366 -06:00 [WRN] [LAG SPOKE] HonestWork TownJobBehavior.OnHourlyTick took 6ms
2026-01-09 03:05:00.132 -06:00 [WRN] [LAG SPOKE] HonestWork TownJobBehavior.OnHourlyTick took 11ms
2026-01-09 03:05:00.947 -06:00 [WRN] [LAG SPOKE] HonestWork TownJobBehavior.OnHourlyTick took 8ms
2026-01-09 03:05:01.814 -06:00 [WRN] [LAG SPOKE] HonestWork TownJobBehavior.OnHourlyTick took 6ms
2026-01-09 03:05:02.640 -06:00 [WRN] [LAG SPOKE] HonestWork TownJobBehavior.OnHourlyTick took 10ms
2026-01-09 03:05:03.478 -06:00 [WRN] [LAG SPOKE] HonestWork TownJobBehavior.OnHourlyTick took 10ms
2026-01-09 03:05:04.306 -06:00 [WRN] [LAG SPOKE] HonestWork TownJobBehavior.OnHourlyTick took 8ms
2026-01-09 03:05:05.117 -06:00 [WRN] [LAG SPOKE] HonestWork TownJobBehavior.OnHourlyTick took 11ms
2026-01-09 03:05:05.977 -06:00 [WRN] [LAG SPOKE] HonestWork TownJobBehavior.OnHourlyTick took 6ms
2026-01-09 03:05:06.795 -06:00 [WRN] [LAG SPOKE] HonestWork TownJobBehavior.OnHourlyTick took 11ms
2026-01-09 03:05:07.650 -06:00 [WRN] [LAG SPOKE] HonestWork TownJobBehavior.OnHourlyTick took 6ms
2026-01-09 03:05:08.468 -06:00 [WRN] [LAG SPOKE] HonestWork TownJobBehavior.OnHourlyTick took 8ms
2026-01-09 03:05:09.296 -06:00 [WRN] [LAG SPOKE] HonestWork TownJobBehavior.OnHourlyTick took 13ms
2026-01-09 03:05:10.162 -06:00 [WRN] [LAG SPOKE] HonestWork TownJobBehavior.OnHourlyTick took 14ms
2026-01-09 03:05:10.963 -06:00 [WRN] [LAG SPOKE] HonestWork TownJobBehavior.OnHourlyTick took 6ms
2026-01-09 03:05:11.783 -06:00 [WRN] [LAG SPOKE] HonestWork TownJobBehavior.OnHourlyTick took 10ms
2026-01-09 03:05:12.631 -06:00 [WRN] [LAG SPOKE] HonestWork TownJobBehavior.OnHourlyTick took 6ms
2026-01-09 03:05:13.486 -06:00 [WRN] [LAG SPOKE] HonestWork TownJobBehavior.OnHourlyTick took 10ms
2026-01-09 03:05:14.280 -06:00 [WRN] [LAG SPOKE] HonestWork TownJobBehavior.OnHourlyTick took 7ms
2026-01-09 03:05:15.127 -06:00 [WRN] [LAG SPOKE] HonestWork TownJobBehavior.OnHourlyTick took 10ms
2026-01-09 03:05:15.970 -06:00 [WRN] [LAG SPOKE] HonestWork TownJobBehavior.OnHourlyTick took 6ms
2026-01-09 03:05:16.821 -06:00 [WRN] [LAG SPOKE] HonestWork TownJobBehavior.OnHourlyTick took 11ms
2026-01-09 03:05:17.611 -06:00 [WRN] [LAG SPOKE] HonestWork TownJobBehavior.OnHourlyTick took 6ms
2026-01-09 03:05:18.463 -06:00 [WRN] [LAG SPOKE] HonestWork TownJobBehavior.OnHourlyTick took 9ms
2026-01-09 03:05:19.380 -06:00 [WRN] [LAG SPOKE] HonestWork TownJobBehavior.OnHourlyTick took 6ms
2026-01-09 03:05:20.149 -06:00 [WRN] [LAG SPOKE] HonestWork TownJobBehavior.OnHourlyTick took 10ms
2026-01-09 03:05:20.998 -06:00 [WRN] [LAG SPOKE] HonestWork TownJobBehavior.OnHourlyTick took 7ms
2026-01-09 03:05:21.806 -06:00 [WRN] [LAG SPOKE] HonestWork TownJobBehavior.OnHourlyTick took 9ms
2026-01-09 03:05:22.678 -06:00 [WRN] [LAG SPOKE] HonestWork TownJobBehavior.OnHourlyTick took 8ms
2026-01-09 03:05:23.477 -06:00 [WRN] [LAG SPOKE] HonestWork TownJobBehavior.OnHourlyTick took 8ms
2026-01-09 03:05:24.325 -06:00 [WRN] [LAG SPOKE] HonestWork TownJobBehavior.OnHourlyTick took 7ms
2026-01-09 03:05:25.171 -06:00 [WRN] [LAG SPOKE] HonestWork TownJobBehavior.OnHourlyTick took 8ms
2026-01-09 03:05:25.967 -06:00 [WRN] [LAG SPOKE] HonestWork TownJobBehavior.OnHourlyTick took 7ms
2026-01-09 03:05:26.816 -06:00 [WRN] [LAG SPOKE] HonestWork TownJobBehavior.OnHourlyTick took 8ms
2026-01-09 03:05:27.662 -06:00 [WRN] [LAG SPOKE] HonestWork TownJobBehavior.OnHourlyTick took 8ms
2026-01-09 03:05:28.509 -06:00 [WRN] [LAG SPOKE] HonestWork TownJobBehavior.OnHourlyTick took 10ms
2026-01-09 03:05:29.315 -06:00 [WRN] [LAG SPOKE] HonestWork TownJobBehavior.OnHourlyTick took 7ms
2026-01-09 03:05:30.170 -06:00 [WRN] [LAG SPOKE] HonestWork TownJobBehavior.OnHourlyTick took 10ms
2026-01-09 03:05:30.973 -06:00 [WRN] [LAG SPOKE] HonestWork TownJobBehavior.OnHourlyTick took 8ms
2026-01-09 03:05:31.827 -06:00 [WRN] [LAG SPOKE] HonestWork TownJobBehavior.OnHourlyTick took 8ms
2026-01-09 03:05:32.669 -06:00 [WRN] [LAG SPOKE] HonestWork TownJobBehavior.OnHourlyTick took 6ms
2026-01-09 03:05:33.464 -06:00 [WRN] [LAG SPOKE] HonestWork TownJobBehavior.OnHourlyTick took 8ms
2026-01-09 03:05:34.303 -06:00 [WRN] [LAG SPOKE] HonestWork TownJobBehavior.OnHourlyTick took 7ms
2026-01-09 03:05:35.146 -06:00 [WRN] [LAG SPOKE] HonestWork TownJobBehavior.OnHourlyTick took 9ms
2026-01-09 03:05:35.988 -06:00 [WRN] [LAG SPOKE] HonestWork TownJobBehavior.OnHourlyTick took 8ms
2026-01-09 03:05:36.827 -06:00 [WRN] [LAG SPOKE] HonestWork TownJobBehavior.OnHourlyTick took 7ms
2026-01-09 03:05:37.623 -06:00 [WRN] [LAG SPOKE] HonestWork TownJobBehavior.OnHourlyTick took 6ms
2026-01-09 03:05:38.465 -06:00 [WRN] [LAG SPOKE] HonestWork TownJobBehavior.OnHourlyTick took 7ms
2026-01-09 03:05:39.375 -06:00 [WRN] [LAG SPOKE] HonestWork TownJobBehavior.OnHourlyTick took 6ms
2026-01-09 03:05:40.194 -06:00 [WRN] [LAG SPOKE] HonestWork TownJobBehavior.OnHourlyTick took 11ms
2026-01-09 03:05:41.026 -06:00 [WRN] [LAG SPOKE] HonestWork TownJobBehavior.OnHourlyTick took 7ms
2026-01-09 03:05:41.863 -06:00 [WRN] [LAG SPOKE] HonestWork TownJobBehavior.OnHourlyTick took 6ms
2026-01-09 03:05:42.678 -06:00 [WRN] [LAG SPOKE] HonestWork TownJobBehavior.OnHourlyTick took 9ms
2026-01-09 03:05:43.489 -06:00 [WRN] [LAG SPOKE] HonestWork TownJobBehavior.OnHourlyTick took 7ms
2026-01-09 03:05:44.350 -06:00 [WRN] [LAG SPOKE] HonestWork TownJobBehavior.OnHourlyTick took 8ms
2026-01-09 03:05:45.198 -06:00 [WRN] [LAG SPOKE] HonestWork TownJobBehavior.OnHourlyTick took 10ms
2026-01-09 03:05:45.996 -06:00 [WRN] [LAG SPOKE] HonestWork TownJobBehavior.OnHourlyTick took 11ms
2026-01-09 03:05:46.842 -06:00 [WRN] [LAG SPOKE] HonestWork TownJobBehavior.OnHourlyTick took 9ms
2026-01-09 03:05:47.672 -06:00 [WRN] [LAG SPOKE] HonestWork TownJobBehavior.OnHourlyTick took 7ms
2026-01-09 03:05:48.503 -06:00 [WRN] [LAG SPOKE] HonestWork TownJobBehavior.OnHourlyTick took 8ms
2026-01-09 03:05:49.340 -06:00 [WRN] [LAG SPOKE] HonestWork TownJobBehavior.OnHourlyTick took 13ms
2026-01-09 03:05:50.166 -06:00 [WRN] [LAG SPOKE] HonestWork TownJobBehavior.OnHourlyTick took 9ms
2026-01-09 03:05:50.999 -06:00 [WRN] [LAG SPOKE] HonestWork TownJobBehavior.OnHourlyTick took 10ms
2026-01-09 03:05:51.832 -06:00 [WRN] [LAG SPOKE] HonestWork TownJobBehavior.OnHourlyTick took 10ms
2026-01-09 03:05:52.661 -06:00 [WRN] [LAG SPOKE] HonestWork TownJobBehavior.OnHourlyTick took 8ms
2026-01-09 03:05:53.489 -06:00 [WRN] [LAG SPOKE] HonestWork TownJobBehavior.OnHourlyTick took 7ms
2026-01-09 03:05:54.362 -06:00 [WRN] [LAG SPOKE] HonestWork TownJobBehavior.OnHourlyTick took 11ms
2026-01-09 03:05:55.193 -06:00 [WRN] [LAG SPOKE] HonestWork TownJobBehavior.OnHourlyTick took 9ms
2026-01-09 03:05:56.008 -06:00 [WRN] [LAG SPOKE] HonestWork TownJobBehavior.OnHourlyTick took 8ms
2026-01-09 03:05:56.855 -06:00 [WRN] [LAG SPOKE] HonestWork TownJobBehavior.OnHourlyTick took 7ms
2026-01-09 03:05:57.655 -06:00 [WRN] [LAG SPOKE] HonestWork TownJobBehavior.OnHourlyTick took 7ms
2026-01-09 03:05:58.506 -06:00 [WRN] [LAG SPOKE] HonestWork TownJobBehavior.OnHourlyTick took 10ms
2026-01-09 03:05:59.430 -06:00 [WRN] [LAG SPOKE] HonestWork TownJobBehavior.OnHourlyTick took 6ms
2026-01-09 03:06:00.202 -06:00 [WRN] [LAG SPOKE] HonestWork TownJobBehavior.OnHourlyTick took 8ms
2026-01-09 03:06:01.055 -06:00 [WRN] [LAG SPOKE] HonestWork TownJobBehavior.OnHourlyTick took 10ms
2026-01-09 03:06:01.862 -06:00 [WRN] [LAG SPOKE] HonestWork TownJobBehavior.OnHourlyTick took 7ms
2026-01-09 03:06:02.733 -06:00 [WRN] [LAG SPOKE] HonestWork TownJobBehavior.OnHourlyTick took 7ms
2026-01-09 03:06:03.542 -06:00 [WRN] [LAG SPOKE] HonestWork TownJobBehavior.OnHourlyTick took 14ms
2026-01-09 03:06:04.388 -06:00 [WRN] [LAG SPOKE] HonestWork TownJobBehavior.OnHourlyTick took 13ms
2026-01-09 03:06:05.230 -06:00 [WRN] [LAG SPOKE] HonestWork TownJobBehavior.OnHourlyTick took 10ms
2026-01-09 03:06:06.025 -06:00 [WRN] [LAG SPOKE] HonestWork TownJobBehavior.OnHourlyTick took 7ms
2026-01-09 03:06:06.866 -06:00 [WRN] [LAG SPOKE] HonestWork TownJobBehavior.OnHourlyTick took 9ms
2026-01-09 03:06:07.708 -06:00 [WRN] [LAG SPOKE] HonestWork TownJobBehavior.OnHourlyTick took 9ms
2026-01-09 03:06:08.532 -06:00 [WRN] [LAG SPOKE] HonestWork TownJobBehavior.OnHourlyTick took 8ms
2026-01-09 03:06:09.383 -06:00 [WRN] [LAG SPOKE] HonestWork TownJobBehavior.OnHourlyTick took 8ms
2026-01-09 03:06:10.217 -06:00 [WRN] [LAG SPOKE] HonestWork TownJobBehavior.OnHourlyTick took 13ms
2026-01-09 03:06:11.048 -06:00 [WRN] [LAG SPOKE] HonestWork TownJobBehavior.OnHourlyTick took 10ms
2026-01-09 03:06:11.879 -06:00 [WRN] [LAG SPOKE] HonestWork TownJobBehavior.OnHourlyTick took 9ms
2026-01-09 03:06:12.721 -06:00 [WRN] [LAG SPOKE] HonestWork TownJobBehavior.OnHourlyTick took 8ms
2026-01-09 03:06:13.571 -06:00 [WRN] [LAG SPOKE] HonestWork TownJobBehavior.OnHourlyTick took 12ms
2026-01-09 03:06:14.370 -06:00 [WRN] [LAG SPOKE] HonestWork TownJobBehavior.OnHourlyTick took 7ms
2026-01-09 03:06:15.225 -06:00 [WRN] [LAG SPOKE] HonestWork TownJobBehavior.OnHourlyTick took 8ms
2026-01-09 03:06:16.060 -06:00 [WRN] [LAG SPOKE] HonestWork TownJobBehavior.OnHourlyTick took 9ms
2026-01-09 03:06:16.903 -06:00 [WRN] [LAG SPOKE] HonestWork TownJobBehavior.OnHourlyTick took 8ms
2026-01-09 03:06:17.695 -06:00 [WRN] [LAG SPOKE] HonestWork TownJobBehavior.OnHourlyTick took 8ms
2026-01-09 03:06:18.530 -06:00 [WRN] [LAG SPOKE] HonestWork TownJobBehavior.OnHourlyTick took 7ms
2026-01-09 03:06:19.473 -06:00 [WRN] [LAG SPOKE] HonestWork TownJobBehavior.OnHourlyTick took 7ms
2026-01-09 03:06:20.268 -06:00 [WRN] [LAG SPOKE] HonestWork TownJobBehavior.OnHourlyTick took 10ms
2026-01-09 03:06:21.087 -06:00 [WRN] [LAG SPOKE] HonestWork TownJobBehavior.OnHourlyTick took 9ms
2026-01-09 03:06:21.908 -06:00 [WRN] [LAG SPOKE] HonestWork TownJobBehavior.OnHourlyTick took 11ms
2026-01-09 03:06:22.725 -06:00 [WRN] [LAG SPOKE] HonestWork TownJobBehavior.OnHourlyTick took 7ms
2026-01-09 03:06:23.598 -06:00 [WRN] [LAG SPOKE] HonestWork TownJobBehavior.OnHourlyTick took 8ms
2026-01-09 03:06:24.421 -06:00 [WRN] [LAG SPOKE] HonestWork TownJobBehavior.OnHourlyTick took 9ms
2026-01-09 03:06:25.250 -06:00 [WRN] [LAG SPOKE] HonestWork TownJobBehavior.OnHourlyTick took 11ms
2026-01-09 03:06:26.073 -06:00 [WRN] [LAG SPOKE] HonestWork TownJobBehavior.OnHourlyTick took 8ms
2026-01-09 03:06:26.899 -06:00 [WRN] [LAG SPOKE] HonestWork TownJobBehavior.OnHourlyTick took 10ms
2026-01-09 03:06:27.734 -06:00 [WRN] [LAG SPOKE] HonestWork TownJobBehavior.OnHourlyTick took 10ms
2026-01-09 03:06:28.586 -06:00 [WRN] [LAG SPOKE] HonestWork TownJobBehavior.OnHourlyTick took 6ms
2026-01-09 03:06:29.398 -06:00 [WRN] [LAG SPOKE] HonestWork TownJobBehavior.OnHourlyTick took 9ms
2026-01-09 03:06:30.260 -06:00 [WRN] [LAG SPOKE] HonestWork TownJobBehavior.OnHourlyTick took 9ms
2026-01-09 03:06:31.065 -06:00 [WRN] [LAG SPOKE] HonestWork TownJobBehavior.OnHourlyTick took 10ms
2026-01-09 03:06:31.913 -06:00 [WRN] [LAG SPOKE] HonestWork TownJobBehavior.OnHourlyTick took 7ms
2026-01-09 03:06:32.755 -06:00 [WRN] [LAG SPOKE] HonestWork TownJobBehavior.OnHourlyTick took 7ms
2026-01-09 03:06:33.573 -06:00 [WRN] [LAG SPOKE] HonestWork TownJobBehavior.OnHourlyTick took 10ms
2026-01-09 03:06:34.436 -06:00 [WRN] [LAG SPOKE] HonestWork TownJobBehavior.OnHourlyTick took 6ms
2026-01-09 03:06:35.259 -06:00 [WRN] [LAG SPOKE] HonestWork TownJobBehavior.OnHourlyTick took 10ms
2026-01-09 03:06:36.080 -06:00 [WRN] [LAG SPOKE] HonestWork TownJobBehavior.OnHourlyTick took 9ms
2026-01-09 03:06:36.897 -06:00 [WRN] [LAG SPOKE] HonestWork TownJobBehavior.OnHourlyTick took 7ms
2026-01-09 03:06:37.729 -06:00 [WRN] [LAG SPOKE] HonestWork TownJobBehavior.OnHourlyTick took 12ms
2026-01-09 03:06:38.589 -06:00 [WRN] [LAG SPOKE] HonestWork TownJobBehavior.OnHourlyTick took 6ms
2026-01-09 03:06:39.478 -06:00 [WRN] [LAG SPOKE] HonestWork TownJobBehavior.OnHourlyTick took 7ms
2026-01-09 03:06:40.257 -06:00 [WRN] [LAG SPOKE] HonestWork TownJobBehavior.OnHourlyTick took 10ms
2026-01-09 03:06:41.099 -06:00 [WRN] [LAG SPOKE] HonestWork TownJobBehavior.OnHourlyTick took 12ms
2026-01-09 03:06:41.944 -06:00 [WRN] [LAG SPOKE] HonestWork TownJobBehavior.OnHourlyTick took 7ms
2026-01-09 03:06:42.762 -06:00 [WRN] [LAG SPOKE] HonestWork TownJobBehavior.OnHourlyTick took 8ms
2026-01-09 03:06:43.587 -06:00 [WRN] [LAG SPOKE] HonestWork TownJobBehavior.OnHourlyTick took 6ms
2026-01-09 03:06:44.414 -06:00 [WRN] [LAG SPOKE] HonestWork TownJobBehavior.OnHourlyTick took 9ms
2026-01-09 03:06:45.290 -06:00 [WRN] [LAG SPOKE] HonestWork TownJobBehavior.OnHourlyTick took 11ms
2026-01-09 03:06:46.100 -06:00 [WRN] [LAG SPOKE] HonestWork TownJobBehavior.OnHourlyTick took 8ms
2026-01-09 03:06:46.932 -06:00 [WRN] [LAG SPOKE] HonestWork TownJobBehavior.OnHourlyTick took 7ms
2026-01-09 03:06:47.789 -06:00 [WRN] [LAG SPOKE] HonestWork TownJobBehavior.OnHourlyTick took 9ms
2026-01-09 03:06:48.608 -06:00 [WRN] [LAG SPOKE] HonestWork TownJobBehavior.OnHourlyTick took 9ms
2026-01-09 03:06:49.444 -06:00 [WRN] [LAG SPOKE] HonestWork TownJobBehavior.OnHourlyTick took 8ms
2026-01-09 03:06:50.287 -06:00 [WRN] [LAG SPOKE] HonestWork TownJobBehavior.OnHourlyTick took 9ms
2026-01-09 03:06:51.126 -06:00 [WRN] [LAG SPOKE] HonestWork TownJobBehavior.OnHourlyTick took 11ms
2026-01-09 03:06:51.915 -06:00 [WRN] [LAG SPOKE] HonestWork TownJobBehavior.OnHourlyTick took 7ms
2026-01-09 03:06:52.778 -06:00 [WRN] [LAG SPOKE] HonestWork TownJobBehavior.OnHourlyTick took 8ms
2026-01-09 03:06:53.584 -06:00 [WRN] [LAG SPOKE] HonestWork TownJobBehavior.OnHourlyTick took 10ms
2026-01-09 03:06:54.431 -06:00 [WRN] [LAG SPOKE] HonestWork TownJobBehavior.OnHourlyTick took 8ms
2026-01-09 03:06:55.281 -06:00 [WRN] [LAG SPOKE] HonestWork TownJobBehavior.OnHourlyTick took 11ms
2026-01-09 03:06:56.122 -06:00 [WRN] [LAG SPOKE] HonestWork TownJobBehavior.OnHourlyTick took 10ms
2026-01-09 03:06:56.949 -06:00 [WRN] [LAG SPOKE] HonestWork TownJobBehavior.OnHourlyTick took 10ms
2026-01-09 03:06:57.771 -06:00 [WRN] [LAG SPOKE] HonestWork TownJobBehavior.OnHourlyTick took 7ms
2026-01-09 03:06:58.593 -06:00 [WRN] [LAG SPOKE] HonestWork TownJobBehavior.OnHourlyTick took 8ms
2026-01-09 03:06:59.487 -06:00 [WRN] [LAG SPOKE] HonestWork TownJobBehavior.OnHourlyTick took 7ms
2026-01-09 03:07:00.281 -06:00 [WRN] [LAG SPOKE] HonestWork TownJobBehavior.OnHourlyTick took 8ms
2026-01-09 03:07:01.143 -06:00 [WRN] [LAG SPOKE] HonestWork TownJobBehavior.OnHourlyTick took 9ms
2026-01-09 03:07:01.972 -06:00 [WRN] [LAG SPOKE] HonestWork TownJobBehavior.OnHourlyTick took 9ms
2026-01-09 03:07:02.813 -06:00 [WRN] [LAG SPOKE] HonestWork TownJobBehavior.OnHourlyTick took 8ms
2026-01-09 03:07:03.604 -06:00 [WRN] [LAG SPOKE] HonestWork TownJobBehavior.OnHourlyTick took 10ms
2026-01-09 03:07:04.449 -06:00 [WRN] [LAG SPOKE] HonestWork TownJobBehavior.OnHourlyTick took 11ms
2026-01-09 03:07:05.312 -06:00 [WRN] [LAG SPOKE] HonestWork TownJobBehavior.OnHourlyTick took 9ms
2026-01-09 03:07:06.126 -06:00 [WRN] [LAG SPOKE] HonestWork TownJobBehavior.OnHourlyTick took 11ms
2026-01-09 03:07:06.965 -06:00 [WRN] [LAG SPOKE] HonestWork TownJobBehavior.OnHourlyTick took 7ms
2026-01-09 03:07:07.811 -06:00 [WRN] [LAG SPOKE] HonestWork TownJobBehavior.OnHourlyTick took 8ms
2026-01-09 03:07:08.611 -06:00 [WRN] [LAG SPOKE] HonestWork TownJobBehavior.OnHourlyTick took 10ms
2026-01-09 03:07:09.479 -06:00 [WRN] [LAG SPOKE] HonestWork TownJobBehavior.OnHourlyTick took 7ms
2026-01-09 03:07:10.300 -06:00 [WRN] [LAG SPOKE] HonestWork TownJobBehavior.OnHourlyTick took 8ms
2026-01-09 03:07:11.122 -06:00 [WRN] [LAG SPOKE] HonestWork TownJobBehavior.OnHourlyTick took 10ms
2026-01-09 03:07:11.965 -06:00 [WRN] [LAG SPOKE] HonestWork TownJobBehavior.OnHourlyTick took 7ms
2026-01-09 03:07:12.811 -06:00 [WRN] [LAG SPOKE] HonestWork TownJobBehavior.OnHourlyTick took 11ms
2026-01-09 03:07:13.644 -06:00 [WRN] [LAG SPOKE] HonestWork TownJobBehavior.OnHourlyTick took 6ms
2026-01-09 03:07:14.445 -06:00 [WRN] [LAG SPOKE] HonestWork TownJobBehavior.OnHourlyTick took 6ms
2026-01-09 03:07:15.292 -06:00 [WRN] [LAG SPOKE] HonestWork TownJobBehavior.OnHourlyTick took 14ms
2026-01-09 03:07:16.133 -06:00 [WRN] [LAG SPOKE] HonestWork TownJobBehavior.OnHourlyTick took 7ms
2026-01-09 03:07:16.978 -06:00 [WRN] [LAG SPOKE] HonestWork TownJobBehavior.OnHourlyTick took 9ms
2026-01-09 03:07:17.786 -06:00 [WRN] [LAG SPOKE] HonestWork TownJobBehavior.OnHourlyTick took 10ms
2026-01-09 03:07:18.628 -06:00 [WRN] [LAG SPOKE] HonestWork TownJobBehavior.OnHourlyTick took 8ms
2026-01-09 03:07:19.565 -06:00 [WRN] [LAG SPOKE] HonestWork TownJobBehavior.OnHourlyTick took 6ms
2026-01-09 03:07:20.354 -06:00 [WRN] [LAG SPOKE] HonestWork TownJobBehavior.OnHourlyTick took 8ms
2026-01-09 03:07:21.183 -06:00 [WRN] [LAG SPOKE] HonestWork TownJobBehavior.OnHourlyTick took 8ms
2026-01-09 03:07:21.987 -06:00 [WRN] [LAG SPOKE] HonestWork TownJobBehavior.OnHourlyTick took 10ms
2026-01-09 03:07:22.855 -06:00 [WRN] [LAG SPOKE] HonestWork TownJobBehavior.OnHourlyTick took 9ms
2026-01-09 03:07:23.673 -06:00 [WRN] [LAG SPOKE] HonestWork TownJobBehavior.OnHourlyTick took 6ms
2026-01-09 03:07:24.495 -06:00 [WRN] [LAG SPOKE] HonestWork TownJobBehavior.OnHourlyTick took 10ms
2026-01-09 03:07:25.316 -06:00 [WRN] [LAG SPOKE] HonestWork TownJobBehavior.OnHourlyTick took 9ms
2026-01-09 03:07:26.182 -06:00 [WRN] [LAG SPOKE] HonestWork TownJobBehavior.OnHourlyTick took 9ms
2026-01-09 03:07:26.994 -06:00 [WRN] [LAG SPOKE] HonestWork TownJobBehavior.OnHourlyTick took 8ms
2026-01-09 03:07:27.837 -06:00 [WRN] [LAG SPOKE] HonestWork TownJobBehavior.OnHourlyTick took 10ms
2026-01-09 03:07:28.677 -06:00 [WRN] [LAG SPOKE] HonestWork TownJobBehavior.OnHourlyTick took 8ms
2026-01-09 03:07:29.481 -06:00 [WRN] [LAG SPOKE] HonestWork TownJobBehavior.OnHourlyTick took 8ms
2026-01-09 03:07:30.337 -06:00 [WRN] [LAG SPOKE] HonestWork TownJobBehavior.OnHourlyTick took 13ms
2026-01-09 03:07:31.201 -06:00 [WRN] [LAG SPOKE] HonestWork TownJobBehavior.OnHourlyTick took 7ms
2026-01-09 03:07:32.001 -06:00 [WRN] [LAG SPOKE] HonestWork TownJobBehavior.OnHourlyTick took 8ms
2026-01-09 03:07:32.838 -06:00 [WRN] [LAG SPOKE] HonestWork TownJobBehavior.OnHourlyTick took 7ms
2026-01-09 03:07:33.639 -06:00 [WRN] [LAG SPOKE] HonestWork TownJobBehavior.OnHourlyTick took 6ms
2026-01-09 03:07:34.504 -06:00 [WRN] [LAG SPOKE] HonestWork TownJobBehavior.OnHourlyTick took 11ms
2026-01-09 03:07:35.351 -06:00 [WRN] [LAG SPOKE] HonestWork TownJobBehavior.OnHourlyTick took 8ms
2026-01-09 03:07:36.149 -06:00 [WRN] [LAG SPOKE] HonestWork TownJobBehavior.OnHourlyTick took 7ms
2026-01-09 03:07:36.986 -06:00 [WRN] [LAG SPOKE] HonestWork TownJobBehavior.OnHourlyTick took 11ms
2026-01-09 03:07:37.809 -06:00 [WRN] [LAG SPOKE] HonestWork TownJobBehavior.OnHourlyTick took 6ms
2026-01-09 03:07:38.689 -06:00 [WRN] [LAG SPOKE] HonestWork TownJobBehavior.OnHourlyTick took 8ms
2026-01-09 03:07:39.589 -06:00 [WRN] [LAG SPOKE] HonestWork TownJobBehavior.OnHourlyTick took 6ms
2026-01-09 03:07:40.355 -06:00 [WRN] [LAG SPOKE] HonestWork TownJobBehavior.OnHourlyTick took 10ms
2026-01-09 03:07:41.196 -06:00 [WRN] [LAG SPOKE] HonestWork TownJobBehavior.OnHourlyTick took 7ms
2026-01-09 03:07:42.012 -06:00 [WRN] [LAG SPOKE] HonestWork TownJobBehavior.OnHourlyTick took 9ms
2026-01-09 03:07:42.895 -06:00 [WRN] [LAG SPOKE] HonestWork TownJobBehavior.OnHourlyTick took 12ms
2026-01-09 03:07:43.687 -06:00 [WRN] [LAG SPOKE] HonestWork TownJobBehavior.OnHourlyTick took 6ms
2026-01-09 03:07:44.552 -06:00 [WRN] [LAG SPOKE] HonestWork TownJobBehavior.OnHourlyTick took 10ms
2026-01-09 03:07:45.365 -06:00 [WRN] [LAG SPOKE] HonestWork TownJobBehavior.OnHourlyTick took 10ms
2026-01-09 03:07:46.185 -06:00 [WRN] [LAG SPOKE] HonestWork TownJobBehavior.OnHourlyTick took 10ms
2026-01-09 03:07:47.038 -06:00 [WRN] [LAG SPOKE] HonestWork TownJobBehavior.OnHourlyTick took 7ms
2026-01-09 03:07:47.888 -06:00 [WRN] [LAG SPOKE] HonestWork TownJobBehavior.OnHourlyTick took 10ms
2026-01-09 03:07:48.681 -06:00 [WRN] [LAG SPOKE] HonestWork TownJobBehavior.OnHourlyTick took 6ms
2026-01-09 03:07:49.528 -06:00 [WRN] [LAG SPOKE] HonestWork TownJobBehavior.OnHourlyTick took 10ms
2026-01-09 03:07:50.374 -06:00 [WRN] [LAG SPOKE] HonestWork TownJobBehavior.OnHourlyTick took 11ms
2026-01-09 03:07:51.186 -06:00 [WRN] [LAG SPOKE] HonestWork TownJobBehavior.OnHourlyTick took 7ms
2026-01-09 03:07:52.047 -06:00 [WRN] [LAG SPOKE] HonestWork TownJobBehavior.OnHourlyTick took 11ms
2026-01-09 03:07:52.843 -06:00 [WRN] [LAG SPOKE] HonestWork TownJobBehavior.OnHourlyTick took 8ms
2026-01-09 03:07:53.694 -06:00 [WRN] [LAG SPOKE] HonestWork TownJobBehavior.OnHourlyTick took 11ms
2026-01-09 03:07:54.545 -06:00 [WRN] [LAG SPOKE] HonestWork TownJobBehavior.OnHourlyTick took 7ms
2026-01-09 03:07:55.364 -06:00 [WRN] [LAG SPOKE] HonestWork TownJobBehavior.OnHourlyTick took 10ms
2026-01-09 03:07:56.182 -06:00 [WRN] [LAG SPOKE] HonestWork TownJobBehavior.OnHourlyTick took 11ms
2026-01-09 03:07:57.036 -06:00 [WRN] [LAG SPOKE] HonestWork TownJobBehavior.OnHourlyTick took 6ms
2026-01-09 03:07:57.853 -06:00 [WRN] [LAG SPOKE] HonestWork TownJobBehavior.OnHourlyTick took 10ms
2026-01-09 03:07:58.712 -06:00 [WRN] [LAG SPOKE] HonestWork TownJobBehavior.OnHourlyTick took 9ms
2026-01-09 03:07:59.600 -06:00 [WRN] [LAG SPOKE] HonestWork TownJobBehavior.OnHourlyTick took 8ms
2026-01-09 03:08:00.401 -06:00 [WRN] [LAG SPOKE] HonestWork TownJobBehavior.OnHourlyTick took 10ms
2026-01-09 03:08:01.222 -06:00 [WRN] [LAG SPOKE] HonestWork TownJobBehavior.OnHourlyTick took 10ms
2026-01-09 03:08:02.037 -06:00 [WRN] [LAG SPOKE] HonestWork TownJobBehavior.OnHourlyTick took 7ms
2026-01-09 03:08:02.914 -06:00 [WRN] [LAG SPOKE] HonestWork TownJobBehavior.OnHourlyTick took 9ms
2026-01-09 03:08:03.746 -06:00 [WRN] [LAG SPOKE] HonestWork TownJobBehavior.OnHourlyTick took 9ms
2026-01-09 03:08:04.568 -06:00 [WRN] [LAG SPOKE] HonestWork TownJobBehavior.OnHourlyTick took 13ms
2026-01-09 03:08:05.384 -06:00 [WRN] [LAG SPOKE] HonestWork TownJobBehavior.OnHourlyTick took 9ms
2026-01-09 03:08:06.222 -06:00 [WRN] [LAG SPOKE] HonestWork TownJobBehavior.OnHourlyTick took 9ms
2026-01-09 03:08:07.053 -06:00 [WRN] [LAG SPOKE] HonestWork TownJobBehavior.OnHourlyTick took 9ms
2026-01-09 03:08:07.909 -06:00 [WRN] [LAG SPOKE] HonestWork TownJobBehavior.OnHourlyTick took 8ms
2026-01-09 03:08:08.742 -06:00 [WRN] [LAG SPOKE] HonestWork TownJobBehavior.OnHourlyTick took 14ms
2026-01-09 03:08:09.578 -06:00 [WRN] [LAG SPOKE] HonestWork TownJobBehavior.OnHourlyTick took 10ms
2026-01-09 03:08:10.398 -06:00 [WRN] [LAG SPOKE] HonestWork TownJobBehavior.OnHourlyTick took 10ms
2026-01-09 03:08:11.220 -06:00 [WRN] [LAG SPOKE] HonestWork TownJobBehavior.OnHourlyTick took 9ms
2026-01-09 03:08:12.046 -06:00 [WRN] [LAG SPOKE] HonestWork TownJobBehavior.OnHourlyTick took 10ms
2026-01-09 03:08:12.897 -06:00 [WRN] [LAG SPOKE] HonestWork TownJobBehavior.OnHourlyTick took 9ms
2026-01-09 03:08:13.737 -06:00 [WRN] [LAG SPOKE] HonestWork TownJobBehavior.OnHourlyTick took 8ms
2026-01-09 03:08:14.571 -06:00 [WRN] [LAG SPOKE] HonestWork TownJobBehavior.OnHourlyTick took 6ms
2026-01-09 03:08:15.415 -06:00 [WRN] [LAG SPOKE] HonestWork TownJobBehavior.OnHourlyTick took 11ms
2026-01-09 03:08:16.212 -06:00 [WRN] [LAG SPOKE] HonestWork TownJobBehavior.OnHourlyTick took 9ms
2026-01-09 03:08:17.052 -06:00 [WRN] [LAG SPOKE] HonestWork TownJobBehavior.OnHourlyTick took 10ms
2026-01-09 03:08:17.905 -06:00 [WRN] [LAG SPOKE] HonestWork TownJobBehavior.OnHourlyTick took 6ms
2026-01-09 03:08:18.706 -06:00 [WRN] [LAG SPOKE] HonestWork TownJobBehavior.OnHourlyTick took 8ms
2026-01-09 03:08:19.645 -06:00 [WRN] [LAG SPOKE] HonestWork TownJobBehavior.OnHourlyTick took 6ms
2026-01-09 03:08:20.433 -06:00 [WRN] [LAG SPOKE] HonestWork TownJobBehavior.OnHourlyTick took 10ms
2026-01-09 03:08:21.279 -06:00 [WRN] [LAG SPOKE] HonestWork TownJobBehavior.OnHourlyTick took 7ms
2026-01-09 03:08:22.082 -06:00 [WRN] [LAG SPOKE] HonestWork TownJobBehavior.OnHourlyTick took 7ms
2026-01-09 03:08:22.936 -06:00 [WRN] [LAG SPOKE] HonestWork TownJobBehavior.OnHourlyTick took 7ms
2026-01-09 03:08:23.760 -06:00 [WRN] [LAG SPOKE] HonestWork TownJobBehavior.OnHourlyTick took 12ms
2026-01-09 03:08:24.615 -06:00 [WRN] [LAG SPOKE] HonestWork TownJobBehavior.OnHourlyTick took 6ms
2026-01-09 03:08:25.453 -06:00 [WRN] [LAG SPOKE] HonestWork TownJobBehavior.OnHourlyTick took 11ms
2026-01-09 03:08:26.299 -06:00 [WRN] [LAG SPOKE] HonestWork TownJobBehavior.OnHourlyTick took 11ms
2026-01-09 03:08:27.110 -06:00 [WRN] [LAG SPOKE] HonestWork TownJobBehavior.OnHourlyTick took 8ms
2026-01-09 03:08:27.929 -06:00 [WRN] [LAG SPOKE] HonestWork TownJobBehavior.OnHourlyTick took 9ms
2026-01-09 03:08:28.793 -06:00 [WRN] [LAG SPOKE] HonestWork TownJobBehavior.OnHourlyTick took 8ms
2026-01-09 03:08:29.601 -06:00 [WRN] [LAG SPOKE] HonestWork TownJobBehavior.OnHourlyTick took 10ms
2026-01-09 03:08:30.457 -06:00 [WRN] [LAG SPOKE] HonestWork TownJobBehavior.OnHourlyTick took 9ms
2026-01-09 03:08:31.260 -06:00 [WRN] [LAG SPOKE] HonestWork TownJobBehavior.OnHourlyTick took 9ms
2026-01-09 03:08:32.112 -06:00 [WRN] [LAG SPOKE] HonestWork TownJobBehavior.OnHourlyTick took 8ms
2026-01-09 03:08:32.965 -06:00 [WRN] [LAG SPOKE] HonestWork TownJobBehavior.OnHourlyTick took 15ms
2026-01-09 03:08:33.757 -06:00 [WRN] [LAG SPOKE] HonestWork TownJobBehavior.OnHourlyTick took 8ms
2026-01-09 03:08:34.599 -06:00 [WRN] [LAG SPOKE] HonestWork TownJobBehavior.OnHourlyTick took 9ms
2026-01-09 03:08:35.456 -06:00 [WRN] [LAG SPOKE] HonestWork TownJobBehavior.OnHourlyTick took 8ms
2026-01-09 03:08:36.279 -06:00 [WRN] [LAG SPOKE] HonestWork TownJobBehavior.OnHourlyTick took 11ms
2026-01-09 03:08:37.087 -06:00 [WRN] [LAG SPOKE] HonestWork TownJobBehavior.OnHourlyTick took 11ms
2026-01-09 03:08:37.943 -06:00 [WRN] [LAG SPOKE] HonestWork TownJobBehavior.OnHourlyTick took 9ms
2026-01-09 03:08:38.786 -06:00 [WRN] [LAG SPOKE] HonestWork TownJobBehavior.OnHourlyTick took 13ms
2026-01-09 03:08:39.679 -06:00 [WRN] [LAG SPOKE] HonestWork TownJobBehavior.OnHourlyTick took 6ms
2026-01-09 03:08:40.481 -06:00 [WRN] [LAG SPOKE] HonestWork TownJobBehavior.OnHourlyTick took 8ms
2026-01-09 03:08:41.295 -06:00 [WRN] [LAG SPOKE] HonestWork TownJobBehavior.OnHourlyTick took 7ms
2026-01-09 03:08:42.117 -06:00 [WRN] [LAG SPOKE] HonestWork TownJobBehavior.OnHourlyTick took 10ms
2026-01-09 03:08:42.983 -06:00 [WRN] [LAG SPOKE] HonestWork TownJobBehavior.OnHourlyTick took 6ms
2026-01-09 03:08:43.783 -06:00 [WRN] [LAG SPOKE] HonestWork TownJobBehavior.OnHourlyTick took 10ms
2026-01-09 03:08:44.645 -06:00 [WRN] [LAG SPOKE] HonestWork TownJobBehavior.OnHourlyTick took 6ms
2026-01-09 03:08:45.476 -06:00 [WRN] [LAG SPOKE] HonestWork TownJobBehavior.OnHourlyTick took 12ms
2026-01-09 03:08:46.298 -06:00 [WRN] [LAG SPOKE] HonestWork TownJobBehavior.OnHourlyTick took 8ms
2026-01-09 03:08:47.123 -06:00 [WRN] [LAG SPOKE] HonestWork TownJobBehavior.OnHourlyTick took 10ms
2026-01-09 03:08:47.977 -06:00 [WRN] [LAG SPOKE] HonestWork TownJobBehavior.OnHourlyTick took 10ms
2026-01-09 03:08:48.790 -06:00 [WRN] [LAG SPOKE] HonestWork TownJobBehavior.OnHourlyTick took 12ms
2026-01-09 03:08:49.650 -06:00 [WRN] [LAG SPOKE] HonestWork TownJobBehavior.OnHourlyTick took 12ms
2026-01-09 03:08:50.476 -06:00 [WRN] [LAG SPOKE] HonestWork TownJobBehavior.OnHourlyTick took 8ms
2026-01-09 03:08:51.317 -06:00 [WRN] [LAG SPOKE] HonestWork TownJobBehavior.OnHourlyTick took 10ms
2026-01-09 03:08:52.121 -06:00 [WRN] [LAG SPOKE] HonestWork TownJobBehavior.OnHourlyTick took 8ms
2026-01-09 03:08:52.957 -06:00 [WRN] [LAG SPOKE] HonestWork TownJobBehavior.OnHourlyTick took 9ms
2026-01-09 03:08:53.786 -06:00 [WRN] [LAG SPOKE] HonestWork TownJobBehavior.OnHourlyTick took 10ms
2026-01-09 03:08:54.607 -06:00 [WRN] [LAG SPOKE] HonestWork TownJobBehavior.OnHourlyTick took 6ms
2026-01-09 03:08:55.448 -06:00 [WRN] [LAG SPOKE] HonestWork TownJobBehavior.OnHourlyTick took 11ms
2026-01-09 03:08:56.283 -06:00 [WRN] [LAG SPOKE] HonestWork TownJobBehavior.OnHourlyTick took 7ms
2026-01-09 03:08:57.118 -06:00 [WRN] [LAG SPOKE] HonestWork TownJobBehavior.OnHourlyTick took 8ms
2026-01-09 03:08:57.961 -06:00 [WRN] [LAG SPOKE] HonestWork TownJobBehavior.OnHourlyTick took 8ms
2026-01-09 03:08:58.797 -06:00 [WRN] [LAG SPOKE] HonestWork TownJobBehavior.OnHourlyTick took 7ms
2026-01-09 03:08:59.691 -06:00 [WRN] [LAG SPOKE] HonestWork TownJobBehavior.OnHourlyTick took 7ms
2026-01-09 03:09:00.469 -06:00 [WRN] [LAG SPOKE] HonestWork TownJobBehavior.OnHourlyTick took 9ms
2026-01-09 03:09:01.341 -06:00 [WRN] [LAG SPOKE] HonestWork TownJobBehavior.OnHourlyTick took 7ms
2026-01-09 03:09:02.171 -06:00 [WRN] [LAG SPOKE] HonestWork TownJobBehavior.OnHourlyTick took 11ms
2026-01-09 03:09:02.981 -06:00 [WRN] [LAG SPOKE] HonestWork TownJobBehavior.OnHourlyTick took 7ms
2026-01-09 03:09:03.838 -06:00 [WRN] [LAG SPOKE] HonestWork TownJobBehavior.OnHourlyTick took 11ms
2026-01-09 03:09:04.645 -06:00 [WRN] [LAG SPOKE] HonestWork TownJobBehavior.OnHourlyTick took 6ms
2026-01-09 03:09:05.510 -06:00 [WRN] [LAG SPOKE] HonestWork TownJobBehavior.OnHourlyTick took 14ms
2026-01-09 03:09:06.319 -06:00 [WRN] [LAG SPOKE] HonestWork TownJobBehavior.OnHourlyTick took 7ms
2026-01-09 03:09:07.134 -06:00 [WRN] [LAG SPOKE] HonestWork TownJobBehavior.OnHourlyTick took 9ms
2026-01-09 03:09:07.999 -06:00 [WRN] [LAG SPOKE] HonestWork TownJobBehavior.OnHourlyTick took 10ms
2026-01-09 03:09:08.825 -06:00 [WRN] [LAG SPOKE] HonestWork TownJobBehavior.OnHourlyTick took 7ms
2026-01-09 03:09:09.648 -06:00 [WRN] [LAG SPOKE] HonestWork TownJobBehavior.OnHourlyTick took 9ms
2026-01-09 03:09:10.516 -06:00 [WRN] [LAG SPOKE] HonestWork TownJobBehavior.OnHourlyTick took 11ms
2026-01-09 03:09:11.324 -06:00 [WRN] [LAG SPOKE] HonestWork TownJobBehavior.OnHourlyTick took 8ms
2026-01-09 03:09:12.146 -06:00 [WRN] [LAG SPOKE] HonestWork TownJobBehavior.OnHourlyTick took 8ms
2026-01-09 03:09:12.976 -06:00 [WRN] [LAG SPOKE] HonestWork TownJobBehavior.OnHourlyTick took 8ms
2026-01-09 03:09:13.841 -06:00 [WRN] [LAG SPOKE] HonestWork TownJobBehavior.OnHourlyTick took 8ms
2026-01-09 03:09:14.662 -06:00 [WRN] [LAG SPOKE] HonestWork TownJobBehavior.OnHourlyTick took 9ms
2026-01-09 03:09:15.487 -06:00 [WRN] [LAG SPOKE] HonestWork TownJobBehavior.OnHourlyTick took 9ms
2026-01-09 03:09:16.345 -06:00 [WRN] [LAG SPOKE] HonestWork TownJobBehavior.OnHourlyTick took 9ms
2026-01-09 03:09:17.143 -06:00 [WRN] [LAG SPOKE] HonestWork TownJobBehavior.OnHourlyTick took 7ms
2026-01-09 03:09:18.003 -06:00 [WRN] [LAG SPOKE] HonestWork TownJobBehavior.OnHourlyTick took 10ms
2026-01-09 03:09:18.813 -06:00 [WRN] [LAG SPOKE] HonestWork TownJobBehavior.OnHourlyTick took 8ms
2026-01-09 03:09:19.701 -06:00 [WRN] [LAG SPOKE] HonestWork TownJobBehavior.OnHourlyTick took 6ms
2026-01-09 03:09:20.511 -06:00 [WRN] [LAG SPOKE] HonestWork TownJobBehavior.OnHourlyTick took 13ms
2026-01-09 03:09:21.324 -06:00 [WRN] [LAG SPOKE] HonestWork TownJobBehavior.OnHourlyTick took 8ms
2026-01-09 03:09:22.178 -06:00 [WRN] [LAG SPOKE] HonestWork TownJobBehavior.OnHourlyTick took 8ms
2026-01-09 03:09:23.027 -06:00 [WRN] [LAG SPOKE] HonestWork TownJobBehavior.OnHourlyTick took 10ms
2026-01-09 03:09:23.842 -06:00 [WRN] [LAG SPOKE] HonestWork TownJobBehavior.OnHourlyTick took 8ms
2026-01-09 03:09:24.685 -06:00 [WRN] [LAG SPOKE] HonestWork TownJobBehavior.OnHourlyTick took 7ms
2026-01-09 03:09:25.499 -06:00 [WRN] [LAG SPOKE] HonestWork TownJobBehavior.OnHourlyTick took 15ms
2026-01-09 03:09:26.361 -06:00 [WRN] [LAG SPOKE] HonestWork TownJobBehavior.OnHourlyTick took 10ms
2026-01-09 03:09:27.159 -06:00 [WRN] [LAG SPOKE] HonestWork TownJobBehavior.OnHourlyTick took 10ms
2026-01-09 03:09:28.029 -06:00 [WRN] [LAG SPOKE] HonestWork TownJobBehavior.OnHourlyTick took 9ms
2026-01-09 03:09:28.849 -06:00 [WRN] [LAG SPOKE] HonestWork TownJobBehavior.OnHourlyTick took 10ms
2026-01-09 03:09:29.673 -06:00 [WRN] [LAG SPOKE] HonestWork TownJobBehavior.OnHourlyTick took 7ms
2026-01-09 03:09:30.494 -06:00 [WRN] [LAG SPOKE] HonestWork TownJobBehavior.OnHourlyTick took 13ms
2026-01-09 03:09:31.350 -06:00 [WRN] [LAG SPOKE] HonestWork TownJobBehavior.OnHourlyTick took 7ms
2026-01-09 03:09:32.173 -06:00 [WRN] [LAG SPOKE] HonestWork TownJobBehavior.OnHourlyTick took 10ms
2026-01-09 03:09:33.002 -06:00 [WRN] [LAG SPOKE] HonestWork TownJobBehavior.OnHourlyTick took 7ms
2026-01-09 03:09:33.850 -06:00 [WRN] [LAG SPOKE] HonestWork TownJobBehavior.OnHourlyTick took 7ms
2026-01-09 03:09:34.698 -06:00 [WRN] [LAG SPOKE] HonestWork TownJobBehavior.OnHourlyTick took 12ms
2026-01-09 03:09:35.531 -06:00 [WRN] [LAG SPOKE] HonestWork TownJobBehavior.OnHourlyTick took 11ms
2026-01-09 03:09:36.353 -06:00 [WRN] [LAG SPOKE] HonestWork TownJobBehavior.OnHourlyTick took 11ms
2026-01-09 03:09:37.195 -06:00 [WRN] [LAG SPOKE] HonestWork TownJobBehavior.OnHourlyTick took 12ms
2026-01-09 03:09:38.005 -06:00 [WRN] [LAG SPOKE] HonestWork TownJobBehavior.OnHourlyTick took 6ms
2026-01-09 03:09:38.861 -06:00 [WRN] [LAG SPOKE] HonestWork TownJobBehavior.OnHourlyTick took 9ms
2026-01-09 03:09:39.765 -06:00 [WRN] [LAG SPOKE] HonestWork TownJobBehavior.OnHourlyTick took 6ms
2026-01-09 03:09:40.575 -06:00 [WRN] [LAG SPOKE] HonestWork TownJobBehavior.OnHourlyTick took 12ms
2026-01-09 03:09:41.358 -06:00 [WRN] [LAG SPOKE] HonestWork TownJobBehavior.OnHourlyTick took 7ms
2026-01-09 03:09:42.226 -06:00 [WRN] [LAG SPOKE] HonestWork TownJobBehavior.OnHourlyTick took 10ms
2026-01-09 03:09:43.046 -06:00 [WRN] [LAG SPOKE] HonestWork TownJobBehavior.OnHourlyTick took 10ms
2026-01-09 03:09:43.858 -06:00 [WRN] [LAG SPOKE] HonestWork TownJobBehavior.OnHourlyTick took 10ms
2026-01-09 03:09:44.738 -06:00 [WRN] [LAG SPOKE] HonestWork TownJobBehavior.OnHourlyTick took 6ms
2026-01-09 03:09:45.568 -06:00 [WRN] [LAG SPOKE] HonestWork TownJobBehavior.OnHourlyTick took 11ms
2026-01-09 03:09:46.379 -06:00 [WRN] [LAG SPOKE] HonestWork TownJobBehavior.OnHourlyTick took 11ms
2026-01-09 03:09:47.204 -06:00 [WRN] [LAG SPOKE] HonestWork TownJobBehavior.OnHourlyTick took 7ms
2026-01-09 03:09:48.038 -06:00 [WRN] [LAG SPOKE] HonestWork TownJobBehavior.OnHourlyTick took 13ms
2026-01-09 03:09:48.862 -06:00 [WRN] [LAG SPOKE] HonestWork TownJobBehavior.OnHourlyTick took 10ms
2026-01-09 03:09:49.731 -06:00 [WRN] [LAG SPOKE] HonestWork TownJobBehavior.OnHourlyTick took 8ms
2026-01-09 03:09:50.560 -06:00 [WRN] [LAG SPOKE] HonestWork TownJobBehavior.OnHourlyTick took 11ms
2026-01-09 03:09:51.393 -06:00 [WRN] [LAG SPOKE] HonestWork TownJobBehavior.OnHourlyTick took 8ms
2026-01-09 03:09:52.226 -06:00 [WRN] [LAG SPOKE] HonestWork TownJobBehavior.OnHourlyTick took 9ms
2026-01-09 03:09:53.068 -06:00 [WRN] [LAG SPOKE] HonestWork TownJobBehavior.OnHourlyTick took 9ms
2026-01-09 03:09:53.897 -06:00 [WRN] [LAG SPOKE] HonestWork TownJobBehavior.OnHourlyTick took 8ms
2026-01-09 03:09:54.722 -06:00 [WRN] [LAG SPOKE] HonestWork TownJobBehavior.OnHourlyTick took 7ms
2026-01-09 03:09:55.548 -06:00 [WRN] [LAG SPOKE] HonestWork TownJobBehavior.OnHourlyTick took 11ms
2026-01-09 03:09:56.387 -06:00 [WRN] [LAG SPOKE] HonestWork TownJobBehavior.OnHourlyTick took 7ms
2026-01-09 03:09:57.194 -06:00 [WRN] [LAG SPOKE] HonestWork TownJobBehavior.OnHourlyTick took 8ms
2026-01-09 03:09:58.053 -06:00 [WRN] [LAG SPOKE] HonestWork TownJobBehavior.OnHourlyTick took 9ms
2026-01-09 03:09:58.865 -06:00 [WRN] [LAG SPOKE] HonestWork TownJobBehavior.OnHourlyTick took 11ms
2026-01-09 03:09:59.789 -06:00 [WRN] [LAG SPOKE] HonestWork TownJobBehavior.OnHourlyTick took 7ms
2026-01-09 03:10:00.578 -06:00 [WRN] [LAG SPOKE] HonestWork TownJobBehavior.OnHourlyTick took 11ms
2026-01-09 03:10:01.415 -06:00 [WRN] [LAG SPOKE] HonestWork TownJobBehavior.OnHourlyTick took 9ms
2026-01-09 03:10:02.254 -06:00 [WRN] [LAG SPOKE] HonestWork TownJobBehavior.OnHourlyTick took 7ms
2026-01-09 03:10:03.060 -06:00 [WRN] [LAG SPOKE] HonestWork TownJobBehavior.OnHourlyTick took 11ms
2026-01-09 03:10:03.918 -06:00 [WRN] [LAG SPOKE] HonestWork TownJobBehavior.OnHourlyTick took 10ms
2026-01-09 03:10:04.722 -06:00 [WRN] [LAG SPOKE] HonestWork TownJobBehavior.OnHourlyTick took 8ms
2026-01-09 03:10:05.598 -06:00 [WRN] [LAG SPOKE] HonestWork TownJobBehavior.OnHourlyTick took 8ms
2026-01-09 03:10:06.399 -06:00 [WRN] [LAG SPOKE] HonestWork TownJobBehavior.OnHourlyTick took 11ms
2026-01-09 03:10:07.239 -06:00 [WRN] [LAG SPOKE] HonestWork TownJobBehavior.OnHourlyTick took 8ms
2026-01-09 03:10:08.083 -06:00 [WRN] [LAG SPOKE] HonestWork TownJobBehavior.OnHourlyTick took 11ms
2026-01-09 03:10:08.935 -06:00 [WRN] [LAG SPOKE] HonestWork TownJobBehavior.OnHourlyTick took 13ms
2026-01-09 03:10:09.768 -06:00 [WRN] [LAG SPOKE] HonestWork TownJobBehavior.OnHourlyTick took 7ms
2026-01-09 03:10:10.599 -06:00 [WRN] [LAG SPOKE] HonestWork TownJobBehavior.OnHourlyTick took 14ms
2026-01-09 03:10:11.422 -06:00 [WRN] [LAG SPOKE] HonestWork TownJobBehavior.OnHourlyTick took 10ms
2026-01-09 03:10:12.267 -06:00 [WRN] [LAG SPOKE] HonestWork TownJobBehavior.OnHourlyTick took 7ms
2026-01-09 03:10:13.071 -06:00 [WRN] [LAG SPOKE] HonestWork TownJobBehavior.OnHourlyTick took 12ms
2026-01-09 03:10:13.907 -06:00 [WRN] [LAG SPOKE] HonestWork TownJobBehavior.OnHourlyTick took 10ms
2026-01-09 03:10:14.747 -06:00 [WRN] [LAG SPOKE] HonestWork TownJobBehavior.OnHourlyTick took 8ms
2026-01-09 03:10:15.588 -06:00 [WRN] [LAG SPOKE] HonestWork TownJobBehavior.OnHourlyTick took 14ms
2026-01-09 03:10:16.422 -06:00 [WRN] [LAG SPOKE] HonestWork TownJobBehavior.OnHourlyTick took 11ms
2026-01-09 03:10:17.255 -06:00 [WRN] [LAG SPOKE] HonestWork TownJobBehavior.OnHourlyTick took 10ms
2026-01-09 03:10:18.085 -06:00 [WRN] [LAG SPOKE] HonestWork TownJobBehavior.OnHourlyTick took 9ms
2026-01-09 03:10:18.917 -06:00 [WRN] [LAG SPOKE] HonestWork TownJobBehavior.OnHourlyTick took 8ms
2026-01-09 03:10:19.833 -06:00 [WRN] [LAG SPOKE] HonestWork TownJobBehavior.OnHourlyTick took 7ms
2026-01-09 03:10:20.599 -06:00 [WRN] [LAG SPOKE] HonestWork TownJobBehavior.OnHourlyTick took 14ms
2026-01-09 03:10:21.428 -06:00 [WRN] [LAG SPOKE] HonestWork TownJobBehavior.OnHourlyTick took 9ms
2026-01-09 03:10:22.304 -06:00 [WRN] [LAG SPOKE] HonestWork TownJobBehavior.OnHourlyTick took 6ms
2026-01-09 03:10:23.132 -06:00 [WRN] [LAG SPOKE] HonestWork TownJobBehavior.OnHourlyTick took 10ms
2026-01-09 03:10:23.944 -06:00 [WRN] [LAG SPOKE] HonestWork TownJobBehavior.OnHourlyTick took 10ms
2026-01-09 03:10:24.795 -06:00 [WRN] [LAG SPOKE] HonestWork TownJobBehavior.OnHourlyTick took 8ms
2026-01-09 03:10:25.613 -06:00 [WRN] [LAG SPOKE] HonestWork TownJobBehavior.OnHourlyTick took 10ms
2026-01-09 03:10:26.440 -06:00 [WRN] [LAG SPOKE] HonestWork TownJobBehavior.OnHourlyTick took 10ms
2026-01-09 03:10:27.304 -06:00 [WRN] [LAG SPOKE] HonestWork TownJobBehavior.OnHourlyTick took 8ms
2026-01-09 03:10:28.129 -06:00 [WRN] [LAG SPOKE] HonestWork TownJobBehavior.OnHourlyTick took 7ms
2026-01-09 03:10:28.957 -06:00 [WRN] [LAG SPOKE] HonestWork TownJobBehavior.OnHourlyTick took 10ms
2026-01-09 03:10:29.781 -06:00 [WRN] [LAG SPOKE] HonestWork TownJobBehavior.OnHourlyTick took 17ms
2026-01-09 03:10:30.620 -06:00 [WRN] [LAG SPOKE] HonestWork TownJobBehavior.OnHourlyTick took 9ms
2026-01-09 03:10:31.471 -06:00 [WRN] [LAG SPOKE] HonestWork TownJobBehavior.OnHourlyTick took 9ms
2026-01-09 03:10:32.287 -06:00 [WRN] [LAG SPOKE] HonestWork TownJobBehavior.OnHourlyTick took 8ms
2026-01-09 03:10:33.096 -06:00 [WRN] [LAG SPOKE] HonestWork TownJobBehavior.OnHourlyTick took 11ms
2026-01-09 03:10:33.940 -06:00 [WRN] [LAG SPOKE] HonestWork TownJobBehavior.OnHourlyTick took 6ms
2026-01-09 03:10:34.793 -06:00 [WRN] [LAG SPOKE] HonestWork TownJobBehavior.OnHourlyTick took 8ms
2026-01-09 03:10:35.627 -06:00 [WRN] [LAG SPOKE] HonestWork TownJobBehavior.OnHourlyTick took 8ms
2026-01-09 03:10:36.462 -06:00 [WRN] [LAG SPOKE] HonestWork TownJobBehavior.OnHourlyTick took 7ms
2026-01-09 03:10:37.298 -06:00 [WRN] [LAG SPOKE] HonestWork TownJobBehavior.OnHourlyTick took 9ms
2026-01-09 03:10:38.100 -06:00 [WRN] [LAG SPOKE] HonestWork TownJobBehavior.OnHourlyTick took 7ms
2026-01-09 03:10:38.952 -06:00 [WRN] [LAG SPOKE] HonestWork TownJobBehavior.OnHourlyTick took 7ms
2026-01-09 03:10:39.883 -06:00 [WRN] [LAG SPOKE] HonestWork TownJobBehavior.OnHourlyTick took 7ms
2026-01-09 03:10:40.651 -06:00 [WRN] [LAG SPOKE] HonestWork TownJobBehavior.OnHourlyTick took 8ms
2026-01-09 03:10:41.475 -06:00 [WRN] [LAG SPOKE] HonestWork TownJobBehavior.OnHourlyTick took 8ms
2026-01-09 03:10:42.335 -06:00 [WRN] [LAG SPOKE] HonestWork TownJobBehavior.OnHourlyTick took 7ms
2026-01-09 03:10:43.175 -06:00 [WRN] [LAG SPOKE] HonestWork TownJobBehavior.OnHourlyTick took 7ms
2026-01-09 03:10:43.994 -06:00 [WRN] [LAG SPOKE] HonestWork TownJobBehavior.OnHourlyTick took 11ms
2026-01-09 03:10:44.844 -06:00 [WRN] [LAG SPOKE] HonestWork TownJobBehavior.OnHourlyTick took 7ms
2026-01-09 03:10:45.639 -06:00 [WRN] [LAG SPOKE] HonestWork TownJobBehavior.OnHourlyTick took 10ms
2026-01-09 03:10:46.471 -06:00 [WRN] [LAG SPOKE] HonestWork TownJobBehavior.OnHourlyTick took 7ms
2026-01-09 03:10:47.343 -06:00 [WRN] [LAG SPOKE] HonestWork TownJobBehavior.OnHourlyTick took 9ms
2026-01-09 03:10:48.172 -06:00 [WRN] [LAG SPOKE] HonestWork TownJobBehavior.OnHourlyTick took 9ms
2026-01-09 03:10:49.000 -06:00 [WRN] [LAG SPOKE] HonestWork TownJobBehavior.OnHourlyTick took 10ms
2026-01-09 03:10:49.816 -06:00 [WRN] [LAG SPOKE] HonestWork TownJobBehavior.OnHourlyTick took 8ms
2026-01-09 03:10:50.651 -06:00 [WRN] [LAG SPOKE] HonestWork TownJobBehavior.OnHourlyTick took 9ms
2026-01-09 03:10:51.521 -06:00 [WRN] [LAG SPOKE] HonestWork TownJobBehavior.OnHourlyTick took 6ms
2026-01-09 03:10:52.330 -06:00 [WRN] [LAG SPOKE] HonestWork TownJobBehavior.OnHourlyTick took 7ms
2026-01-09 03:10:53.181 -06:00 [WRN] [LAG SPOKE] HonestWork TownJobBehavior.OnHourlyTick took 8ms
2026-01-09 03:10:54.011 -06:00 [WRN] [LAG SPOKE] HonestWork TownJobBehavior.OnHourlyTick took 9ms
2026-01-09 03:10:54.838 -06:00 [WRN] [LAG SPOKE] HonestWork TownJobBehavior.OnHourlyTick took 8ms
2026-01-09 03:10:55.668 -06:00 [WRN] [LAG SPOKE] HonestWork TownJobBehavior.OnHourlyTick took 8ms
2026-01-09 03:10:56.510 -06:00 [WRN] [LAG SPOKE] HonestWork TownJobBehavior.OnHourlyTick took 11ms
2026-01-09 03:10:57.339 -06:00 [WRN] [LAG SPOKE] HonestWork TownJobBehavior.OnHourlyTick took 8ms
2026-01-09 03:10:58.166 -06:00 [WRN] [LAG SPOKE] HonestWork TownJobBehavior.OnHourlyTick took 7ms
2026-01-09 03:10:59.002 -06:00 [WRN] [LAG SPOKE] HonestWork TownJobBehavior.OnHourlyTick took 12ms
2026-01-09 03:10:59.897 -06:00 [WRN] [LAG SPOKE] HonestWork TownJobBehavior.OnHourlyTick took 8ms
2026-01-09 03:11:00.702 -06:00 [WRN] [LAG SPOKE] HonestWork TownJobBehavior.OnHourlyTick took 9ms
2026-01-09 03:11:01.515 -06:00 [WRN] [LAG SPOKE] HonestWork TownJobBehavior.OnHourlyTick took 11ms
2026-01-09 03:11:02.379 -06:00 [WRN] [LAG SPOKE] HonestWork TownJobBehavior.OnHourlyTick took 10ms
2026-01-09 03:11:03.200 -06:00 [WRN] [LAG SPOKE] HonestWork TownJobBehavior.OnHourlyTick took 10ms
2026-01-09 03:11:04.025 -06:00 [WRN] [LAG SPOKE] HonestWork TownJobBehavior.OnHourlyTick took 7ms
2026-01-09 03:11:04.836 -06:00 [WRN] [LAG SPOKE] HonestWork TownJobBehavior.OnHourlyTick took 8ms
2026-01-09 03:11:05.706 -06:00 [WRN] [LAG SPOKE] HonestWork TownJobBehavior.OnHourlyTick took 9ms
2026-01-09 03:11:06.539 -06:00 [WRN] [LAG SPOKE] HonestWork TownJobBehavior.OnHourlyTick took 12ms
2026-01-09 03:11:07.370 -06:00 [WRN] [LAG SPOKE] HonestWork TownJobBehavior.OnHourlyTick took 11ms
2026-01-09 03:11:08.209 -06:00 [WRN] [LAG SPOKE] HonestWork TownJobBehavior.OnHourlyTick took 12ms
2026-01-09 03:11:09.019 -06:00 [WRN] [LAG SPOKE] HonestWork TownJobBehavior.OnHourlyTick took 10ms
2026-01-09 03:11:09.846 -06:00 [WRN] [LAG SPOKE] HonestWork TownJobBehavior.OnHourlyTick took 7ms
2026-01-09 03:11:10.718 -06:00 [WRN] [LAG SPOKE] HonestWork TownJobBehavior.OnHourlyTick took 14ms
2026-01-09 03:11:11.510 -06:00 [WRN] [LAG SPOKE] HonestWork TownJobBehavior.OnHourlyTick took 11ms
2026-01-09 03:11:12.434 -06:00 [WRN] [LAG SPOKE] HonestWork TownJobBehavior.OnHourlyTick took 6ms
2026-01-09 03:11:13.232 -06:00 [WRN] [LAG SPOKE] HonestWork TownJobBehavior.OnHourlyTick took 9ms
2026-01-09 03:11:14.072 -06:00 [WRN] [LAG SPOKE] HonestWork TownJobBehavior.OnHourlyTick took 9ms
2026-01-09 03:11:14.922 -06:00 [WRN] [LAG SPOKE] HonestWork TownJobBehavior.OnHourlyTick took 8ms
2026-01-09 03:11:15.722 -06:00 [WRN] [LAG SPOKE] HonestWork TownJobBehavior.OnHourlyTick took 8ms
2026-01-09 03:11:16.580 -06:00 [WRN] [LAG SPOKE] HonestWork TownJobBehavior.OnHourlyTick took 9ms
2026-01-09 03:11:17.383 -06:00 [WRN] [LAG SPOKE] HonestWork TownJobBehavior.OnHourlyTick took 10ms
2026-01-09 03:11:18.235 -06:00 [WRN] [LAG SPOKE] HonestWork TownJobBehavior.OnHourlyTick took 10ms
2026-01-09 03:11:19.063 -06:00 [WRN] [LAG SPOKE] HonestWork TownJobBehavior.OnHourlyTick took 13ms
2026-01-09 03:11:19.990 -06:00 [WRN] [LAG SPOKE] HonestWork TownJobBehavior.OnHourlyTick took 6ms
2026-01-09 03:11:20.755 -06:00 [WRN] [LAG SPOKE] HonestWork TownJobBehavior.OnHourlyTick took 10ms
2026-01-09 03:11:21.591 -06:00 [WRN] [LAG SPOKE] HonestWork TownJobBehavior.OnHourlyTick took 10ms
2026-01-09 03:11:22.427 -06:00 [WRN] [LAG SPOKE] HonestWork TownJobBehavior.OnHourlyTick took 7ms
2026-01-09 03:11:23.280 -06:00 [WRN] [LAG SPOKE] HonestWork TownJobBehavior.OnHourlyTick took 6ms
2026-01-09 03:11:24.117 -06:00 [WRN] [LAG SPOKE] HonestWork TownJobBehavior.OnHourlyTick took 11ms
2026-01-09 03:11:24.944 -06:00 [WRN] [LAG SPOKE] HonestWork TownJobBehavior.OnHourlyTick took 8ms
2026-01-09 03:11:25.785 -06:00 [WRN] [LAG SPOKE] HonestWork TownJobBehavior.OnHourlyTick took 13ms
2026-01-09 03:11:26.610 -06:00 [WRN] [LAG SPOKE] HonestWork TownJobBehavior.OnHourlyTick took 6ms
2026-01-09 03:11:27.447 -06:00 [WRN] [LAG SPOKE] HonestWork TownJobBehavior.OnHourlyTick took 8ms
2026-01-09 03:11:28.286 -06:00 [WRN] [LAG SPOKE] HonestWork TownJobBehavior.OnHourlyTick took 9ms
2026-01-09 03:11:29.122 -06:00 [WRN] [LAG SPOKE] HonestWork TownJobBehavior.OnHourlyTick took 10ms
2026-01-09 03:11:29.914 -06:00 [WRN] [LAG SPOKE] HonestWork TownJobBehavior.OnHourlyTick took 9ms
2026-01-09 03:11:30.767 -06:00 [WRN] [LAG SPOKE] HonestWork TownJobBehavior.OnHourlyTick took 10ms
2026-01-09 03:11:31.616 -06:00 [WRN] [LAG SPOKE] HonestWork TownJobBehavior.OnHourlyTick took 7ms
2026-01-09 03:11:32.429 -06:00 [WRN] [LAG SPOKE] HonestWork TownJobBehavior.OnHourlyTick took 7ms
2026-01-09 03:11:33.285 -06:00 [WRN] [LAG SPOKE] HonestWork TownJobBehavior.OnHourlyTick took 6ms
2026-01-09 03:11:34.095 -06:00 [WRN] [LAG SPOKE] HonestWork TownJobBehavior.OnHourlyTick took 11ms
2026-01-09 03:11:34.941 -06:00 [WRN] [LAG SPOKE] HonestWork TownJobBehavior.OnHourlyTick took 7ms
2026-01-09 03:11:35.741 -06:00 [WRN] [LAG SPOKE] HonestWork TownJobBehavior.OnHourlyTick took 10ms
2026-01-09 03:11:36.586 -06:00 [WRN] [LAG SPOKE] HonestWork TownJobBehavior.OnHourlyTick took 8ms
2026-01-09 03:11:37.464 -06:00 [WRN] [LAG SPOKE] HonestWork TownJobBehavior.OnHourlyTick took 8ms
2026-01-09 03:11:38.289 -06:00 [WRN] [LAG SPOKE] HonestWork TownJobBehavior.OnHourlyTick took 6ms
2026-01-09 03:11:39.125 -06:00 [WRN] [LAG SPOKE] HonestWork TownJobBehavior.OnHourlyTick took 7ms
2026-01-09 03:11:40.010 -06:00 [WRN] [LAG SPOKE] HonestWork TownJobBehavior.OnHourlyTick took 6ms
2026-01-09 03:11:40.810 -06:00 [WRN] [LAG SPOKE] HonestWork TownJobBehavior.OnHourlyTick took 11ms
2026-01-09 03:11:41.610 -06:00 [WRN] [LAG SPOKE] HonestWork TownJobBehavior.OnHourlyTick took 6ms
2026-01-09 03:11:42.455 -06:00 [WRN] [LAG SPOKE] HonestWork TownJobBehavior.OnHourlyTick took 11ms
2026-01-09 03:11:43.276 -06:00 [WRN] [LAG SPOKE] HonestWork TownJobBehavior.OnHourlyTick took 8ms
2026-01-09 03:11:44.107 -06:00 [WRN] [LAG SPOKE] HonestWork TownJobBehavior.OnHourlyTick took 10ms
2026-01-09 03:11:44.977 -06:00 [WRN] [LAG SPOKE] HonestWork TownJobBehavior.OnHourlyTick took 9ms
2026-01-09 03:11:45.809 -06:00 [WRN] [LAG SPOKE] HonestWork TownJobBehavior.OnHourlyTick took 14ms
2026-01-09 03:11:46.610 -06:00 [WRN] [LAG SPOKE] HonestWork TownJobBehavior.OnHourlyTick took 6ms
2026-01-09 03:11:47.483 -06:00 [WRN] [LAG SPOKE] HonestWork TownJobBehavior.OnHourlyTick took 8ms
2026-01-09 03:11:48.306 -06:00 [WRN] [LAG SPOKE] HonestWork TownJobBehavior.OnHourlyTick took 12ms
2026-01-09 03:11:49.124 -06:00 [WRN] [LAG SPOKE] HonestWork TownJobBehavior.OnHourlyTick took 13ms
2026-01-09 03:11:49.942 -06:00 [WRN] [LAG SPOKE] HonestWork TownJobBehavior.OnHourlyTick took 12ms
2026-01-09 03:11:50.810 -06:00 [WRN] [LAG SPOKE] HonestWork TownJobBehavior.OnHourlyTick took 13ms
2026-01-09 03:11:51.622 -06:00 [WRN] [LAG SPOKE] HonestWork TownJobBehavior.OnHourlyTick took 7ms
2026-01-09 03:11:52.448 -06:00 [WRN] [LAG SPOKE] HonestWork TownJobBehavior.OnHourlyTick took 8ms
2026-01-09 03:11:53.273 -06:00 [WRN] [LAG SPOKE] HonestWork TownJobBehavior.OnHourlyTick took 11ms
2026-01-09 03:11:54.125 -06:00 [WRN] [LAG SPOKE] HonestWork TownJobBehavior.OnHourlyTick took 10ms
2026-01-09 03:11:54.968 -06:00 [WRN] [LAG SPOKE] HonestWork TownJobBehavior.OnHourlyTick took 10ms
2026-01-09 03:11:55.813 -06:00 [WRN] [LAG SPOKE] HonestWork TownJobBehavior.OnHourlyTick took 10ms
2026-01-09 03:11:56.649 -06:00 [WRN] [LAG SPOKE] HonestWork TownJobBehavior.OnHourlyTick took 8ms
2026-01-09 03:11:57.436 -06:00 [WRN] [LAG SPOKE] HonestWork TownJobBehavior.OnHourlyTick took 11ms
2026-01-09 03:11:58.303 -06:00 [WRN] [LAG SPOKE] HonestWork TownJobBehavior.OnHourlyTick took 7ms
2026-01-09 03:11:59.125 -06:00 [WRN] [LAG SPOKE] HonestWork TownJobBehavior.OnHourlyTick took 8ms
2026-01-09 03:12:00.016 -06:00 [WRN] [LAG SPOKE] HonestWork TownJobBehavior.OnHourlyTick took 6ms
2026-01-09 03:12:00.848 -06:00 [WRN] [LAG SPOKE] HonestWork TownJobBehavior.OnHourlyTick took 10ms
2026-01-09 03:12:01.640 -06:00 [WRN] [LAG SPOKE] HonestWork TownJobBehavior.OnHourlyTick took 6ms
2026-01-09 03:12:02.493 -06:00 [WRN] [LAG SPOKE] HonestWork TownJobBehavior.OnHourlyTick took 7ms
2026-01-09 03:12:03.304 -06:00 [WRN] [LAG SPOKE] HonestWork TownJobBehavior.OnHourlyTick took 7ms
2026-01-09 03:12:04.145 -06:00 [WRN] [LAG SPOKE] HonestWork TownJobBehavior.OnHourlyTick took 7ms
2026-01-09 03:12:04.979 -06:00 [WRN] [LAG SPOKE] HonestWork TownJobBehavior.OnHourlyTick took 9ms
2026-01-09 03:12:05.816 -06:00 [WRN] [LAG SPOKE] HonestWork TownJobBehavior.OnHourlyTick took 13ms
2026-01-09 03:12:06.642 -06:00 [WRN] [LAG SPOKE] HonestWork TownJobBehavior.OnHourlyTick took 10ms
2026-01-09 03:12:07.475 -06:00 [WRN] [LAG SPOKE] HonestWork TownJobBehavior.OnHourlyTick took 8ms
2026-01-09 03:12:08.305 -06:00 [WRN] [LAG SPOKE] HonestWork TownJobBehavior.OnHourlyTick took 8ms
2026-01-09 03:12:09.139 -06:00 [WRN] [LAG SPOKE] HonestWork TownJobBehavior.OnHourlyTick took 10ms
2026-01-09 03:12:10.005 -06:00 [WRN] [LAG SPOKE] HonestWork TownJobBehavior.OnHourlyTick took 12ms
2026-01-09 03:12:10.820 -06:00 [WRN] [LAG SPOKE] HonestWork TownJobBehavior.OnHourlyTick took 12ms
2026-01-09 03:12:11.634 -06:00 [WRN] [LAG SPOKE] HonestWork TownJobBehavior.OnHourlyTick took 6ms
2026-01-09 03:12:12.511 -06:00 [WRN] [LAG SPOKE] HonestWork TownJobBehavior.OnHourlyTick took 9ms
2026-01-09 03:12:13.335 -06:00 [WRN] [LAG SPOKE] HonestWork TownJobBehavior.OnHourlyTick took 11ms
2026-01-09 03:12:14.148 -06:00 [WRN] [LAG SPOKE] HonestWork TownJobBehavior.OnHourlyTick took 8ms
2026-01-09 03:12:15.017 -06:00 [WRN] [LAG SPOKE] HonestWork TownJobBehavior.OnHourlyTick took 9ms
2026-01-09 03:12:15.849 -06:00 [WRN] [LAG SPOKE] HonestWork TownJobBehavior.OnHourlyTick took 9ms
2026-01-09 03:12:16.684 -06:00 [WRN] [LAG SPOKE] HonestWork TownJobBehavior.OnHourlyTick took 6ms
2026-01-09 03:12:17.516 -06:00 [WRN] [LAG SPOKE] HonestWork TownJobBehavior.OnHourlyTick took 11ms
2026-01-09 03:12:18.342 -06:00 [WRN] [LAG SPOKE] HonestWork TownJobBehavior.OnHourlyTick took 8ms
2026-01-09 03:12:19.163 -06:00 [WRN] [LAG SPOKE] HonestWork TownJobBehavior.OnHourlyTick took 11ms
2026-01-09 03:12:20.091 -06:00 [WRN] [LAG SPOKE] HonestWork TownJobBehavior.OnHourlyTick took 6ms
2026-01-09 03:12:20.871 -06:00 [WRN] [LAG SPOKE] HonestWork TownJobBehavior.OnHourlyTick took 9ms
2026-01-09 03:12:21.706 -06:00 [WRN] [LAG SPOKE] HonestWork TownJobBehavior.OnHourlyTick took 8ms
2026-01-09 03:12:22.525 -06:00 [WRN] [LAG SPOKE] HonestWork TownJobBehavior.OnHourlyTick took 7ms
2026-01-09 03:12:23.348 -06:00 [WRN] [LAG SPOKE] HonestWork TownJobBehavior.OnHourlyTick took 9ms
2026-01-09 03:12:24.193 -06:00 [WRN] [LAG SPOKE] HonestWork TownJobBehavior.OnHourlyTick took 6ms
2026-01-09 03:12:25.004 -06:00 [WRN] [LAG SPOKE] HonestWork TownJobBehavior.OnHourlyTick took 7ms
2026-01-09 03:12:25.867 -06:00 [WRN] [LAG SPOKE] HonestWork TownJobBehavior.OnHourlyTick took 10ms
2026-01-09 03:12:26.673 -06:00 [WRN] [LAG SPOKE] HonestWork TownJobBehavior.OnHourlyTick took 6ms
2026-01-09 03:12:27.540 -06:00 [WRN] [LAG SPOKE] HonestWork TownJobBehavior.OnHourlyTick took 10ms
2026-01-09 03:12:28.350 -06:00 [WRN] [LAG SPOKE] HonestWork TownJobBehavior.OnHourlyTick took 8ms
2026-01-09 03:12:29.209 -06:00 [WRN] [LAG SPOKE] HonestWork TownJobBehavior.OnHourlyTick took 8ms
2026-01-09 03:12:30.032 -06:00 [WRN] [LAG SPOKE] HonestWork TownJobBehavior.OnHourlyTick took 8ms
2026-01-09 03:12:30.843 -06:00 [WRN] [LAG SPOKE] HonestWork TownJobBehavior.OnHourlyTick took 12ms
2026-01-09 03:12:31.683 -06:00 [WRN] [LAG SPOKE] HonestWork TownJobBehavior.OnHourlyTick took 9ms
2026-01-09 03:12:32.525 -06:00 [WRN] [LAG SPOKE] HonestWork TownJobBehavior.OnHourlyTick took 6ms
2026-01-09 03:12:33.377 -06:00 [WRN] [LAG SPOKE] HonestWork TownJobBehavior.OnHourlyTick took 11ms
2026-01-09 03:12:34.170 -06:00 [WRN] [LAG SPOKE] HonestWork TownJobBehavior.OnHourlyTick took 6ms
2026-01-09 03:12:35.014 -06:00 [WRN] [LAG SPOKE] HonestWork TownJobBehavior.OnHourlyTick took 9ms
2026-01-09 03:12:35.864 -06:00 [WRN] [LAG SPOKE] HonestWork TownJobBehavior.OnHourlyTick took 9ms
2026-01-09 03:12:36.664 -06:00 [WRN] [LAG SPOKE] HonestWork TownJobBehavior.OnHourlyTick took 8ms
2026-01-09 03:12:37.531 -06:00 [WRN] [LAG SPOKE] HonestWork TownJobBehavior.OnHourlyTick took 7ms
2026-01-09 03:12:38.349 -06:00 [WRN] [LAG SPOKE] HonestWork TownJobBehavior.OnHourlyTick took 9ms
2026-01-09 03:12:39.210 -06:00 [WRN] [LAG SPOKE] HonestWork TownJobBehavior.OnHourlyTick took 8ms
2026-01-09 03:12:40.098 -06:00 [WRN] [LAG SPOKE] HonestWork TownJobBehavior.OnHourlyTick took 6ms
2026-01-09 03:12:40.886 -06:00 [WRN] [LAG SPOKE] HonestWork TownJobBehavior.OnHourlyTick took 10ms
2026-01-09 03:12:41.746 -06:00 [WRN] [LAG SPOKE] HonestWork TownJobBehavior.OnHourlyTick took 6ms
2026-01-09 03:12:42.549 -06:00 [WRN] [LAG SPOKE] HonestWork TownJobBehavior.OnHourlyTick took 8ms
2026-01-09 03:12:43.403 -06:00 [WRN] [LAG SPOKE] HonestWork TownJobBehavior.OnHourlyTick took 9ms
2026-01-09 03:12:44.249 -06:00 [WRN] [LAG SPOKE] HonestWork TownJobBehavior.OnHourlyTick took 8ms
2026-01-09 03:12:45.105 -06:00 [WRN] [LAG SPOKE] HonestWork TownJobBehavior.OnHourlyTick took 10ms
2026-01-09 03:12:45.913 -06:00 [WRN] [LAG SPOKE] HonestWork TownJobBehavior.OnHourlyTick took 12ms
2026-01-09 03:12:46.753 -06:00 [WRN] [LAG SPOKE] HonestWork TownJobBehavior.OnHourlyTick took 7ms
2026-01-09 03:12:47.598 -06:00 [WRN] [LAG SPOKE] HonestWork TownJobBehavior.OnHourlyTick took 7ms
2026-01-09 03:12:48.455 -06:00 [WRN] [LAG SPOKE] HonestWork TownJobBehavior.OnHourlyTick took 11ms
2026-01-09 03:12:49.286 -06:00 [WRN] [LAG SPOKE] HonestWork TownJobBehavior.OnHourlyTick took 8ms
2026-01-09 03:12:50.078 -06:00 [WRN] [LAG SPOKE] HonestWork TownJobBehavior.OnHourlyTick took 8ms
2026-01-09 03:12:50.959 -06:00 [WRN] [LAG SPOKE] HonestWork TownJobBehavior.OnHourlyTick took 14ms
2026-01-09 03:12:51.782 -06:00 [WRN] [LAG SPOKE] HonestWork TownJobBehavior.OnHourlyTick took 8ms
2026-01-09 03:12:52.611 -06:00 [WRN] [LAG SPOKE] HonestWork TownJobBehavior.OnHourlyTick took 9ms
2026-01-09 03:12:53.452 -06:00 [WRN] [LAG SPOKE] HonestWork TownJobBehavior.OnHourlyTick took 8ms
2026-01-09 03:12:54.253 -06:00 [WRN] [LAG SPOKE] HonestWork TownJobBehavior.OnHourlyTick took 9ms
2026-01-09 03:12:55.107 -06:00 [WRN] [LAG SPOKE] HonestWork TownJobBehavior.OnHourlyTick took 11ms
2026-01-09 03:12:55.912 -06:00 [WRN] [LAG SPOKE] HonestWork TownJobBehavior.OnHourlyTick took 10ms
2026-01-09 03:12:56.765 -06:00 [WRN] [LAG SPOKE] HonestWork TownJobBehavior.OnHourlyTick took 12ms
2026-01-09 03:12:57.612 -06:00 [WRN] [LAG SPOKE] HonestWork TownJobBehavior.OnHourlyTick took 17ms
2026-01-09 03:12:58.436 -06:00 [WRN] [LAG SPOKE] HonestWork TownJobBehavior.OnHourlyTick took 9ms
2026-01-09 03:12:59.259 -06:00 [WRN] [LAG SPOKE] HonestWork TownJobBehavior.OnHourlyTick took 10ms
2026-01-09 03:13:00.204 -06:00 [WRN] [LAG SPOKE] HonestWork TownJobBehavior.OnHourlyTick took 6ms
2026-01-09 03:13:00.953 -06:00 [WRN] [LAG SPOKE] HonestWork TownJobBehavior.OnHourlyTick took 10ms
2026-01-09 03:13:01.794 -06:00 [WRN] [LAG SPOKE] HonestWork TownJobBehavior.OnHourlyTick took 8ms
2026-01-09 03:13:02.630 -06:00 [WRN] [LAG SPOKE] HonestWork TownJobBehavior.OnHourlyTick took 6ms
2026-01-09 03:13:03.497 -06:00 [WRN] [LAG SPOKE] HonestWork TownJobBehavior.OnHourlyTick took 11ms
2026-01-09 03:13:04.318 -06:00 [WRN] [LAG SPOKE] HonestWork TownJobBehavior.OnHourlyTick took 8ms
2026-01-09 03:13:05.142 -06:00 [WRN] [LAG SPOKE] HonestWork TownJobBehavior.OnHourlyTick took 8ms
2026-01-09 03:13:05.964 -06:00 [WRN] [LAG SPOKE] HonestWork TownJobBehavior.OnHourlyTick took 13ms
2026-01-09 03:13:06.827 -06:00 [WRN] [LAG SPOKE] HonestWork TownJobBehavior.OnHourlyTick took 7ms
2026-01-09 03:13:07.653 -06:00 [WRN] [LAG SPOKE] HonestWork TownJobBehavior.OnHourlyTick took 9ms
2026-01-09 03:13:08.494 -06:00 [WRN] [LAG SPOKE] HonestWork TownJobBehavior.OnHourlyTick took 8ms
2026-01-09 03:13:09.302 -06:00 [WRN] [LAG SPOKE] HonestWork TownJobBehavior.OnHourlyTick took 11ms
2026-01-09 03:13:10.136 -06:00 [WRN] [LAG SPOKE] HonestWork TownJobBehavior.OnHourlyTick took 12ms
2026-01-09 03:13:10.964 -06:00 [WRN] [LAG SPOKE] HonestWork TownJobBehavior.OnHourlyTick took 9ms
2026-01-09 03:13:11.800 -06:00 [WRN] [LAG SPOKE] HonestWork TownJobBehavior.OnHourlyTick took 10ms
2026-01-09 03:13:12.642 -06:00 [WRN] [LAG SPOKE] HonestWork TownJobBehavior.OnHourlyTick took 6ms
2026-01-09 03:13:13.487 -06:00 [WRN] [LAG SPOKE] HonestWork TownJobBehavior.OnHourlyTick took 11ms
2026-01-09 03:13:14.323 -06:00 [WRN] [LAG SPOKE] HonestWork TownJobBehavior.OnHourlyTick took 10ms
2026-01-09 03:13:15.147 -06:00 [WRN] [LAG SPOKE] HonestWork TownJobBehavior.OnHourlyTick took 13ms
2026-01-09 03:13:15.972 -06:00 [WRN] [LAG SPOKE] HonestWork TownJobBehavior.OnHourlyTick took 15ms
2026-01-09 03:13:16.789 -06:00 [WRN] [LAG SPOKE] HonestWork TownJobBehavior.OnHourlyTick took 7ms
2026-01-09 03:13:17.620 -06:00 [WRN] [LAG SPOKE] HonestWork TownJobBehavior.OnHourlyTick took 9ms
2026-01-09 03:13:18.463 -06:00 [WRN] [LAG SPOKE] HonestWork TownJobBehavior.OnHourlyTick took 13ms
2026-01-09 03:13:19.309 -06:00 [WRN] [LAG SPOKE] HonestWork TownJobBehavior.OnHourlyTick took 12ms
2026-01-09 03:13:20.202 -06:00 [WRN] [LAG SPOKE] HonestWork TownJobBehavior.OnHourlyTick took 6ms
2026-01-09 03:13:21.035 -06:00 [WRN] [LAG SPOKE] HonestWork TownJobBehavior.OnHourlyTick took 11ms
2026-01-09 03:13:21.842 -06:00 [WRN] [LAG SPOKE] HonestWork TownJobBehavior.OnHourlyTick took 7ms
2026-01-09 03:13:22.680 -06:00 [WRN] [LAG SPOKE] HonestWork TownJobBehavior.OnHourlyTick took 8ms
2026-01-09 03:13:23.519 -06:00 [WRN] [LAG SPOKE] HonestWork TownJobBehavior.OnHourlyTick took 14ms
2026-01-09 03:13:24.350 -06:00 [WRN] [LAG SPOKE] HonestWork TownJobBehavior.OnHourlyTick took 11ms
2026-01-09 03:13:25.182 -06:00 [WRN] [LAG SPOKE] HonestWork TownJobBehavior.OnHourlyTick took 11ms
2026-01-09 03:13:26.018 -06:00 [WRN] [LAG SPOKE] HonestWork TownJobBehavior.OnHourlyTick took 10ms
2026-01-09 03:13:26.857 -06:00 [WRN] [LAG SPOKE] HonestWork TownJobBehavior.OnHourlyTick took 8ms
2026-01-09 03:13:27.690 -06:00 [WRN] [LAG SPOKE] HonestWork TownJobBehavior.OnHourlyTick took 7ms
2026-01-09 03:13:28.530 -06:00 [WRN] [LAG SPOKE] HonestWork TownJobBehavior.OnHourlyTick took 9ms
2026-01-09 03:13:29.366 -06:00 [WRN] [LAG SPOKE] HonestWork TownJobBehavior.OnHourlyTick took 7ms
2026-01-09 03:13:30.170 -06:00 [WRN] [LAG SPOKE] HonestWork TownJobBehavior.OnHourlyTick took 11ms
2026-01-09 03:13:31.020 -06:00 [WRN] [LAG SPOKE] HonestWork TownJobBehavior.OnHourlyTick took 11ms
2026-01-09 03:13:31.866 -06:00 [WRN] [LAG SPOKE] HonestWork TownJobBehavior.OnHourlyTick took 7ms
2026-01-09 03:13:32.666 -06:00 [WRN] [LAG SPOKE] HonestWork TownJobBehavior.OnHourlyTick took 7ms
2026-01-09 03:13:33.520 -06:00 [WRN] [LAG SPOKE] HonestWork TownJobBehavior.OnHourlyTick took 14ms
2026-01-09 03:13:34.346 -06:00 [WRN] [LAG SPOKE] HonestWork TownJobBehavior.OnHourlyTick took 12ms
2026-01-09 03:13:35.168 -06:00 [WRN] [LAG SPOKE] HonestWork TownJobBehavior.OnHourlyTick took 11ms
2026-01-09 03:13:36.026 -06:00 [WRN] [LAG SPOKE] HonestWork TownJobBehavior.OnHourlyTick took 9ms
2026-01-09 03:13:36.843 -06:00 [WRN] [LAG SPOKE] HonestWork TownJobBehavior.OnHourlyTick took 7ms
2026-01-09 03:13:37.664 -06:00 [WRN] [LAG SPOKE] HonestWork TownJobBehavior.OnHourlyTick took 10ms
2026-01-09 03:13:38.537 -06:00 [WRN] [LAG SPOKE] HonestWork TownJobBehavior.OnHourlyTick took 9ms
2026-01-09 03:13:39.363 -06:00 [WRN] [LAG SPOKE] HonestWork TownJobBehavior.OnHourlyTick took 9ms
2026-01-09 03:13:40.270 -06:00 [WRN] [LAG SPOKE] HonestWork TownJobBehavior.OnHourlyTick took 7ms
2026-01-09 03:13:41.032 -06:00 [WRN] [LAG SPOKE] HonestWork TownJobBehavior.OnHourlyTick took 9ms
2026-01-09 03:13:41.902 -06:00 [WRN] [LAG SPOKE] HonestWork TownJobBehavior.OnHourlyTick took 13ms
2026-01-09 03:13:42.713 -06:00 [WRN] [LAG SPOKE] HonestWork TownJobBehavior.OnHourlyTick took 10ms
2026-01-09 03:13:43.572 -06:00 [WRN] [LAG SPOKE] HonestWork TownJobBehavior.OnHourlyTick took 10ms
2026-01-09 03:13:44.387 -06:00 [WRN] [LAG SPOKE] HonestWork TownJobBehavior.OnHourlyTick took 10ms
2026-01-09 03:13:45.195 -06:00 [WRN] [LAG SPOKE] HonestWork TownJobBehavior.OnHourlyTick took 7ms
2026-01-09 03:13:46.051 -06:00 [WRN] [LAG SPOKE] HonestWork TownJobBehavior.OnHourlyTick took 9ms
2026-01-09 03:13:46.893 -06:00 [WRN] [LAG SPOKE] HonestWork TownJobBehavior.OnHourlyTick took 6ms
2026-01-09 03:13:47.696 -06:00 [WRN] [LAG SPOKE] HonestWork TownJobBehavior.OnHourlyTick took 7ms
2026-01-09 03:13:48.559 -06:00 [WRN] [LAG SPOKE] HonestWork TownJobBehavior.OnHourlyTick took 9ms
2026-01-09 03:13:51.087 -06:00 [WRN] [LAG SPOKE] HonestWork TownJobBehavior.OnHourlyTick took 7ms
2026-01-09 03:13:51.938 -06:00 [WRN] [LAG SPOKE] HonestWork TownJobBehavior.OnHourlyTick took 7ms
2026-01-09 03:13:52.741 -06:00 [WRN] [LAG SPOKE] HonestWork TownJobBehavior.OnHourlyTick took 10ms
2026-01-09 03:13:53.603 -06:00 [WRN] [LAG SPOKE] HonestWork TownJobBehavior.OnHourlyTick took 16ms
2026-01-09 03:13:54.399 -06:00 [WRN] [LAG SPOKE] HonestWork TownJobBehavior.OnHourlyTick took 8ms
2026-01-09 03:13:55.255 -06:00 [WRN] [LAG SPOKE] HonestWork TownJobBehavior.OnHourlyTick took 9ms
2026-01-09 03:13:56.111 -06:00 [WRN] [LAG SPOKE] HonestWork TownJobBehavior.OnHourlyTick took 8ms
2026-01-09 03:13:56.923 -06:00 [WRN] [LAG SPOKE] HonestWork TownJobBehavior.OnHourlyTick took 9ms
2026-01-09 03:13:57.736 -06:00 [WRN] [LAG SPOKE] HonestWork TownJobBehavior.OnHourlyTick took 11ms
2026-01-09 03:13:58.596 -06:00 [WRN] [LAG SPOKE] HonestWork TownJobBehavior.OnHourlyTick took 14ms
2026-01-09 03:13:59.435 -06:00 [WRN] [LAG SPOKE] HonestWork TownJobBehavior.OnHourlyTick took 7ms
2026-01-09 03:14:00.273 -06:00 [WRN] [LAG SPOKE] HonestWork TownJobBehavior.OnHourlyTick took 8ms
2026-01-09 03:14:01.108 -06:00 [WRN] [LAG SPOKE] HonestWork TownJobBehavior.OnHourlyTick took 10ms
2026-01-09 03:14:02.023 -06:00 [WRN] [LAG SPOKE] HonestWork TownJobBehavior.OnHourlyTick took 6ms
2026-01-09 03:14:02.778 -06:00 [WRN] [LAG SPOKE] HonestWork TownJobBehavior.OnHourlyTick took 11ms
2026-01-09 03:14:03.639 -06:00 [WRN] [LAG SPOKE] HonestWork TownJobBehavior.OnHourlyTick took 6ms
2026-01-09 03:14:04.467 -06:00 [WRN] [LAG SPOKE] HonestWork TownJobBehavior.OnHourlyTick took 7ms
2026-01-09 03:14:05.277 -06:00 [WRN] [LAG SPOKE] HonestWork TownJobBehavior.OnHourlyTick took 7ms
2026-01-09 03:14:06.153 -06:00 [WRN] [LAG SPOKE] HonestWork TownJobBehavior.OnHourlyTick took 10ms
2026-01-09 03:14:06.951 -06:00 [WRN] [LAG SPOKE] HonestWork TownJobBehavior.OnHourlyTick took 8ms
2026-01-09 03:14:07.810 -06:00 [WRN] [LAG SPOKE] HonestWork TownJobBehavior.OnHourlyTick took 12ms
2026-01-09 03:14:08.633 -06:00 [WRN] [LAG SPOKE] HonestWork TownJobBehavior.OnHourlyTick took 8ms
2026-01-09 03:14:09.469 -06:00 [WRN] [LAG SPOKE] HonestWork TownJobBehavior.OnHourlyTick took 8ms
2026-01-09 03:14:10.296 -06:00 [WRN] [LAG SPOKE] HonestWork TownJobBehavior.OnHourlyTick took 9ms
2026-01-09 03:14:11.117 -06:00 [WRN] [LAG SPOKE] HonestWork TownJobBehavior.OnHourlyTick took 10ms
2026-01-09 03:14:11.945 -06:00 [WRN] [LAG SPOKE] HonestWork TownJobBehavior.OnHourlyTick took 10ms
2026-01-09 03:14:12.776 -06:00 [WRN] [LAG SPOKE] HonestWork TownJobBehavior.OnHourlyTick took 9ms
2026-01-09 03:14:13.615 -06:00 [WRN] [LAG SPOKE] HonestWork TownJobBehavior.OnHourlyTick took 8ms
2026-01-09 03:14:14.465 -06:00 [WRN] [LAG SPOKE] HonestWork TownJobBehavior.OnHourlyTick took 8ms
2026-01-09 03:14:15.315 -06:00 [WRN] [LAG SPOKE] HonestWork TownJobBehavior.OnHourlyTick took 9ms
2026-01-09 03:14:16.111 -06:00 [WRN] [LAG SPOKE] HonestWork TownJobBehavior.OnHourlyTick took 7ms
2026-01-09 03:14:16.953 -06:00 [WRN] [LAG SPOKE] HonestWork TownJobBehavior.OnHourlyTick took 8ms
2026-01-09 03:14:17.795 -06:00 [WRN] [LAG SPOKE] HonestWork TownJobBehavior.OnHourlyTick took 12ms
2026-01-09 03:14:18.615 -06:00 [WRN] [LAG SPOKE] HonestWork TownJobBehavior.OnHourlyTick took 8ms
2026-01-09 03:14:19.438 -06:00 [WRN] [LAG SPOKE] HonestWork TownJobBehavior.OnHourlyTick took 7ms
2026-01-09 03:14:20.289 -06:00 [WRN] [LAG SPOKE] HonestWork TownJobBehavior.OnHourlyTick took 8ms
2026-01-09 03:14:21.124 -06:00 [WRN] [LAG SPOKE] HonestWork TownJobBehavior.OnHourlyTick took 11ms
2026-01-09 03:14:22.034 -06:00 [WRN] [LAG SPOKE] HonestWork TownJobBehavior.OnHourlyTick took 7ms
2026-01-09 03:14:22.823 -06:00 [WRN] [LAG SPOKE] HonestWork TownJobBehavior.OnHourlyTick took 11ms
2026-01-09 03:14:23.681 -06:00 [WRN] [LAG SPOKE] HonestWork TownJobBehavior.OnHourlyTick took 8ms
2026-01-09 03:14:24.493 -06:00 [WRN] [LAG SPOKE] HonestWork TownJobBehavior.OnHourlyTick took 10ms
2026-01-09 03:14:25.343 -06:00 [WRN] [LAG SPOKE] HonestWork TownJobBehavior.OnHourlyTick took 7ms
2026-01-09 03:14:26.170 -06:00 [WRN] [LAG SPOKE] HonestWork TownJobBehavior.OnHourlyTick took 8ms
2026-01-09 03:14:27.003 -06:00 [WRN] [LAG SPOKE] HonestWork TownJobBehavior.OnHourlyTick took 8ms
2026-01-09 03:14:27.857 -06:00 [WRN] [LAG SPOKE] HonestWork TownJobBehavior.OnHourlyTick took 13ms
2026-01-09 03:14:28.684 -06:00 [WRN] [LAG SPOKE] HonestWork TownJobBehavior.OnHourlyTick took 6ms
2026-01-09 03:14:29.479 -06:00 [WRN] [LAG SPOKE] HonestWork TownJobBehavior.OnHourlyTick took 9ms
2026-01-09 03:14:30.323 -06:00 [WRN] [LAG SPOKE] HonestWork TownJobBehavior.OnHourlyTick took 11ms
2026-01-09 03:14:31.162 -06:00 [WRN] [LAG SPOKE] HonestWork TownJobBehavior.OnHourlyTick took 10ms
2026-01-09 03:14:32.009 -06:00 [WRN] [LAG SPOKE] HonestWork TownJobBehavior.OnHourlyTick took 12ms
2026-01-09 03:14:32.850 -06:00 [WRN] [LAG SPOKE] HonestWork TownJobBehavior.OnHourlyTick took 10ms
2026-01-09 03:14:33.686 -06:00 [WRN] [LAG SPOKE] HonestWork TownJobBehavior.OnHourlyTick took 9ms
2026-01-09 03:14:34.523 -06:00 [WRN] [LAG SPOKE] HonestWork TownJobBehavior.OnHourlyTick took 10ms
2026-01-09 03:14:35.358 -06:00 [WRN] [LAG SPOKE] HonestWork TownJobBehavior.OnHourlyTick took 8ms
2026-01-09 03:14:36.153 -06:00 [WRN] [LAG SPOKE] HonestWork TownJobBehavior.OnHourlyTick took 9ms
2026-01-09 03:14:36.991 -06:00 [WRN] [LAG SPOKE] HonestWork TownJobBehavior.OnHourlyTick took 10ms
2026-01-09 03:14:37.837 -06:00 [WRN] [LAG SPOKE] HonestWork TownJobBehavior.OnHourlyTick took 16ms
2026-01-09 03:14:38.659 -06:00 [WRN] [LAG SPOKE] HonestWork TownJobBehavior.OnHourlyTick took 6ms
2026-01-09 03:14:39.497 -06:00 [WRN] [LAG SPOKE] HonestWork TownJobBehavior.OnHourlyTick took 12ms
2026-01-09 03:14:40.319 -06:00 [WRN] [LAG SPOKE] HonestWork TownJobBehavior.OnHourlyTick took 7ms
2026-01-09 03:14:41.147 -06:00 [WRN] [LAG SPOKE] HonestWork TownJobBehavior.OnHourlyTick took 9ms
2026-01-09 03:14:42.063 -06:00 [WRN] [LAG SPOKE] HonestWork TownJobBehavior.OnHourlyTick took 6ms
2026-01-09 03:14:42.888 -06:00 [WRN] [LAG SPOKE] HonestWork TownJobBehavior.OnHourlyTick took 12ms
2026-01-09 03:14:43.679 -06:00 [WRN] [LAG SPOKE] HonestWork TownJobBehavior.OnHourlyTick took 6ms
2026-01-09 03:14:44.557 -06:00 [WRN] [LAG SPOKE] HonestWork TownJobBehavior.OnHourlyTick took 9ms
2026-01-09 03:14:45.390 -06:00 [WRN] [LAG SPOKE] HonestWork TownJobBehavior.OnHourlyTick took 6ms
2026-01-09 03:14:46.233 -06:00 [WRN] [LAG SPOKE] HonestWork TownJobBehavior.OnHourlyTick took 10ms
2026-01-09 03:14:47.077 -06:00 [WRN] [LAG SPOKE] HonestWork TownJobBehavior.OnHourlyTick took 12ms
2026-01-09 03:14:47.920 -06:00 [WRN] [LAG SPOKE] HonestWork TownJobBehavior.OnHourlyTick took 10ms
2026-01-09 03:14:48.764 -06:00 [WRN] [LAG SPOKE] HonestWork TownJobBehavior.OnHourlyTick took 12ms
2026-01-09 03:14:49.554 -06:00 [WRN] [LAG SPOKE] HonestWork TownJobBehavior.OnHourlyTick took 9ms
2026-01-09 03:14:50.399 -06:00 [WRN] [LAG SPOKE] HonestWork TownJobBehavior.OnHourlyTick took 12ms
2026-01-09 03:14:51.237 -06:00 [WRN] [LAG SPOKE] HonestWork TownJobBehavior.OnHourlyTick took 8ms
2026-01-09 03:14:52.085 -06:00 [WRN] [LAG SPOKE] HonestWork TownJobBehavior.OnHourlyTick took 11ms
2026-01-09 03:14:52.922 -06:00 [WRN] [LAG SPOKE] HonestWork TownJobBehavior.OnHourlyTick took 11ms
2026-01-09 03:14:53.764 -06:00 [WRN] [LAG SPOKE] HonestWork TownJobBehavior.OnHourlyTick took 6ms
2026-01-09 03:14:54.557 -06:00 [WRN] [LAG SPOKE] HonestWork TownJobBehavior.OnHourlyTick took 7ms
2026-01-09 03:14:55.388 -06:00 [WRN] [LAG SPOKE] HonestWork TownJobBehavior.OnHourlyTick took 8ms
2026-01-09 03:14:56.223 -06:00 [WRN] [LAG SPOKE] HonestWork TownJobBehavior.OnHourlyTick took 9ms
2026-01-09 03:14:57.050 -06:00 [WRN] [LAG SPOKE] HonestWork TownJobBehavior.OnHourlyTick took 8ms
2026-01-09 03:14:57.932 -06:00 [WRN] [LAG SPOKE] HonestWork TownJobBehavior.OnHourlyTick took 12ms
2026-01-09 03:14:58.761 -06:00 [WRN] [LAG SPOKE] HonestWork TownJobBehavior.OnHourlyTick took 7ms
2026-01-09 03:14:59.555 -06:00 [WRN] [LAG SPOKE] HonestWork TownJobBehavior.OnHourlyTick took 14ms
2026-01-09 03:15:00.392 -06:00 [WRN] [LAG SPOKE] HonestWork TownJobBehavior.OnHourlyTick took 7ms
2026-01-09 03:15:01.244 -06:00 [WRN] [LAG SPOKE] HonestWork TownJobBehavior.OnHourlyTick took 11ms
2026-01-09 03:15:02.165 -06:00 [WRN] [LAG SPOKE] HonestWork TownJobBehavior.OnHourlyTick took 6ms
2026-01-09 03:15:02.930 -06:00 [WRN] [LAG SPOKE] HonestWork TownJobBehavior.OnHourlyTick took 11ms
2026-01-09 03:15:03.759 -06:00 [WRN] [LAG SPOKE] HonestWork TownJobBehavior.OnHourlyTick took 7ms
2026-01-09 03:15:04.595 -06:00 [WRN] [LAG SPOKE] HonestWork TownJobBehavior.OnHourlyTick took 8ms
2026-01-09 03:15:05.437 -06:00 [WRN] [LAG SPOKE] HonestWork TownJobBehavior.OnHourlyTick took 10ms
2026-01-09 03:15:06.280 -06:00 [WRN] [LAG SPOKE] HonestWork TownJobBehavior.OnHourlyTick took 7ms
2026-01-09 03:15:07.133 -06:00 [WRN] [LAG SPOKE] HonestWork TownJobBehavior.OnHourlyTick took 9ms
2026-01-09 03:15:07.957 -06:00 [WRN] [LAG SPOKE] HonestWork TownJobBehavior.OnHourlyTick took 8ms
2026-01-09 03:15:08.797 -06:00 [WRN] [LAG SPOKE] HonestWork TownJobBehavior.OnHourlyTick took 8ms
2026-01-09 03:15:09.630 -06:00 [WRN] [LAG SPOKE] HonestWork TownJobBehavior.OnHourlyTick took 8ms
2026-01-09 03:15:10.456 -06:00 [WRN] [LAG SPOKE] HonestWork TownJobBehavior.OnHourlyTick took 7ms
2026-01-09 03:15:11.287 -06:00 [WRN] [LAG SPOKE] HonestWork TownJobBehavior.OnHourlyTick took 11ms
2026-01-09 03:15:12.127 -06:00 [WRN] [LAG SPOKE] HonestWork TownJobBehavior.OnHourlyTick took 8ms
2026-01-09 03:15:12.965 -06:00 [WRN] [LAG SPOKE] HonestWork TownJobBehavior.OnHourlyTick took 13ms
2026-01-09 03:15:13.798 -06:00 [WRN] [LAG SPOKE] HonestWork TownJobBehavior.OnHourlyTick took 11ms
2026-01-09 03:15:14.614 -06:00 [WRN] [LAG SPOKE] HonestWork TownJobBehavior.OnHourlyTick took 6ms
2026-01-09 03:15:15.447 -06:00 [WRN] [LAG SPOKE] HonestWork TownJobBehavior.OnHourlyTick took 12ms
2026-01-09 03:15:16.265 -06:00 [WRN] [LAG SPOKE] HonestWork TownJobBehavior.OnHourlyTick took 8ms
2026-01-09 03:15:17.086 -06:00 [WRN] [LAG SPOKE] HonestWork TownJobBehavior.OnHourlyTick took 7ms
2026-01-09 03:15:17.969 -06:00 [WRN] [LAG SPOKE] HonestWork TownJobBehavior.OnHourlyTick took 13ms
2026-01-09 03:15:18.792 -06:00 [WRN] [LAG SPOKE] HonestWork TownJobBehavior.OnHourlyTick took 10ms
2026-01-09 03:15:19.607 -06:00 [WRN] [LAG SPOKE] HonestWork TownJobBehavior.OnHourlyTick took 10ms
2026-01-09 03:15:20.470 -06:00 [WRN] [LAG SPOKE] HonestWork TownJobBehavior.OnHourlyTick took 8ms
2026-01-09 03:15:21.284 -06:00 [WRN] [LAG SPOKE] HonestWork TownJobBehavior.OnHourlyTick took 9ms
2026-01-09 03:15:22.180 -06:00 [WRN] [LAG SPOKE] HonestWork TownJobBehavior.OnHourlyTick took 6ms
2026-01-09 03:15:23.011 -06:00 [WRN] [LAG SPOKE] HonestWork TownJobBehavior.OnHourlyTick took 9ms
2026-01-09 03:15:23.813 -06:00 [WRN] [LAG SPOKE] HonestWork TownJobBehavior.OnHourlyTick took 10ms
2026-01-09 03:15:24.655 -06:00 [WRN] [LAG SPOKE] HonestWork TownJobBehavior.OnHourlyTick took 7ms
2026-01-09 03:15:25.509 -06:00 [WRN] [LAG SPOKE] HonestWork TownJobBehavior.OnHourlyTick took 8ms
2026-01-09 03:15:26.321 -06:00 [WRN] [LAG SPOKE] HonestWork TownJobBehavior.OnHourlyTick took 12ms
2026-01-09 03:15:27.178 -06:00 [WRN] [LAG SPOKE] HonestWork TownJobBehavior.OnHourlyTick took 11ms
2026-01-09 03:15:27.995 -06:00 [WRN] [LAG SPOKE] HonestWork TownJobBehavior.OnHourlyTick took 10ms
2026-01-09 03:15:28.812 -06:00 [WRN] [LAG SPOKE] HonestWork TownJobBehavior.OnHourlyTick took 7ms
2026-01-09 03:15:29.673 -06:00 [WRN] [LAG SPOKE] HonestWork TownJobBehavior.OnHourlyTick took 8ms
2026-01-09 03:15:30.496 -06:00 [WRN] [LAG SPOKE] HonestWork TownJobBehavior.OnHourlyTick took 7ms
2026-01-09 03:15:31.331 -06:00 [WRN] [LAG SPOKE] HonestWork TownJobBehavior.OnHourlyTick took 7ms
2026-01-09 03:15:32.167 -06:00 [WRN] [LAG SPOKE] HonestWork TownJobBehavior.OnHourlyTick took 8ms
2026-01-09 03:15:32.972 -06:00 [WRN] [LAG SPOKE] HonestWork TownJobBehavior.OnHourlyTick took 9ms
2026-01-09 03:15:33.824 -06:00 [WRN] [LAG SPOKE] HonestWork TownJobBehavior.OnHourlyTick took 10ms
2026-01-09 03:15:34.678 -06:00 [WRN] [LAG SPOKE] HonestWork TownJobBehavior.OnHourlyTick took 8ms
2026-01-09 03:15:35.497 -06:00 [WRN] [LAG SPOKE] HonestWork TownJobBehavior.OnHourlyTick took 8ms
2026-01-09 03:15:36.309 -06:00 [WRN] [LAG SPOKE] HonestWork TownJobBehavior.OnHourlyTick took 8ms
2026-01-09 03:15:37.158 -06:00 [WRN] [LAG SPOKE] HonestWork TownJobBehavior.OnHourlyTick took 8ms
2026-01-09 03:15:38.007 -06:00 [WRN] [LAG SPOKE] HonestWork TownJobBehavior.OnHourlyTick took 9ms
2026-01-09 03:15:38.801 -06:00 [WRN] [LAG SPOKE] HonestWork TownJobBehavior.OnHourlyTick took 9ms
2026-01-09 03:15:39.634 -06:00 [WRN] [LAG SPOKE] HonestWork TownJobBehavior.OnHourlyTick took 6ms
2026-01-09 03:15:40.479 -06:00 [WRN] [LAG SPOKE] HonestWork TownJobBehavior.OnHourlyTick took 7ms
2026-01-09 03:15:41.317 -06:00 [WRN] [LAG SPOKE] HonestWork TownJobBehavior.OnHourlyTick took 9ms
2026-01-09 03:15:42.233 -06:00 [WRN] [LAG SPOKE] HonestWork TownJobBehavior.OnHourlyTick took 6ms
2026-01-09 03:15:43.046 -06:00 [WRN] [LAG SPOKE] HonestWork TownJobBehavior.OnHourlyTick took 9ms
2026-01-09 03:15:43.883 -06:00 [WRN] [LAG SPOKE] HonestWork TownJobBehavior.OnHourlyTick took 11ms
2026-01-09 03:15:44.719 -06:00 [WRN] [LAG SPOKE] HonestWork TownJobBehavior.OnHourlyTick took 9ms
2026-01-09 03:15:45.512 -06:00 [WRN] [LAG SPOKE] HonestWork TownJobBehavior.OnHourlyTick took 10ms
2026-01-09 03:15:46.355 -06:00 [WRN] [LAG SPOKE] HonestWork TownJobBehavior.OnHourlyTick took 8ms
2026-01-09 03:15:47.198 -06:00 [WRN] [LAG SPOKE] HonestWork TownJobBehavior.OnHourlyTick took 8ms
2026-01-09 03:15:48.049 -06:00 [WRN] [LAG SPOKE] HonestWork TownJobBehavior.OnHourlyTick took 8ms
2026-01-09 03:15:48.871 -06:00 [WRN] [LAG SPOKE] HonestWork TownJobBehavior.OnHourlyTick took 13ms
2026-01-09 03:15:49.716 -06:00 [WRN] [LAG SPOKE] HonestWork TownJobBehavior.OnHourlyTick took 7ms
2026-01-09 03:15:50.521 -06:00 [WRN] [LAG SPOKE] HonestWork TownJobBehavior.OnHourlyTick took 7ms
2026-01-09 03:15:51.368 -06:00 [WRN] [LAG SPOKE] HonestWork TownJobBehavior.OnHourlyTick took 9ms
2026-01-09 03:15:52.218 -06:00 [WRN] [LAG SPOKE] HonestWork TownJobBehavior.OnHourlyTick took 10ms
2026-01-09 03:15:53.018 -06:00 [WRN] [LAG SPOKE] HonestWork TownJobBehavior.OnHourlyTick took 10ms
2026-01-09 03:15:53.868 -06:00 [WRN] [LAG SPOKE] HonestWork TownJobBehavior.OnHourlyTick took 9ms
2026-01-09 03:15:54.670 -06:00 [WRN] [LAG SPOKE] HonestWork TownJobBehavior.OnHourlyTick took 7ms
2026-01-09 03:15:55.529 -06:00 [WRN] [LAG SPOKE] HonestWork TownJobBehavior.OnHourlyTick took 7ms
2026-01-09 03:15:56.387 -06:00 [WRN] [LAG SPOKE] HonestWork TownJobBehavior.OnHourlyTick took 13ms
2026-01-09 03:15:57.216 -06:00 [WRN] [LAG SPOKE] HonestWork TownJobBehavior.OnHourlyTick took 8ms
2026-01-09 03:15:58.050 -06:00 [WRN] [LAG SPOKE] HonestWork TownJobBehavior.OnHourlyTick took 10ms
2026-01-09 03:15:58.876 -06:00 [WRN] [LAG SPOKE] HonestWork TownJobBehavior.OnHourlyTick took 8ms
2026-01-09 03:15:59.691 -06:00 [WRN] [LAG SPOKE] HonestWork TownJobBehavior.OnHourlyTick took 9ms
2026-01-09 03:16:00.521 -06:00 [WRN] [LAG SPOKE] HonestWork TownJobBehavior.OnHourlyTick took 11ms
2026-01-09 03:16:01.342 -06:00 [WRN] [LAG SPOKE] HonestWork TownJobBehavior.OnHourlyTick took 7ms
2026-01-09 03:16:02.298 -06:00 [WRN] [LAG SPOKE] HonestWork TownJobBehavior.OnHourlyTick took 6ms
2026-01-09 03:16:03.084 -06:00 [WRN] [LAG SPOKE] HonestWork TownJobBehavior.OnHourlyTick took 8ms
2026-01-09 03:16:03.885 -06:00 [WRN] [LAG SPOKE] HonestWork TownJobBehavior.OnHourlyTick took 10ms
2026-01-09 03:16:04.732 -06:00 [WRN] [LAG SPOKE] HonestWork TownJobBehavior.OnHourlyTick took 7ms
2026-01-09 03:16:05.591 -06:00 [WRN] [LAG SPOKE] HonestWork TownJobBehavior.OnHourlyTick took 10ms
2026-01-09 03:16:06.408 -06:00 [WRN] [LAG SPOKE] HonestWork TownJobBehavior.OnHourlyTick took 12ms
2026-01-09 03:16:07.217 -06:00 [WRN] [LAG SPOKE] HonestWork TownJobBehavior.OnHourlyTick took 8ms
2026-01-09 03:16:08.086 -06:00 [WRN] [LAG SPOKE] HonestWork TownJobBehavior.OnHourlyTick took 12ms
2026-01-09 03:16:08.908 -06:00 [WRN] [LAG SPOKE] HonestWork TownJobBehavior.OnHourlyTick took 10ms
2026-01-09 03:16:09.723 -06:00 [WRN] [LAG SPOKE] HonestWork TownJobBehavior.OnHourlyTick took 10ms
2026-01-09 03:16:10.583 -06:00 [WRN] [LAG SPOKE] HonestWork TownJobBehavior.OnHourlyTick took 9ms
2026-01-09 03:16:11.388 -06:00 [WRN] [LAG SPOKE] HonestWork TownJobBehavior.OnHourlyTick took 6ms
2026-01-09 03:16:12.252 -06:00 [WRN] [LAG SPOKE] HonestWork TownJobBehavior.OnHourlyTick took 9ms
2026-01-09 03:16:13.061 -06:00 [WRN] [LAG SPOKE] HonestWork TownJobBehavior.OnHourlyTick took 12ms
2026-01-09 03:16:13.917 -06:00 [WRN] [LAG SPOKE] HonestWork TownJobBehavior.OnHourlyTick took 7ms
2026-01-09 03:16:14.730 -06:00 [WRN] [LAG SPOKE] HonestWork TownJobBehavior.OnHourlyTick took 10ms
2026-01-09 03:16:15.564 -06:00 [WRN] [LAG SPOKE] HonestWork TownJobBehavior.OnHourlyTick took 7ms
2026-01-09 03:16:16.410 -06:00 [WRN] [LAG SPOKE] HonestWork TownJobBehavior.OnHourlyTick took 10ms
2026-01-09 03:16:17.229 -06:00 [WRN] [LAG SPOKE] HonestWork TownJobBehavior.OnHourlyTick took 8ms
2026-01-09 03:16:18.098 -06:00 [WRN] [LAG SPOKE] HonestWork TownJobBehavior.OnHourlyTick took 13ms
2026-01-09 03:16:18.910 -06:00 [WRN] [LAG SPOKE] HonestWork TownJobBehavior.OnHourlyTick took 9ms
2026-01-09 03:16:19.724 -06:00 [WRN] [LAG SPOKE] HonestWork TownJobBehavior.OnHourlyTick took 8ms
2026-01-09 03:16:20.586 -06:00 [WRN] [LAG SPOKE] HonestWork TownJobBehavior.OnHourlyTick took 9ms
2026-01-09 03:16:21.397 -06:00 [WRN] [LAG SPOKE] HonestWork TownJobBehavior.OnHourlyTick took 9ms
2026-01-09 03:16:22.337 -06:00 [WRN] [LAG SPOKE] HonestWork TownJobBehavior.OnHourlyTick took 6ms
2026-01-09 03:16:23.119 -06:00 [WRN] [LAG SPOKE] HonestWork TownJobBehavior.OnHourlyTick took 8ms
2026-01-09 03:16:23.924 -06:00 [WRN] [LAG SPOKE] HonestWork TownJobBehavior.OnHourlyTick took 7ms
2026-01-09 03:16:24.782 -06:00 [WRN] [LAG SPOKE] HonestWork TownJobBehavior.OnHourlyTick took 7ms
2026-01-09 03:16:25.610 -06:00 [WRN] [LAG SPOKE] HonestWork TownJobBehavior.OnHourlyTick took 6ms
2026-01-09 03:16:26.465 -06:00 [WRN] [LAG SPOKE] HonestWork TownJobBehavior.OnHourlyTick took 9ms
2026-01-09 03:16:27.296 -06:00 [WRN] [LAG SPOKE] HonestWork TownJobBehavior.OnHourlyTick took 9ms
2026-01-09 03:16:28.090 -06:00 [WRN] [LAG SPOKE] HonestWork TownJobBehavior.OnHourlyTick took 13ms
2026-01-09 03:16:28.927 -06:00 [WRN] [LAG SPOKE] HonestWork TownJobBehavior.OnHourlyTick took 10ms
2026-01-09 03:16:29.762 -06:00 [WRN] [LAG SPOKE] HonestWork TownJobBehavior.OnHourlyTick took 9ms
2026-01-09 03:16:30.605 -06:00 [WRN] [LAG SPOKE] HonestWork TownJobBehavior.OnHourlyTick took 14ms
2026-01-09 03:16:31.433 -06:00 [WRN] [LAG SPOKE] HonestWork TownJobBehavior.OnHourlyTick took 8ms
2026-01-09 03:16:32.281 -06:00 [WRN] [LAG SPOKE] HonestWork TownJobBehavior.OnHourlyTick took 9ms
2026-01-09 03:16:33.116 -06:00 [WRN] [LAG SPOKE] HonestWork TownJobBehavior.OnHourlyTick took 8ms
2026-01-09 03:16:33.957 -06:00 [WRN] [LAG SPOKE] HonestWork TownJobBehavior.OnHourlyTick took 8ms
2026-01-09 03:16:34.794 -06:00 [WRN] [LAG SPOKE] HonestWork TownJobBehavior.OnHourlyTick took 6ms
2026-01-09 03:16:35.584 -06:00 [WRN] [LAG SPOKE] HonestWork TownJobBehavior.OnHourlyTick took 8ms
2026-01-09 03:16:36.425 -06:00 [WRN] [LAG SPOKE] HonestWork TownJobBehavior.OnHourlyTick took 7ms
2026-01-09 03:16:37.276 -06:00 [WRN] [LAG SPOKE] HonestWork TownJobBehavior.OnHourlyTick took 10ms
2026-01-09 03:16:38.131 -06:00 [WRN] [LAG SPOKE] HonestWork TownJobBehavior.OnHourlyTick took 11ms
2026-01-09 03:16:38.929 -06:00 [WRN] [LAG SPOKE] HonestWork TownJobBehavior.OnHourlyTick took 8ms
2026-01-09 03:16:39.772 -06:00 [WRN] [LAG SPOKE] HonestWork TownJobBehavior.OnHourlyTick took 10ms
2026-01-09 03:16:40.608 -06:00 [WRN] [LAG SPOKE] HonestWork TownJobBehavior.OnHourlyTick took 9ms
2026-01-09 03:16:41.458 -06:00 [WRN] [LAG SPOKE] HonestWork TownJobBehavior.OnHourlyTick took 8ms
2026-01-09 03:16:42.377 -06:00 [WRN] [LAG SPOKE] HonestWork TownJobBehavior.OnHourlyTick took 6ms
2026-01-09 03:16:43.146 -06:00 [WRN] [LAG SPOKE] HonestWork TownJobBehavior.OnHourlyTick took 10ms
2026-01-09 03:16:43.984 -06:00 [WRN] [LAG SPOKE] HonestWork TownJobBehavior.OnHourlyTick took 9ms
2026-01-09 03:16:44.815 -06:00 [WRN] [LAG SPOKE] HonestWork TownJobBehavior.OnHourlyTick took 8ms
2026-01-09 03:16:45.667 -06:00 [WRN] [LAG SPOKE] HonestWork TownJobBehavior.OnHourlyTick took 9ms
2026-01-09 03:16:46.467 -06:00 [WRN] [LAG SPOKE] HonestWork TownJobBehavior.OnHourlyTick took 8ms
2026-01-09 03:16:47.313 -06:00 [WRN] [LAG SPOKE] HonestWork TownJobBehavior.OnHourlyTick took 6ms
2026-01-09 03:16:48.164 -06:00 [WRN] [LAG SPOKE] HonestWork TownJobBehavior.OnHourlyTick took 11ms
2026-01-09 03:16:48.961 -06:00 [WRN] [LAG SPOKE] HonestWork TownJobBehavior.OnHourlyTick took 11ms
2026-01-09 03:16:49.798 -06:00 [WRN] [LAG SPOKE] HonestWork TownJobBehavior.OnHourlyTick took 9ms
2026-01-09 03:16:50.630 -06:00 [WRN] [LAG SPOKE] HonestWork TownJobBehavior.OnHourlyTick took 6ms
2026-01-09 03:16:51.468 -06:00 [WRN] [LAG SPOKE] HonestWork TownJobBehavior.OnHourlyTick took 7ms
2026-01-09 03:16:52.310 -06:00 [WRN] [LAG SPOKE] HonestWork TownJobBehavior.OnHourlyTick took 9ms
2026-01-09 03:16:53.146 -06:00 [WRN] [LAG SPOKE] HonestWork TownJobBehavior.OnHourlyTick took 9ms
2026-01-09 03:16:53.985 -06:00 [WRN] [LAG SPOKE] HonestWork TownJobBehavior.OnHourlyTick took 10ms
2026-01-09 03:16:54.824 -06:00 [WRN] [LAG SPOKE] HonestWork TownJobBehavior.OnHourlyTick took 11ms
2026-01-09 03:16:55.653 -06:00 [WRN] [LAG SPOKE] HonestWork TownJobBehavior.OnHourlyTick took 8ms
2026-01-09 03:16:56.489 -06:00 [WRN] [LAG SPOKE] HonestWork TownJobBehavior.OnHourlyTick took 7ms
2026-01-09 03:16:57.323 -06:00 [WRN] [LAG SPOKE] HonestWork TownJobBehavior.OnHourlyTick took 9ms
2026-01-09 03:16:58.170 -06:00 [WRN] [LAG SPOKE] HonestWork TownJobBehavior.OnHourlyTick took 12ms
2026-01-09 03:16:58.960 -06:00 [WRN] [LAG SPOKE] HonestWork TownJobBehavior.OnHourlyTick took 7ms
2026-01-09 03:17:27.629 -06:00 [WRN] [LAG SPOKE] HonestWork TownJobBehavior.OnHourlyTick took 7ms
2026-01-09 03:17:31.566 -06:00 [WRN] [LAG SPOKE] HonestWork TownJobBehavior.OnHourlyTick took 10ms
2026-01-09 03:17:34.042 -06:00 [WRN] [LAG SPOKE] HonestWork TownJobBehavior.OnHourlyTick took 6ms
2026-01-09 03:17:34.925 -06:00 [WRN] [LAG SPOKE] HonestWork TownJobBehavior.OnHourlyTick took 6ms
2026-01-09 03:17:35.739 -06:00 [WRN] [LAG SPOKE] HonestWork TownJobBehavior.OnHourlyTick took 11ms
2026-01-09 03:17:36.577 -06:00 [WRN] [LAG SPOKE] HonestWork TownJobBehavior.OnHourlyTick took 9ms
2026-01-09 03:17:37.412 -06:00 [WRN] [LAG SPOKE] HonestWork TownJobBehavior.OnHourlyTick took 8ms
2026-01-09 03:17:38.262 -06:00 [WRN] [LAG SPOKE] HonestWork TownJobBehavior.OnHourlyTick took 9ms
2026-01-09 03:17:39.066 -06:00 [WRN] [LAG SPOKE] HonestWork TownJobBehavior.OnHourlyTick took 12ms
2026-01-09 03:17:39.912 -06:00 [WRN] [LAG SPOKE] HonestWork TownJobBehavior.OnHourlyTick took 9ms
2026-01-09 03:17:40.757 -06:00 [WRN] [LAG SPOKE] HonestWork TownJobBehavior.OnHourlyTick took 11ms
2026-01-09 03:17:41.545 -06:00 [WRN] [LAG SPOKE] HonestWork TownJobBehavior.OnHourlyTick took 6ms
2026-01-09 03:17:42.396 -06:00 [WRN] [LAG SPOKE] HonestWork TownJobBehavior.OnHourlyTick took 8ms
2026-01-09 03:17:43.297 -06:00 [WRN] [LAG SPOKE] HonestWork TownJobBehavior.OnHourlyTick took 6ms
2026-01-09 03:17:44.139 -06:00 [WRN] [LAG SPOKE] HonestWork TownJobBehavior.OnHourlyTick took 6ms
2026-01-09 03:17:45.051 -06:00 [WRN] [LAG SPOKE] HonestWork TownJobBehavior.OnHourlyTick took 7ms
2026-01-09 03:17:45.901 -06:00 [WRN] [LAG SPOKE] HonestWork TownJobBehavior.OnHourlyTick took 10ms
2026-01-09 03:17:46.821 -06:00 [WRN] [LAG SPOKE] HonestWork TownJobBehavior.OnHourlyTick took 7ms
2026-01-09 03:17:47.671 -06:00 [WRN] [LAG SPOKE] HonestWork TownJobBehavior.OnHourlyTick took 7ms
2026-01-09 03:18:51.206 -06:00 [WRN] [LAG SPOKE] HonestWork TownJobBehavior.OnHourlyTick took 6ms
2026-01-09 03:18:52.160 -06:00 [WRN] [LAG SPOKE] HonestWork TownJobBehavior.OnHourlyTick took 6ms
2026-01-09 03:18:53.120 -06:00 [WRN] [LAG SPOKE] HonestWork TownJobBehavior.OnHourlyTick took 6ms
2026-01-09 03:18:54.096 -06:00 [WRN] [LAG SPOKE] HonestWork TownJobBehavior.OnHourlyTick took 9ms
2026-01-09 03:18:54.991 -06:00 [WRN] [LAG SPOKE] HonestWork TownJobBehavior.OnHourlyTick took 7ms
2026-01-09 03:18:55.966 -06:00 [WRN] [LAG SPOKE] HonestWork TownJobBehavior.OnHourlyTick took 7ms
2026-01-09 03:18:56.866 -06:00 [WRN] [LAG SPOKE] HonestWork TownJobBehavior.OnHourlyTick took 8ms
2026-01-09 03:18:57.828 -06:00 [WRN] [LAG SPOKE] HonestWork TownJobBehavior.OnHourlyTick took 6ms
2026-01-09 03:18:58.829 -06:00 [WRN] [LAG SPOKE] HonestWork TownJobBehavior.OnHourlyTick took 7ms
2026-01-09 03:18:59.692 -06:00 [WRN] [LAG SPOKE] HonestWork TownJobBehavior.OnHourlyTick took 9ms
2026-01-09 03:19:00.546 -06:00 [WRN] [LAG SPOKE] HonestWork TownJobBehavior.OnHourlyTick took 11ms
2026-01-09 03:19:01.356 -06:00 [WRN] [LAG SPOKE] HonestWork TownJobBehavior.OnHourlyTick took 9ms
2026-01-09 03:19:02.197 -06:00 [WRN] [LAG SPOKE] HonestWork TownJobBehavior.OnHourlyTick took 7ms
2026-01-09 03:19:03.045 -06:00 [WRN] [LAG SPOKE] HonestWork TownJobBehavior.OnHourlyTick took 9ms
2026-01-09 03:19:03.857 -06:00 [WRN] [LAG SPOKE] HonestWork TownJobBehavior.OnHourlyTick took 10ms
2026-01-09 03:19:04.681 -06:00 [WRN] [LAG SPOKE] HonestWork TownJobBehavior.OnHourlyTick took 13ms
2026-01-09 03:19:05.500 -06:00 [WRN] [LAG SPOKE] HonestWork TownJobBehavior.OnHourlyTick took 7ms
2026-01-09 03:19:06.374 -06:00 [WRN] [LAG SPOKE] HonestWork TownJobBehavior.OnHourlyTick took 7ms
2026-01-09 03:19:07.188 -06:00 [WRN] [LAG SPOKE] HonestWork TownJobBehavior.OnHourlyTick took 8ms
2026-01-09 03:19:08.010 -06:00 [WRN] [LAG SPOKE] HonestWork TownJobBehavior.OnHourlyTick took 7ms
2026-01-09 03:19:08.831 -06:00 [WRN] [LAG SPOKE] HonestWork TownJobBehavior.OnHourlyTick took 8ms
2026-01-09 03:19:09.719 -06:00 [WRN] [LAG SPOKE] HonestWork TownJobBehavior.OnHourlyTick took 8ms
2026-01-09 03:19:10.547 -06:00 [WRN] [LAG SPOKE] HonestWork TownJobBehavior.OnHourlyTick took 10ms
2026-01-09 03:19:11.383 -06:00 [WRN] [LAG SPOKE] HonestWork TownJobBehavior.OnHourlyTick took 12ms
2026-01-09 03:19:12.222 -06:00 [WRN] [LAG SPOKE] HonestWork TownJobBehavior.OnHourlyTick took 11ms
2026-01-09 03:19:12.999 -06:00 [WRN] [LAG SPOKE] HonestWork TownJobBehavior.OnHourlyTick took 10ms
2026-01-09 03:19:13.839 -06:00 [WRN] [LAG SPOKE] HonestWork TownJobBehavior.OnHourlyTick took 10ms
2026-01-09 03:19:14.691 -06:00 [WRN] [LAG SPOKE] HonestWork TownJobBehavior.OnHourlyTick took 11ms
2026-01-09 03:19:15.550 -06:00 [WRN] [LAG SPOKE] HonestWork TownJobBehavior.OnHourlyTick took 9ms
2026-01-09 03:19:16.384 -06:00 [WRN] [LAG SPOKE] HonestWork TownJobBehavior.OnHourlyTick took 10ms
2026-01-09 03:19:17.175 -06:00 [WRN] [LAG SPOKE] HonestWork TownJobBehavior.OnHourlyTick took 12ms
2026-01-09 03:19:18.029 -06:00 [WRN] [LAG SPOKE] HonestWork TownJobBehavior.OnHourlyTick took 13ms
2026-01-09 03:19:18.965 -06:00 [WRN] [LAG SPOKE] HonestWork TownJobBehavior.OnHourlyTick took 6ms
2026-01-09 03:19:19.729 -06:00 [WRN] [LAG SPOKE] HonestWork TownJobBehavior.OnHourlyTick took 9ms
2026-01-09 03:19:20.545 -06:00 [WRN] [LAG SPOKE] HonestWork TownJobBehavior.OnHourlyTick took 10ms
2026-01-09 03:19:21.412 -06:00 [WRN] [LAG SPOKE] HonestWork TownJobBehavior.OnHourlyTick took 8ms
2026-01-09 03:19:22.258 -06:00 [WRN] [LAG SPOKE] HonestWork TownJobBehavior.OnHourlyTick took 10ms
2026-01-09 03:19:23.051 -06:00 [WRN] [LAG SPOKE] HonestWork TownJobBehavior.OnHourlyTick took 7ms
2026-01-09 03:19:24.061 -06:00 [WRN] [LAG SPOKE] HonestWork TownJobBehavior.OnHourlyTick took 8ms
2026-01-09 03:19:24.997 -06:00 [WRN] [LAG SPOKE] HonestWork TownJobBehavior.OnHourlyTick took 7ms
2026-01-09 03:19:27.124 -06:00 [WRN] [LAG SPOKE] HonestWork TownJobBehavior.OnHourlyTick took 6ms
2026-01-09 03:19:28.240 -06:00 [WRN] [LAG SPOKE] HonestWork TownJobBehavior.OnHourlyTick took 6ms
2026-01-09 03:19:29.179 -06:00 [WRN] [LAG SPOKE] HonestWork TownJobBehavior.OnHourlyTick took 6ms
2026-01-09 03:19:30.201 -06:00 [WRN] [LAG SPOKE] HonestWork TownJobBehavior.OnHourlyTick took 6ms
2026-01-09 03:19:31.222 -06:00 [WRN] [LAG SPOKE] HonestWork TownJobBehavior.OnHourlyTick took 7ms
2026-01-09 03:19:32.355 -06:00 [WRN] [LAG SPOKE] HonestWork TownJobBehavior.OnHourlyTick took 6ms
2026-01-09 03:19:48.268 -06:00 [WRN] [LAG SPOKE] HonestWork TownJobBehavior.OnHourlyTick took 8ms
2026-01-09 03:19:49.375 -06:00 [WRN] [LAG SPOKE] HonestWork TownJobBehavior.OnHourlyTick took 8ms
2026-01-09 03:19:50.358 -06:00 [WRN] [LAG SPOKE] HonestWork TownJobBehavior.OnHourlyTick took 7ms
2026-01-09 03:19:51.424 -06:00 [WRN] [LAG SPOKE] HonestWork TownJobBehavior.OnHourlyTick took 9ms
2026-01-09 03:19:52.410 -06:00 [WRN] [LAG SPOKE] HonestWork TownJobBehavior.OnHourlyTick took 9ms
2026-01-09 03:19:53.479 -06:00 [WRN] [LAG SPOKE] HonestWork TownJobBehavior.OnHourlyTick took 7ms
2026-01-09 03:19:53.905 -06:00 [INF] Player finished 6-hour shift as official.
2026-01-09 03:19:54.366 -06:00 [WRN] [LAG SPOKE] HonestWork TownJobBehavior.OnHourlyTick took 7ms
2026-01-09 03:19:55.382 -06:00 [WRN] [LAG SPOKE] HonestWork TownJobBehavior.OnHourlyTick took 7ms
2026-01-09 03:19:56.289 -06:00 [WRN] [LAG SPOKE] HonestWork TownJobBehavior.OnHourlyTick took 6ms
2026-01-09 03:19:57.358 -06:00 [WRN] [LAG SPOKE] HonestWork TownJobBehavior.OnHourlyTick took 6ms
2026-01-09 03:19:58.237 -06:00 [WRN] [LAG SPOKE] HonestWork TownJobBehavior.OnHourlyTick took 10ms
2026-01-09 03:19:59.057 -06:00 [WRN] [LAG SPOKE] HonestWork TownJobBehavior.OnHourlyTick took 9ms
2026-01-09 03:19:59.520 -06:00 [INF] Player finished 6-hour shift as official.
2026-01-09 03:19:59.933 -06:00 [WRN] [LAG SPOKE] HonestWork TownJobBehavior.OnHourlyTick took 7ms
2026-01-09 03:20:00.818 -06:00 [WRN] [LAG SPOKE] HonestWork TownJobBehavior.OnHourlyTick took 6ms
2026-01-09 03:20:01.659 -06:00 [WRN] [LAG SPOKE] HonestWork TownJobBehavior.OnHourlyTick took 8ms
2026-01-09 03:20:02.527 -06:00 [WRN] [LAG SPOKE] HonestWork TownJobBehavior.OnHourlyTick took 8ms
2026-01-09 03:20:03.339 -06:00 [WRN] [LAG SPOKE] HonestWork TownJobBehavior.OnHourlyTick took 10ms
2026-01-09 03:20:04.219 -06:00 [WRN] [LAG SPOKE] HonestWork TownJobBehavior.OnHourlyTick took 7ms
2026-01-09 03:20:04.680 -06:00 [INF] Player finished 6-hour shift as official.
2026-01-09 03:20:05.037 -06:00 [WRN] [LAG SPOKE] HonestWork TownJobBehavior.OnHourlyTick took 7ms
2026-01-09 03:20:05.955 -06:00 [WRN] [LAG SPOKE] HonestWork TownJobBehavior.OnHourlyTick took 6ms
2026-01-09 03:20:06.808 -06:00 [WRN] [LAG SPOKE] HonestWork TownJobBehavior.OnHourlyTick took 8ms
2026-01-09 03:20:07.788 -06:00 [WRN] [LAG SPOKE] HonestWork TownJobBehavior.OnHourlyTick took 9ms
2026-01-09 03:20:08.640 -06:00 [WRN] [LAG SPOKE] HonestWork TownJobBehavior.OnHourlyTick took 8ms
2026-01-09 03:20:09.581 -06:00 [WRN] [LAG SPOKE] HonestWork TownJobBehavior.OnHourlyTick took 12ms
2026-01-09 03:20:10.071 -06:00 [INF] Player finished 6-hour shift as official.
2026-01-09 03:20:10.466 -06:00 [WRN] [LAG SPOKE] HonestWork TownJobBehavior.OnHourlyTick took 10ms
2026-01-09 03:20:11.531 -06:00 [WRN] [LAG SPOKE] HonestWork TownJobBehavior.OnHourlyTick took 6ms
2026-01-09 03:20:42.410 -06:00 [WRN] [LAG SPOKE] HonestWork TownJobBehavior.OnHourlyTick took 6ms
2026-01-09 03:20:43.435 -06:00 [WRN] [LAG SPOKE] HonestWork TownJobBehavior.OnHourlyTick took 6ms
2026-01-09 03:20:44.356 -06:00 [WRN] [LAG SPOKE] HonestWork TownJobBehavior.OnHourlyTick took 7ms
2026-01-09 03:20:45.328 -06:00 [WRN] [LAG SPOKE] HonestWork TownJobBehavior.OnHourlyTick took 6ms
2026-01-09 03:20:46.204 -06:00 [WRN] [LAG SPOKE] HonestWork TownJobBehavior.OnHourlyTick took 6ms
2026-01-09 03:20:47.149 -06:00 [WRN] [LAG SPOKE] HonestWork TownJobBehavior.OnHourlyTick took 6ms
2026-01-09 03:20:48.040 -06:00 [WRN] [LAG SPOKE] HonestWork TownJobBehavior.OnHourlyTick took 7ms
2026-01-09 03:20:49.168 -06:00 [WRN] [LAG SPOKE] HonestWork TownJobBehavior.OnHourlyTick took 6ms
2026-01-09 03:21:12.285 -06:00 [WRN] [LAG SPOKE] HonestWork TownJobBehavior.OnHourlyTick took 8ms
2026-01-09 03:21:13.132 -06:00 [WRN] [LAG SPOKE] HonestWork TownJobBehavior.OnHourlyTick took 8ms
2026-01-09 03:21:13.934 -06:00 [WRN] [LAG SPOKE] HonestWork TownJobBehavior.OnHourlyTick took 7ms
2026-01-09 03:21:14.878 -06:00 [WRN] [LAG SPOKE] HonestWork TownJobBehavior.OnHourlyTick took 8ms
2026-01-09 03:21:15.776 -06:00 [WRN] [LAG SPOKE] HonestWork TownJobBehavior.OnHourlyTick took 7ms
2026-01-09 03:21:16.703 -06:00 [WRN] [LAG SPOKE] HonestWork TownJobBehavior.OnHourlyTick took 8ms
2026-01-09 03:21:17.623 -06:00 [WRN] [LAG SPOKE] HonestWork TownJobBehavior.OnHourlyTick took 19ms
2026-01-09 03:21:18.495 -06:00 [WRN] [LAG SPOKE] HonestWork TownJobBehavior.OnHourlyTick took 6ms
2026-01-09 03:21:19.305 -06:00 [WRN] [LAG SPOKE] HonestWork TownJobBehavior.OnHourlyTick took 6ms
2026-01-09 03:21:20.185 -06:00 [WRN] [LAG SPOKE] HonestWork TownJobBehavior.OnHourlyTick took 9ms
2026-01-09 03:21:21.014 -06:00 [WRN] [LAG SPOKE] HonestWork TownJobBehavior.OnHourlyTick took 8ms
2026-01-09 03:21:21.963 -06:00 [WRN] [LAG SPOKE] HonestWork TownJobBehavior.OnHourlyTick took 7ms
2026-01-09 03:21:22.913 -06:00 [WRN] [LAG SPOKE] HonestWork TownJobBehavior.OnHourlyTick took 7ms
2026-01-09 03:21:23.830 -06:00 [WRN] [LAG SPOKE] HonestWork TownJobBehavior.OnHourlyTick took 6ms
2026-01-09 03:21:24.688 -06:00 [WRN] [LAG SPOKE] HonestWork TownJobBehavior.OnHourlyTick took 8ms
2026-01-09 03:21:25.469 -06:00 [WRN] [LAG SPOKE] HonestWork TownJobBehavior.OnHourlyTick took 6ms
2026-01-09 03:21:26.350 -06:00 [WRN] [LAG SPOKE] HonestWork TownJobBehavior.OnHourlyTick took 10ms
2026-01-09 03:21:48.146 -06:00 [WRN] [LAG SPOKE] HonestWork TownJobBehavior.OnHourlyTick took 9ms
2026-01-09 03:21:48.980 -06:00 [WRN] [LAG SPOKE] HonestWork TownJobBehavior.OnHourlyTick took 8ms
2026-01-09 03:21:49.811 -06:00 [WRN] [LAG SPOKE] HonestWork TownJobBehavior.OnHourlyTick took 16ms
2026-01-09 03:21:50.638 -06:00 [WRN] [LAG SPOKE] HonestWork TownJobBehavior.OnHourlyTick took 12ms
2026-01-09 03:21:51.478 -06:00 [WRN] [LAG SPOKE] HonestWork TownJobBehavior.OnHourlyTick took 7ms
2026-01-09 03:21:52.389 -06:00 [WRN] [LAG SPOKE] HonestWork TownJobBehavior.OnHourlyTick took 7ms
2026-01-09 03:21:53.407 -06:00 [WRN] [LAG SPOKE] HonestWork TownJobBehavior.OnHourlyTick took 8ms
2026-01-09 03:21:54.175 -06:00 [WRN] [LAG SPOKE] HonestWork TownJobBehavior.OnHourlyTick took 7ms
2026-01-09 03:21:55.017 -06:00 [WRN] [LAG SPOKE] HonestWork TownJobBehavior.OnHourlyTick took 7ms
2026-01-09 03:21:55.848 -06:00 [WRN] [LAG SPOKE] HonestWork TownJobBehavior.OnHourlyTick took 9ms
2026-01-09 03:21:56.705 -06:00 [WRN] [LAG SPOKE] HonestWork TownJobBehavior.OnHourlyTick took 6ms
2026-01-09 03:21:57.552 -06:00 [WRN] [LAG SPOKE] HonestWork TownJobBehavior.OnHourlyTick took 11ms
2026-01-09 03:22:21.471 -06:00 [WRN] [LAG SPOKE] HonestWork TownJobBehavior.OnHourlyTick took 9ms
2026-01-09 03:22:22.473 -06:00 [WRN] [LAG SPOKE] HonestWork TownJobBehavior.OnHourlyTick took 8ms
2026-01-09 03:22:23.366 -06:00 [WRN] [LAG SPOKE] HonestWork TownJobBehavior.OnHourlyTick took 7ms
2026-01-09 03:22:24.325 -06:00 [WRN] [LAG SPOKE] HonestWork TownJobBehavior.OnHourlyTick took 8ms
2026-01-09 03:22:25.178 -06:00 [WRN] [LAG SPOKE] HonestWork TownJobBehavior.OnHourlyTick took 11ms
2026-01-09 03:22:26.061 -06:00 [WRN] [LAG SPOKE] HonestWork TownJobBehavior.OnHourlyTick took 9ms
2026-01-09 03:22:27.130 -06:00 [WRN] [LAG SPOKE] HonestWork TownJobBehavior.OnHourlyTick took 10ms
2026-01-09 03:22:28.020 -06:00 [WRN] [LAG SPOKE] HonestWork TownJobBehavior.OnHourlyTick took 7ms
2026-01-09 03:22:28.995 -06:00 [WRN] [LAG SPOKE] HonestWork TownJobBehavior.OnHourlyTick took 8ms
2026-01-09 03:22:29.899 -06:00 [WRN] [LAG SPOKE] HonestWork TownJobBehavior.OnHourlyTick took 10ms
2026-01-09 03:22:30.867 -06:00 [WRN] [LAG SPOKE] HonestWork TownJobBehavior.OnHourlyTick took 7ms
2026-01-09 03:22:31.756 -06:00 [WRN] [LAG SPOKE] HonestWork TownJobBehavior.OnHourlyTick took 6ms
2026-01-09 03:22:32.725 -06:00 [WRN] [LAG SPOKE] HonestWork TownJobBehavior.OnHourlyTick took 7ms
2026-01-09 03:22:33.631 -06:00 [WRN] [LAG SPOKE] HonestWork TownJobBehavior.OnHourlyTick took 17ms
2026-01-09 03:22:34.583 -06:00 [WRN] [LAG SPOKE] HonestWork TownJobBehavior.OnHourlyTick took 7ms
2026-01-09 03:22:35.478 -06:00 [WRN] [LAG SPOKE] HonestWork TownJobBehavior.OnHourlyTick took 9ms
2026-01-09 03:22:36.443 -06:00 [WRN] [LAG SPOKE] HonestWork TownJobBehavior.OnHourlyTick took 6ms
2026-01-09 03:22:37.429 -06:00 [WRN] [LAG SPOKE] HonestWork TownJobBehavior.OnHourlyTick took 7ms
2026-01-09 03:22:38.222 -06:00 [WRN] [LAG SPOKE] HonestWork TownJobBehavior.OnHourlyTick took 8ms
2026-01-09 03:22:39.078 -06:00 [WRN] [LAG SPOKE] HonestWork TownJobBehavior.OnHourlyTick took 6ms
2026-01-09 03:22:39.942 -06:00 [WRN] [LAG SPOKE] HonestWork TownJobBehavior.OnHourlyTick took 10ms
2026-01-09 03:22:40.735 -06:00 [WRN] [LAG SPOKE] HonestWork TownJobBehavior.OnHourlyTick took 8ms
2026-01-09 03:22:47.321 -06:00 [WRN] [LAG SPOKE] HonestWork TownJobBehavior.OnHourlyTick took 7ms
2026-01-09 03:22:48.120 -06:00 [WRN] [LAG SPOKE] HonestWork TownJobBehavior.OnHourlyTick took 6ms
2026-01-09 03:22:49.015 -06:00 [WRN] [LAG SPOKE] HonestWork TownJobBehavior.OnHourlyTick took 8ms
2026-01-09 03:22:49.904 -06:00 [WRN] [LAG SPOKE] HonestWork TownJobBehavior.OnHourlyTick took 7ms
2026-01-09 03:22:50.812 -06:00 [WRN] [LAG SPOKE] HonestWork TownJobBehavior.OnHourlyTick took 9ms
2026-01-09 03:22:51.630 -06:00 [WRN] [LAG SPOKE] HonestWork TownJobBehavior.OnHourlyTick took 8ms
2026-01-09 03:22:52.507 -06:00 [WRN] [LAG SPOKE] HonestWork TownJobBehavior.OnHourlyTick took 7ms
2026-01-09 03:22:53.310 -06:00 [WRN] [LAG SPOKE] HonestWork TownJobBehavior.OnHourlyTick took 9ms
2026-01-09 03:22:54.166 -06:00 [WRN] [LAG SPOKE] HonestWork TownJobBehavior.OnHourlyTick took 9ms
2026-01-09 03:22:55.003 -06:00 [WRN] [LAG SPOKE] HonestWork TownJobBehavior.OnHourlyTick took 10ms
2026-01-09 03:23:06.148 -06:00 [WRN] [LAG SPOKE] HonestWork TownJobBehavior.OnHourlyTick took 11ms
2026-01-09 03:23:06.953 -06:00 [WRN] [LAG SPOKE] HonestWork TownJobBehavior.OnHourlyTick took 10ms
2026-01-09 03:23:07.802 -06:00 [WRN] [LAG SPOKE] HonestWork TownJobBehavior.OnHourlyTick took 12ms
2026-01-09 03:23:08.590 -06:00 [WRN] [LAG SPOKE] HonestWork TownJobBehavior.OnHourlyTick took 6ms
2026-01-09 03:23:09.436 -06:00 [WRN] [LAG SPOKE] HonestWork TownJobBehavior.OnHourlyTick took 10ms
2026-01-09 03:23:10.264 -06:00 [WRN] [LAG SPOKE] HonestWork TownJobBehavior.OnHourlyTick took 10ms
2026-01-09 03:23:11.131 -06:00 [WRN] [LAG SPOKE] HonestWork TownJobBehavior.OnHourlyTick took 7ms
2026-01-09 03:23:11.993 -06:00 [WRN] [LAG SPOKE] HonestWork TownJobBehavior.OnHourlyTick took 7ms
2026-01-09 03:23:12.823 -06:00 [WRN] [LAG SPOKE] HonestWork TownJobBehavior.OnHourlyTick took 9ms
2026-01-09 03:23:14.496 -06:00 [WRN] [LAG SPOKE] HonestWork TownJobBehavior.OnHourlyTick took 12ms
2026-01-09 03:23:15.364 -06:00 [WRN] [LAG SPOKE] HonestWork TownJobBehavior.OnHourlyTick took 8ms
2026-01-09 03:23:21.244 -06:00 [WRN] [LAG SPOKE] HonestWork TownJobBehavior.OnHourlyTick took 8ms
2026-01-09 03:23:22.065 -06:00 [WRN] [LAG SPOKE] HonestWork TownJobBehavior.OnHourlyTick took 8ms
2026-01-09 03:23:22.901 -06:00 [WRN] [LAG SPOKE] HonestWork TownJobBehavior.OnHourlyTick took 6ms
2026-01-09 03:23:23.738 -06:00 [WRN] [LAG SPOKE] HonestWork TownJobBehavior.OnHourlyTick took 6ms
2026-01-09 03:23:24.580 -06:00 [WRN] [LAG SPOKE] HonestWork TownJobBehavior.OnHourlyTick took 9ms
2026-01-09 03:23:25.442 -06:00 [WRN] [LAG SPOKE] HonestWork TownJobBehavior.OnHourlyTick took 9ms
2026-01-09 03:23:26.255 -06:00 [WRN] [LAG SPOKE] HonestWork TownJobBehavior.OnHourlyTick took 9ms
2026-01-09 03:23:27.116 -06:00 [WRN] [LAG SPOKE] HonestWork TownJobBehavior.OnHourlyTick took 10ms
2026-01-09 03:24:04.132 -06:00 [WRN] [LAG SPOKE] HonestWork TownJobBehavior.OnHourlyTick took 8ms
2026-01-09 03:24:04.971 -06:00 [WRN] [LAG SPOKE] HonestWork TownJobBehavior.OnHourlyTick took 6ms
2026-01-09 03:24:05.817 -06:00 [WRN] [LAG SPOKE] HonestWork TownJobBehavior.OnHourlyTick took 10ms
2026-01-09 03:24:06.653 -06:00 [WRN] [LAG SPOKE] HonestWork TownJobBehavior.OnHourlyTick took 6ms
2026-01-09 03:24:07.499 -06:00 [WRN] [LAG SPOKE] HonestWork TownJobBehavior.OnHourlyTick took 9ms
2026-01-09 03:24:08.326 -06:00 [WRN] [LAG SPOKE] HonestWork TownJobBehavior.OnHourlyTick took 11ms
2026-01-09 03:24:09.173 -06:00 [WRN] [LAG SPOKE] HonestWork TownJobBehavior.OnHourlyTick took 8ms
2026-01-09 03:24:09.989 -06:00 [WRN] [LAG SPOKE] HonestWork TownJobBehavior.OnHourlyTick took 7ms
2026-01-09 03:24:10.815 -06:00 [WRN] [LAG SPOKE] HonestWork TownJobBehavior.OnHourlyTick took 14ms
2026-01-09 03:24:11.668 -06:00 [WRN] [LAG SPOKE] HonestWork TownJobBehavior.OnHourlyTick took 6ms
2026-01-09 03:24:12.488 -06:00 [WRN] [LAG SPOKE] HonestWork TownJobBehavior.OnHourlyTick took 9ms
2026-01-09 03:24:13.347 -06:00 [WRN] [LAG SPOKE] HonestWork TownJobBehavior.OnHourlyTick took 7ms
2026-01-09 03:24:14.172 -06:00 [WRN] [LAG SPOKE] HonestWork TownJobBehavior.OnHourlyTick took 19ms
2026-01-09 03:24:15.915 -06:00 [WRN] [LAG SPOKE] HonestWork TownJobBehavior.OnHourlyTick took 11ms
2026-01-09 03:24:16.686 -06:00 [WRN] [LAG SPOKE] HonestWork TownJobBehavior.OnHourlyTick took 7ms
2026-01-09 03:24:17.546 -06:00 [WRN] [LAG SPOKE] HonestWork TownJobBehavior.OnHourlyTick took 11ms
2026-01-09 03:24:18.395 -06:00 [WRN] [LAG SPOKE] HonestWork TownJobBehavior.OnHourlyTick took 8ms
2026-01-09 03:24:19.196 -06:00 [WRN] [LAG SPOKE] HonestWork TownJobBehavior.OnHourlyTick took 9ms
2026-01-09 03:24:20.032 -06:00 [WRN] [LAG SPOKE] HonestWork TownJobBehavior.OnHourlyTick took 7ms
2026-01-09 03:24:20.880 -06:00 [WRN] [LAG SPOKE] HonestWork TownJobBehavior.OnHourlyTick took 11ms
2026-01-09 03:24:21.726 -06:00 [WRN] [LAG SPOKE] HonestWork TownJobBehavior.OnHourlyTick took 9ms
2026-01-09 03:24:22.596 -06:00 [WRN] [LAG SPOKE] HonestWork TownJobBehavior.OnHourlyTick took 7ms
2026-01-09 03:24:23.416 -06:00 [WRN] [LAG SPOKE] HonestWork TownJobBehavior.OnHourlyTick took 11ms
2026-01-09 03:24:24.227 -06:00 [WRN] [LAG SPOKE] HonestWork TownJobBehavior.OnHourlyTick took 7ms
2026-01-09 03:24:25.056 -06:00 [WRN] [LAG SPOKE] HonestWork TownJobBehavior.OnHourlyTick took 11ms
2026-01-09 03:24:25.878 -06:00 [WRN] [LAG SPOKE] HonestWork TownJobBehavior.OnHourlyTick took 9ms
2026-01-09 03:24:26.702 -06:00 [WRN] [LAG SPOKE] HonestWork TownJobBehavior.OnHourlyTick took 7ms
2026-01-09 03:24:27.566 -06:00 [WRN] [LAG SPOKE] HonestWork TownJobBehavior.OnHourlyTick took 14ms
2026-01-09 03:24:28.397 -06:00 [WRN] [LAG SPOKE] HonestWork TownJobBehavior.OnHourlyTick took 8ms
2026-01-09 03:24:29.200 -06:00 [WRN] [LAG SPOKE] HonestWork TownJobBehavior.OnHourlyTick took 13ms
2026-01-09 03:24:30.073 -06:00 [WRN] [LAG SPOKE] HonestWork TownJobBehavior.OnHourlyTick took 7ms
2026-01-09 03:24:30.872 -06:00 [WRN] [LAG SPOKE] HonestWork TownJobBehavior.OnHourlyTick took 9ms
2026-01-09 03:24:31.725 -06:00 [WRN] [LAG SPOKE] HonestWork TownJobBehavior.OnHourlyTick took 7ms
2026-01-09 03:24:32.606 -06:00 [WRN] [LAG SPOKE] HonestWork TownJobBehavior.OnHourlyTick took 6ms
2026-01-09 03:24:33.405 -06:00 [WRN] [LAG SPOKE] HonestWork TownJobBehavior.OnHourlyTick took 9ms
2026-01-09 03:24:34.239 -06:00 [WRN] [LAG SPOKE] HonestWork TownJobBehavior.OnHourlyTick took 6ms
2026-01-09 03:24:35.181 -06:00 [WRN] [LAG SPOKE] HonestWork TownJobBehavior.OnHourlyTick took 6ms
2026-01-09 03:24:35.994 -06:00 [WRN] [LAG SPOKE] HonestWork TownJobBehavior.OnHourlyTick took 13ms
2026-01-09 03:24:36.801 -06:00 [WRN] [LAG SPOKE] HonestWork TownJobBehavior.OnHourlyTick took 7ms
2026-01-09 03:24:37.626 -06:00 [WRN] [LAG SPOKE] HonestWork TownJobBehavior.OnHourlyTick took 10ms
2026-01-09 03:24:38.483 -06:00 [WRN] [LAG SPOKE] HonestWork TownJobBehavior.OnHourlyTick took 10ms
2026-01-09 03:24:39.311 -06:00 [WRN] [LAG SPOKE] HonestWork TownJobBehavior.OnHourlyTick took 12ms
2026-01-09 03:24:40.141 -06:00 [WRN] [LAG SPOKE] HonestWork TownJobBehavior.OnHourlyTick took 12ms
2026-01-09 03:24:40.974 -06:00 [WRN] [LAG SPOKE] HonestWork TownJobBehavior.OnHourlyTick took 10ms
2026-01-09 03:24:41.784 -06:00 [WRN] [LAG SPOKE] HonestWork TownJobBehavior.OnHourlyTick took 10ms
2026-01-09 03:24:42.648 -06:00 [WRN] [LAG SPOKE] HonestWork TownJobBehavior.OnHourlyTick took 7ms
2026-01-09 03:24:43.451 -06:00 [WRN] [LAG SPOKE] HonestWork TownJobBehavior.OnHourlyTick took 8ms
2026-01-09 03:24:44.298 -06:00 [WRN] [LAG SPOKE] HonestWork TownJobBehavior.OnHourlyTick took 11ms
2026-01-09 03:24:45.146 -06:00 [WRN] [LAG SPOKE] HonestWork TownJobBehavior.OnHourlyTick took 6ms
2026-01-09 03:24:45.997 -06:00 [WRN] [LAG SPOKE] HonestWork TownJobBehavior.OnHourlyTick took 8ms
2026-01-09 03:24:46.793 -06:00 [WRN] [LAG SPOKE] HonestWork TownJobBehavior.OnHourlyTick took 10ms
2026-01-09 03:24:47.637 -06:00 [WRN] [LAG SPOKE] HonestWork TownJobBehavior.OnHourlyTick took 9ms
2026-01-09 03:24:48.468 -06:00 [WRN] [LAG SPOKE] HonestWork TownJobBehavior.OnHourlyTick took 8ms
2026-01-09 03:24:49.346 -06:00 [WRN] [LAG SPOKE] HonestWork TownJobBehavior.OnHourlyTick took 9ms
2026-01-09 03:24:50.145 -06:00 [WRN] [LAG SPOKE] HonestWork TownJobBehavior.OnHourlyTick took 11ms
2026-01-09 03:24:50.990 -06:00 [WRN] [LAG SPOKE] HonestWork TownJobBehavior.OnHourlyTick took 13ms
2026-01-09 03:24:51.783 -06:00 [WRN] [LAG SPOKE] HonestWork TownJobBehavior.OnHourlyTick took 6ms
2026-01-09 03:24:52.624 -06:00 [WRN] [LAG SPOKE] HonestWork TownJobBehavior.OnHourlyTick took 9ms
2026-01-09 03:24:53.470 -06:00 [WRN] [LAG SPOKE] HonestWork TownJobBehavior.OnHourlyTick took 10ms
2026-01-09 03:24:54.316 -06:00 [WRN] [LAG SPOKE] HonestWork TownJobBehavior.OnHourlyTick took 7ms
2026-01-09 03:24:55.211 -06:00 [WRN] [LAG SPOKE] HonestWork TownJobBehavior.OnHourlyTick took 6ms
2026-01-09 03:24:56.051 -06:00 [WRN] [LAG SPOKE] HonestWork TownJobBehavior.OnHourlyTick took 10ms
2026-01-09 03:24:56.833 -06:00 [WRN] [LAG SPOKE] HonestWork TownJobBehavior.OnHourlyTick took 7ms
2026-01-09 03:24:57.698 -06:00 [WRN] [LAG SPOKE] HonestWork TownJobBehavior.OnHourlyTick took 6ms
2026-01-09 03:24:58.559 -06:00 [WRN] [LAG SPOKE] HonestWork TownJobBehavior.OnHourlyTick took 10ms
2026-01-09 03:24:59.345 -06:00 [WRN] [LAG SPOKE] HonestWork TownJobBehavior.OnHourlyTick took 10ms
2026-01-09 03:27:36.209 -06:00 [WRN] [LAG SPOKE] HonestWork TownJobBehavior.OnHourlyTick took 7ms
2026-01-09 03:27:37.010 -06:00 [WRN] [LAG SPOKE] HonestWork TownJobBehavior.OnHourlyTick took 15ms
2026-01-09 03:27:37.884 -06:00 [WRN] [LAG SPOKE] HonestWork TownJobBehavior.OnHourlyTick took 13ms
2026-01-09 03:27:38.657 -06:00 [WRN] [LAG SPOKE] HonestWork TownJobBehavior.OnHourlyTick took 6ms
2026-01-09 03:27:39.487 -06:00 [WRN] [LAG SPOKE] HonestWork TownJobBehavior.OnHourlyTick took 9ms
2026-01-09 03:27:40.313 -06:00 [WRN] [LAG SPOKE] HonestWork TownJobBehavior.OnHourlyTick took 11ms
2026-01-09 03:27:41.218 -06:00 [WRN] [LAG SPOKE] HonestWork TownJobBehavior.OnHourlyTick took 7ms
2026-01-09 03:27:42.051 -06:00 [WRN] [LAG SPOKE] HonestWork TownJobBehavior.OnHourlyTick took 10ms
2026-01-09 03:27:42.846 -06:00 [WRN] [LAG SPOKE] HonestWork TownJobBehavior.OnHourlyTick took 11ms
2026-01-09 03:27:43.677 -06:00 [WRN] [LAG SPOKE] HonestWork TownJobBehavior.OnHourlyTick took 12ms
2026-01-09 03:27:44.508 -06:00 [WRN] [LAG SPOKE] HonestWork TownJobBehavior.OnHourlyTick took 9ms
2026-01-09 03:27:45.379 -06:00 [WRN] [LAG SPOKE] HonestWork TownJobBehavior.OnHourlyTick took 12ms
2026-01-09 03:27:46.160 -06:00 [WRN] [LAG SPOKE] HonestWork TownJobBehavior.OnHourlyTick took 9ms
2026-01-09 03:27:46.991 -06:00 [WRN] [LAG SPOKE] HonestWork TownJobBehavior.OnHourlyTick took 12ms
2026-01-09 03:27:47.817 -06:00 [WRN] [LAG SPOKE] HonestWork TownJobBehavior.OnHourlyTick took 7ms
2026-01-09 03:27:48.680 -06:00 [WRN] [LAG SPOKE] HonestWork TownJobBehavior.OnHourlyTick took 8ms
2026-01-09 03:27:49.499 -06:00 [WRN] [LAG SPOKE] HonestWork TownJobBehavior.OnHourlyTick took 7ms
2026-01-09 03:27:50.329 -06:00 [WRN] [LAG SPOKE] HonestWork TownJobBehavior.OnHourlyTick took 17ms
2026-01-09 03:27:51.323 -06:00 [WRN] [LAG SPOKE] HonestWork TownJobBehavior.OnHourlyTick took 6ms
2026-01-09 03:28:08.002 -06:00 [WRN] [LAG SPOKE] HonestWork TownJobBehavior.OnHourlyTick took 14ms
2026-01-09 03:28:08.784 -06:00 [WRN] [LAG SPOKE] HonestWork TownJobBehavior.OnHourlyTick took 9ms
2026-01-09 03:28:09.661 -06:00 [WRN] [LAG SPOKE] HonestWork TownJobBehavior.OnHourlyTick took 6ms
2026-01-09 03:28:10.461 -06:00 [WRN] [LAG SPOKE] HonestWork TownJobBehavior.OnHourlyTick took 9ms
2026-01-09 03:28:11.303 -06:00 [WRN] [LAG SPOKE] HonestWork TownJobBehavior.OnHourlyTick took 9ms
2026-01-09 03:28:12.176 -06:00 [WRN] [LAG SPOKE] HonestWork TownJobBehavior.OnHourlyTick took 7ms
2026-01-09 03:28:12.980 -06:00 [WRN] [LAG SPOKE] HonestWork TownJobBehavior.OnHourlyTick took 9ms
2026-01-09 03:28:13.821 -06:00 [WRN] [LAG SPOKE] HonestWork TownJobBehavior.OnHourlyTick took 9ms
2026-01-09 03:28:14.655 -06:00 [WRN] [LAG SPOKE] HonestWork TownJobBehavior.OnHourlyTick took 11ms
2026-01-09 03:28:15.494 -06:00 [WRN] [LAG SPOKE] HonestWork TownJobBehavior.OnHourlyTick took 8ms
2026-01-09 03:28:16.302 -06:00 [WRN] [LAG SPOKE] HonestWork TownJobBehavior.OnHourlyTick took 7ms
2026-01-09 03:28:17.138 -06:00 [WRN] [LAG SPOKE] HonestWork TownJobBehavior.OnHourlyTick took 10ms
2026-01-09 03:28:17.979 -06:00 [WRN] [LAG SPOKE] HonestWork TownJobBehavior.OnHourlyTick took 9ms
2026-01-09 03:28:18.829 -06:00 [WRN] [LAG SPOKE] HonestWork TownJobBehavior.OnHourlyTick took 13ms
2026-01-09 03:28:19.627 -06:00 [WRN] [LAG SPOKE] HonestWork TownJobBehavior.OnHourlyTick took 10ms
2026-01-09 03:28:20.486 -06:00 [WRN] [LAG SPOKE] HonestWork TownJobBehavior.OnHourlyTick took 13ms
2026-01-09 03:28:21.288 -06:00 [WRN] [LAG SPOKE] HonestWork TownJobBehavior.OnHourlyTick took 9ms
2026-01-09 03:28:32.743 -06:00 [WRN] [LAG SPOKE] HonestWork TownJobBehavior.OnHourlyTick took 9ms
2026-01-09 03:28:33.576 -06:00 [WRN] [LAG SPOKE] HonestWork TownJobBehavior.OnHourlyTick took 8ms
2026-01-09 03:28:34.417 -06:00 [WRN] [LAG SPOKE] HonestWork TownJobBehavior.OnHourlyTick took 6ms
2026-01-09 03:28:35.257 -06:00 [WRN] [LAG SPOKE] HonestWork TownJobBehavior.OnHourlyTick took 14ms
2026-01-09 03:28:36.091 -06:00 [WRN] [LAG SPOKE] HonestWork TownJobBehavior.OnHourlyTick took 14ms
2026-01-09 03:28:36.915 -06:00 [WRN] [LAG SPOKE] HonestWork TownJobBehavior.OnHourlyTick took 7ms
2026-01-09 03:28:37.831 -06:00 [WRN] [LAG SPOKE] HonestWork TownJobBehavior.OnHourlyTick took 6ms
2026-01-09 03:28:38.664 -06:00 [WRN] [LAG SPOKE] HonestWork TownJobBehavior.OnHourlyTick took 14ms
2026-01-09 03:28:55.480 -06:00 [WRN] [LAG SPOKE] HonestWork TownJobBehavior.OnHourlyTick took 10ms
2026-01-09 03:28:56.286 -06:00 [WRN] [LAG SPOKE] HonestWork TownJobBehavior.OnHourlyTick took 9ms
2026-01-09 03:28:57.127 -06:00 [WRN] [LAG SPOKE] HonestWork TownJobBehavior.OnHourlyTick took 6ms
2026-01-09 03:28:57.993 -06:00 [WRN] [LAG SPOKE] HonestWork TownJobBehavior.OnHourlyTick took 6ms
2026-01-09 03:28:58.835 -06:00 [WRN] [LAG SPOKE] HonestWork TownJobBehavior.OnHourlyTick took 6ms
2026-01-09 03:28:59.663 -06:00 [WRN] [LAG SPOKE] HonestWork TownJobBehavior.OnHourlyTick took 8ms
2026-01-09 03:29:00.473 -06:00 [WRN] [LAG SPOKE] HonestWork TownJobBehavior.OnHourlyTick took 8ms
2026-01-09 03:29:01.328 -06:00 [WRN] [LAG SPOKE] HonestWork TownJobBehavior.OnHourlyTick took 6ms
2026-01-09 03:29:02.168 -06:00 [WRN] [LAG SPOKE] HonestWork TownJobBehavior.OnHourlyTick took 8ms
2026-01-09 03:29:02.975 -06:00 [WRN] [LAG SPOKE] HonestWork TownJobBehavior.OnHourlyTick took 8ms
2026-01-09 03:29:03.863 -06:00 [WRN] [LAG SPOKE] HonestWork TownJobBehavior.OnHourlyTick took 7ms
2026-01-09 03:29:04.668 -06:00 [WRN] [LAG SPOKE] HonestWork TownJobBehavior.OnHourlyTick took 8ms
2026-01-09 03:29:05.516 -06:00 [WRN] [LAG SPOKE] HonestWork TownJobBehavior.OnHourlyTick took 9ms
2026-01-09 03:30:04.795 -06:00 [WRN] [LAG SPOKE] HonestWork TownJobBehavior.OnHourlyTick took 10ms
2026-01-09 03:30:05.667 -06:00 [WRN] [LAG SPOKE] HonestWork TownJobBehavior.OnHourlyTick took 8ms
2026-01-09 03:30:06.488 -06:00 [WRN] [LAG SPOKE] HonestWork TownJobBehavior.OnHourlyTick took 7ms
2026-01-09 03:30:07.326 -06:00 [WRN] [LAG SPOKE] HonestWork TownJobBehavior.OnHourlyTick took 10ms
2026-01-09 03:30:08.166 -06:00 [WRN] [LAG SPOKE] HonestWork TownJobBehavior.OnHourlyTick took 15ms
2026-01-09 03:30:08.997 -06:00 [WRN] [LAG SPOKE] HonestWork TownJobBehavior.OnHourlyTick took 7ms
2026-01-09 03:30:09.823 -06:00 [WRN] [LAG SPOKE] HonestWork TownJobBehavior.OnHourlyTick took 9ms
2026-01-09 03:30:10.629 -06:00 [WRN] [LAG SPOKE] HonestWork TownJobBehavior.OnHourlyTick took 9ms
2026-01-09 03:30:11.475 -06:00 [WRN] [LAG SPOKE] HonestWork TownJobBehavior.OnHourlyTick took 9ms
2026-01-09 03:30:12.433 -06:00 [WRN] [LAG SPOKE] HonestWork TownJobBehavior.OnHourlyTick took 7ms
2026-01-09 03:30:13.228 -06:00 [WRN] [LAG SPOKE] HonestWork TownJobBehavior.OnHourlyTick took 8ms
2026-01-09 03:30:14.002 -06:00 [WRN] [LAG SPOKE] HonestWork TownJobBehavior.OnHourlyTick took 8ms
2026-01-09 03:30:14.838 -06:00 [WRN] [LAG SPOKE] HonestWork TownJobBehavior.OnHourlyTick took 10ms
2026-01-09 03:30:15.677 -06:00 [WRN] [LAG SPOKE] HonestWork TownJobBehavior.OnHourlyTick took 7ms
2026-01-09 03:30:16.540 -06:00 [WRN] [LAG SPOKE] HonestWork TownJobBehavior.OnHourlyTick took 8ms
2026-01-09 03:30:17.399 -06:00 [WRN] [LAG SPOKE] HonestWork TownJobBehavior.OnHourlyTick took 6ms
2026-01-09 03:30:26.333 -06:00 [WRN] [LAG SPOKE] HonestWork TownJobBehavior.OnHourlyTick took 11ms
2026-01-09 03:30:27.177 -06:00 [WRN] [LAG SPOKE] HonestWork TownJobBehavior.OnHourlyTick took 6ms
2026-01-09 03:30:28.005 -06:00 [WRN] [LAG SPOKE] HonestWork TownJobBehavior.OnHourlyTick took 8ms
2026-01-09 03:30:28.904 -06:00 [WRN] [LAG SPOKE] HonestWork TownJobBehavior.OnHourlyTick took 10ms
2026-01-09 03:30:29.722 -06:00 [WRN] [LAG SPOKE] HonestWork TownJobBehavior.OnHourlyTick took 6ms
2026-01-09 03:30:30.567 -06:00 [WRN] [LAG SPOKE] HonestWork TownJobBehavior.OnHourlyTick took 7ms
2026-01-09 03:30:43.814 -06:00 [WRN] [LAG SPOKE] HonestWork TownJobBehavior.OnHourlyTick took 10ms
2026-01-09 03:30:44.890 -06:00 [WRN] [LAG SPOKE] HonestWork TownJobBehavior.OnHourlyTick took 7ms
2026-01-09 03:30:45.685 -06:00 [WRN] [LAG SPOKE] HonestWork TownJobBehavior.OnHourlyTick took 8ms
2026-01-09 03:30:46.680 -06:00 [WRN] [LAG SPOKE] HonestWork TownJobBehavior.OnHourlyTick took 6ms
2026-01-09 03:30:47.482 -06:00 [WRN] [LAG SPOKE] HonestWork TownJobBehavior.OnHourlyTick took 6ms
2026-01-09 03:30:48.328 -06:00 [WRN] [LAG SPOKE] HonestWork TownJobBehavior.OnHourlyTick took 9ms
2026-01-09 03:30:49.168 -06:00 [WRN] [LAG SPOKE] HonestWork TownJobBehavior.OnHourlyTick took 11ms
2026-01-09 03:30:50.027 -06:00 [WRN] [LAG SPOKE] HonestWork TownJobBehavior.OnHourlyTick took 6ms
2026-01-09 03:30:50.904 -06:00 [WRN] [LAG SPOKE] HonestWork TownJobBehavior.OnHourlyTick took 13ms
2026-01-09 03:30:51.719 -06:00 [WRN] [LAG SPOKE] HonestWork TownJobBehavior.OnHourlyTick took 6ms
2026-01-09 03:30:52.588 -06:00 [WRN] [LAG SPOKE] HonestWork TownJobBehavior.OnHourlyTick took 8ms
2026-01-09 03:30:53.526 -06:00 [WRN] [LAG SPOKE] HonestWork TownJobBehavior.OnHourlyTick took 6ms
2026-01-09 03:30:54.306 -06:00 [WRN] [LAG SPOKE] HonestWork TownJobBehavior.OnHourlyTick took 9ms
2026-01-09 03:30:55.126 -06:00 [WRN] [LAG SPOKE] HonestWork TownJobBehavior.OnHourlyTick took 8ms
2026-01-09 03:30:55.993 -06:00 [WRN] [LAG SPOKE] HonestWork TownJobBehavior.OnHourlyTick took 8ms
2026-01-09 03:30:56.815 -06:00 [WRN] [LAG SPOKE] HonestWork TownJobBehavior.OnHourlyTick took 9ms
2026-01-09 03:30:57.661 -06:00 [WRN] [LAG SPOKE] HonestWork TownJobBehavior.OnHourlyTick took 13ms
2026-01-09 03:34:42.122 -06:00 [WRN] [LAG SPOKE] HonestWork TownJobBehavior.OnHourlyTick took 12ms
2026-01-09 03:34:42.992 -06:00 [WRN] [LAG SPOKE] HonestWork TownJobBehavior.OnHourlyTick took 14ms
2026-01-09 03:34:43.867 -06:00 [WRN] [LAG SPOKE] HonestWork TownJobBehavior.OnHourlyTick took 9ms
2026-01-09 03:34:44.672 -06:00 [WRN] [LAG SPOKE] HonestWork TownJobBehavior.OnHourlyTick took 7ms
2026-01-09 03:34:45.527 -06:00 [WRN] [LAG SPOKE] HonestWork TownJobBehavior.OnHourlyTick took 6ms
2026-01-09 03:34:46.376 -06:00 [WRN] [LAG SPOKE] HonestWork TownJobBehavior.OnHourlyTick took 8ms
2026-01-09 03:34:47.146 -06:00 [WRN] [LAG SPOKE] HonestWork TownJobBehavior.OnHourlyTick took 6ms
2026-01-09 03:34:47.989 -06:00 [WRN] [LAG SPOKE] HonestWork TownJobBehavior.OnHourlyTick took 11ms
2026-01-09 03:34:48.820 -06:00 [WRN] [LAG SPOKE] HonestWork TownJobBehavior.OnHourlyTick took 9ms
2026-01-09 03:34:49.668 -06:00 [WRN] [LAG SPOKE] HonestWork TownJobBehavior.OnHourlyTick took 9ms
2026-01-09 03:35:38.337 -06:00 [WRN] [LAG SPOKE] HonestWork TownJobBehavior.OnHourlyTick took 11ms
2026-01-09 03:35:39.203 -06:00 [WRN] [LAG SPOKE] HonestWork TownJobBehavior.OnHourlyTick took 10ms
2026-01-09 03:35:48.993 -06:00 [WRN] [LAG SPOKE] HonestWork TownJobBehavior.OnHourlyTick took 6ms
2026-01-09 03:35:49.818 -06:00 [WRN] [LAG SPOKE] HonestWork TownJobBehavior.OnHourlyTick took 14ms
2026-01-09 03:35:50.681 -06:00 [WRN] [LAG SPOKE] HonestWork TownJobBehavior.OnHourlyTick took 6ms
2026-01-09 03:35:51.503 -06:00 [WRN] [LAG SPOKE] HonestWork TownJobBehavior.OnHourlyTick took 10ms
2026-01-09 03:35:52.311 -06:00 [WRN] [LAG SPOKE] HonestWork TownJobBehavior.OnHourlyTick took 9ms
2026-01-09 03:35:53.182 -06:00 [WRN] [LAG SPOKE] HonestWork TownJobBehavior.OnHourlyTick took 7ms
2026-01-09 03:35:54.091 -06:00 [WRN] [LAG SPOKE] HonestWork TownJobBehavior.OnHourlyTick took 7ms
2026-01-09 03:35:54.870 -06:00 [WRN] [LAG SPOKE] HonestWork TownJobBehavior.OnHourlyTick took 7ms
2026-01-09 03:35:55.733 -06:00 [WRN] [LAG SPOKE] HonestWork TownJobBehavior.OnHourlyTick took 8ms
2026-01-09 03:35:56.543 -06:00 [WRN] [LAG SPOKE] HonestWork TownJobBehavior.OnHourlyTick took 9ms
2026-01-09 03:35:57.415 -06:00 [WRN] [LAG SPOKE] HonestWork TownJobBehavior.OnHourlyTick took 9ms
2026-01-09 03:35:58.220 -06:00 [WRN] [LAG SPOKE] HonestWork TownJobBehavior.OnHourlyTick took 9ms
2026-01-09 03:35:59.084 -06:00 [WRN] [LAG SPOKE] HonestWork TownJobBehavior.OnHourlyTick took 7ms
2026-01-09 03:35:59.897 -06:00 [WRN] [LAG SPOKE] HonestWork TownJobBehavior.OnHourlyTick took 10ms
2026-01-09 03:36:00.697 -06:00 [WRN] [LAG SPOKE] HonestWork TownJobBehavior.OnHourlyTick took 6ms
2026-01-09 03:36:01.538 -06:00 [WRN] [LAG SPOKE] HonestWork TownJobBehavior.OnHourlyTick took 8ms
2026-01-09 03:36:02.391 -06:00 [WRN] [LAG SPOKE] HonestWork TownJobBehavior.OnHourlyTick took 6ms
2026-01-09 03:36:03.248 -06:00 [WRN] [LAG SPOKE] HonestWork TownJobBehavior.OnHourlyTick took 8ms
2026-01-09 03:36:04.033 -06:00 [WRN] [LAG SPOKE] HonestWork TownJobBehavior.OnHourlyTick took 7ms
2026-01-09 03:36:04.879 -06:00 [WRN] [LAG SPOKE] HonestWork TownJobBehavior.OnHourlyTick took 11ms
2026-01-09 03:36:05.711 -06:00 [WRN] [LAG SPOKE] HonestWork TownJobBehavior.OnHourlyTick took 7ms
2026-01-09 03:36:06.581 -06:00 [WRN] [LAG SPOKE] HonestWork TownJobBehavior.OnHourlyTick took 8ms
2026-01-09 03:36:07.377 -06:00 [WRN] [LAG SPOKE] HonestWork TownJobBehavior.OnHourlyTick took 9ms
2026-01-09 03:36:08.232 -06:00 [WRN] [LAG SPOKE] HonestWork TownJobBehavior.OnHourlyTick took 8ms
2026-01-09 03:36:09.092 -06:00 [WRN] [LAG SPOKE] HonestWork TownJobBehavior.OnHourlyTick took 9ms
2026-01-09 03:36:09.896 -06:00 [WRN] [LAG SPOKE] HonestWork TownJobBehavior.OnHourlyTick took 11ms
2026-01-09 03:36:10.746 -06:00 [WRN] [LAG SPOKE] HonestWork TownJobBehavior.OnHourlyTick took 8ms
2026-01-09 03:36:11.547 -06:00 [WRN] [LAG SPOKE] HonestWork TownJobBehavior.OnHourlyTick took 9ms
2026-01-09 03:36:12.402 -06:00 [WRN] [LAG SPOKE] HonestWork TownJobBehavior.OnHourlyTick took 7ms
2026-01-09 03:36:13.258 -06:00 [WRN] [LAG SPOKE] HonestWork TownJobBehavior.OnHourlyTick took 7ms
2026-01-09 03:36:14.222 -06:00 [WRN] [LAG SPOKE] HonestWork TownJobBehavior.OnHourlyTick took 6ms
2026-01-09 03:36:15.019 -06:00 [WRN] [LAG SPOKE] HonestWork TownJobBehavior.OnHourlyTick took 9ms
2026-01-09 03:36:15.852 -06:00 [WRN] [LAG SPOKE] HonestWork TownJobBehavior.OnHourlyTick took 8ms
2026-01-09 03:36:16.688 -06:00 [WRN] [LAG SPOKE] HonestWork TownJobBehavior.OnHourlyTick took 6ms
2026-01-09 03:36:17.538 -06:00 [WRN] [LAG SPOKE] HonestWork TownJobBehavior.OnHourlyTick took 8ms
2026-01-09 03:36:18.326 -06:00 [WRN] [LAG SPOKE] HonestWork TownJobBehavior.OnHourlyTick took 6ms
2026-01-09 03:36:19.174 -06:00 [WRN] [LAG SPOKE] HonestWork TownJobBehavior.OnHourlyTick took 9ms
2026-01-09 03:36:20.026 -06:00 [WRN] [LAG SPOKE] HonestWork TownJobBehavior.OnHourlyTick took 8ms
2026-01-09 03:36:20.875 -06:00 [WRN] [LAG SPOKE] HonestWork TownJobBehavior.OnHourlyTick took 8ms
2026-01-09 03:36:21.662 -06:00 [WRN] [LAG SPOKE] HonestWork TownJobBehavior.OnHourlyTick took 8ms
2026-01-09 03:36:31.226 -06:00 [WRN] [LAG SPOKE] HonestWork TownJobBehavior.OnHourlyTick took 10ms
2026-01-09 03:36:32.070 -06:00 [WRN] [LAG SPOKE] HonestWork TownJobBehavior.OnHourlyTick took 10ms
2026-01-09 03:36:32.922 -06:00 [WRN] [LAG SPOKE] HonestWork TownJobBehavior.OnHourlyTick took 6ms
2026-01-09 03:36:33.779 -06:00 [WRN] [LAG SPOKE] HonestWork TownJobBehavior.OnHourlyTick took 8ms
2026-01-09 03:36:34.566 -06:00 [WRN] [LAG SPOKE] HonestWork TownJobBehavior.OnHourlyTick took 8ms
2026-01-09 03:36:35.425 -06:00 [WRN] [LAG SPOKE] HonestWork TownJobBehavior.OnHourlyTick took 8ms
2026-01-09 03:36:46.209 -06:00 [WRN] [LAG SPOKE] HonestWork TownJobBehavior.OnHourlyTick took 9ms
2026-01-09 03:36:47.053 -06:00 [WRN] [LAG SPOKE] HonestWork TownJobBehavior.OnHourlyTick took 10ms
2026-01-09 03:36:47.866 -06:00 [WRN] [LAG SPOKE] HonestWork TownJobBehavior.OnHourlyTick took 9ms
2026-01-09 03:36:48.701 -06:00 [WRN] [LAG SPOKE] HonestWork TownJobBehavior.OnHourlyTick took 9ms
2026-01-09 03:36:49.536 -06:00 [WRN] [LAG SPOKE] HonestWork TownJobBehavior.OnHourlyTick took 7ms
2026-01-09 03:36:50.400 -06:00 [WRN] [LAG SPOKE] HonestWork TownJobBehavior.OnHourlyTick took 7ms
2026-01-09 03:36:51.252 -06:00 [WRN] [LAG SPOKE] HonestWork TownJobBehavior.OnHourlyTick took 7ms
2026-01-09 03:36:52.070 -06:00 [WRN] [LAG SPOKE] HonestWork TownJobBehavior.OnHourlyTick took 10ms
2026-01-09 03:36:52.970 -06:00 [WRN] [LAG SPOKE] HonestWork TownJobBehavior.OnHourlyTick took 6ms
2026-01-09 03:36:53.763 -06:00 [WRN] [LAG SPOKE] HonestWork TownJobBehavior.OnHourlyTick took 9ms
2026-01-09 03:36:54.639 -06:00 [WRN] [LAG SPOKE] HonestWork TownJobBehavior.OnHourlyTick took 8ms
2026-01-09 03:36:55.436 -06:00 [WRN] [LAG SPOKE] HonestWork TownJobBehavior.OnHourlyTick took 7ms
2026-01-09 03:37:16.913 -06:00 [WRN] [LAG SPOKE] HonestWork TownJobBehavior.OnHourlyTick took 6ms
2026-01-09 03:37:17.775 -06:00 [WRN] [LAG SPOKE] HonestWork TownJobBehavior.OnHourlyTick took 7ms
2026-01-09 03:37:18.584 -06:00 [WRN] [LAG SPOKE] HonestWork TownJobBehavior.OnHourlyTick took 8ms
2026-01-09 03:37:19.432 -06:00 [WRN] [LAG SPOKE] HonestWork TownJobBehavior.OnHourlyTick took 10ms
2026-01-09 03:37:20.233 -06:00 [WRN] [LAG SPOKE] HonestWork TownJobBehavior.OnHourlyTick took 7ms
2026-01-09 03:37:21.039 -06:00 [WRN] [LAG SPOKE] HonestWork TownJobBehavior.OnHourlyTick took 10ms
2026-01-09 03:37:21.924 -06:00 [WRN] [LAG SPOKE] HonestWork TownJobBehavior.OnHourlyTick took 11ms
2026-01-09 03:37:22.706 -06:00 [WRN] [LAG SPOKE] HonestWork TownJobBehavior.OnHourlyTick took 6ms
2026-01-09 03:37:23.554 -06:00 [WRN] [LAG SPOKE] HonestWork TownJobBehavior.OnHourlyTick took 6ms
2026-01-09 03:37:24.384 -06:00 [WRN] [LAG SPOKE] HonestWork TownJobBehavior.OnHourlyTick took 10ms
2026-01-09 03:37:25.246 -06:00 [WRN] [LAG SPOKE] HonestWork TownJobBehavior.OnHourlyTick took 6ms
2026-01-09 03:37:26.068 -06:00 [WRN] [LAG SPOKE] HonestWork TownJobBehavior.OnHourlyTick took 12ms
2026-01-09 03:37:26.891 -06:00 [WRN] [LAG SPOKE] HonestWork TownJobBehavior.OnHourlyTick took 7ms
2026-01-09 03:37:37.882 -06:00 [WRN] [LAG SPOKE] HonestWork TownJobBehavior.OnHourlyTick took 6ms
2026-01-09 03:37:38.735 -06:00 [WRN] [LAG SPOKE] HonestWork TownJobBehavior.OnHourlyTick took 7ms
2026-01-09 03:37:39.533 -06:00 [WRN] [LAG SPOKE] HonestWork TownJobBehavior.OnHourlyTick took 12ms
2026-01-09 03:37:40.385 -06:00 [WRN] [LAG SPOKE] HonestWork TownJobBehavior.OnHourlyTick took 6ms
2026-01-09 03:37:41.236 -06:00 [WRN] [LAG SPOKE] HonestWork TownJobBehavior.OnHourlyTick took 8ms
2026-01-09 03:37:42.015 -06:00 [WRN] [LAG SPOKE] HonestWork TownJobBehavior.OnHourlyTick took 8ms
2026-01-09 03:37:42.854 -06:00 [WRN] [LAG SPOKE] HonestWork TownJobBehavior.OnHourlyTick took 6ms
2026-01-09 03:37:43.795 -06:00 [WRN] [LAG SPOKE] HonestWork TownJobBehavior.OnHourlyTick took 6ms
2026-01-09 03:37:44.583 -06:00 [WRN] [LAG SPOKE] HonestWork TownJobBehavior.OnHourlyTick took 8ms
2026-01-09 03:37:45.460 -06:00 [WRN] [LAG SPOKE] HonestWork TownJobBehavior.OnHourlyTick took 8ms
2026-01-09 03:37:46.271 -06:00 [WRN] [LAG SPOKE] HonestWork TownJobBehavior.OnHourlyTick took 8ms
2026-01-09 03:37:47.092 -06:00 [WRN] [LAG SPOKE] HonestWork TownJobBehavior.OnHourlyTick took 7ms
2026-01-09 03:37:47.932 -06:00 [WRN] [LAG SPOKE] HonestWork TownJobBehavior.OnHourlyTick took 8ms
2026-01-09 03:37:48.773 -06:00 [WRN] [LAG SPOKE] HonestWork TownJobBehavior.OnHourlyTick took 8ms
2026-01-09 03:37:49.629 -06:00 [WRN] [LAG SPOKE] HonestWork TownJobBehavior.OnHourlyTick took 9ms
2026-01-09 03:37:50.422 -06:00 [WRN] [LAG SPOKE] HonestWork TownJobBehavior.OnHourlyTick took 10ms
2026-01-09 03:37:51.267 -06:00 [WRN] [LAG SPOKE] HonestWork TownJobBehavior.OnHourlyTick took 8ms
2026-01-09 03:37:52.121 -06:00 [WRN] [LAG SPOKE] HonestWork TownJobBehavior.OnHourlyTick took 9ms
2026-01-09 03:37:52.918 -06:00 [WRN] [LAG SPOKE] HonestWork TownJobBehavior.OnHourlyTick took 10ms
2026-01-09 03:37:53.768 -06:00 [WRN] [LAG SPOKE] HonestWork TownJobBehavior.OnHourlyTick took 6ms
2026-01-09 03:37:54.630 -06:00 [WRN] [LAG SPOKE] HonestWork TownJobBehavior.OnHourlyTick took 12ms
2026-01-09 03:37:55.421 -06:00 [WRN] [LAG SPOKE] HonestWork TownJobBehavior.OnHourlyTick took 9ms
2026-01-09 03:37:56.277 -06:00 [WRN] [LAG SPOKE] HonestWork TownJobBehavior.OnHourlyTick took 10ms
2026-01-09 03:37:57.123 -06:00 [WRN] [LAG SPOKE] HonestWork TownJobBehavior.OnHourlyTick took 6ms
2026-01-09 03:37:57.923 -06:00 [WRN] [LAG SPOKE] HonestWork TownJobBehavior.OnHourlyTick took 10ms
2026-01-09 03:37:58.769 -06:00 [WRN] [LAG SPOKE] HonestWork TownJobBehavior.OnHourlyTick took 6ms
2026-01-09 03:37:59.620 -06:00 [WRN] [LAG SPOKE] HonestWork TownJobBehavior.OnHourlyTick took 9ms
2026-01-09 03:38:00.411 -06:00 [WRN] [LAG SPOKE] HonestWork TownJobBehavior.OnHourlyTick took 7ms
2026-01-09 03:38:01.266 -06:00 [WRN] [LAG SPOKE] HonestWork TownJobBehavior.OnHourlyTick took 8ms
2026-01-09 03:38:02.112 -06:00 [WRN] [LAG SPOKE] HonestWork TownJobBehavior.OnHourlyTick took 6ms
2026-01-09 03:38:02.906 -06:00 [WRN] [LAG SPOKE] HonestWork TownJobBehavior.OnHourlyTick took 8ms
2026-01-09 03:38:03.847 -06:00 [WRN] [LAG SPOKE] HonestWork TownJobBehavior.OnHourlyTick took 6ms
2026-01-09 03:38:04.646 -06:00 [WRN] [LAG SPOKE] HonestWork TownJobBehavior.OnHourlyTick took 8ms
2026-01-09 03:38:05.490 -06:00 [WRN] [LAG SPOKE] HonestWork TownJobBehavior.OnHourlyTick took 7ms
2026-01-09 03:38:06.336 -06:00 [WRN] [LAG SPOKE] HonestWork TownJobBehavior.OnHourlyTick took 10ms
2026-01-09 03:38:07.175 -06:00 [WRN] [LAG SPOKE] HonestWork TownJobBehavior.OnHourlyTick took 7ms
2026-01-09 03:38:07.964 -06:00 [WRN] [LAG SPOKE] HonestWork TownJobBehavior.OnHourlyTick took 9ms
2026-01-09 03:38:08.804 -06:00 [WRN] [LAG SPOKE] HonestWork TownJobBehavior.OnHourlyTick took 8ms
2026-01-09 03:38:09.659 -06:00 [WRN] [LAG SPOKE] HonestWork TownJobBehavior.OnHourlyTick took 9ms
2026-01-09 03:38:10.506 -06:00 [WRN] [LAG SPOKE] HonestWork TownJobBehavior.OnHourlyTick took 8ms
2026-01-09 03:38:11.339 -06:00 [WRN] [LAG SPOKE] HonestWork TownJobBehavior.OnHourlyTick took 7ms
2026-01-09 03:38:12.174 -06:00 [WRN] [LAG SPOKE] HonestWork TownJobBehavior.OnHourlyTick took 7ms
2026-01-09 03:38:12.961 -06:00 [WRN] [LAG SPOKE] HonestWork TownJobBehavior.OnHourlyTick took 11ms
2026-01-09 03:38:13.799 -06:00 [WRN] [LAG SPOKE] HonestWork TownJobBehavior.OnHourlyTick took 7ms
2026-01-09 03:38:14.642 -06:00 [WRN] [LAG SPOKE] HonestWork TownJobBehavior.OnHourlyTick took 10ms
2026-01-09 03:38:15.483 -06:00 [WRN] [LAG SPOKE] HonestWork TownJobBehavior.OnHourlyTick took 8ms
2026-01-09 03:38:16.311 -06:00 [WRN] [LAG SPOKE] HonestWork TownJobBehavior.OnHourlyTick took 8ms
2026-01-09 03:38:17.128 -06:00 [WRN] [LAG SPOKE] HonestWork TownJobBehavior.OnHourlyTick took 8ms
2026-01-09 03:38:18.004 -06:00 [WRN] [LAG SPOKE] HonestWork TownJobBehavior.OnHourlyTick took 6ms
2026-01-09 03:38:18.821 -06:00 [WRN] [LAG SPOKE] HonestWork TownJobBehavior.OnHourlyTick took 8ms
2026-01-09 03:38:19.638 -06:00 [WRN] [LAG SPOKE] HonestWork TownJobBehavior.OnHourlyTick took 10ms
2026-01-09 03:38:20.509 -06:00 [WRN] [LAG SPOKE] HonestWork TownJobBehavior.OnHourlyTick took 8ms
2026-01-09 03:38:21.325 -06:00 [WRN] [LAG SPOKE] HonestWork TownJobBehavior.OnHourlyTick took 7ms
2026-01-09 03:38:22.135 -06:00 [WRN] [LAG SPOKE] HonestWork TownJobBehavior.OnHourlyTick took 6ms
2026-01-09 03:38:22.955 -06:00 [WRN] [LAG SPOKE] HonestWork TownJobBehavior.OnHourlyTick took 6ms
2026-01-09 03:38:23.923 -06:00 [WRN] [LAG SPOKE] HonestWork TownJobBehavior.OnHourlyTick took 7ms
2026-01-09 03:38:24.694 -06:00 [WRN] [LAG SPOKE] HonestWork TownJobBehavior.OnHourlyTick took 9ms
2026-01-09 03:38:25.507 -06:00 [WRN] [LAG SPOKE] HonestWork TownJobBehavior.OnHourlyTick took 6ms
2026-01-09 03:38:26.382 -06:00 [WRN] [LAG SPOKE] HonestWork TownJobBehavior.OnHourlyTick took 8ms
2026-01-09 03:38:27.213 -06:00 [WRN] [LAG SPOKE] HonestWork TownJobBehavior.OnHourlyTick took 7ms
2026-01-09 03:38:28.069 -06:00 [WRN] [LAG SPOKE] HonestWork TownJobBehavior.OnHourlyTick took 11ms
2026-01-09 03:38:28.844 -06:00 [WRN] [LAG SPOKE] HonestWork TownJobBehavior.OnHourlyTick took 7ms
2026-01-09 03:38:29.692 -06:00 [WRN] [LAG SPOKE] HonestWork TownJobBehavior.OnHourlyTick took 9ms
2026-01-09 03:38:30.539 -06:00 [WRN] [LAG SPOKE] HonestWork TownJobBehavior.OnHourlyTick took 6ms
2026-01-09 03:38:31.382 -06:00 [WRN] [LAG SPOKE] HonestWork TownJobBehavior.OnHourlyTick took 6ms
2026-01-09 03:38:32.229 -06:00 [WRN] [LAG SPOKE] HonestWork TownJobBehavior.OnHourlyTick took 9ms
2026-01-09 03:38:33.010 -06:00 [WRN] [LAG SPOKE] HonestWork TownJobBehavior.OnHourlyTick took 6ms
2026-01-09 03:38:33.862 -06:00 [WRN] [LAG SPOKE] HonestWork TownJobBehavior.OnHourlyTick took 8ms
2026-01-09 03:38:34.706 -06:00 [WRN] [LAG SPOKE] HonestWork TownJobBehavior.OnHourlyTick took 9ms
2026-01-09 03:38:35.554 -06:00 [WRN] [LAG SPOKE] HonestWork TownJobBehavior.OnHourlyTick took 9ms
2026-01-09 03:38:36.394 -06:00 [WRN] [LAG SPOKE] HonestWork TownJobBehavior.OnHourlyTick took 7ms
2026-01-09 03:38:37.228 -06:00 [WRN] [LAG SPOKE] HonestWork TownJobBehavior.OnHourlyTick took 9ms
2026-01-09 03:38:38.040 -06:00 [WRN] [LAG SPOKE] HonestWork TownJobBehavior.OnHourlyTick took 6ms
2026-01-09 03:38:38.870 -06:00 [WRN] [LAG SPOKE] HonestWork TownJobBehavior.OnHourlyTick took 7ms
2026-01-09 03:38:39.718 -06:00 [WRN] [LAG SPOKE] HonestWork TownJobBehavior.OnHourlyTick took 10ms
2026-01-09 03:38:40.565 -06:00 [WRN] [LAG SPOKE] HonestWork TownJobBehavior.OnHourlyTick took 9ms
2026-01-09 03:38:41.352 -06:00 [WRN] [LAG SPOKE] HonestWork TownJobBehavior.OnHourlyTick took 9ms
2026-01-09 03:38:42.196 -06:00 [WRN] [LAG SPOKE] HonestWork TownJobBehavior.OnHourlyTick took 8ms
2026-01-09 03:38:43.048 -06:00 [WRN] [LAG SPOKE] HonestWork TownJobBehavior.OnHourlyTick took 9ms
2026-01-09 03:38:43.988 -06:00 [WRN] [LAG SPOKE] HonestWork TownJobBehavior.OnHourlyTick took 7ms
2026-01-09 03:38:44.780 -06:00 [WRN] [LAG SPOKE] HonestWork TownJobBehavior.OnHourlyTick took 11ms
2026-01-09 03:38:45.586 -06:00 [WRN] [LAG SPOKE] HonestWork TownJobBehavior.OnHourlyTick took 7ms
2026-01-09 03:38:46.456 -06:00 [WRN] [LAG SPOKE] HonestWork TownJobBehavior.OnHourlyTick took 8ms
2026-01-09 03:38:47.277 -06:00 [WRN] [LAG SPOKE] HonestWork TownJobBehavior.OnHourlyTick took 7ms
2026-01-09 03:38:48.111 -06:00 [WRN] [LAG SPOKE] HonestWork TownJobBehavior.OnHourlyTick took 7ms
2026-01-09 03:38:48.959 -06:00 [WRN] [LAG SPOKE] HonestWork TownJobBehavior.OnHourlyTick took 12ms
2026-01-09 03:38:49.738 -06:00 [WRN] [LAG SPOKE] HonestWork TownJobBehavior.OnHourlyTick took 8ms
2026-01-09 03:38:50.579 -06:00 [WRN] [LAG SPOKE] HonestWork TownJobBehavior.OnHourlyTick took 6ms
2026-01-09 03:38:51.422 -06:00 [WRN] [LAG SPOKE] HonestWork TownJobBehavior.OnHourlyTick took 8ms
2026-01-09 03:38:52.266 -06:00 [WRN] [LAG SPOKE] HonestWork TownJobBehavior.OnHourlyTick took 6ms
2026-01-09 03:38:53.124 -06:00 [WRN] [LAG SPOKE] HonestWork TownJobBehavior.OnHourlyTick took 8ms
2026-01-09 03:38:53.931 -06:00 [WRN] [LAG SPOKE] HonestWork TownJobBehavior.OnHourlyTick took 12ms
2026-01-09 03:38:54.786 -06:00 [WRN] [LAG SPOKE] HonestWork TownJobBehavior.OnHourlyTick took 11ms
2026-01-09 03:38:55.574 -06:00 [WRN] [LAG SPOKE] HonestWork TownJobBehavior.OnHourlyTick took 10ms
2026-01-09 03:38:56.428 -06:00 [WRN] [LAG SPOKE] HonestWork TownJobBehavior.OnHourlyTick took 8ms
2026-01-09 03:38:57.279 -06:00 [WRN] [LAG SPOKE] HonestWork TownJobBehavior.OnHourlyTick took 8ms
2026-01-09 03:38:58.080 -06:00 [WRN] [LAG SPOKE] HonestWork TownJobBehavior.OnHourlyTick took 14ms
2026-01-09 03:38:58.932 -06:00 [WRN] [LAG SPOKE] HonestWork TownJobBehavior.OnHourlyTick took 6ms
2026-01-09 03:39:10.978 -06:00 [WRN] [LAG SPOKE] HonestWork TownJobBehavior.OnHourlyTick took 12ms
2026-01-09 03:39:40.231 -06:00 [WRN] [LAG SPOKE] HonestWork TownJobBehavior.OnHourlyTick took 11ms
2026-01-09 03:39:42.322 -06:00 [WRN] [LAG SPOKE] HonestWork TownJobBehavior.OnHourlyTick took 6ms
2026-01-09 03:39:43.154 -06:00 [WRN] [LAG SPOKE] HonestWork TownJobBehavior.OnHourlyTick took 8ms
2026-01-09 03:39:44.006 -06:00 [WRN] [LAG SPOKE] HonestWork TownJobBehavior.OnHourlyTick took 11ms
2026-01-09 03:39:44.882 -06:00 [WRN] [LAG SPOKE] HonestWork TownJobBehavior.OnHourlyTick took 6ms
2026-01-09 03:39:45.686 -06:00 [WRN] [LAG SPOKE] HonestWork TownJobBehavior.OnHourlyTick took 8ms
2026-01-09 03:39:46.531 -06:00 [WRN] [LAG SPOKE] HonestWork TownJobBehavior.OnHourlyTick took 11ms
2026-01-09 03:40:06.392 -06:00 [WRN] [LAG SPOKE] HonestWork TownJobBehavior.OnHourlyTick took 9ms
2026-01-09 03:40:07.196 -06:00 [WRN] [LAG SPOKE] HonestWork TownJobBehavior.OnHourlyTick took 8ms
2026-01-09 03:40:08.031 -06:00 [WRN] [LAG SPOKE] HonestWork TownJobBehavior.OnHourlyTick took 7ms
2026-01-09 03:40:08.850 -06:00 [WRN] [LAG SPOKE] HonestWork TownJobBehavior.OnHourlyTick took 6ms
2026-01-09 03:40:09.676 -06:00 [WRN] [LAG SPOKE] HonestWork TownJobBehavior.OnHourlyTick took 8ms
2026-01-09 03:40:10.570 -06:00 [WRN] [LAG SPOKE] HonestWork TownJobBehavior.OnHourlyTick took 12ms
2026-01-09 03:40:11.358 -06:00 [WRN] [LAG SPOKE] HonestWork TownJobBehavior.OnHourlyTick took 9ms
2026-01-09 03:40:12.234 -06:00 [WRN] [LAG SPOKE] HonestWork TownJobBehavior.OnHourlyTick took 8ms
2026-01-09 03:40:13.025 -06:00 [WRN] [LAG SPOKE] HonestWork TownJobBehavior.OnHourlyTick took 9ms
2026-01-09 03:40:13.859 -06:00 [WRN] [LAG SPOKE] HonestWork TownJobBehavior.OnHourlyTick took 9ms
2026-01-09 03:40:14.701 -06:00 [WRN] [LAG SPOKE] HonestWork TownJobBehavior.OnHourlyTick took 8ms
2026-01-09 03:40:15.542 -06:00 [WRN] [LAG SPOKE] HonestWork TownJobBehavior.OnHourlyTick took 8ms
2026-01-09 03:40:29.078 -06:00 [WRN] [LAG SPOKE] HonestWork TownJobBehavior.OnHourlyTick took 8ms
2026-01-09 03:40:29.942 -06:00 [WRN] [LAG SPOKE] HonestWork TownJobBehavior.OnHourlyTick took 8ms
2026-01-09 03:40:30.749 -06:00 [WRN] [LAG SPOKE] HonestWork TownJobBehavior.OnHourlyTick took 8ms
2026-01-09 03:40:31.627 -06:00 [WRN] [LAG SPOKE] HonestWork TownJobBehavior.OnHourlyTick took 6ms
2026-01-09 03:40:32.430 -06:00 [WRN] [LAG SPOKE] HonestWork TownJobBehavior.OnHourlyTick took 11ms
2026-01-09 03:40:33.261 -06:00 [WRN] [LAG SPOKE] HonestWork TownJobBehavior.OnHourlyTick took 10ms
2026-01-09 03:40:34.120 -06:00 [WRN] [LAG SPOKE] HonestWork TownJobBehavior.OnHourlyTick took 10ms
2026-01-09 03:40:34.979 -06:00 [WRN] [LAG SPOKE] HonestWork TownJobBehavior.OnHourlyTick took 9ms
2026-01-09 03:40:35.762 -06:00 [WRN] [LAG SPOKE] HonestWork TownJobBehavior.OnHourlyTick took 10ms
2026-01-09 03:40:36.723 -06:00 [WRN] [LAG SPOKE] HonestWork TownJobBehavior.OnHourlyTick took 6ms
2026-01-09 03:41:42.439 -06:00 [WRN] [LAG SPOKE] HonestWork TownJobBehavior.OnHourlyTick took 10ms
2026-01-09 03:41:43.246 -06:00 [WRN] [LAG SPOKE] HonestWork TownJobBehavior.OnHourlyTick took 7ms
2026-01-09 03:41:44.066 -06:00 [WRN] [LAG SPOKE] HonestWork TownJobBehavior.OnHourlyTick took 9ms
2026-01-09 03:41:44.935 -06:00 [WRN] [LAG SPOKE] HonestWork TownJobBehavior.OnHourlyTick took 6ms
2026-01-09 03:41:45.782 -06:00 [WRN] [LAG SPOKE] HonestWork TownJobBehavior.OnHourlyTick took 7ms
2026-01-09 03:41:46.637 -06:00 [WRN] [LAG SPOKE] HonestWork TownJobBehavior.OnHourlyTick took 10ms
2026-01-09 03:41:47.426 -06:00 [WRN] [LAG SPOKE] HonestWork TownJobBehavior.OnHourlyTick took 11ms
2026-01-09 03:41:48.265 -06:00 [WRN] [LAG SPOKE] HonestWork TownJobBehavior.OnHourlyTick took 9ms
2026-01-09 03:41:49.069 -06:00 [WRN] [LAG SPOKE] HonestWork TownJobBehavior.OnHourlyTick took 11ms
2026-01-09 03:41:49.960 -06:00 [WRN] [LAG SPOKE] HonestWork TownJobBehavior.OnHourlyTick took 7ms
2026-01-09 03:41:50.777 -06:00 [WRN] [LAG SPOKE] HonestWork TownJobBehavior.OnHourlyTick took 8ms
2026-01-09 03:41:51.651 -06:00 [WRN] [LAG SPOKE] HonestWork TownJobBehavior.OnHourlyTick took 12ms
2026-01-09 03:41:53.276 -06:00 [WRN] [LAG SPOKE] HonestWork TownJobBehavior.OnHourlyTick took 11ms
2026-01-09 03:41:54.255 -06:00 [WRN] [LAG SPOKE] HonestWork TownJobBehavior.OnHourlyTick took 9ms
2026-01-09 03:41:55.055 -06:00 [WRN] [LAG SPOKE] HonestWork TownJobBehavior.OnHourlyTick took 9ms
2026-01-09 03:41:55.923 -06:00 [WRN] [LAG SPOKE] HonestWork TownJobBehavior.OnHourlyTick took 8ms
2026-01-09 03:41:56.743 -06:00 [WRN] [LAG SPOKE] HonestWork TownJobBehavior.OnHourlyTick took 6ms
2026-01-09 03:41:57.584 -06:00 [WRN] [LAG SPOKE] HonestWork TownJobBehavior.OnHourlyTick took 9ms
2026-01-09 03:41:58.429 -06:00 [WRN] [LAG SPOKE] HonestWork TownJobBehavior.OnHourlyTick took 10ms
2026-01-09 03:41:59.971 -06:00 [WRN] [LAG SPOKE] HonestWork TownJobBehavior.OnHourlyTick took 6ms
2026-01-09 03:42:00.793 -06:00 [WRN] [LAG SPOKE] HonestWork TownJobBehavior.OnHourlyTick took 7ms
2026-01-09 03:42:01.587 -06:00 [WRN] [LAG SPOKE] HonestWork TownJobBehavior.OnHourlyTick took 8ms
2026-01-09 03:42:21.591 -06:00 [WRN] [LAG SPOKE] HonestWork TownJobBehavior.OnHourlyTick took 6ms
2026-01-09 03:42:23.812 -06:00 [WRN] [LAG SPOKE] HonestWork TownJobBehavior.OnHourlyTick took 7ms
2026-01-09 03:42:24.618 -06:00 [WRN] [LAG SPOKE] HonestWork TownJobBehavior.OnHourlyTick took 8ms
2026-01-09 03:42:25.449 -06:00 [WRN] [LAG SPOKE] HonestWork TownJobBehavior.OnHourlyTick took 13ms
2026-01-09 03:42:26.299 -06:00 [WRN] [LAG SPOKE] HonestWork TownJobBehavior.OnHourlyTick took 9ms
2026-01-09 03:42:27.155 -06:00 [WRN] [LAG SPOKE] HonestWork TownJobBehavior.OnHourlyTick took 9ms
2026-01-09 03:42:27.921 -06:00 [WRN] [LAG SPOKE] HonestWork TownJobBehavior.OnHourlyTick took 6ms
2026-01-09 03:42:28.751 -06:00 [WRN] [LAG SPOKE] HonestWork TownJobBehavior.OnHourlyTick took 9ms
2026-01-09 03:42:29.615 -06:00 [WRN] [LAG SPOKE] HonestWork TownJobBehavior.OnHourlyTick took 12ms
2026-01-09 03:42:30.409 -06:00 [WRN] [LAG SPOKE] HonestWork TownJobBehavior.OnHourlyTick took 6ms
2026-01-09 03:42:31.253 -06:00 [WRN] [LAG SPOKE] HonestWork TownJobBehavior.OnHourlyTick took 9ms
2026-01-09 03:42:32.112 -06:00 [WRN] [LAG SPOKE] HonestWork TownJobBehavior.OnHourlyTick took 15ms
2026-01-09 03:42:32.964 -06:00 [WRN] [LAG SPOKE] HonestWork TownJobBehavior.OnHourlyTick took 8ms
2026-01-09 03:42:33.806 -06:00 [WRN] [LAG SPOKE] HonestWork TownJobBehavior.OnHourlyTick took 8ms
2026-01-09 03:42:34.652 -06:00 [WRN] [LAG SPOKE] HonestWork TownJobBehavior.OnHourlyTick took 13ms
2026-01-09 03:42:35.411 -06:00 [WRN] [LAG SPOKE] HonestWork TownJobBehavior.OnHourlyTick took 7ms
2026-01-09 03:42:36.257 -06:00 [WRN] [LAG SPOKE] HonestWork TownJobBehavior.OnHourlyTick took 8ms
2026-01-09 03:42:37.104 -06:00 [WRN] [LAG SPOKE] HonestWork TownJobBehavior.OnHourlyTick took 12ms
2026-01-09 03:42:37.950 -06:00 [WRN] [LAG SPOKE] HonestWork TownJobBehavior.OnHourlyTick took 6ms
2026-01-09 03:42:38.786 -06:00 [WRN] [LAG SPOKE] HonestWork TownJobBehavior.OnHourlyTick took 9ms
2026-01-09 03:42:39.622 -06:00 [WRN] [LAG SPOKE] HonestWork TownJobBehavior.OnHourlyTick took 9ms
2026-01-09 03:42:40.454 -06:00 [WRN] [LAG SPOKE] HonestWork TownJobBehavior.OnHourlyTick took 7ms
2026-01-09 03:42:41.290 -06:00 [WRN] [LAG SPOKE] HonestWork TownJobBehavior.OnHourlyTick took 8ms
2026-01-09 03:42:42.126 -06:00 [WRN] [LAG SPOKE] HonestWork TownJobBehavior.OnHourlyTick took 8ms
2026-01-09 03:42:49.251 -06:00 [WRN] [LAG SPOKE] HonestWork TownJobBehavior.OnHourlyTick took 11ms
2026-01-09 03:43:02.515 -06:00 [WRN] [LAG SPOKE] HonestWork TownJobBehavior.OnHourlyTick took 6ms
2026-01-09 03:43:03.259 -06:00 [WRN] [LAG SPOKE] HonestWork TownJobBehavior.OnHourlyTick took 10ms
2026-01-09 03:43:04.086 -06:00 [WRN] [LAG SPOKE] HonestWork TownJobBehavior.OnHourlyTick took 9ms
2026-01-09 03:43:04.911 -06:00 [WRN] [LAG SPOKE] HonestWork TownJobBehavior.OnHourlyTick took 7ms
2026-01-09 03:43:05.748 -06:00 [WRN] [LAG SPOKE] HonestWork TownJobBehavior.OnHourlyTick took 11ms
2026-01-09 03:43:06.590 -06:00 [WRN] [LAG SPOKE] HonestWork TownJobBehavior.OnHourlyTick took 9ms
2026-01-09 03:43:07.425 -06:00 [WRN] [LAG SPOKE] HonestWork TownJobBehavior.OnHourlyTick took 6ms
2026-01-09 03:43:08.277 -06:00 [WRN] [LAG SPOKE] HonestWork TownJobBehavior.OnHourlyTick took 11ms
2026-01-09 03:43:42.273 -06:00 [WRN] [LAG SPOKE] HonestWork TownJobBehavior.OnHourlyTick took 14ms
2026-01-09 03:43:43.110 -06:00 [WRN] [LAG SPOKE] HonestWork TownJobBehavior.OnHourlyTick took 12ms
2026-01-09 03:43:43.945 -06:00 [WRN] [LAG SPOKE] HonestWork TownJobBehavior.OnHourlyTick took 7ms
2026-01-09 03:43:44.793 -06:00 [WRN] [LAG SPOKE] HonestWork TownJobBehavior.OnHourlyTick took 10ms
2026-01-09 03:43:45.632 -06:00 [WRN] [LAG SPOKE] HonestWork TownJobBehavior.OnHourlyTick took 7ms
2026-01-09 03:43:46.479 -06:00 [WRN] [LAG SPOKE] HonestWork TownJobBehavior.OnHourlyTick took 9ms
2026-01-09 03:43:47.249 -06:00 [WRN] [LAG SPOKE] HonestWork TownJobBehavior.OnHourlyTick took 11ms
2026-01-09 03:43:48.095 -06:00 [WRN] [LAG SPOKE] HonestWork TownJobBehavior.OnHourlyTick took 10ms
2026-01-09 03:43:48.943 -06:00 [WRN] [LAG SPOKE] HonestWork TownJobBehavior.OnHourlyTick took 10ms
2026-01-09 03:43:49.785 -06:00 [WRN] [LAG SPOKE] HonestWork TownJobBehavior.OnHourlyTick took 8ms
2026-01-09 03:43:50.629 -06:00 [WRN] [LAG SPOKE] HonestWork TownJobBehavior.OnHourlyTick took 7ms
2026-01-09 03:43:51.480 -06:00 [WRN] [LAG SPOKE] HonestWork TownJobBehavior.OnHourlyTick took 10ms
2026-01-09 03:43:52.253 -06:00 [WRN] [LAG SPOKE] HonestWork TownJobBehavior.OnHourlyTick took 8ms
2026-01-09 03:43:53.103 -06:00 [WRN] [LAG SPOKE] HonestWork TownJobBehavior.OnHourlyTick took 7ms
2026-01-09 03:43:53.959 -06:00 [WRN] [LAG SPOKE] HonestWork TownJobBehavior.OnHourlyTick took 11ms
2026-01-09 03:43:54.808 -06:00 [WRN] [LAG SPOKE] HonestWork TownJobBehavior.OnHourlyTick took 10ms
2026-01-09 03:43:56.734 -06:00 [WRN] [LAG SPOKE] HonestWork TownJobBehavior.OnHourlyTick took 6ms
2026-01-09 03:43:57.467 -06:00 [WRN] [LAG SPOKE] HonestWork TownJobBehavior.OnHourlyTick took 11ms
2026-01-09 03:43:58.316 -06:00 [WRN] [LAG SPOKE] HonestWork TownJobBehavior.OnHourlyTick took 11ms
2026-01-09 03:43:59.192 -06:00 [WRN] [LAG SPOKE] HonestWork TownJobBehavior.OnHourlyTick took 8ms
2026-01-09 03:43:59.982 -06:00 [WRN] [LAG SPOKE] HonestWork TownJobBehavior.OnHourlyTick took 8ms
2026-01-09 03:44:00.826 -06:00 [WRN] [LAG SPOKE] HonestWork TownJobBehavior.OnHourlyTick took 8ms
2026-01-09 03:44:01.622 -06:00 [WRN] [LAG SPOKE] HonestWork TownJobBehavior.OnHourlyTick took 10ms
2026-01-09 03:44:02.498 -06:00 [WRN] [LAG SPOKE] HonestWork TownJobBehavior.OnHourlyTick took 9ms
2026-01-09 03:44:03.878 -06:00 [WRN] [LAG SPOKE] HonestWork TownJobBehavior.OnHourlyTick took 7ms
2026-01-09 03:44:04.699 -06:00 [WRN] [LAG SPOKE] HonestWork TownJobBehavior.OnHourlyTick took 6ms
2026-01-09 03:44:21.080 -06:00 [WRN] [LAG SPOKE] HonestWork TownJobBehavior.OnHourlyTick took 8ms
2026-01-09 03:44:21.906 -06:00 [WRN] [LAG SPOKE] HonestWork TownJobBehavior.OnHourlyTick took 12ms
2026-01-09 03:44:22.722 -06:00 [WRN] [LAG SPOKE] HonestWork TownJobBehavior.OnHourlyTick took 6ms
2026-01-09 03:44:23.594 -06:00 [WRN] [LAG SPOKE] HonestWork TownJobBehavior.OnHourlyTick took 10ms
2026-01-09 03:44:24.387 -06:00 [WRN] [LAG SPOKE] HonestWork TownJobBehavior.OnHourlyTick took 11ms
2026-01-09 03:44:25.215 -06:00 [WRN] [LAG SPOKE] HonestWork TownJobBehavior.OnHourlyTick took 7ms
2026-01-09 03:44:26.054 -06:00 [WRN] [LAG SPOKE] HonestWork TownJobBehavior.OnHourlyTick took 11ms
2026-01-09 03:44:26.874 -06:00 [WRN] [LAG SPOKE] HonestWork TownJobBehavior.OnHourlyTick took 8ms
2026-01-09 03:44:27.740 -06:00 [WRN] [LAG SPOKE] HonestWork TownJobBehavior.OnHourlyTick took 9ms
2026-01-09 03:44:28.591 -06:00 [WRN] [LAG SPOKE] HonestWork TownJobBehavior.OnHourlyTick took 11ms
2026-01-09 03:45:08.062 -06:00 [WRN] [LAG SPOKE] HonestWork TownJobBehavior.OnHourlyTick took 10ms
2026-01-09 03:45:08.897 -06:00 [WRN] [LAG SPOKE] HonestWork TownJobBehavior.OnHourlyTick took 8ms
2026-01-09 03:45:09.740 -06:00 [WRN] [LAG SPOKE] HonestWork TownJobBehavior.OnHourlyTick took 9ms
2026-01-09 03:45:10.579 -06:00 [WRN] [LAG SPOKE] HonestWork TownJobBehavior.OnHourlyTick took 9ms
2026-01-09 03:45:12.234 -06:00 [WRN] [LAG SPOKE] HonestWork TownJobBehavior.OnHourlyTick took 6ms
2026-01-09 03:45:12.982 -06:00 [WRN] [LAG SPOKE] HonestWork TownJobBehavior.OnHourlyTick took 9ms
2026-01-09 03:45:14.530 -06:00 [WRN] [LAG SPOKE] HonestWork TownJobBehavior.OnHourlyTick took 9ms
2026-01-09 03:45:15.356 -06:00 [WRN] [LAG SPOKE] HonestWork TownJobBehavior.OnHourlyTick took 9ms
2026-01-09 03:45:16.170 -06:00 [WRN] [LAG SPOKE] HonestWork TownJobBehavior.OnHourlyTick took 9ms
2026-01-09 03:45:17.026 -06:00 [WRN] [LAG SPOKE] HonestWork TownJobBehavior.OnHourlyTick took 9ms
2026-01-09 03:45:17.870 -06:00 [WRN] [LAG SPOKE] HonestWork TownJobBehavior.OnHourlyTick took 7ms
2026-01-09 03:45:18.659 -06:00 [WRN] [LAG SPOKE] HonestWork TownJobBehavior.OnHourlyTick took 11ms
2026-01-09 03:45:19.508 -06:00 [WRN] [LAG SPOKE] HonestWork TownJobBehavior.OnHourlyTick took 11ms
2026-01-09 03:45:20.358 -06:00 [WRN] [LAG SPOKE] HonestWork TownJobBehavior.OnHourlyTick took 9ms
2026-01-09 03:45:21.143 -06:00 [WRN] [LAG SPOKE] HonestWork TownJobBehavior.OnHourlyTick took 13ms
2026-01-09 03:45:21.997 -06:00 [WRN] [LAG SPOKE] HonestWork TownJobBehavior.OnHourlyTick took 7ms
2026-01-09 03:45:22.833 -06:00 [WRN] [LAG SPOKE] HonestWork TownJobBehavior.OnHourlyTick took 11ms
2026-01-09 03:45:23.682 -06:00 [WRN] [LAG SPOKE] HonestWork TownJobBehavior.OnHourlyTick took 12ms
2026-01-09 03:45:24.501 -06:00 [WRN] [LAG SPOKE] HonestWork TownJobBehavior.OnHourlyTick took 9ms
2026-01-09 03:45:25.329 -06:00 [WRN] [LAG SPOKE] HonestWork TownJobBehavior.OnHourlyTick took 8ms
2026-01-09 03:45:26.170 -06:00 [WRN] [LAG SPOKE] HonestWork TownJobBehavior.OnHourlyTick took 7ms
2026-01-09 03:45:46.884 -06:00 [WRN] [LAG SPOKE] HonestWork TownJobBehavior.OnHourlyTick took 6ms
2026-01-09 03:45:48.821 -06:00 [WRN] [LAG SPOKE] HonestWork TownJobBehavior.OnHourlyTick took 14ms
2026-01-09 03:45:49.694 -06:00 [WRN] [LAG SPOKE] HonestWork TownJobBehavior.OnHourlyTick took 10ms
2026-01-09 03:45:50.502 -06:00 [WRN] [LAG SPOKE] HonestWork TownJobBehavior.OnHourlyTick took 14ms
2026-01-09 03:45:51.305 -06:00 [WRN] [LAG SPOKE] HonestWork TownJobBehavior.OnHourlyTick took 10ms
2026-01-09 03:45:52.162 -06:00 [WRN] [LAG SPOKE] HonestWork TownJobBehavior.OnHourlyTick took 7ms
2026-01-09 03:45:52.987 -06:00 [WRN] [LAG SPOKE] HonestWork TownJobBehavior.OnHourlyTick took 8ms
2026-01-09 03:45:53.911 -06:00 [WRN] [LAG SPOKE] HonestWork TownJobBehavior.OnHourlyTick took 6ms
2026-01-09 03:45:54.703 -06:00 [WRN] [LAG SPOKE] HonestWork TownJobBehavior.OnHourlyTick took 8ms
2026-01-09 03:45:55.544 -06:00 [WRN] [LAG SPOKE] HonestWork TownJobBehavior.OnHourlyTick took 9ms
2026-01-09 03:45:56.343 -06:00 [WRN] [LAG SPOKE] HonestWork TownJobBehavior.OnHourlyTick took 10ms
2026-01-09 03:45:57.188 -06:00 [WRN] [LAG SPOKE] HonestWork TownJobBehavior.OnHourlyTick took 8ms
2026-01-09 03:45:58.022 -06:00 [WRN] [LAG SPOKE] HonestWork TownJobBehavior.OnHourlyTick took 8ms
2026-01-09 03:45:58.875 -06:00 [WRN] [LAG SPOKE] HonestWork TownJobBehavior.OnHourlyTick took 6ms
2026-01-09 03:46:09.596 -06:00 [WRN] [LAG SPOKE] HonestWork TownJobBehavior.OnHourlyTick took 9ms
2026-01-09 03:46:10.413 -06:00 [WRN] [LAG SPOKE] HonestWork TownJobBehavior.OnHourlyTick took 16ms
2026-01-09 03:46:11.237 -06:00 [WRN] [LAG SPOKE] HonestWork TownJobBehavior.OnHourlyTick took 6ms
2026-01-09 03:46:12.054 -06:00 [WRN] [LAG SPOKE] HonestWork TownJobBehavior.OnHourlyTick took 9ms
2026-01-09 03:46:12.887 -06:00 [WRN] [LAG SPOKE] HonestWork TownJobBehavior.OnHourlyTick took 8ms
2026-01-09 03:46:13.731 -06:00 [WRN] [LAG SPOKE] HonestWork TownJobBehavior.OnHourlyTick took 8ms
2026-01-09 03:46:14.580 -06:00 [WRN] [LAG SPOKE] HonestWork TownJobBehavior.OnHourlyTick took 12ms
2026-01-09 03:46:15.428 -06:00 [WRN] [LAG SPOKE] HonestWork TownJobBehavior.OnHourlyTick took 13ms
2026-01-09 03:46:16.767 -06:00 [WRN] [LAG SPOKE] HonestWork TownJobBehavior.OnHourlyTick took 11ms
2026-01-09 03:46:17.839 -06:00 [WRN] [LAG SPOKE] HonestWork TownJobBehavior.OnHourlyTick took 12ms
2026-01-09 03:46:18.671 -06:00 [WRN] [LAG SPOKE] HonestWork TownJobBehavior.OnHourlyTick took 11ms
2026-01-09 03:46:19.490 -06:00 [WRN] [LAG SPOKE] HonestWork TownJobBehavior.OnHourlyTick took 10ms
2026-01-09 03:46:20.320 -06:00 [WRN] [LAG SPOKE] HonestWork TownJobBehavior.OnHourlyTick took 12ms
2026-01-09 03:46:21.151 -06:00 [WRN] [LAG SPOKE] HonestWork TownJobBehavior.OnHourlyTick took 12ms
2026-01-09 03:46:21.982 -06:00 [WRN] [LAG SPOKE] HonestWork TownJobBehavior.OnHourlyTick took 9ms
2026-01-09 03:46:57.642 -06:00 [WRN] [LAG SPOKE] HonestWork TownJobBehavior.OnHourlyTick took 12ms
2026-01-09 03:46:58.470 -06:00 [WRN] [LAG SPOKE] HonestWork TownJobBehavior.OnHourlyTick took 11ms
2026-01-09 03:46:59.399 -06:00 [WRN] [LAG SPOKE] HonestWork TownJobBehavior.OnHourlyTick took 6ms
2026-01-09 03:47:00.185 -06:00 [WRN] [LAG SPOKE] HonestWork TownJobBehavior.OnHourlyTick took 8ms
2026-01-09 03:47:01.191 -06:00 [WRN] [LAG SPOKE] HonestWork TownJobBehavior.OnHourlyTick took 9ms
2026-01-09 03:47:02.071 -06:00 [WRN] [LAG SPOKE] HonestWork TownJobBehavior.OnHourlyTick took 9ms
2026-01-09 03:47:02.887 -06:00 [WRN] [LAG SPOKE] HonestWork TownJobBehavior.OnHourlyTick took 10ms
2026-01-09 03:47:04.260 -06:00 [WRN] [LAG SPOKE] HonestWork TownJobBehavior.OnHourlyTick took 6ms
2026-01-09 03:47:05.192 -06:00 [WRN] [LAG SPOKE] HonestWork TownJobBehavior.OnHourlyTick took 8ms
2026-01-09 03:47:06.254 -06:00 [WRN] [LAG SPOKE] HonestWork TownJobBehavior.OnHourlyTick took 7ms
2026-01-09 03:47:07.185 -06:00 [WRN] [LAG SPOKE] HonestWork TownJobBehavior.OnHourlyTick took 8ms
2026-01-09 03:47:11.304 -06:00 [WRN] [LAG SPOKE] HonestWork TownJobBehavior.OnHourlyTick took 9ms
2026-01-09 03:47:12.089 -06:00 [WRN] [LAG SPOKE] HonestWork TownJobBehavior.OnHourlyTick took 13ms
2026-01-09 03:47:12.943 -06:00 [WRN] [LAG SPOKE] HonestWork TownJobBehavior.OnHourlyTick took 6ms
2026-01-09 03:47:13.783 -06:00 [WRN] [LAG SPOKE] HonestWork TownJobBehavior.OnHourlyTick took 8ms
2026-01-09 03:47:46.110 -06:00 [WRN] [LAG SPOKE] HonestWork TownJobBehavior.OnHourlyTick took 9ms
2026-01-09 03:47:46.926 -06:00 [WRN] [LAG SPOKE] HonestWork TownJobBehavior.OnHourlyTick took 7ms
2026-01-09 03:47:47.761 -06:00 [WRN] [LAG SPOKE] HonestWork TownJobBehavior.OnHourlyTick took 7ms
2026-01-09 03:47:48.596 -06:00 [WRN] [LAG SPOKE] HonestWork TownJobBehavior.OnHourlyTick took 9ms
2026-01-09 03:47:49.431 -06:00 [WRN] [LAG SPOKE] HonestWork TownJobBehavior.OnHourlyTick took 9ms
2026-01-09 03:47:50.302 -06:00 [WRN] [LAG SPOKE] HonestWork TownJobBehavior.OnHourlyTick took 9ms
2026-01-09 03:47:51.126 -06:00 [WRN] [LAG SPOKE] HonestWork TownJobBehavior.OnHourlyTick took 10ms
2026-01-09 03:47:51.938 -06:00 [WRN] [LAG SPOKE] HonestWork TownJobBehavior.OnHourlyTick took 8ms
2026-01-09 03:47:52.808 -06:00 [WRN] [LAG SPOKE] HonestWork TownJobBehavior.OnHourlyTick took 10ms
2026-01-09 03:47:53.647 -06:00 [WRN] [LAG SPOKE] HonestWork TownJobBehavior.OnHourlyTick took 9ms
2026-01-09 03:47:54.477 -06:00 [WRN] [LAG SPOKE] HonestWork TownJobBehavior.OnHourlyTick took 6ms
2026-01-09 03:47:55.413 -06:00 [WRN] [LAG SPOKE] HonestWork TownJobBehavior.OnHourlyTick took 6ms
2026-01-09 03:47:56.175 -06:00 [WRN] [LAG SPOKE] HonestWork TownJobBehavior.OnHourlyTick took 7ms
2026-01-09 03:47:57.014 -06:00 [WRN] [LAG SPOKE] HonestWork TownJobBehavior.OnHourlyTick took 6ms
2026-01-09 03:47:57.897 -06:00 [WRN] [LAG SPOKE] HonestWork TownJobBehavior.OnHourlyTick took 6ms
2026-01-09 03:47:58.729 -06:00 [WRN] [LAG SPOKE] HonestWork TownJobBehavior.OnHourlyTick took 6ms
2026-01-09 03:47:59.642 -06:00 [WRN] [LAG SPOKE] HonestWork TownJobBehavior.OnHourlyTick took 11ms
2026-01-09 03:48:00.469 -06:00 [WRN] [LAG SPOKE] HonestWork TownJobBehavior.OnHourlyTick took 8ms
2026-01-09 03:48:01.361 -06:00 [WRN] [LAG SPOKE] HonestWork TownJobBehavior.OnHourlyTick took 9ms
2026-01-09 03:48:02.184 -06:00 [WRN] [LAG SPOKE] HonestWork TownJobBehavior.OnHourlyTick took 7ms
2026-01-09 03:48:03.143 -06:00 [WRN] [LAG SPOKE] HonestWork TownJobBehavior.OnHourlyTick took 9ms
2026-01-09 03:48:04.076 -06:00 [WRN] [LAG SPOKE] HonestWork TownJobBehavior.OnHourlyTick took 7ms
2026-01-09 03:48:05.020 -06:00 [WRN] [LAG SPOKE] HonestWork TownJobBehavior.OnHourlyTick took 7ms
2026-01-09 03:48:05.900 -06:00 [WRN] [LAG SPOKE] HonestWork TownJobBehavior.OnHourlyTick took 9ms
2026-01-09 03:48:06.842 -06:00 [WRN] [LAG SPOKE] HonestWork TownJobBehavior.OnHourlyTick took 9ms
2026-01-09 03:48:07.701 -06:00 [WRN] [LAG SPOKE] HonestWork TownJobBehavior.OnHourlyTick took 7ms
2026-01-09 03:48:08.642 -06:00 [WRN] [LAG SPOKE] HonestWork TownJobBehavior.OnHourlyTick took 8ms
2026-01-09 03:48:09.481 -06:00 [WRN] [LAG SPOKE] HonestWork TownJobBehavior.OnHourlyTick took 7ms
2026-01-09 03:48:10.372 -06:00 [WRN] [LAG SPOKE] HonestWork TownJobBehavior.OnHourlyTick took 8ms
2026-01-09 03:48:11.191 -06:00 [WRN] [LAG SPOKE] HonestWork TownJobBehavior.OnHourlyTick took 10ms
2026-01-09 03:48:12.002 -06:00 [WRN] [LAG SPOKE] HonestWork TownJobBehavior.OnHourlyTick took 11ms
2026-01-09 03:48:12.873 -06:00 [WRN] [LAG SPOKE] HonestWork TownJobBehavior.OnHourlyTick took 7ms
2026-01-09 03:48:13.679 -06:00 [WRN] [LAG SPOKE] HonestWork TownJobBehavior.OnHourlyTick took 8ms
2026-01-09 03:48:14.497 -06:00 [WRN] [LAG SPOKE] HonestWork TownJobBehavior.OnHourlyTick took 13ms
2026-01-09 03:48:15.360 -06:00 [WRN] [LAG SPOKE] HonestWork TownJobBehavior.OnHourlyTick took 10ms
2026-01-09 03:48:16.266 -06:00 [WRN] [LAG SPOKE] HonestWork TownJobBehavior.OnHourlyTick took 6ms
2026-01-09 03:48:17.071 -06:00 [WRN] [LAG SPOKE] HonestWork TownJobBehavior.OnHourlyTick took 11ms
2026-01-09 03:48:17.913 -06:00 [WRN] [LAG SPOKE] HonestWork TownJobBehavior.OnHourlyTick took 8ms
2026-01-09 03:48:18.762 -06:00 [WRN] [LAG SPOKE] HonestWork TownJobBehavior.OnHourlyTick took 6ms
2026-01-09 03:48:19.567 -06:00 [WRN] [LAG SPOKE] HonestWork TownJobBehavior.OnHourlyTick took 6ms
2026-01-09 03:48:20.426 -06:00 [WRN] [LAG SPOKE] HonestWork TownJobBehavior.OnHourlyTick took 8ms
2026-01-09 03:48:21.232 -06:00 [WRN] [LAG SPOKE] HonestWork TownJobBehavior.OnHourlyTick took 7ms
2026-01-09 03:48:22.100 -06:00 [WRN] [LAG SPOKE] HonestWork TownJobBehavior.OnHourlyTick took 9ms
2026-01-09 03:48:22.890 -06:00 [WRN] [LAG SPOKE] HonestWork TownJobBehavior.OnHourlyTick took 8ms
2026-01-09 03:48:23.756 -06:00 [WRN] [LAG SPOKE] HonestWork TownJobBehavior.OnHourlyTick took 6ms
2026-01-09 03:48:24.558 -06:00 [WRN] [LAG SPOKE] HonestWork TownJobBehavior.OnHourlyTick took 8ms
2026-01-09 03:48:25.430 -06:00 [WRN] [LAG SPOKE] HonestWork TownJobBehavior.OnHourlyTick took 8ms
2026-01-09 03:48:26.259 -06:00 [WRN] [LAG SPOKE] HonestWork TownJobBehavior.OnHourlyTick took 10ms
2026-01-09 03:48:27.131 -06:00 [WRN] [LAG SPOKE] HonestWork TownJobBehavior.OnHourlyTick took 10ms
2026-01-09 03:48:27.969 -06:00 [WRN] [LAG SPOKE] HonestWork TownJobBehavior.OnHourlyTick took 7ms
2026-01-09 03:48:28.823 -06:00 [WRN] [LAG SPOKE] HonestWork TownJobBehavior.OnHourlyTick took 7ms
2026-01-09 03:48:29.667 -06:00 [WRN] [LAG SPOKE] HonestWork TownJobBehavior.OnHourlyTick took 9ms
2026-01-09 03:48:30.550 -06:00 [WRN] [LAG SPOKE] HonestWork TownJobBehavior.OnHourlyTick took 7ms
2026-01-09 03:48:31.376 -06:00 [WRN] [LAG SPOKE] HonestWork TownJobBehavior.OnHourlyTick took 14ms
2026-01-09 03:48:32.243 -06:00 [WRN] [LAG SPOKE] HonestWork TownJobBehavior.OnHourlyTick took 9ms
2026-01-09 03:48:33.036 -06:00 [WRN] [LAG SPOKE] HonestWork TownJobBehavior.OnHourlyTick took 6ms
2026-01-09 03:48:33.901 -06:00 [WRN] [LAG SPOKE] HonestWork TownJobBehavior.OnHourlyTick took 6ms
2026-01-09 03:48:34.775 -06:00 [WRN] [LAG SPOKE] HonestWork TownJobBehavior.OnHourlyTick took 7ms
2026-01-09 03:48:35.653 -06:00 [WRN] [LAG SPOKE] HonestWork TownJobBehavior.OnHourlyTick took 7ms
2026-01-09 03:48:36.570 -06:00 [WRN] [LAG SPOKE] HonestWork TownJobBehavior.OnHourlyTick took 6ms
2026-01-09 03:48:37.360 -06:00 [WRN] [LAG SPOKE] HonestWork TownJobBehavior.OnHourlyTick took 11ms
2026-01-09 03:48:38.175 -06:00 [WRN] [LAG SPOKE] HonestWork TownJobBehavior.OnHourlyTick took 11ms
2026-01-09 03:48:39.035 -06:00 [WRN] [LAG SPOKE] HonestWork TownJobBehavior.OnHourlyTick took 10ms
2026-01-09 03:48:39.856 -06:00 [WRN] [LAG SPOKE] HonestWork TownJobBehavior.OnHourlyTick took 7ms
2026-01-09 03:48:40.676 -06:00 [WRN] [LAG SPOKE] HonestWork TownJobBehavior.OnHourlyTick took 8ms
2026-01-09 03:48:41.517 -06:00 [WRN] [LAG SPOKE] HonestWork TownJobBehavior.OnHourlyTick took 10ms
2026-01-09 03:58:48.413 -06:00 [WRN] [LAG SPOKE] HonestWork TownJobBehavior.OnHourlyTick took 18ms
2026-01-09 03:58:49.240 -06:00 [WRN] [LAG SPOKE] HonestWork TownJobBehavior.OnHourlyTick took 7ms
2026-01-09 03:58:50.078 -06:00 [WRN] [LAG SPOKE] HonestWork TownJobBehavior.OnHourlyTick took 9ms
2026-01-09 03:58:50.956 -06:00 [WRN] [LAG SPOKE] HonestWork TownJobBehavior.OnHourlyTick took 6ms
2026-01-09 03:58:51.796 -06:00 [WRN] [LAG SPOKE] HonestWork TownJobBehavior.OnHourlyTick took 7ms
2026-01-09 03:58:52.713 -06:00 [WRN] [LAG SPOKE] HonestWork TownJobBehavior.OnHourlyTick took 9ms
2026-01-09 03:58:52.776 -06:00 [INF] Player finished 6-hour shift as artisan.
2026-01-09 03:58:53.666 -06:00 [WRN] [LAG SPOKE] HonestWork TownJobBehavior.OnHourlyTick took 9ms
2026-01-09 03:58:54.717 -06:00 [WRN] [LAG SPOKE] HonestWork TownJobBehavior.OnHourlyTick took 7ms
2026-01-09 03:58:55.700 -06:00 [WRN] [LAG SPOKE] HonestWork TownJobBehavior.OnHourlyTick took 9ms
2026-01-09 03:58:56.632 -06:00 [WRN] [LAG SPOKE] HonestWork TownJobBehavior.OnHourlyTick took 10ms
2026-01-09 03:58:57.446 -06:00 [WRN] [LAG SPOKE] HonestWork TownJobBehavior.OnHourlyTick took 6ms
2026-01-09 03:58:58.309 -06:00 [WRN] [LAG SPOKE] HonestWork TownJobBehavior.OnHourlyTick took 7ms
2026-01-09 03:58:58.432 -06:00 [INF] Player finished 6-hour shift as artisan.
2026-01-09 03:58:59.138 -06:00 [WRN] [LAG SPOKE] HonestWork TownJobBehavior.OnHourlyTick took 10ms
2026-01-09 03:59:00.039 -06:00 [WRN] [LAG SPOKE] HonestWork TownJobBehavior.OnHourlyTick took 7ms
2026-01-09 03:59:00.863 -06:00 [WRN] [LAG SPOKE] HonestWork TownJobBehavior.OnHourlyTick took 8ms
2026-01-09 03:59:01.844 -06:00 [WRN] [LAG SPOKE] HonestWork TownJobBehavior.OnHourlyTick took 6ms
2026-01-09 03:59:02.778 -06:00 [WRN] [LAG SPOKE] HonestWork TownJobBehavior.OnHourlyTick took 6ms
2026-01-09 03:59:03.816 -06:00 [WRN] [LAG SPOKE] HonestWork TownJobBehavior.OnHourlyTick took 7ms
2026-01-09 03:59:03.841 -06:00 [INF] Player finished 6-hour shift as artisan.
2026-01-09 03:59:04.607 -06:00 [WRN] [LAG SPOKE] HonestWork TownJobBehavior.OnHourlyTick took 12ms
2026-01-09 03:59:05.446 -06:00 [WRN] [LAG SPOKE] HonestWork TownJobBehavior.OnHourlyTick took 10ms
2026-01-09 03:59:06.294 -06:00 [WRN] [LAG SPOKE] HonestWork TownJobBehavior.OnHourlyTick took 13ms
2026-01-09 03:59:07.122 -06:00 [WRN] [LAG SPOKE] HonestWork TownJobBehavior.OnHourlyTick took 12ms
2026-01-09 03:59:07.938 -06:00 [WRN] [LAG SPOKE] HonestWork TownJobBehavior.OnHourlyTick took 8ms
2026-01-09 03:59:08.769 -06:00 [WRN] [LAG SPOKE] HonestWork TownJobBehavior.OnHourlyTick took 9ms
2026-01-09 03:59:08.951 -06:00 [INF] Player finished 6-hour shift as artisan.
2026-01-09 03:59:09.651 -06:00 [WRN] [LAG SPOKE] HonestWork TownJobBehavior.OnHourlyTick took 10ms
2026-01-09 03:59:10.458 -06:00 [WRN] [LAG SPOKE] HonestWork TownJobBehavior.OnHourlyTick took 7ms
2026-01-09 03:59:11.332 -06:00 [WRN] [LAG SPOKE] HonestWork TownJobBehavior.OnHourlyTick took 8ms
2026-01-09 03:59:12.144 -06:00 [WRN] [LAG SPOKE] HonestWork TownJobBehavior.OnHourlyTick took 8ms
2026-01-09 03:59:12.983 -06:00 [WRN] [LAG SPOKE] HonestWork TownJobBehavior.OnHourlyTick took 8ms
2026-01-09 03:59:13.831 -06:00 [WRN] [LAG SPOKE] HonestWork TownJobBehavior.OnHourlyTick took 9ms
2026-01-09 03:59:13.982 -06:00 [INF] Player finished 6-hour shift as artisan.
2026-01-09 03:59:14.674 -06:00 [WRN] [LAG SPOKE] HonestWork TownJobBehavior.OnHourlyTick took 10ms
2026-01-09 03:59:15.511 -06:00 [WRN] [LAG SPOKE] HonestWork TownJobBehavior.OnHourlyTick took 8ms
2026-01-09 03:59:16.404 -06:00 [WRN] [LAG SPOKE] HonestWork TownJobBehavior.OnHourlyTick took 8ms
2026-01-09 03:59:17.224 -06:00 [WRN] [LAG SPOKE] HonestWork TownJobBehavior.OnHourlyTick took 6ms
2026-01-09 03:59:18.047 -06:00 [WRN] [LAG SPOKE] HonestWork TownJobBehavior.OnHourlyTick took 8ms
2026-01-09 03:59:18.914 -06:00 [WRN] [LAG SPOKE] HonestWork TownJobBehavior.OnHourlyTick took 9ms
2026-01-09 03:59:19.066 -06:00 [INF] Player finished 6-hour shift as artisan.
2026-01-09 03:59:19.715 -06:00 [WRN] [LAG SPOKE] HonestWork TownJobBehavior.OnHourlyTick took 11ms
2026-01-09 03:59:20.572 -06:00 [WRN] [LAG SPOKE] HonestWork TownJobBehavior.OnHourlyTick took 9ms
2026-01-09 03:59:21.378 -06:00 [WRN] [LAG SPOKE] HonestWork TownJobBehavior.OnHourlyTick took 9ms
2026-01-09 03:59:22.227 -06:00 [WRN] [LAG SPOKE] HonestWork TownJobBehavior.OnHourlyTick took 7ms
2026-01-09 03:59:23.075 -06:00 [WRN] [LAG SPOKE] HonestWork TownJobBehavior.OnHourlyTick took 8ms
2026-01-09 03:59:24.031 -06:00 [WRN] [LAG SPOKE] HonestWork TownJobBehavior.OnHourlyTick took 7ms
2026-01-09 03:59:24.139 -06:00 [INF] Player finished 6-hour shift as artisan.
2026-01-09 03:59:24.815 -06:00 [WRN] [LAG SPOKE] HonestWork TownJobBehavior.OnHourlyTick took 10ms
2026-01-09 03:59:25.620 -06:00 [WRN] [LAG SPOKE] HonestWork TownJobBehavior.OnHourlyTick took 9ms
2026-01-09 03:59:26.453 -06:00 [WRN] [LAG SPOKE] HonestWork TownJobBehavior.OnHourlyTick took 7ms
2026-01-09 03:59:27.358 -06:00 [WRN] [LAG SPOKE] HonestWork TownJobBehavior.OnHourlyTick took 9ms
2026-01-09 03:59:28.261 -06:00 [WRN] [LAG SPOKE] HonestWork TownJobBehavior.OnHourlyTick took 11ms
2026-01-09 03:59:29.227 -06:00 [WRN] [LAG SPOKE] HonestWork TownJobBehavior.OnHourlyTick took 7ms
2026-01-09 03:59:29.438 -06:00 [INF] Player finished 6-hour shift as artisan.
2026-01-09 03:59:30.175 -06:00 [WRN] [LAG SPOKE] HonestWork TownJobBehavior.OnHourlyTick took 8ms
2026-01-09 03:59:31.175 -06:00 [WRN] [LAG SPOKE] HonestWork TownJobBehavior.OnHourlyTick took 6ms
2026-01-09 03:59:32.034 -06:00 [WRN] [LAG SPOKE] HonestWork TownJobBehavior.OnHourlyTick took 9ms
2026-01-09 03:59:32.961 -06:00 [WRN] [LAG SPOKE] HonestWork TownJobBehavior.OnHourlyTick took 7ms
2026-01-09 03:59:33.824 -06:00 [WRN] [LAG SPOKE] HonestWork TownJobBehavior.OnHourlyTick took 7ms
2026-01-09 03:59:34.778 -06:00 [WRN] [LAG SPOKE] HonestWork TownJobBehavior.OnHourlyTick took 7ms
2026-01-09 03:59:35.017 -06:00 [INF] Player finished 6-hour shift as artisan.
2026-01-09 03:59:35.679 -06:00 [WRN] [LAG SPOKE] HonestWork TownJobBehavior.OnHourlyTick took 11ms
2026-01-09 03:59:36.640 -06:00 [WRN] [LAG SPOKE] HonestWork TownJobBehavior.OnHourlyTick took 6ms
2026-01-09 03:59:37.532 -06:00 [WRN] [LAG SPOKE] HonestWork TownJobBehavior.OnHourlyTick took 7ms
2026-01-09 03:59:38.488 -06:00 [WRN] [LAG SPOKE] HonestWork TownJobBehavior.OnHourlyTick took 8ms
2026-01-09 03:59:39.447 -06:00 [WRN] [LAG SPOKE] HonestWork TownJobBehavior.OnHourlyTick took 6ms
2026-01-09 03:59:40.298 -06:00 [WRN] [LAG SPOKE] HonestWork TownJobBehavior.OnHourlyTick took 8ms
2026-01-09 03:59:40.526 -06:00 [INF] Player finished 6-hour shift as artisan.
2026-01-09 03:59:41.132 -06:00 [WRN] [LAG SPOKE] HonestWork TownJobBehavior.OnHourlyTick took 8ms
2026-01-09 03:59:41.983 -06:00 [WRN] [LAG SPOKE] HonestWork TownJobBehavior.OnHourlyTick took 12ms
2026-01-09 03:59:42.855 -06:00 [WRN] [LAG SPOKE] HonestWork TownJobBehavior.OnHourlyTick took 9ms
2026-01-09 03:59:43.654 -06:00 [WRN] [LAG SPOKE] HonestWork TownJobBehavior.OnHourlyTick took 6ms
2026-01-09 03:59:44.476 -06:00 [WRN] [LAG SPOKE] HonestWork TownJobBehavior.OnHourlyTick took 9ms
2026-01-09 03:59:45.463 -06:00 [WRN] [LAG SPOKE] HonestWork TownJobBehavior.OnHourlyTick took 6ms
2026-01-09 03:59:45.639 -06:00 [INF] Player finished 6-hour shift as artisan.
2026-01-09 03:59:46.228 -06:00 [WRN] [LAG SPOKE] HonestWork TownJobBehavior.OnHourlyTick took 9ms
2026-01-09 03:59:47.078 -06:00 [WRN] [LAG SPOKE] HonestWork TownJobBehavior.OnHourlyTick took 10ms
2026-01-09 03:59:47.910 -06:00 [WRN] [LAG SPOKE] HonestWork TownJobBehavior.OnHourlyTick took 6ms
2026-01-09 03:59:48.714 -06:00 [WRN] [LAG SPOKE] HonestWork TownJobBehavior.OnHourlyTick took 7ms
2026-01-09 03:59:49.581 -06:00 [WRN] [LAG SPOKE] HonestWork TownJobBehavior.OnHourlyTick took 9ms
2026-01-09 03:59:50.392 -06:00 [WRN] [LAG SPOKE] HonestWork TownJobBehavior.OnHourlyTick took 8ms
2026-01-09 03:59:50.669 -06:00 [INF] Player finished 6-hour shift as artisan.
2026-01-09 03:59:51.240 -06:00 [WRN] [LAG SPOKE] HonestWork TownJobBehavior.OnHourlyTick took 10ms
2026-01-09 03:59:52.086 -06:00 [WRN] [LAG SPOKE] HonestWork TownJobBehavior.OnHourlyTick took 9ms
2026-01-09 03:59:52.881 -06:00 [WRN] [LAG SPOKE] HonestWork TownJobBehavior.OnHourlyTick took 10ms
2026-01-09 03:59:53.719 -06:00 [WRN] [LAG SPOKE] HonestWork TownJobBehavior.OnHourlyTick took 7ms
2026-01-09 03:59:54.569 -06:00 [WRN] [LAG SPOKE] HonestWork TownJobBehavior.OnHourlyTick took 10ms
2026-01-09 03:59:55.408 -06:00 [WRN] [LAG SPOKE] HonestWork TownJobBehavior.OnHourlyTick took 7ms
2026-01-09 03:59:55.697 -06:00 [INF] Player finished 6-hour shift as artisan.
2026-01-09 03:59:56.233 -06:00 [WRN] [LAG SPOKE] HonestWork TownJobBehavior.OnHourlyTick took 10ms
2026-01-09 03:59:57.041 -06:00 [WRN] [LAG SPOKE] HonestWork TownJobBehavior.OnHourlyTick took 10ms
2026-01-09 03:59:57.896 -06:00 [WRN] [LAG SPOKE] HonestWork TownJobBehavior.OnHourlyTick took 8ms
2026-01-09 03:59:58.743 -06:00 [WRN] [LAG SPOKE] HonestWork TownJobBehavior.OnHourlyTick took 6ms
2026-01-09 03:59:59.574 -06:00 [WRN] [LAG SPOKE] HonestWork TownJobBehavior.OnHourlyTick took 8ms
2026-01-09 04:00:00.401 -06:00 [WRN] [LAG SPOKE] HonestWork TownJobBehavior.OnHourlyTick took 8ms
2026-01-09 04:00:00.743 -06:00 [INF] Player finished 6-hour shift as artisan.
2026-01-09 04:00:01.223 -06:00 [WRN] [LAG SPOKE] HonestWork TownJobBehavior.OnHourlyTick took 12ms
2026-01-09 04:00:02.052 -06:00 [WRN] [LAG SPOKE] HonestWork TownJobBehavior.OnHourlyTick took 10ms
2026-01-09 04:00:02.875 -06:00 [WRN] [LAG SPOKE] HonestWork TownJobBehavior.OnHourlyTick took 10ms
2026-01-09 04:00:03.742 -06:00 [WRN] [LAG SPOKE] HonestWork TownJobBehavior.OnHourlyTick took 7ms
2026-01-09 04:00:04.566 -06:00 [WRN] [LAG SPOKE] HonestWork TownJobBehavior.OnHourlyTick took 10ms
2026-01-09 04:00:05.493 -06:00 [WRN] [LAG SPOKE] HonestWork TownJobBehavior.OnHourlyTick took 6ms
2026-01-09 04:00:05.830 -06:00 [INF] Player finished 6-hour shift as artisan.
2026-01-09 04:00:06.313 -06:00 [WRN] [LAG SPOKE] HonestWork TownJobBehavior.OnHourlyTick took 11ms
2026-01-09 04:00:07.139 -06:00 [WRN] [LAG SPOKE] HonestWork TownJobBehavior.OnHourlyTick took 8ms
2026-01-09 04:00:07.935 -06:00 [WRN] [LAG SPOKE] HonestWork TownJobBehavior.OnHourlyTick took 7ms
2026-01-09 04:00:08.787 -06:00 [WRN] [LAG SPOKE] HonestWork TownJobBehavior.OnHourlyTick took 6ms
2026-01-09 04:00:09.615 -06:00 [WRN] [LAG SPOKE] HonestWork TownJobBehavior.OnHourlyTick took 10ms
2026-01-09 04:00:10.475 -06:00 [WRN] [LAG SPOKE] HonestWork TownJobBehavior.OnHourlyTick took 7ms
2026-01-09 04:00:10.842 -06:00 [INF] Player finished 6-hour shift as artisan.
2026-01-09 04:00:11.292 -06:00 [WRN] [LAG SPOKE] HonestWork TownJobBehavior.OnHourlyTick took 12ms
2026-01-09 04:00:12.147 -06:00 [WRN] [LAG SPOKE] HonestWork TownJobBehavior.OnHourlyTick took 11ms
2026-01-09 04:00:12.946 -06:00 [WRN] [LAG SPOKE] HonestWork TownJobBehavior.OnHourlyTick took 9ms
2026-01-09 04:00:13.775 -06:00 [WRN] [LAG SPOKE] HonestWork TownJobBehavior.OnHourlyTick took 7ms
2026-01-09 04:00:14.607 -06:00 [WRN] [LAG SPOKE] HonestWork TownJobBehavior.OnHourlyTick took 9ms
2026-01-09 04:00:15.451 -06:00 [WRN] [LAG SPOKE] HonestWork TownJobBehavior.OnHourlyTick took 7ms
2026-01-09 04:00:15.856 -06:00 [INF] Player finished 6-hour shift as artisan.
2026-01-09 04:00:16.288 -06:00 [WRN] [LAG SPOKE] HonestWork TownJobBehavior.OnHourlyTick took 9ms
2026-01-09 04:00:17.129 -06:00 [WRN] [LAG SPOKE] HonestWork TownJobBehavior.OnHourlyTick took 9ms
2026-01-09 04:00:17.939 -06:00 [WRN] [LAG SPOKE] HonestWork TownJobBehavior.OnHourlyTick took 8ms
2026-01-09 04:00:18.796 -06:00 [WRN] [LAG SPOKE] HonestWork TownJobBehavior.OnHourlyTick took 9ms
2026-01-09 04:01:17.918 -06:00 [WRN] [LAG SPOKE] HonestWork TownJobBehavior.OnHourlyTick took 6ms
2026-01-09 04:01:18.775 -06:00 [WRN] [LAG SPOKE] HonestWork TownJobBehavior.OnHourlyTick took 7ms
2026-01-09 04:01:19.194 -06:00 [INF] Player finished 6-hour shift as artisan.
2026-01-09 04:01:19.582 -06:00 [WRN] [LAG SPOKE] HonestWork TownJobBehavior.OnHourlyTick took 11ms
2026-01-09 04:01:20.433 -06:00 [WRN] [LAG SPOKE] HonestWork TownJobBehavior.OnHourlyTick took 15ms
2026-01-09 04:01:21.255 -06:00 [WRN] [LAG SPOKE] HonestWork TownJobBehavior.OnHourlyTick took 8ms
2026-01-09 04:01:22.094 -06:00 [WRN] [LAG SPOKE] HonestWork TownJobBehavior.OnHourlyTick took 8ms
2026-01-09 04:01:22.924 -06:00 [WRN] [LAG SPOKE] HonestWork TownJobBehavior.OnHourlyTick took 9ms
2026-01-09 04:01:23.866 -06:00 [WRN] [LAG SPOKE] HonestWork TownJobBehavior.OnHourlyTick took 6ms
2026-01-09 04:08:16.182 -06:00 [INF] Player finished 6-hour shift as artisan.
2026-01-09 04:08:16.545 -06:00 [WRN] [LAG SPOKE] HonestWork TownJobBehavior.OnHourlyTick took 33ms
2026-01-09 04:08:17.376 -06:00 [WRN] [LAG SPOKE] HonestWork TownJobBehavior.OnHourlyTick took 8ms
2026-01-09 04:08:18.209 -06:00 [WRN] [LAG SPOKE] HonestWork TownJobBehavior.OnHourlyTick took 7ms
2026-01-09 04:08:19.033 -06:00 [WRN] [LAG SPOKE] HonestWork TownJobBehavior.OnHourlyTick took 8ms
2026-01-09 04:08:19.872 -06:00 [WRN] [LAG SPOKE] HonestWork TownJobBehavior.OnHourlyTick took 12ms
2026-01-09 04:08:20.716 -06:00 [WRN] [LAG SPOKE] HonestWork TownJobBehavior.OnHourlyTick took 20ms
2026-01-09 04:08:21.222 -06:00 [INF] Player finished 6-hour shift as artisan.
2026-01-09 04:08:21.584 -06:00 [WRN] [LAG SPOKE] HonestWork TownJobBehavior.OnHourlyTick took 11ms
2026-01-09 04:08:22.427 -06:00 [WRN] [LAG SPOKE] HonestWork TownJobBehavior.OnHourlyTick took 8ms
2026-01-09 04:08:23.366 -06:00 [WRN] [LAG SPOKE] HonestWork TownJobBehavior.OnHourlyTick took 10ms
2026-01-09 04:08:24.227 -06:00 [WRN] [LAG SPOKE] HonestWork TownJobBehavior.OnHourlyTick took 9ms
2026-01-09 04:08:25.116 -06:00 [WRN] [LAG SPOKE] HonestWork TownJobBehavior.OnHourlyTick took 10ms
2026-01-09 04:08:25.979 -06:00 [WRN] [LAG SPOKE] HonestWork TownJobBehavior.OnHourlyTick took 9ms
2026-01-09 04:08:26.522 -06:00 [INF] Player finished 6-hour shift as artisan.
2026-01-09 04:08:26.812 -06:00 [WRN] [LAG SPOKE] HonestWork TownJobBehavior.OnHourlyTick took 7ms
2026-01-09 04:08:27.726 -06:00 [WRN] [LAG SPOKE] HonestWork TownJobBehavior.OnHourlyTick took 11ms
2026-01-09 04:08:28.564 -06:00 [WRN] [LAG SPOKE] HonestWork TownJobBehavior.OnHourlyTick took 10ms
2026-01-09 04:08:29.403 -06:00 [WRN] [LAG SPOKE] HonestWork TownJobBehavior.OnHourlyTick took 7ms
2026-01-09 04:08:30.245 -06:00 [WRN] [LAG SPOKE] HonestWork TownJobBehavior.OnHourlyTick took 9ms
2026-01-09 04:08:31.123 -06:00 [WRN] [LAG SPOKE] HonestWork TownJobBehavior.OnHourlyTick took 7ms
2026-01-09 04:08:31.677 -06:00 [INF] Player finished 6-hour shift as artisan.
2026-01-09 04:08:31.982 -06:00 [WRN] [LAG SPOKE] HonestWork TownJobBehavior.OnHourlyTick took 12ms
2026-01-09 04:08:32.921 -06:00 [WRN] [LAG SPOKE] HonestWork TownJobBehavior.OnHourlyTick took 9ms
2026-01-09 04:08:33.774 -06:00 [WRN] [LAG SPOKE] HonestWork TownJobBehavior.OnHourlyTick took 9ms
2026-01-09 04:08:34.676 -06:00 [WRN] [LAG SPOKE] HonestWork TownJobBehavior.OnHourlyTick took 6ms
2026-01-09 04:08:35.504 -06:00 [WRN] [LAG SPOKE] HonestWork TownJobBehavior.OnHourlyTick took 8ms
2026-01-09 04:08:36.494 -06:00 [WRN] [LAG SPOKE] HonestWork TownJobBehavior.OnHourlyTick took 6ms
2026-01-09 04:08:37.039 -06:00 [INF] Player finished 6-hour shift as artisan.
2026-01-09 04:08:37.259 -06:00 [WRN] [LAG SPOKE] HonestWork TownJobBehavior.OnHourlyTick took 9ms
2026-01-09 04:08:38.139 -06:00 [WRN] [LAG SPOKE] HonestWork TownJobBehavior.OnHourlyTick took 11ms
2026-01-09 04:08:38.921 -06:00 [WRN] [LAG SPOKE] HonestWork TownJobBehavior.OnHourlyTick took 8ms
2026-01-09 04:08:39.745 -06:00 [WRN] [LAG SPOKE] HonestWork TownJobBehavior.OnHourlyTick took 9ms
2026-01-09 04:08:40.596 -06:00 [WRN] [LAG SPOKE] HonestWork TownJobBehavior.OnHourlyTick took 8ms
2026-01-09 04:08:41.442 -06:00 [WRN] [LAG SPOKE] HonestWork TownJobBehavior.OnHourlyTick took 8ms
2026-01-09 04:08:42.077 -06:00 [INF] Player finished 6-hour shift as artisan.
2026-01-09 04:08:42.284 -06:00 [WRN] [LAG SPOKE] HonestWork TownJobBehavior.OnHourlyTick took 14ms
2026-01-09 04:08:43.123 -06:00 [WRN] [LAG SPOKE] HonestWork TownJobBehavior.OnHourlyTick took 12ms
2026-01-09 04:08:43.958 -06:00 [WRN] [LAG SPOKE] HonestWork TownJobBehavior.OnHourlyTick took 8ms
2026-01-09 04:08:44.749 -06:00 [WRN] [LAG SPOKE] HonestWork TownJobBehavior.OnHourlyTick took 6ms
2026-01-09 04:08:45.594 -06:00 [WRN] [LAG SPOKE] HonestWork TownJobBehavior.OnHourlyTick took 10ms
2026-01-09 04:08:46.427 -06:00 [WRN] [LAG SPOKE] HonestWork TownJobBehavior.OnHourlyTick took 7ms
2026-01-09 04:08:47.135 -06:00 [INF] Player finished 6-hour shift as artisan.
2026-01-09 04:08:47.252 -06:00 [WRN] [LAG SPOKE] HonestWork TownJobBehavior.OnHourlyTick took 9ms
2026-01-09 04:08:48.113 -06:00 [WRN] [LAG SPOKE] HonestWork TownJobBehavior.OnHourlyTick took 9ms
2026-01-09 04:08:48.987 -06:00 [WRN] [LAG SPOKE] HonestWork TownJobBehavior.OnHourlyTick took 7ms
2026-01-09 04:09:29.715 -06:00 [WRN] [LAG SPOKE] HonestWork TownJobBehavior.OnHourlyTick took 6ms
2026-01-09 04:09:30.583 -06:00 [WRN] [LAG SPOKE] HonestWork TownJobBehavior.OnHourlyTick took 11ms
2026-01-09 04:09:31.404 -06:00 [WRN] [LAG SPOKE] HonestWork TownJobBehavior.OnHourlyTick took 10ms
2026-01-09 04:09:32.253 -06:00 [WRN] [LAG SPOKE] HonestWork TownJobBehavior.OnHourlyTick took 11ms
2026-01-09 04:09:33.049 -06:00 [WRN] [LAG SPOKE] HonestWork TownJobBehavior.OnHourlyTick took 8ms
2026-01-09 04:09:33.917 -06:00 [WRN] [LAG SPOKE] HonestWork TownJobBehavior.OnHourlyTick took 10ms
2026-01-09 04:09:34.714 -06:00 [WRN] [LAG SPOKE] HonestWork TownJobBehavior.OnHourlyTick took 16ms
2026-01-09 04:09:35.551 -06:00 [WRN] [LAG SPOKE] HonestWork TownJobBehavior.OnHourlyTick took 8ms
2026-01-09 04:09:37.268 -06:00 [WRN] [LAG SPOKE] HonestWork TownJobBehavior.OnHourlyTick took 6ms
2026-01-09 04:09:38.022 -06:00 [WRN] [LAG SPOKE] HonestWork TownJobBehavior.OnHourlyTick took 12ms
2026-01-09 04:09:39.608 -06:00 [WRN] [LAG SPOKE] HonestWork TownJobBehavior.OnHourlyTick took 8ms
2026-01-09 04:09:40.486 -06:00 [WRN] [LAG SPOKE] HonestWork TownJobBehavior.OnHourlyTick took 7ms
2026-01-09 04:09:41.283 -06:00 [WRN] [LAG SPOKE] HonestWork TownJobBehavior.OnHourlyTick took 8ms
2026-01-09 04:09:42.120 -06:00 [WRN] [LAG SPOKE] HonestWork TownJobBehavior.OnHourlyTick took 9ms
2026-01-09 04:09:42.949 -06:00 [WRN] [LAG SPOKE] HonestWork TownJobBehavior.OnHourlyTick took 8ms
2026-01-09 04:10:10.732 -06:00 [WRN] [LAG SPOKE] HonestWork TownJobBehavior.OnHourlyTick took 13ms
2026-01-09 04:10:11.555 -06:00 [WRN] [LAG SPOKE] HonestWork TownJobBehavior.OnHourlyTick took 12ms
2026-01-09 04:10:12.383 -06:00 [WRN] [LAG SPOKE] HonestWork TownJobBehavior.OnHourlyTick took 9ms
2026-01-09 04:10:13.230 -06:00 [WRN] [LAG SPOKE] HonestWork TownJobBehavior.OnHourlyTick took 8ms
2026-01-09 04:10:14.078 -06:00 [WRN] [LAG SPOKE] HonestWork TownJobBehavior.OnHourlyTick took 9ms
2026-01-09 04:10:14.934 -06:00 [WRN] [LAG SPOKE] HonestWork TownJobBehavior.OnHourlyTick took 9ms
2026-01-09 04:10:15.717 -06:00 [WRN] [LAG SPOKE] HonestWork TownJobBehavior.OnHourlyTick took 11ms
2026-01-09 04:10:16.550 -06:00 [WRN] [LAG SPOKE] HonestWork TownJobBehavior.OnHourlyTick took 8ms
2026-01-09 04:10:17.393 -06:00 [WRN] [LAG SPOKE] HonestWork TownJobBehavior.OnHourlyTick took 7ms
2026-01-09 04:10:18.226 -06:00 [WRN] [LAG SPOKE] HonestWork TownJobBehavior.OnHourlyTick took 7ms
2026-01-09 04:10:19.059 -06:00 [WRN] [LAG SPOKE] HonestWork TownJobBehavior.OnHourlyTick took 10ms
2026-01-09 04:10:19.932 -06:00 [WRN] [LAG SPOKE] HonestWork TownJobBehavior.OnHourlyTick took 11ms
2026-01-09 04:10:20.781 -06:00 [WRN] [LAG SPOKE] HonestWork TownJobBehavior.OnHourlyTick took 10ms
2026-01-09 04:10:21.590 -06:00 [WRN] [LAG SPOKE] HonestWork TownJobBehavior.OnHourlyTick took 9ms
2026-01-09 04:10:22.408 -06:00 [WRN] [LAG SPOKE] HonestWork TownJobBehavior.OnHourlyTick took 9ms
2026-01-09 04:10:23.238 -06:00 [WRN] [LAG SPOKE] HonestWork TownJobBehavior.OnHourlyTick took 10ms
2026-01-09 04:10:24.884 -06:00 [WRN] [LAG SPOKE] HonestWork TownJobBehavior.OnHourlyTick took 10ms
2026-01-09 04:10:26.369 -06:00 [WRN] [LAG SPOKE] HonestWork TownJobBehavior.OnHourlyTick took 6ms
2026-01-09 04:10:27.184 -06:00 [WRN] [LAG SPOKE] HonestWork TownJobBehavior.OnHourlyTick took 10ms
2026-01-09 04:10:28.047 -06:00 [WRN] [LAG SPOKE] HonestWork TownJobBehavior.OnHourlyTick took 11ms
2026-01-09 04:10:28.843 -06:00 [WRN] [LAG SPOKE] HonestWork TownJobBehavior.OnHourlyTick took 10ms
2026-01-09 04:10:29.685 -06:00 [WRN] [LAG SPOKE] HonestWork TownJobBehavior.OnHourlyTick took 10ms
2026-01-09 04:10:30.531 -06:00 [WRN] [LAG SPOKE] HonestWork TownJobBehavior.OnHourlyTick took 10ms
2026-01-09 04:10:31.326 -06:00 [WRN] [LAG SPOKE] HonestWork TownJobBehavior.OnHourlyTick took 7ms
2026-01-09 04:10:32.179 -06:00 [WRN] [LAG SPOKE] HonestWork TownJobBehavior.OnHourlyTick took 11ms
2026-01-09 04:10:33.017 -06:00 [WRN] [LAG SPOKE] HonestWork TownJobBehavior.OnHourlyTick took 8ms
2026-01-09 04:10:33.825 -06:00 [WRN] [LAG SPOKE] HonestWork TownJobBehavior.OnHourlyTick took 10ms
2026-01-09 04:10:34.670 -06:00 [WRN] [LAG SPOKE] HonestWork TownJobBehavior.OnHourlyTick took 8ms
2026-01-09 04:10:35.558 -06:00 [WRN] [LAG SPOKE] HonestWork TownJobBehavior.OnHourlyTick took 9ms
2026-01-09 04:10:36.356 -06:00 [WRN] [LAG SPOKE] HonestWork TownJobBehavior.OnHourlyTick took 10ms
2026-01-09 04:10:37.186 -06:00 [WRN] [LAG SPOKE] HonestWork TownJobBehavior.OnHourlyTick took 9ms
2026-01-09 04:10:37.987 -06:00 [WRN] [LAG SPOKE] HonestWork TownJobBehavior.OnHourlyTick took 7ms
2026-01-09 04:10:38.867 -06:00 [WRN] [LAG SPOKE] HonestWork TownJobBehavior.OnHourlyTick took 10ms
2026-01-09 04:10:39.704 -06:00 [WRN] [LAG SPOKE] HonestWork TownJobBehavior.OnHourlyTick took 15ms
2026-01-09 04:10:40.488 -06:00 [WRN] [LAG SPOKE] HonestWork TownJobBehavior.OnHourlyTick took 10ms
2026-01-09 04:10:41.324 -06:00 [WRN] [LAG SPOKE] HonestWork TownJobBehavior.OnHourlyTick took 8ms
2026-01-09 04:12:06.371 -06:00 [WRN] [LAG SPOKE] HonestWork TownJobBehavior.OnHourlyTick took 9ms
2026-01-09 04:12:07.188 -06:00 [WRN] [LAG SPOKE] HonestWork TownJobBehavior.OnHourlyTick took 7ms
2026-01-09 04:12:08.046 -06:00 [WRN] [LAG SPOKE] HonestWork TownJobBehavior.OnHourlyTick took 12ms
2026-01-09 04:12:08.825 -06:00 [WRN] [LAG SPOKE] HonestWork TownJobBehavior.OnHourlyTick took 8ms
2026-01-09 04:12:09.676 -06:00 [WRN] [LAG SPOKE] HonestWork TownJobBehavior.OnHourlyTick took 8ms
2026-01-09 04:12:10.653 -06:00 [WRN] [LAG SPOKE] HonestWork TownJobBehavior.OnHourlyTick took 7ms
2026-01-09 04:12:11.430 -06:00 [WRN] [LAG SPOKE] HonestWork TownJobBehavior.OnHourlyTick took 13ms
2026-01-09 04:12:12.290 -06:00 [WRN] [LAG SPOKE] HonestWork TownJobBehavior.OnHourlyTick took 9ms
2026-01-09 04:12:13.075 -06:00 [WRN] [LAG SPOKE] HonestWork TownJobBehavior.OnHourlyTick took 10ms
2026-01-09 04:12:13.927 -06:00 [WRN] [LAG SPOKE] HonestWork TownJobBehavior.OnHourlyTick took 8ms
2026-01-09 04:12:14.758 -06:00 [WRN] [LAG SPOKE] HonestWork TownJobBehavior.OnHourlyTick took 8ms
2026-01-09 04:12:15.564 -06:00 [WRN] [LAG SPOKE] HonestWork TownJobBehavior.OnHourlyTick took 7ms
2026-01-09 04:12:16.447 -06:00 [WRN] [LAG SPOKE] HonestWork TownJobBehavior.OnHourlyTick took 10ms
2026-01-09 04:12:17.261 -06:00 [WRN] [LAG SPOKE] HonestWork TownJobBehavior.OnHourlyTick took 6ms
2026-01-09 04:12:39.742 -06:00 [WRN] [LAG SPOKE] HonestWork TownJobBehavior.OnHourlyTick took 8ms
2026-01-09 04:12:40.531 -06:00 [WRN] [LAG SPOKE] HonestWork TownJobBehavior.OnHourlyTick took 8ms
2026-01-09 04:12:41.352 -06:00 [WRN] [LAG SPOKE] HonestWork TownJobBehavior.OnHourlyTick took 9ms
2026-01-09 04:12:42.244 -06:00 [WRN] [LAG SPOKE] HonestWork TownJobBehavior.OnHourlyTick took 9ms
2026-01-09 04:12:43.065 -06:00 [WRN] [LAG SPOKE] HonestWork TownJobBehavior.OnHourlyTick took 10ms
2026-01-09 04:12:43.921 -06:00 [WRN] [LAG SPOKE] HonestWork TownJobBehavior.OnHourlyTick took 11ms
2026-01-09 04:12:44.741 -06:00 [WRN] [LAG SPOKE] HonestWork TownJobBehavior.OnHourlyTick took 8ms
2026-01-09 04:12:45.594 -06:00 [WRN] [LAG SPOKE] HonestWork TownJobBehavior.OnHourlyTick took 7ms
2026-01-09 04:12:46.435 -06:00 [WRN] [LAG SPOKE] HonestWork TownJobBehavior.OnHourlyTick took 6ms
2026-01-09 04:12:48.562 -06:00 [WRN] [LAG SPOKE] HonestWork TownJobBehavior.OnHourlyTick took 11ms
2026-01-09 04:12:49.361 -06:00 [WRN] [LAG SPOKE] HonestWork TownJobBehavior.OnHourlyTick took 11ms
2026-01-09 04:12:50.162 -06:00 [WRN] [LAG SPOKE] HonestWork TownJobBehavior.OnHourlyTick took 8ms
2026-01-09 04:12:51.009 -06:00 [WRN] [LAG SPOKE] HonestWork TownJobBehavior.OnHourlyTick took 10ms
2026-01-09 04:24:54.236 -06:00 [WRN] [LAG SPOKE] HonestWork TownJobBehavior.OnHourlyTick took 10ms
2026-01-09 04:24:56.573 -06:00 [WRN] [LAG SPOKE] HonestWork TownJobBehavior.OnHourlyTick took 11ms
2026-01-09 04:24:57.494 -06:00 [WRN] [LAG SPOKE] HonestWork TownJobBehavior.OnHourlyTick took 6ms
2026-01-09 04:24:58.295 -06:00 [WRN] [LAG SPOKE] HonestWork TownJobBehavior.OnHourlyTick took 12ms
2026-01-09 04:25:30.687 -06:00 [INF] HonestWork Unloaded.
